sample,v1,v2,v3
48132,1788,1010,793
48133,1765,1010,793
48134,1753,1011,792
48135,1759,1010,793
48136,1762,1010,792
48137,1763,1010,793
48138,1769,1010,793
48139,1752,1010,793
48140,1768,1010,793
48141,1768,1010,793
48142,1770,1010,793
48143,1772,1010,793
48144,1784,1010,793
48145,1783,1010,794
48146,1782,1010,794
48147,1771,1011,794
48148,1779,1010,794
48149,1790,1010,795
48150,1772,1009,795
48151,1798,1011,794
48152,1810,1010,794
48153,1819,1011,795
48154,1831,1010,795
48155,1839,1010,795
48156,1828,1011,794
48157,1853,1010,795
48158,1838,1010,794
48159,1851,1010,795
48160,1876,1011,801
48161,1877,1018,808
48162,1884,1022,812
48163,1898,1023,813
48164,1897,1024,815
48165,1904,1024,814
48166,1909,1024,816
48167,1937,1031,816
48168,1971,1037,816
48169,1968,1043,817
48170,1992,1044,817
48171,1988,1045,817
48172,1992,1045,817
48173,1993,1045,818
48174,1999,1045,817
48175,2033,1045,821
48176,2048,1046,823
48177,2061,1045,825
48178,2084,1047,827
48179,2090,1046,828
48180,2091,1046,829
48181,2095,1046,828
48182,2098,1046,829
48183,2121,1047,829
48184,2166,1047,834
48185,2202,1054,833
48186,2170,1053,832
48187,2201,1056,832
48188,2211,1055,838
48189,2210,1057,842
48190,2214,1058,846
48191,2254,1059,849
48192,2282,1074,851
48193,2310,1078,852
48194,2296,1080,852
48195,2307,1080,853
48196,2317,1080,852
48197,2322,1080,852
48198,2326,1080,853
48199,2350,1081,852
48200,2396,1081,856
48201,2398,1081,859
48202,2434,1082,862
48203,2399,1082,862
48204,2442,1082,863
48205,2451,1083,863
48206,2430,1083,864
48207,2452,1090,864
48208,2480,1092,864
48209,2466,1093,865
48210,2541,1093,867
48211,2497,1093,866
48212,2530,1093,866
48213,2522,1094,876
48214,2516,1094,873
48215,2529,1095,875
48216,2547,1095,880
48217,2579,1106,883
48218,2573,1114,884
48219,2594,1116,885
48220,2597,1117,885
48221,2583,1117,885
48222,2584,1117,885
48223,2585,1117,885
48224,2610,1117,886
48225,2619,1117,886
48226,2625,1117,887
48227,2612,1117,887
48228,2626,1117,887
48229,2624,1117,887
48230,2622,1117,886
48231,2640,1118,887
48232,2630,1117,888
48233,2651,1117,888
48234,2643,1117,887
48235,2646,1117,887
48236,2663,1117,887
48237,2674,1117,889
48238,2653,1118,888
48239,2612,1117,886
48240,2552,1117,886
48241,2520,1116,886
48242,2505,1116,874
48243,2494,1101,869
48244,2501,1096,867
48245,2450,1094,865
48246,2467,1093,864
48247,2510,1093,873
48248,2573,1094,879
48249,2602,1102,883
48250,2624,1112,885
48251,2624,1116,887
48252,2643,1117,887
48253,2649,1117,887
48254,2647,1117,887
48255,2646,1117,888
48256,2648,1118,888
48257,2644,1117,887
48258,2632,1117,887
48259,2629,1117,887
48260,2628,1117,886
48261,2590,1117,887
48262,2634,1117,887
48263,2633,1117,887
48264,2614,1118,886
48265,2591,1117,886
48266,2563,1117,886
48267,2557,1117,886
48268,2566,1117,885
48269,2566,1117,886
48270,2559,1117,886
48271,2561,1117,885
48272,2548,1117,885
48273,2544,1117,884
48274,2530,1117,885
48275,2520,1116,885
48276,2531,1116,885
48277,2520,1116,877
48278,2524,1101,874
48279,2511,1097,870
48280,2492,1095,867
48281,2501,1094,865
48282,2489,1093,865
48283,2498,1093,864
48284,2488,1093,864
48285,2485,1093,865
48286,2479,1093,864
48287,2447,1092,864
48288,2477,1093,864
48289,2490,1093,864
48290,2488,1092,864
48291,2479,1093,865
48292,2464,1093,864
48293,2457,1093,864
48294,2458,1093,864
48295,2472,1093,865
48296,2450,1093,864
48297,2436,1092,864
48298,2425,1089,864
48299,2434,1088,863
48300,2416,1084,863
48301,2395,1083,863
48302,2396,1083,863
48303,2438,1086,864
48304,2413,1087,863
48305,2408,1087,863
48306,2384,1083,863
48307,2403,1083,863
48308,2388,1083,863
48309,2393,1083,861
48310,2392,1083,861
48311,2375,1082,862
48312,2388,1083,862
48313,2378,1082,863
48314,2400,1083,863
48315,2368,1082,862
48316,2402,1082,862
48317,2366,1082,860
48318,2361,1082,857
48319,2366,1082,855
48320,2364,1081,855
48321,2368,1081,855
48322,2355,1081,854
48323,2338,1081,854
48324,2344,1081,852
48325,2336,1080,854
48326,2304,1080,853
48327,2336,1081,854
48328,2349,1080,853
48329,2338,1080,854
48330,2344,1081,853
48331,2282,1081,853
48332,2375,1081,855
48333,2363,1081,855
48334,2378,1082,857
48335,2365,1081,857
48336,2379,1081,859
48337,2391,1082,861
48338,2352,1082,861
48339,2374,1081,859
48340,2339,1082,856
48341,2313,1081,853
48342,2342,1081,853
48343,2312,1081,852
48344,2289,1081,853
48345,2303,1081,852
48346,2299,1080,853
48347,2296,1081,852
48348,2289,1081,852
48349,2283,1080,852
48350,2283,1080,852
48351,2296,1080,851
48352,2267,1080,851
48353,2278,1081,852
48354,2284,1080,852
48355,2276,1080,850
48356,2272,1080,852
48357,2263,1081,851
48358,2272,1080,851
48359,2274,1080,851
48360,2260,1080,851
48361,2241,1080,851
48362,2235,1080,851
48363,2250,1080,851
48364,2253,1080,850
48365,2233,1080,850
48366,2239,1080,851
48367,2236,1080,851
48368,2243,1080,850
48369,2258,1081,851
48370,2230,1080,851
48371,2233,1080,851
48372,2242,1080,850
48373,2222,1080,850
48374,2230,1080,850
48375,2216,1080,847
48376,2221,1068,844
48377,2205,1064,845
48378,2214,1061,847
48379,2193,1059,842
48380,2204,1059,835
48381,2190,1057,833
48382,2194,1057,832
48383,2188,1056,831
48384,2180,1051,831
48385,2189,1048,831
48386,2177,1048,831
48387,2182,1048,834
48388,2182,1054,832
48389,2192,1056,831
48390,2176,1051,831
48391,2166,1049,831
48392,2154,1048,831
48393,2163,1048,831
48394,2165,1047,831
48395,2164,1047,831
48396,2150,1047,831
48397,2153,1047,830
48398,2143,1048,830
48399,2142,1047,829
48400,2155,1047,829
48401,2135,1047,830
48402,2074,1046,828
48403,2138,1046,829
48404,2134,1047,830
48405,2131,1047,829
48406,2112,1047,830
48407,2101,1047,830
48408,2110,1046,829
48409,2130,1048,830
48410,2119,1047,829
48411,2109,1047,829
48412,2111,1047,829
48413,2107,1047,828
48414,2091,1047,828
48415,2097,1046,829
48416,2099,1047,828
48417,2094,1047,829
48418,2080,1047,829
48419,2078,1046,828
48420,2130,1047,828
48421,2087,1047,829
48422,2090,1047,828
48423,2093,1046,828
48424,2086,1047,828
48425,2084,1046,828
48426,2086,1047,828
48427,2087,1047,828
48428,2074,1047,830
48429,2078,1047,828
48430,2122,1047,828
48431,2085,1047,828
48432,2066,1047,828
48433,2086,1047,828
48434,2082,1047,828
48435,2086,1047,828
48436,2078,1047,829
48437,2081,1047,828
48438,2089,1047,828
48439,2044,1047,828
48440,2075,1046,825
48441,2085,1046,827
48442,2080,1046,827
48443,2090,1047,829
48444,2108,1046,829
48445,2082,1047,829
48446,2092,1047,829
48447,2095,1047,829
48448,2083,1047,829
48449,2051,1047,828
48450,2077,1047,829
48451,2093,1047,829
48452,2106,1047,829
48453,2099,1047,829
48454,2104,1046,829
48455,2104,1047,829
48456,2106,1047,829
48457,2112,1046,829
48458,2118,1046,828
48459,2126,1046,829
48460,2110,1046,828
48461,2112,1047,829
48462,2118,1046,828
48463,2108,1046,830
48464,2125,1046,830
48465,2124,1047,830
48466,2127,1047,830
48467,2151,1046,830
48468,2132,1047,830
48469,2118,1048,830
48470,2149,1047,830
48471,2133,1047,830
48472,2139,1047,829
48473,2138,1047,830
48474,2148,1047,830
48475,2140,1047,831
48476,2141,1047,830
48477,2130,1047,830
48478,2147,1047,831
48479,2166,1047,830
48480,2164,1047,831
48481,2161,1047,830
48482,2145,1047,831
48483,2157,1047,830
48484,2164,1047,830
48485,2171,1047,831
48486,2165,1047,830
48487,2171,1047,830
48488,2160,1047,831
48489,2149,1047,830
48490,2194,1046,831
48491,2162,1047,831
48492,2163,1050,834
48493,2169,1055,832
48494,2176,1052,832
48495,2185,1052,835
48496,2169,1054,832
48497,2191,1055,831
48498,2187,1050,830
48499,2192,1048,830
48500,2162,1047,831
48501,2188,1047,831
48502,2170,1047,830
48503,2181,1047,830
48504,2182,1047,830
48505,2180,1047,830
48506,2190,1047,830
48507,2199,1047,835
48508,2184,1053,833
48509,2188,1056,832
48510,2200,1053,831
48511,2208,1049,830
48512,2206,1048,830
48513,2197,1047,830
48514,2188,1047,830
48515,2191,1047,835
48516,2186,1053,833
48517,2194,1055,831
48518,2182,1051,831
48519,2189,1048,831
48520,2170,1051,833
48521,2187,1054,832
48522,2199,1056,831
48523,2189,1051,830
48524,2177,1049,830
48525,2189,1047,830
48526,2178,1047,830
48527,2148,1047,831
48528,2158,1047,831
48529,2164,1048,831
48530,2182,1048,831
48531,2179,1047,831
48532,2178,1047,835
48533,2215,1053,832
48534,2190,1055,832
48535,2208,1053,830
48536,2183,1049,830
48537,2162,1047,830
48538,2183,1047,830
48539,2174,1047,831
48540,2178,1046,830
48541,2174,1047,830
48542,2174,1046,831
48543,2172,1047,831
48544,2131,1047,831
48545,2171,1047,831
48546,2209,1047,831
48547,2175,1047,831
48548,2165,1047,830
48549,2162,1047,830
48550,2153,1047,830
48551,2153,1047,831
48552,2157,1047,830
48553,2179,1047,830
48554,2175,1047,830
48555,2192,1047,830
48556,2198,1047,831
48557,2143,1047,830
48558,2141,1047,830
48559,2140,1047,830
48560,2158,1047,830
48561,2152,1047,830
48562,2111,1047,829
48563,2144,1047,830
48564,2173,1047,829
48565,2129,1046,830
48566,2124,1047,830
48567,2123,1047,830
48568,2140,1047,830
48569,2127,1047,830
48570,2127,1047,829
48571,2135,1047,830
48572,2159,1047,829
48573,2119,1047,829
48574,2141,1047,829
48575,2120,1047,830
48576,2107,1047,830
48577,2115,1047,829
48578,2109,1047,828
48579,2150,1047,829
48580,2093,1047,828
48581,2095,1046,829
48582,2090,1047,829
48583,2085,1046,828
48584,2097,1046,829
48585,2103,1047,829
48586,2093,1046,828
48587,2097,1047,829
48588,2092,1047,829
48589,2088,1047,828
48590,2071,1046,828
48591,2080,1047,828
48592,2083,1047,828
48593,2086,1046,828
48594,2067,1047,828
48595,2072,1046,828
48596,2066,1046,828
48597,2072,1047,828
48598,2062,1047,823
48599,2059,1045,820
48600,2057,1045,821
48601,2063,1045,823
48602,2058,1045,823
48603,2061,1046,821
48604,2040,1045,824
48605,2064,1045,825
48606,2039,1046,826
48607,2024,1046,827
48608,2044,1046,828
48609,2027,1046,827
48610,2039,1047,827
48611,2042,1047,823
48612,2026,1046,821
48613,2011,1045,819
48614,2071,1044,821
48615,2029,1045,821
48616,2033,1044,822
48617,2024,1046,820
48618,2020,1045,819
48619,2022,1045,819
48620,2015,1045,819
48621,2003,1044,816
48622,2018,1045,818
48623,2002,1044,817
48624,2011,1044,818
48625,1992,1045,818
48626,2009,1044,817
48627,1994,1045,818
48628,1990,1045,817
48629,1984,1045,817
48630,1974,1044,817
48631,1975,1045,817
48632,1965,1045,816
48633,1971,1045,817
48634,1969,1045,816
48635,1968,1045,817
48636,1962,1044,817
48637,1960,1044,817
48638,1967,1044,816
48639,1947,1044,816
48640,1962,1044,816
48641,1952,1044,817
48642,1959,1044,816
48643,1941,1044,816
48644,1951,1044,816
48645,1946,1044,816
48646,1929,1045,816
48647,1936,1045,818
48648,1940,1038,815
48649,1936,1032,815
48650,1921,1034,816
48651,1934,1034,815
48652,1927,1028,816
48653,1931,1032,815
48654,1914,1027,816
48655,1922,1030,815
48656,1928,1029,815
48657,1922,1026,815
48658,1918,1025,816
48659,1919,1032,815
48660,1917,1027,815
48661,1894,1024,815
48662,1906,1024,815
48663,1905,1031,816
48664,1913,1037,816
48665,1898,1035,816
48666,1907,1035,816
48667,1894,1039,815
48668,1890,1029,815
48669,1901,1025,816
48670,1975,1032,811
48671,1896,1026,813
48672,1884,1025,814
48673,1880,1024,814
48674,1892,1024,815
48675,1893,1024,815
48676,1885,1024,815
48677,1875,1025,815
48678,1872,1024,815
48679,1877,1024,815
48680,1880,1024,810
48681,1868,1023,810
48682,1867,1022,809
48683,1866,1023,802
48684,1865,1022,799
48685,1870,1016,797
48686,1856,1012,796
48687,1872,1015,798
48688,1843,1012,797
48689,1859,1011,795
48690,1858,1011,795
48691,1863,1011,795
48692,1852,1010,794
48693,1854,1011,795
48694,1867,1010,795
48695,1850,1010,796
48696,1847,1011,795
48697,1854,1010,795
48698,1851,1011,795
48699,1815,1010,794
48700,1855,1010,795
48701,1847,1010,795
48702,1819,1010,794
48703,1844,1010,795
48704,1847,1010,794
48705,1845,1010,795
48706,1847,1010,794
48707,1841,1010,794
48708,1835,1010,794
48709,1833,1010,795
48710,1836,1010,794
48711,1841,1010,795
48712,1837,1010,794
48713,1836,1010,794
48714,1835,1010,794
48715,1829,1010,795
48716,1858,1010,795
48717,1879,1014,806
48718,1881,1020,811
48719,1889,1022,813
48720,1895,1023,814
48721,1896,1023,814
48722,1901,1024,815
48723,1888,1024,814
48724,1856,1024,804
48725,1851,1022,800
48726,1842,1018,797
48727,1829,1013,796
48728,1825,1011,795
48729,1828,1011,794
48730,1818,1011,794
48731,1822,1010,794
48732,1816,1010,794
48733,1809,1010,794
48734,1815,1010,794
48735,1815,1010,794
48736,1812,1010,793
48737,1802,1010,794
48738,1812,1010,794
48739,1819,1010,794
48740,1807,1010,793
48741,1816,1010,793
48742,1802,1010,793
48743,1812,1010,793
48744,1814,1010,793
48745,1805,1010,793
48746,1812,1010,793
48747,1799,1010,794
48748,1803,1010,793
48749,1800,1010,794
48750,1814,1010,794
48751,1796,1010,793
48752,1791,1011,794
48753,1792,1010,793
48754,1793,1010,793
48755,1831,1010,794
48756,1799,1010,794
48757,1833,1010,794
48758,1807,1010,793
48759,1795,1009,793
48760,1777,1010,793
48761,1789,1010,794
48762,1800,1010,794
48763,1772,1010,793
48764,1788,1011,794
48765,1793,1010,794
48766,1789,1010,794
48767,1786,1010,794
48768,1793,1010,794
48769,1783,1010,794
48770,1829,1011,794
48771,1787,1010,794
48772,1785,1010,794
48773,1777,1010,794
48774,1787,1011,794
48775,1778,1010,794
48776,1777,1010,794
48777,1773,1010,794
48778,1781,1010,794
48779,1776,1010,793
48780,1774,1010,793
48781,1747,1010,793
48782,1770,1010,794
48783,1786,1010,794
48784,1784,1010,794
48785,1785,1010,794
48786,1769,1011,794
48787,1805,1010,793
48788,1787,1010,794
48789,1789,1010,794
48790,1777,1010,794
48791,1794,1011,794
48792,1778,1010,793
48793,1761,1009,792
48794,1777,1010,793
48795,1767,1010,793
48796,1765,1010,793
48797,1791,1009,793
48798,1777,1011,793
48799,1764,1009,793
48800,1772,1010,793
48801,1773,1010,793
48802,1778,1010,793
48803,1774,1010,793
48804,1764,1010,793
48805,1777,1010,793
48806,1718,1010,794
48807,1773,1010,793
48808,1730,1010,793
48809,1783,1010,793
48810,1769,1010,793
48811,1762,1010,793
48812,1759,1010,793
48813,1776,1010,794
48814,1773,1010,793
48815,1765,1010,794
48816,1773,1010,793
48817,1762,1010,794
48818,1728,1010,793
48819,1762,1009,793
48820,1764,1010,792
48821,1767,1009,793
48822,1760,1010,793
48823,1756,1010,793
48824,1762,1010,793
48825,1765,1010,793
48826,1758,1011,793
48827,1748,1010,793
48828,1753,1010,793
48829,1753,1010,793
48830,1749,1010,793
48831,1742,1010,793
48832,1755,1010,793
48833,1767,1010,793
48834,1762,1010,793
48835,1790,1010,793
48836,1746,1010,793
48837,1752,1010,792
48838,1752,1010,793
48839,1753,1009,792
48840,1741,1009,792
48841,1748,1009,792
48842,1763,1009,792
48843,1748,1009,793
48844,1746,1009,792
48845,1752,1009,792
48846,1748,1010,793
48847,1742,1010,793
48848,1760,1010,793
48849,1786,1010,794
48850,1811,1010,794
48851,1800,1010,794
48852,1808,1010,794
48853,1808,1010,793
48854,1811,1010,794
48855,1803,1010,794
48856,1775,1009,794
48857,1748,1010,793
48858,1738,1010,793
48859,1737,1010,796
48860,1743,1010,793
48861,1725,1010,792
48862,1740,1010,792
48863,1735,1009,793
48864,1733,1009,792
48865,1749,1010,792
48866,1728,1010,793
48867,1703,1010,792
48868,1713,1009,793
48869,1733,1010,793
48870,1725,1010,792
48871,1736,1011,793
48872,1737,1010,792
48873,1729,1010,792
48874,1734,1010,792
48875,1716,1010,792
48876,1732,1010,792
48877,1766,1010,792
48878,1749,1010,793
48879,1671,1010,793
48880,1752,1010,793
48881,1756,1010,793
48882,1756,1011,794
48883,1756,1010,793
48884,1755,1010,793
48885,1759,1010,793
48886,1769,1010,793
48887,1770,1010,793
48888,1805,1009,794
48889,1805,1010,794
48890,1802,1010,793
48891,1806,1010,794
48892,1811,1010,794
48893,1815,1010,794
48894,1816,1010,794
48895,1835,1010,794
48896,1902,1010,794
48897,1874,1010,797
48898,1870,1011,799
48899,1873,1016,807
48900,1878,1021,810
48901,1888,1022,809
48902,1885,1023,812
48903,1874,1023,813
48904,1925,1024,814
48905,1961,1024,815
48906,1974,1031,816
48907,1972,1038,817
48908,1910,1042,817
48909,1979,1044,817
48910,1972,1044,817
48911,1995,1045,817
48912,2035,1045,822
48913,2070,1046,827
48914,2078,1046,826
48915,2091,1046,827
48916,2095,1047,828
48917,2088,1046,827
48918,2105,1046,828
48919,2104,1046,829
48920,2191,1047,829
48921,2179,1047,830
48922,2230,1050,836
48923,2208,1055,839
48924,2220,1057,842
48925,2263,1058,846
48926,2228,1059,844
48927,2228,1058,848
48928,2280,1071,850
48929,2313,1077,851
48930,2312,1080,853
48931,2328,1080,852
48932,2339,1080,853
48933,2338,1080,853
48934,2346,1080,852
48935,2352,1081,855
48936,2398,1081,859
48937,2419,1082,861
48938,2447,1082,861
48939,2438,1082,863
48940,2460,1082,863
48941,2459,1082,863
48942,2453,1086,864
48943,2443,1089,864
48944,2511,1090,864
48945,2541,1093,875
48946,2549,1095,880
48947,2559,1107,883
48948,2564,1114,884
48949,2581,1116,885
48950,2569,1117,886
48951,2554,1116,885
48952,2611,1117,886
48953,2634,1117,887
48954,2639,1117,887
48955,2642,1118,887
48956,2652,1117,887
48957,2653,1118,887
48958,2650,1117,887
48959,2653,1117,888
48960,2687,1117,888
48961,2688,1117,890
48962,2705,1117,890
48963,2715,1118,890
48964,2710,1118,895
48965,2712,1118,895
48966,2752,1111,895
48967,2708,1107,897
48968,2741,1100,898
48969,2716,1098,899
48970,2742,1098,899
48971,2760,1097,899
48972,2745,1097,899
48973,2746,1097,898
48974,2743,1097,899
48975,2732,1097,899
48976,2627,1096,893
48977,2597,1112,889
48978,2574,1116,887
48979,2557,1117,887
48980,2544,1117,881
48981,2541,1116,882
48982,2520,1116,883
48983,2542,1116,884
48984,2663,1117,885
48985,2678,1117,889
48986,2707,1118,893
48987,2737,1119,897
48988,2725,1106,898
48989,2764,1101,899
48990,2764,1098,899
48991,2735,1098,899
48992,2768,1097,899
48993,2767,1097,899
48994,2758,1097,899
48995,2771,1097,899
48996,2753,1097,899
48997,2752,1097,899
48998,2763,1097,899
48999,2752,1097,899
49000,2755,1097,899
49001,2739,1097,899
49002,2733,1097,898
49003,2703,1097,899
49004,2720,1097,898
49005,2738,1097,898
49006,2732,1097,896
49007,2741,1097,898
49008,2728,1097,897
49009,2707,1097,894
49010,2707,1109,895
49011,2684,1115,895
49012,2689,1117,890
49013,2701,1118,890
49014,2694,1118,890
49015,2698,1117,889
49016,2652,1117,889
49017,2679,1117,889
49018,2677,1118,892
49019,2660,1117,889
49020,2661,1118,889
49021,2676,1117,890
49022,2624,1117,889
49023,2657,1118,889
49024,2655,1117,888
49025,2636,1118,888
49026,2635,1117,887
49027,2620,1117,887
49028,2619,1117,887
49029,2612,1117,887
49030,2611,1117,886
49031,2611,1117,886
49032,2583,1117,886
49033,2561,1117,886
49034,2559,1117,886
49035,2554,1117,886
49036,2538,1117,885
49037,2530,1117,885
49038,2534,1117,885
49039,2537,1117,881
49040,2528,1117,882
49041,2509,1109,873
49042,2523,1100,876
49043,2506,1096,870
49044,2510,1094,871
49045,2500,1094,868
49046,2531,1093,866
49047,2485,1094,866
49048,2493,1093,866
49049,2498,1094,865
49050,2454,1093,865
49051,2465,1093,865
49052,2456,1093,864
49053,2470,1093,865
49054,2476,1093,865
49055,2460,1093,864
49056,2462,1093,864
49057,2458,1093,863
49058,2491,1089,863
49059,2427,1084,862
49060,2439,1086,864
49061,2455,1086,864
49062,2450,1085,864
49063,2439,1090,863
49064,2440,1085,863
49065,2400,1083,863
49066,2430,1083,864
49067,2417,1084,863
49068,2458,1085,863
49069,2408,1083,864
49070,2413,1089,863
49071,2416,1086,864
49072,2394,1087,863
49073,2399,1084,863
49074,2373,1083,862
49075,2383,1082,862
49076,2364,1082,862
49077,2401,1083,863
49078,2407,1082,863
49079,2390,1082,863
49080,2373,1083,862
49081,2368,1082,862
49082,2403,1082,862
49083,2372,1083,862
49084,2362,1082,860
49085,2356,1083,861
49086,2355,1082,859
49087,2360,1081,856
49088,2347,1081,854
49089,2327,1081,854
49090,2345,1081,854
49091,2333,1081,853
49092,2345,1081,853
49093,2346,1081,853
49094,2333,1081,854
49095,2333,1081,853
49096,2354,1081,853
49097,2360,1081,855
49098,2361,1081,857
49099,2377,1081,860
49100,2377,1082,861
49101,2383,1082,862
49102,2373,1083,862
49103,2380,1082,860
49104,2336,1082,856
49105,2300,1082,854
49106,2307,1081,853
49107,2297,1081,853
49108,2304,1081,852
49109,2269,1081,852
49110,2269,1081,852
49111,2261,1081,851
49112,2254,1080,851
49113,2256,1080,851
49114,2249,1080,851
49115,2240,1080,851
49116,2248,1080,851
49117,2228,1080,851
49118,2253,1080,851
49119,2273,1080,851
49120,2226,1080,851
49121,2220,1080,850
49122,2208,1073,847
49123,2213,1070,842
49124,2212,1062,836
49125,2211,1059,836
49126,2213,1058,836
49127,2207,1057,838
49128,2196,1057,834
49129,2179,1057,832
49130,2187,1056,831
49131,2187,1052,830
49132,2188,1052,830
49133,2188,1048,830
49134,2173,1047,830
49135,2167,1047,830
49136,2193,1047,831
49137,2166,1047,831
49138,2117,1047,831
49139,2164,1047,831
49140,2176,1047,831
49141,2152,1047,830
49142,2187,1047,830
49143,2167,1047,831
49144,2149,1047,830
49145,2149,1047,830
49146,2139,1047,830
49147,2161,1048,830
49148,2143,1047,830
49149,2146,1047,830
49150,2146,1047,829
49151,2216,1047,830
49152,2157,1048,830
49153,2141,1047,831
49154,2140,1047,831
49155,2146,1047,830
49156,2134,1047,831
49157,2117,1047,830
49158,2130,1047,829
49159,2141,1047,830
49160,2142,1047,830
49161,2144,1047,830
49162,2131,1047,830
49163,2141,1047,829
49164,2145,1047,830
49165,2136,1047,831
49166,2146,1047,830
49167,2145,1047,830
49168,2168,1047,831
49169,2170,1047,831
49170,2151,1047,831
49171,2141,1047,830
49172,2157,1047,830
49173,2144,1047,830
49174,2210,1047,831
49175,2163,1047,830
49176,2179,1047,831
49177,2170,1047,830
49178,2179,1047,830
49179,2196,1047,830
49180,2188,1047,830
49181,2180,1047,830
49182,2171,1047,830
49183,2186,1047,830
49184,2196,1047,829
49185,2204,1047,834
49186,2189,1053,832
49187,2195,1056,836
49188,2201,1056,833
49189,2196,1057,833
49190,2200,1056,832
49191,2197,1053,831
49192,2223,1053,841
49193,2228,1056,839
49194,2203,1057,842
49195,2203,1058,842
49196,2209,1058,845
49197,2229,1058,848
49198,2240,1070,849
49199,2226,1077,850
49200,2243,1079,850
49201,2239,1080,851
49202,2254,1080,851
49203,2246,1080,851
49204,2301,1080,851
49205,2247,1080,851
49206,2246,1080,851
49207,2251,1081,851
49208,2264,1080,852
49209,2274,1081,852
49210,2266,1080,852
49211,2273,1081,852
49212,2274,1080,852
49213,2274,1080,852
49214,2284,1081,851
49215,2273,1080,851
49216,2281,1080,852
49217,2284,1080,852
49218,2282,1080,852
49219,2296,1080,852
49220,2277,1081,853
49221,2301,1080,852
49222,2303,1080,853
49223,2307,1081,853
49224,2260,1080,852
49225,2248,1081,851
49226,2232,1080,851
49227,2234,1080,851
49228,2215,1081,850
49229,2217,1080,850
49230,2221,1081,847
49231,2204,1065,841
49232,2280,1061,848
49233,2304,1071,850
49234,2276,1077,851
49235,2313,1080,852
49236,2306,1080,852
49237,2318,1081,852
49238,2320,1081,852
49239,2330,1080,852
49240,2366,1081,852
49241,2323,1080,852
49242,2336,1080,852
49243,2325,1080,853
49244,2341,1080,852
49245,2326,1081,853
49246,2329,1081,853
49247,2311,1081,853
49248,2328,1081,853
49249,2327,1080,853
49250,2324,1081,853
49251,2328,1080,853
49252,2337,1080,853
49253,2333,1081,853
49254,2319,1081,852
49255,2330,1081,853
49256,2309,1081,852
49257,2313,1080,853
49258,2304,1081,851
49259,2319,1080,853
49260,2288,1081,853
49261,2301,1080,852
49262,2294,1081,853
49263,2297,1080,852
49264,2267,1081,852
49265,2343,1080,853
49266,2303,1081,853
49267,2312,1081,852
49268,2321,1081,852
49269,2318,1081,852
49270,2307,1081,852
49271,2310,1081,852
49272,2312,1080,853
49273,2311,1081,852
49274,2301,1081,852
49275,2307,1081,853
49276,2312,1080,852
49277,2305,1080,852
49278,2297,1080,851
49279,2309,1080,852
49280,2301,1080,852
49281,2289,1080,852
49282,2293,1081,852
49283,2276,1080,852
49284,2292,1081,853
49285,2286,1080,852
49286,2295,1080,853
49287,2283,1081,852
49288,2286,1080,852
49289,2291,1081,853
49290,2287,1080,853
49291,2289,1081,853
49292,2275,1081,852
49293,2244,1081,853
49294,2277,1081,852
49295,2270,1081,852
49296,2262,1081,851
49297,2275,1080,852
49298,2283,1081,851
49299,2262,1080,852
49300,2272,1080,852
49301,2262,1080,852
49302,2242,1081,851
49303,2244,1080,851
49304,2263,1081,852
49305,2259,1080,851
49306,2260,1080,851
49307,2268,1081,852
49308,2253,1080,852
49309,2213,1080,851
49310,2243,1080,851
49311,2230,1081,851
49312,2220,1080,850
49313,2239,1080,851
49314,2246,1080,851
49315,2235,1080,851
49316,2229,1080,851
49317,2240,1080,850
49318,2215,1080,846
49319,2216,1069,843
49320,2223,1062,843
49321,2224,1060,846
49322,2215,1059,844
49323,2192,1059,845
49324,2227,1058,840
49325,2199,1057,835
49326,2187,1057,833
49327,2202,1056,832
49328,2200,1056,831
49329,2198,1054,831
49330,2202,1052,831
49331,2204,1049,835
49332,2175,1054,835
49333,2173,1056,832
49334,2180,1056,835
49335,2185,1057,833
49336,2179,1056,832
49337,2194,1056,831
49338,2184,1050,831
49339,2182,1048,831
49340,2173,1048,830
49341,2112,1047,831
49342,2161,1047,831
49343,2157,1047,831
49344,2150,1047,831
49345,2142,1047,831
49346,2158,1047,831
49347,2149,1047,830
49348,2144,1047,831
49349,2153,1047,830
49350,2148,1047,830
49351,2148,1048,831
49352,2133,1047,830
49353,2131,1047,830
49354,2125,1047,830
49355,2128,1047,830
49356,2183,1047,829
49357,2129,1046,830
49358,2124,1047,830
49359,2114,1047,829
49360,2119,1047,829
49361,2116,1047,829
49362,2109,1047,830
49363,2128,1047,829
49364,2106,1047,830
49365,2121,1047,829
49366,2091,1047,829
49367,2097,1047,829
49368,2068,1047,829
49369,2098,1046,829
49370,2103,1048,829
49371,2105,1047,828
49372,2086,1047,828
49373,2135,1047,828
49374,2068,1047,829
49375,2073,1047,828
49376,2050,1047,828
49377,2086,1046,828
49378,2048,1046,828
49379,2074,1047,828
49380,2082,1046,828
49381,2077,1047,828
49382,2069,1046,828
49383,2073,1046,828
49384,2071,1047,826
49385,2084,1046,827
49386,2078,1047,827
49387,2051,1046,828
49388,2077,1047,827
49389,2048,1046,824
49390,2063,1046,823
49391,2060,1046,820
49392,2061,1046,823
49393,2060,1045,823
49394,2051,1046,823
49395,2044,1046,822
49396,2047,1045,823
49397,2045,1046,823
49398,2095,1046,826
49399,2034,1046,825
49400,2032,1046,826
49401,2033,1046,828
49402,2037,1047,827
49403,2033,1046,824
49404,2024,1046,823
49405,2033,1046,823
49406,2026,1045,820
49407,2027,1046,824
49408,2021,1045,824
49409,2032,1046,825
49410,2016,1045,822
49411,2025,1046,822
49412,2016,1045,820
49413,2014,1045,819
49414,2011,1045,819
49415,2008,1045,818
49416,1992,1045,818
49417,2013,1045,818
49418,2011,1044,817
49419,2007,1044,817
49420,1999,1045,818
49421,2012,1044,817
49422,1976,1045,818
49423,2003,1045,818
49424,1990,1044,818
49425,1996,1045,817
49426,2005,1045,817
49427,2007,1045,817
49428,1999,1045,817
49429,1987,1045,817
49430,1991,1044,817
49431,1983,1044,816
49432,1979,1045,817
49433,1964,1045,816
49434,1994,1045,816
49435,1979,1044,816
49436,2002,1045,817
49437,1978,1045,816
49438,1972,1044,816
49439,1967,1044,816
49440,1978,1044,817
49441,1975,1044,817
49442,1973,1045,816
49443,1968,1044,817
49444,1978,1044,817
49445,1968,1045,817
49446,1952,1045,817
49447,1967,1045,816
49448,1969,1045,817
49449,1968,1044,816
49450,1948,1044,816
49451,1968,1041,816
49452,1962,1044,817
49453,1959,1044,816
49454,1961,1044,816
49455,1942,1044,816
49456,1952,1044,816
49457,1936,1044,816
49458,1962,1044,816
49459,1951,1041,816
49460,1967,1043,816
49461,1950,1041,816
49462,1946,1043,815
49463,1947,1037,816
49464,1947,1039,816
49465,1958,1042,816
49466,1946,1040,816
49467,1944,1043,815
49468,1954,1040,816
49469,1922,1043,815
49470,1915,1037,816
49471,1935,1042,816
49472,1938,1043,816
49473,1942,1044,816
49474,1927,1045,816
49475,1936,1044,815
49476,1939,1038,817
49477,1944,1036,816
49478,1953,1035,815
49479,1927,1027,816
49480,1936,1036,815
49481,1942,1027,816
49482,1915,1036,815
49483,1922,1028,815
49484,1940,1025,815
49485,1931,1031,814
49486,1930,1026,815
49487,1925,1025,815
49488,1930,1024,815
49489,1925,1024,815
49490,1933,1024,815
49491,1938,1031,815
49492,1920,1033,815
49493,1881,1034,815
49494,1915,1027,815
49495,1917,1028,815
49496,1932,1025,815
49497,1901,1025,815
49498,1920,1024,816
49499,1925,1032,815
49500,1921,1026,815
49501,1917,1025,815
49502,1930,1031,815
49503,1964,1027,815
49504,1909,1031,815
49505,1933,1027,815
49506,1910,1035,816
49507,1917,1035,816
49508,1913,1042,816
49509,1915,1036,816
49510,1921,1032,815
49511,1913,1034,816
49512,1912,1031,815
49513,1921,1027,815
49514,1929,1025,815
49515,1906,1024,815
49516,1929,1028,815
49517,1899,1025,815
49518,1919,1025,815
49519,1915,1024,815
49520,1911,1028,816
49521,1905,1032,815
49522,1907,1034,816
49523,1929,1041,816
49524,1920,1034,815
49525,1908,1027,815
49526,1906,1036,816
49527,1913,1041,816
49528,1911,1037,816
49529,1928,1042,816
49530,1915,1037,816
49531,1906,1043,815
49532,1908,1039,815
49533,1916,1036,815
49534,1903,1028,815
49535,1903,1025,815
49536,1911,1025,815
49537,1950,1024,812
49538,1909,1024,814
49539,1904,1024,815
49540,1906,1024,815
49541,1876,1024,815
49542,1910,1025,815
49543,1894,1024,815
49544,1898,1027,815
49545,1905,1032,815
49546,1905,1034,816
49547,1887,1034,815
49548,1904,1028,815
49549,1897,1035,815
49550,1901,1027,815
49551,1881,1025,815
49552,1930,1024,815
49553,1885,1025,815
49554,1894,1024,815
49555,1905,1025,816
49556,1892,1031,815
49557,1899,1030,815
49558,1886,1026,815
49559,1893,1025,815
49560,1893,1024,811
49561,1932,1024,813
49562,1892,1023,814
49563,1882,1024,814
49564,1900,1024,814
49565,1885,1024,815
49566,1883,1024,815
49567,1888,1024,815
49568,1911,1031,815
49569,1896,1033,815
49570,1891,1037,816
49571,1899,1032,815
49572,1877,1027,811
49573,1903,1027,813
49574,1897,1025,811
49575,1920,1023,808
49576,1899,1023,813
49577,1902,1023,813
49578,1910,1024,814
49579,1885,1024,815
49580,1884,1023,811
49581,1875,1024,813
49582,1879,1023,809
49583,1883,1024,813
49584,1876,1023,810
49585,1872,1024,808
49586,1882,1023,804
49587,1876,1022,805
49588,1891,1022,810
49589,1872,1022,813
49590,1875,1023,806
49591,1855,1022,804
49592,1872,1022,805
49593,1871,1021,808
49594,1874,1023,811
49595,1861,1022,811
49596,1884,1023,805
49597,1865,1021,803
49598,1874,1022,802
49599,1855,1021,802
49600,1855,1021,808
49601,1871,1022,801
49602,1868,1022,806
49603,1865,1021,803
49604,1879,1021,809
49605,1888,1023,812
49606,1886,1023,814
49607,1887,1024,815
49608,1886,1024,815
49609,1881,1025,815
49610,1926,1024,811
49611,1887,1024,813
49612,1901,1024,814
49613,1896,1024,815
49614,1913,1024,814
49615,1903,1024,815
49616,1905,1027,815
49617,1907,1035,812
49618,1901,1027,814
49619,1911,1025,815
49620,1921,1024,814
49621,1946,1024,815
49622,1924,1024,814
49623,1965,1031,816
49624,1953,1040,816
49625,1973,1043,817
49626,1996,1044,816
49627,1960,1045,816
49628,1981,1045,817
49629,2018,1045,817
49630,2025,1045,818
49631,2039,1045,822
49632,2051,1045,823
49633,2100,1046,825
49634,2054,1045,821
49635,2027,1045,822
49636,2082,1046,825
49637,2106,1046,827
49638,2133,1046,829
49639,2138,1047,829
49640,2149,1047,830
49641,2150,1047,829
49642,2150,1047,830
49643,2155,1047,830
49644,2191,1046,830
49645,2206,1047,838
49646,2254,1054,845
49647,2250,1058,848
49648,2254,1070,851
49649,2253,1078,851
49650,2283,1079,851
49651,2257,1081,852
49652,2307,1080,851
49653,2344,1079,854
49654,2375,1081,856
49655,2387,1081,860
49656,2392,1082,861
49657,2381,1082,862
49658,2410,1082,863
49659,2409,1082,862
49660,2446,1083,863
49661,2477,1085,863
49662,2520,1087,864
49663,2519,1091,867
49664,2528,1093,869
49665,2534,1094,876
49666,2526,1094,881
49667,2534,1110,880
49668,2573,1111,882
49669,2613,1114,883
49670,2648,1116,886
49671,2648,1117,886
49672,2664,1117,887
49673,2668,1117,887
49674,2672,1118,888
49675,2664,1117,888
49676,2692,1117,888
49677,2733,1117,893
49678,2732,1118,896
49679,2758,1106,898
49680,2780,1100,899
49681,2773,1098,899
49682,2767,1097,899
49683,2788,1098,899
49684,2805,1097,900
49685,2816,1097,900
49686,2843,1097,901
49687,2845,1098,901
49688,2863,1098,901
49689,2848,1098,902
49690,2863,1098,901
49691,2891,1097,901
49692,2884,1099,911
49693,2899,1106,917
49694,2912,1116,919
49695,2924,1120,921
49696,2921,1121,921
49697,2929,1121,921
49698,2926,1121,921
49699,2936,1122,921
49700,2931,1121,921
49701,2939,1122,922
49702,2932,1121,921
49703,2963,1121,922
49704,2964,1122,922
49705,2958,1122,922
49706,2966,1122,922
49707,2965,1122,923
49708,2893,1121,922
49709,2818,1121,911
49710,2769,1108,905
49711,2759,1102,902
49712,2726,1099,900
49713,2712,1098,899
49714,2710,1098,897
49715,2694,1104,892
49716,2771,1114,895
49717,2843,1110,899
49718,2898,1102,911
49719,2930,1107,916
49720,2952,1116,919
49721,2979,1120,920
49722,2976,1121,922
49723,2982,1122,921
49724,2977,1122,922
49725,2953,1122,923
49726,2953,1122,923
49727,2977,1122,923
49728,2971,1121,923
49729,2965,1123,923
49730,2971,1122,922
49731,2956,1122,923
49732,2948,1122,922
49733,2962,1122,922
49734,2943,1121,922
49735,2942,1121,922
49736,2936,1121,922
49737,2943,1122,923
49738,2928,1121,921
49739,2934,1122,922
49740,2888,1121,922
49741,2914,1121,922
49742,2939,1122,922
49743,2908,1121,921
49744,2906,1122,922
49745,2906,1122,922
49746,2909,1121,921
49747,2896,1122,921
49748,2871,1122,921
49749,2886,1122,920
49750,2880,1121,915
49751,2847,1114,911
49752,2860,1107,909
49753,2849,1105,905
49754,2851,1100,903
49755,2844,1098,902
49756,2840,1098,901
49757,2830,1098,902
49758,2817,1097,901
49759,2815,1098,901
49760,2808,1097,900
49761,2802,1097,900
49762,2835,1098,901
49763,2801,1098,901
49764,2804,1098,901
49765,2782,1097,900
49766,2781,1098,901
49767,2801,1097,900
49768,2729,1097,901
49769,2769,1097,900
49770,2765,1097,899
49771,2768,1097,900
49772,2754,1098,900
49773,2747,1097,900
49774,2732,1097,899
49775,2739,1097,899
49776,2723,1097,899
49777,2726,1097,899
49778,2746,1097,898
49779,2731,1097,899
49780,2725,1097,899
49781,2721,1097,899
49782,2712,1097,899
49783,2723,1097,899
49784,2718,1097,899
49785,2705,1097,895
49786,2684,1109,897
49787,2664,1108,896
49788,2689,1110,892
49789,2694,1116,891
49790,2650,1116,890
49791,2688,1117,894
49792,2675,1118,892
49793,2654,1117,891
49794,2645,1117,887
49795,2652,1117,888
49796,2641,1117,888
49797,2627,1117,888
49798,2613,1117,887
49799,2623,1117,887
49800,2617,1117,887
49801,2635,1117,887
49802,2606,1117,886
49803,2608,1117,887
49804,2621,1117,886
49805,2607,1117,887
49806,2608,1118,886
49807,2601,1117,887
49808,2605,1118,886
49809,2582,1117,886
49810,2592,1117,886
49811,2584,1117,886
49812,2584,1117,886
49813,2577,1117,885
49814,2584,1117,886
49815,2588,1117,885
49816,2588,1117,886
49817,2562,1117,886
49818,2586,1117,886
49819,2543,1117,885
49820,2571,1117,885
49821,2552,1116,886
49822,2562,1117,885
49823,2546,1117,886
49824,2545,1117,886
49825,2543,1117,882
49826,2553,1117,879
49827,2536,1113,880
49828,2542,1112,883
49829,2545,1115,885
49830,2539,1117,885
49831,2543,1117,885
49832,2529,1117,886
49833,2528,1117,885
49834,2511,1117,882
49835,2495,1110,877
49836,2527,1103,881
49837,2542,1105,873
49838,2510,1098,869
49839,2501,1095,867
49840,2505,1094,865
49841,2483,1093,864
49842,2487,1093,865
49843,2433,1094,864
49844,2484,1093,865
49845,2504,1093,864
49846,2462,1093,864
49847,2485,1093,864
49848,2507,1093,864
49849,2468,1093,864
49850,2458,1093,864
49851,2460,1093,863
49852,2524,1089,864
49853,2458,1092,863
49854,2455,1088,863
49855,2439,1088,864
49856,2456,1089,863
49857,2437,1085,863
49858,2450,1083,863
49859,2422,1087,864
49860,2424,1091,863
49861,2417,1089,864
49862,2413,1088,863
49863,2424,1089,864
49864,2428,1089,863
49865,2385,1084,863
49866,2428,1083,863
49867,2394,1084,864
49868,2389,1086,863
49869,2374,1084,863
49870,2392,1083,863
49871,2392,1083,863
49872,2382,1082,862
49873,2394,1083,862
49874,2380,1082,860
49875,2362,1082,859
49876,2393,1082,857
49877,2366,1081,856
49878,2362,1081,854
49879,2359,1081,854
49880,2356,1080,853
49881,2341,1081,855
49882,2346,1080,854
49883,2341,1081,854
49884,2355,1081,854
49885,2350,1081,853
49886,2340,1080,854
49887,2340,1081,853
49888,2325,1080,852
49889,2338,1081,854
49890,2333,1081,852
49891,2321,1081,852
49892,2331,1081,852
49893,2330,1080,852
49894,2334,1081,852
49895,2301,1081,853
49896,2365,1081,853
49897,2316,1080,853
49898,2304,1081,853
49899,2327,1080,853
49900,2323,1081,853
49901,2310,1081,852
49902,2315,1081,852
49903,2320,1081,852
49904,2322,1081,853
49905,2308,1081,852
49906,2278,1081,853
49907,2318,1080,852
49908,2310,1081,852
49909,2322,1081,852
49910,2332,1081,852
49911,2326,1081,852
49912,2325,1080,852
49913,2322,1081,853
49914,2352,1081,853
49915,2327,1080,852
49916,2328,1081,852
49917,2335,1081,853
49918,2312,1080,853
49919,2341,1080,853
49920,2332,1080,853
49921,2344,1080,853
49922,2342,1080,853
49923,2341,1081,853
49924,2349,1081,853
49925,2345,1081,854
49926,2348,1081,853
49927,2333,1081,854
49928,2333,1081,853
49929,2365,1081,855
49930,2365,1081,856
49931,2380,1081,857
49932,2370,1081,859
49933,2370,1081,861
49934,2386,1081,861
49935,2374,1082,862
49936,2372,1082,862
49937,2391,1082,862
49938,2397,1082,862
49939,2385,1083,862
49940,2430,1082,862
49941,2388,1083,862
49942,2377,1082,863
49943,2392,1083,862
49944,2392,1082,863
49945,2414,1083,862
49946,2427,1083,863
49947,2429,1083,862
49948,2417,1083,863
49949,2419,1083,863
49950,2392,1082,863
49951,2412,1083,863
49952,2417,1083,863
49953,2418,1082,863
49954,2417,1082,863
49955,2419,1086,863
49956,2439,1087,863
49957,2425,1084,864
49958,2411,1088,863
49959,2427,1084,864
49960,2422,1088,863
49961,2436,1090,864
49962,2428,1092,863
49963,2431,1085,863
49964,2426,1088,863
49965,2405,1089,864
49966,2410,1090,863
49967,2437,1090,864
49968,2437,1092,864
49969,2438,1093,864
49970,2427,1089,863
49971,2438,1086,863
49972,2446,1084,864
49973,2452,1089,864
49974,2482,1087,864
49975,2451,1090,863
49976,2431,1089,863
49977,2438,1084,863
49978,2438,1083,863
49979,2438,1082,862
49980,2437,1083,863
49981,2444,1083,863
49982,2428,1082,863
49983,2443,1083,863
49984,2381,1083,863
49985,2411,1083,863
49986,2446,1083,863
49987,2439,1082,864
49988,2435,1086,863
49989,2433,1084,863
49990,2435,1083,863
49991,2432,1083,863
49992,2429,1083,863
49993,2415,1086,863
49994,2433,1084,863
49995,2385,1083,862
49996,2407,1082,863
49997,2411,1082,863
49998,2388,1082,863
49999,2396,1083,863
50000,2404,1082,862
50001,2378,1083,863
50002,2404,1082,863
50003,2437,1083,863
50004,2415,1082,863
50005,2391,1083,863
50006,2432,1082,863
50007,2417,1086,864
50008,2426,1089,864
50009,2416,1091,863
50010,2410,1086,863
50011,2391,1083,862
50012,2397,1083,863
50013,2375,1082,862
50014,2391,1082,863
50015,2386,1083,863
50016,2400,1082,862
50017,2381,1082,863
50018,2384,1082,862
50019,2373,1082,863
50020,2382,1082,861
50021,2391,1082,862
50022,2372,1082,862
50023,2380,1081,862
50024,2358,1082,861
50025,2373,1082,863
50026,2412,1082,862
50027,2394,1082,863
50028,2402,1082,862
50029,2389,1082,863
50030,2393,1083,863
50031,2394,1083,863
50032,2388,1083,863
50033,2361,1083,862
50034,2373,1082,858
50035,2347,1081,856
50036,2362,1082,856
50037,2349,1081,854
50038,2363,1081,854
50039,2350,1080,854
50040,2348,1081,853
50041,2339,1081,853
50042,2340,1080,853
50043,2325,1081,853
50044,2343,1080,852
50045,2323,1081,853
50046,2324,1081,852
50047,2324,1081,853
50048,2318,1081,852
50049,2313,1080,853
50050,2320,1081,853
50051,2361,1081,852
50052,2322,1081,852
50053,2322,1080,853
50054,2338,1080,852
50055,2315,1081,852
50056,2309,1080,852
50057,2299,1080,852
50058,2306,1080,852
50059,2304,1080,852
50060,2284,1080,851
50061,2302,1080,853
50062,2265,1080,852
50063,2295,1080,853
50064,2311,1081,853
50065,2280,1080,853
50066,2282,1081,853
50067,2270,1080,852
50068,2281,1080,852
50069,2266,1081,852
50070,2270,1081,852
50071,2269,1080,852
50072,2280,1080,852
50073,2236,1081,852
50074,2258,1081,851
50075,2255,1080,851
50076,2239,1081,850
50077,2246,1080,851
50078,2237,1080,850
50079,2249,1080,851
50080,2251,1080,851
50081,2239,1080,850
50082,2249,1080,851
50083,2197,1080,850
50084,2207,1073,848
50085,2226,1075,849
50086,2228,1078,850
50087,2223,1080,850
50088,2304,1080,851
50089,2213,1081,847
50090,2210,1068,841
50091,2196,1061,844
50092,2159,1059,837
50093,2193,1058,834
50094,2196,1057,832
50095,2198,1056,832
50096,2190,1052,831
50097,2188,1049,831
50098,2177,1047,831
50099,2179,1047,830
50100,2169,1047,830
50101,2195,1047,830
50102,2175,1047,830
50103,2181,1047,830
50104,2158,1047,830
50105,2151,1047,831
50106,2145,1047,830
50107,2135,1047,830
50108,2148,1047,831
50109,2137,1047,831
50110,2166,1047,830
50111,2153,1047,831
50112,2146,1047,830
50113,2142,1047,830
50114,2124,1047,830
50115,2136,1047,830
50116,2128,1047,830
50117,2124,1047,829
50118,2114,1047,830
50119,2117,1047,830
50120,2118,1047,829
50121,2116,1047,830
50122,2104,1047,829
50123,2094,1047,828
50124,2107,1047,829
50125,2104,1047,828
50126,2099,1047,829
50127,2094,1047,829
50128,2077,1046,829
50129,2088,1047,829
50130,2085,1046,828
50131,2089,1047,829
50132,2077,1047,828
50133,2077,1048,829
50134,2089,1047,829
50135,2078,1047,828
50136,2072,1047,828
50137,2046,1047,828
50138,2072,1047,828
50139,2066,1047,828
50140,2049,1047,826
50141,2050,1047,827
50142,2059,1046,825
50143,2059,1046,827
50144,2049,1046,824
50145,2048,1046,822
50146,2050,1046,822
50147,2046,1046,824
50148,2027,1046,826
50149,2028,1046,827
50150,2036,1047,828
50151,2041,1047,828
50152,2044,1047,827
50153,2034,1046,827
50154,2027,1047,826
50155,2036,1046,826
50156,2032,1046,822
50157,2019,1046,823
50158,2046,1046,823
50159,2007,1045,823
50160,2002,1046,820
50161,2013,1045,819
50162,2011,1045,818
50163,2016,1045,818
50164,2012,1045,818
50165,2006,1045,818
50166,2015,1045,818
50167,2024,1045,817
50168,1997,1045,817
50169,2012,1045,818
50170,2001,1045,817
50171,2012,1045,818
50172,2005,1045,818
50173,2002,1045,818
50174,2009,1045,818
50175,2004,1045,818
50176,2000,1045,818
50177,2012,1044,817
50178,1993,1044,817
50179,1972,1044,817
50180,1982,1044,817
50181,1994,1044,817
50182,1985,1045,818
50183,1994,1045,816
50184,1990,1045,817
50185,1987,1044,816
50186,1980,1044,817
50187,1986,1045,817
50188,1994,1044,817
50189,1981,1045,817
50190,1998,1044,817
50191,1978,1045,817
50192,1960,1045,817
50193,1979,1044,816
50194,1980,1045,816
50195,2010,1044,817
50196,1984,1045,817
50197,1996,1044,816
50198,1968,1045,817
50199,1972,1044,816
50200,1976,1044,817
50201,1955,1044,816
50202,1977,1044,816
50203,1959,1045,817
50204,1955,1045,816
50205,1962,1045,817
50206,1955,1044,816
50207,1972,1045,816
50208,1997,1045,816
50209,1951,1044,816
50210,1956,1044,817
50211,1960,1044,816
50212,1956,1045,817
50213,1946,1044,816
50214,1958,1045,816
50215,1935,1044,816
50216,1965,1044,816
50217,1952,1044,816
50218,1965,1037,816
50219,1936,1040,816
50220,1944,1036,816
50221,1947,1042,816
50222,1938,1043,815
50223,1931,1036,816
50224,1936,1042,816
50225,1951,1044,816
50226,1926,1038,816
50227,1943,1042,816
50228,1918,1044,816
50229,1928,1044,816
50230,1933,1045,816
50231,1925,1044,815
50232,1918,1030,815
50233,1933,1033,816
50234,1928,1038,815
50235,1903,1029,815
50236,1914,1025,815
50237,1884,1024,815
50238,1950,1025,815
50239,1911,1024,815
50240,1899,1024,815
50241,1914,1024,815
50242,1899,1027,815
50243,1916,1026,816
50244,1902,1039,815
50245,1926,1031,816
50246,1905,1034,816
50247,1894,1034,816
50248,1906,1035,816
50249,1893,1031,816
50250,1908,1038,815
50251,1882,1029,816
50252,1899,1030,815
50253,1895,1026,815
50254,1903,1025,815
50255,1894,1025,815
50256,1897,1027,815
50257,1909,1025,815
50258,1890,1025,813
50259,1890,1024,813
50260,1888,1024,814
50261,1875,1024,814
50262,1879,1024,815
50263,1894,1024,815
50264,1882,1024,815
50265,1862,1024,813
50266,1894,1024,810
50267,1884,1024,813
50268,1885,1024,810
50269,1875,1023,812
50270,1880,1024,813
50271,1873,1023,810
50272,1880,1024,813
50273,1877,1023,809
50274,1879,1023,809
50275,1866,1022,810
50276,1868,1022,805
50277,1871,1022,804
50278,1868,1022,799
50279,1857,1016,797
50280,1868,1012,796
50281,1878,1014,803
50282,1867,1018,806
50283,1872,1021,810
50284,1869,1022,802
50285,1864,1022,799
50286,1859,1016,797
50287,1858,1012,796
50288,1865,1011,795
50289,1870,1011,796
50290,1871,1010,795
50291,1905,1014,798
50292,1859,1012,797
50293,1855,1012,796
50294,1851,1010,796
50295,1853,1011,795
50296,1858,1010,795
50297,1850,1010,795
50298,1863,1010,795
50299,1854,1010,795
50300,1858,1011,795
50301,1856,1010,795
50302,1859,1010,795
50303,1853,1010,795
50304,1855,1011,795
50305,1866,1010,796
50306,1854,1010,795
50307,1857,1011,795
50308,1849,1010,795
50309,1850,1011,795
50310,1852,1011,795
50311,1828,1011,795
50312,1854,1010,795
50313,1845,1010,795
50314,1842,1010,795
50315,1852,1011,795
50316,1859,1010,795
50317,1850,1011,794
50318,1852,1010,795
50319,1846,1010,794
50320,1836,1010,794
50321,1852,1010,794
50322,1848,1010,795
50323,1851,1010,794
50324,1850,1010,795
50325,1854,1010,794
50326,1832,1010,794
50327,1847,1010,794
50328,1847,1010,795
50329,1846,1010,795
50330,1851,1010,795
50331,1840,1010,795
50332,1849,1011,795
50333,1842,1010,795
50334,1842,1011,795
50335,1837,1010,794
50336,1847,1010,795
50337,1836,1010,795
50338,1837,1010,794
50339,1839,1011,795
50340,1843,1010,795
50341,1825,1010,794
50342,1841,1010,794
50343,1840,1010,795
50344,1839,1010,794
50345,1832,1010,795
50346,1837,1010,795
50347,1830,1010,794
50348,1832,1011,795
50349,1832,1010,794
50350,1821,1010,795
50351,1833,1010,794
50352,1832,1010,795
50353,1835,1011,794
50354,1825,1010,795
50355,1822,1011,795
50356,1821,1010,794
50357,1832,1010,794
50358,1837,1010,794
50359,1833,1010,794
50360,1832,1010,794
50361,1833,1010,794
50362,1831,1010,794
50363,1834,1010,794
50364,1834,1010,795
50365,1841,1010,794
50366,1831,1009,794
50367,1835,1010,795
50368,1838,1010,795
50369,1831,1011,795
50370,1845,1010,795
50371,1849,1011,794
50372,1851,1010,795
50373,1853,1010,795
50374,1862,1010,795
50375,1869,1011,796
50376,1863,1010,795
50377,1862,1010,795
50378,1871,1010,794
50379,1868,1010,795
50380,1888,1011,805
50381,1892,1019,810
50382,1904,1022,812
50383,1912,1023,814
50384,1915,1024,815
50385,1922,1024,815
50386,1921,1024,815
50387,1947,1024,815
50388,1936,1031,815
50389,1955,1033,816
50390,1985,1041,817
50391,1982,1044,817
50392,2004,1044,817
50393,2004,1045,818
50394,2002,1045,817
50395,2007,1044,818
50396,2017,1045,818
50397,2045,1044,823
50398,2092,1046,826
50399,2078,1046,827
50400,2090,1046,828
50401,2117,1047,828
50402,2065,1047,828
50403,2086,1047,829
50404,2101,1047,828
50405,2169,1047,830
50406,2189,1047,830
50407,2211,1051,833
50408,2220,1055,834
50409,2202,1057,842
50410,2211,1058,847
50411,2230,1066,848
50412,2256,1075,850
50413,2290,1079,851
50414,2317,1080,851
50415,2340,1080,853
50416,2328,1080,852
50417,2356,1080,854
50418,2353,1081,855
50419,2345,1080,856
50420,2375,1081,859
50421,2415,1082,861
50422,2459,1082,862
50423,2464,1083,863
50424,2484,1086,864
50425,2496,1091,865
50426,2491,1092,865
50427,2478,1093,865
50428,2515,1093,868
50429,2572,1094,876
50430,2593,1095,881
50431,2614,1110,884
50432,2634,1114,885
50433,2635,1116,886
50434,2654,1116,887
50435,2642,1117,887
50436,2645,1117,887
50437,2677,1117,893
50438,2693,1118,894
50439,2757,1118,896
50440,2740,1106,898
50441,2736,1100,897
50442,2742,1098,898
50443,2731,1097,898
50444,2758,1097,899
50445,2784,1098,900
50446,2816,1097,901
50447,2821,1098,900
50448,2832,1097,901
50449,2830,1097,900
50450,2829,1098,900
50451,2818,1096,899
50452,2850,1097,901
50453,2847,1098,909
50454,2889,1105,915
50455,2908,1116,918
50456,2909,1119,919
50457,2935,1120,921
50458,2905,1120,921
50459,2909,1121,921
50460,2905,1121,921
50461,2943,1122,922
50462,2977,1122,923
50463,2957,1121,922
50464,2953,1122,922
50465,2953,1121,922
50466,2941,1121,922
50467,2961,1121,923
50468,2959,1121,922
50469,2958,1122,922
50470,2903,1122,923
50471,2965,1122,922
50472,2971,1122,922
50473,2979,1121,922
50474,2981,1122,922
50475,2977,1122,922
50476,2931,1122,922
50477,2880,1121,923
50478,2834,1121,910
50479,2803,1109,905
50480,2787,1101,903
50481,2793,1099,902
50482,2785,1098,900
50483,2761,1098,900
50484,2775,1097,899
50485,2863,1097,901
50486,2876,1098,911
50487,2912,1106,917
50488,2932,1117,916
50489,2943,1119,919
50490,2951,1120,921
50491,2948,1122,922
50492,2956,1121,922
50493,2916,1122,923
50494,2928,1122,922
50495,2932,1121,922
50496,2921,1122,921
50497,2920,1121,922
50498,2930,1121,921
50499,2819,1121,922
50500,2925,1121,922
50501,2898,1121,922
50502,2854,1121,921
50503,2909,1121,922
50504,2891,1122,921
50505,2890,1121,920
50506,2887,1121,921
50507,2873,1122,918
50508,2885,1121,920
50509,2860,1121,911
50510,2850,1109,905
50511,2852,1101,903
50512,2822,1099,905
50513,2822,1098,903
50514,2846,1098,902
50515,2848,1097,902
50516,2838,1098,901
50517,2812,1098,900
50518,2764,1097,901
50519,2791,1097,900
50520,2784,1097,900
50521,2784,1097,900
50522,2777,1097,900
50523,2786,1098,900
50524,2790,1099,902
50525,2738,1097,899
50526,2729,1098,899
50527,2768,1097,899
50528,2722,1098,899
50529,2724,1097,899
50530,2764,1097,897
50531,2720,1097,898
50532,2730,1097,898
50533,2691,1104,893
50534,2692,1114,893
50535,2688,1117,891
50536,2682,1117,895
50537,2665,1118,890
50538,2673,1118,892
50539,2665,1118,892
50540,2672,1118,891
50541,2656,1118,889
50542,2657,1117,888
50543,2645,1118,888
50544,2622,1118,887
50545,2621,1117,887
50546,2637,1118,888
50547,2618,1117,887
50548,2637,1117,887
50549,2613,1117,886
50550,2593,1117,886
50551,2597,1117,886
50552,2586,1117,886
50553,2593,1117,886
50554,2601,1117,886
50555,2580,1117,886
50556,2572,1117,885
50557,2549,1117,885
50558,2554,1117,881
50559,2529,1117,883
50560,2515,1109,881
50561,2513,1114,876
50562,2498,1101,877
50563,2503,1097,871
50564,2488,1095,868
50565,2483,1094,866
50566,2499,1093,866
50567,2484,1093,865
50568,2482,1093,864
50569,2466,1093,864
50570,2481,1093,864
50571,2484,1093,865
50572,2458,1093,864
50573,2430,1093,865
50574,2466,1093,864
50575,2444,1093,864
50576,2443,1093,863
50577,2439,1085,863
50578,2418,1083,863
50579,2430,1083,863
50580,2445,1082,863
50581,2408,1084,863
50582,2408,1083,863
50583,2372,1082,863
50584,2450,1083,863
50585,2430,1082,863
50586,2394,1082,863
50587,2407,1086,862
50588,2390,1084,863
50589,2418,1083,863
50590,2376,1082,862
50591,2376,1083,862
50592,2366,1082,861
50593,2370,1083,862
50594,2362,1082,858
50595,2401,1082,858
50596,2346,1082,855
50597,2345,1081,855
50598,2335,1081,853
50599,2328,1080,853
50600,2324,1081,853
50601,2321,1081,852
50602,2323,1080,852
50603,2321,1081,852
50604,2319,1080,853
50605,2306,1081,853
50606,2292,1081,852
50607,2290,1080,852
50608,2292,1081,852
50609,2278,1081,853
50610,2288,1081,852
50611,2278,1081,852
50612,2263,1080,852
50613,2271,1081,852
50614,2245,1080,851
50615,2259,1080,852
50616,2253,1080,851
50617,2273,1080,851
50618,2247,1080,852
50619,2249,1080,850
50620,2237,1080,851
50621,2235,1080,847
50622,2228,1069,845
50623,2214,1064,842
50624,2213,1060,840
50625,2225,1059,838
50626,2206,1058,841
50627,2207,1058,836
50628,2201,1058,837
50629,2204,1057,833
50630,2153,1057,832
50631,2176,1057,832
50632,2138,1053,831
50633,2191,1049,830
50634,2176,1048,830
50635,2186,1047,830
50636,2183,1047,830
50637,2169,1047,831
50638,2178,1047,831
50639,2167,1047,831
50640,2173,1047,831
50641,2166,1047,831
50642,2161,1047,830
50643,2140,1047,831
50644,2141,1047,830
50645,2155,1047,830
50646,2114,1047,831
50647,2151,1047,830
50648,2165,1047,830
50649,2159,1047,830
50650,2161,1047,831
50651,2150,1047,830
50652,2152,1047,831
50653,2134,1047,830
50654,2152,1047,831
50655,2141,1047,830
50656,2154,1047,830
50657,2140,1047,830
50658,2151,1047,829
50659,2154,1047,830
50660,2142,1047,830
50661,2141,1047,830
50662,2149,1048,831
50663,2170,1047,830
50664,2154,1047,831
50665,2155,1047,830
50666,2165,1047,831
50667,2163,1048,831
50668,2178,1047,830
50669,2161,1048,831
50670,2150,1047,830
50671,2156,1047,831
50672,2177,1047,830
50673,2180,1047,831
50674,2185,1047,831
50675,2171,1047,830
50676,2205,1047,831
50677,2178,1047,829
50678,2185,1047,830
50679,2204,1047,830
50680,2194,1047,830
50681,2193,1047,831
50682,2196,1047,830
50683,2180,1047,830
50684,2197,1047,830
50685,2220,1047,835
50686,2198,1052,837
50687,2217,1056,836
50688,2205,1057,838
50689,2215,1057,840
50690,2208,1058,842
50691,2202,1058,840
50692,2234,1058,837
50693,2224,1057,844
50694,2221,1058,847
50695,2231,1066,849
50696,2244,1077,851
50697,2235,1078,851
50698,2246,1080,850
50699,2264,1080,851
50700,2243,1081,851
50701,2212,1080,850
50702,2250,1081,851
50703,2259,1080,851
50704,2212,1080,851
50705,2242,1080,851
50706,2259,1081,851
50707,2256,1081,851
50708,2263,1081,851
50709,2275,1081,852
50710,2273,1080,852
50711,2263,1081,852
50712,2289,1080,852
50713,2273,1081,852
50714,2289,1080,852
50715,2302,1080,851
50716,2276,1081,852
50717,2273,1080,851
50718,2288,1080,852
50719,2299,1080,852
50720,2298,1080,852
50721,2306,1080,852
50722,2331,1080,852
50723,2303,1080,853
50724,2295,1080,853
50725,2308,1080,853
50726,2335,1081,853
50727,2310,1080,853
50728,2297,1081,852
50729,2320,1081,852
50730,2309,1081,853
50731,2302,1081,852
50732,2321,1081,853
50733,2321,1080,852
50734,2315,1080,853
50735,2320,1081,852
50736,2314,1080,852
50737,2325,1081,853
50738,2315,1080,852
50739,2361,1081,852
50740,2320,1080,852
50741,2326,1080,852
50742,2303,1080,852
50743,2345,1081,853
50744,2320,1080,852
50745,2323,1080,853
50746,2325,1080,852
50747,2328,1080,853
50748,2325,1080,853
50749,2294,1081,853
50750,2317,1081,853
50751,2311,1081,853
50752,2330,1081,853
50753,2319,1081,853
50754,2320,1081,853
50755,2306,1080,852
50756,2316,1081,853
50757,2319,1080,852
50758,2285,1081,852
50759,2301,1081,853
50760,2293,1080,853
50761,2286,1080,852
50762,2290,1080,852
50763,2300,1081,853
50764,2287,1080,852
50765,2297,1080,852
50766,2288,1081,852
50767,2295,1081,852
50768,2306,1081,852
50769,2295,1081,852
50770,2304,1081,852
50771,2297,1081,853
50772,2312,1080,852
50773,2306,1081,852
50774,2287,1080,852
50775,2275,1081,853
50776,2285,1081,852
50777,2287,1080,852
50778,2291,1081,852
50779,2282,1080,851
50780,2286,1081,851
50781,2317,1080,851
50782,2289,1081,852
50783,2270,1080,852
50784,2279,1081,852
50785,2285,1080,852
50786,2282,1081,852
50787,2267,1080,852
50788,2270,1080,852
50789,2261,1081,853
50790,2270,1080,853
50791,2259,1081,852
50792,2257,1081,851
50793,2253,1080,851
50794,2256,1081,851
50795,2245,1080,850
50796,2233,1080,851
50797,2238,1080,850
50798,2208,1080,850
50799,2228,1080,850
50800,2238,1080,850
50801,2226,1080,851
50802,2217,1079,850
50803,2206,1073,848
50804,2263,1074,849
50805,2217,1079,850
50806,2203,1072,848
50807,2215,1074,850
50808,2231,1079,850
50809,2208,1079,845
50810,2200,1068,838
50811,2200,1061,834
50812,2195,1058,832
50813,2189,1057,831
50814,2192,1051,831
50815,2101,1049,831
50816,2162,1051,837
50817,2174,1056,836
50818,2166,1056,833
50819,2172,1056,832
50820,2171,1053,831
50821,2185,1049,831
50822,2161,1048,831
50823,2191,1047,831
50824,2168,1047,831
50825,2166,1047,830
50826,2149,1047,830
50827,2130,1047,831
50828,2149,1047,830
50829,2137,1047,830
50830,2140,1047,830
50831,2144,1047,831
50832,2135,1048,830
50833,2138,1047,830
50834,2115,1047,830
50835,2118,1047,829
50836,2108,1046,829
50837,2118,1047,830
50838,2116,1046,829
50839,2115,1047,830
50840,2111,1047,829
50841,2106,1047,829
50842,2125,1046,828
50843,2083,1046,828
50844,2038,1047,828
50845,2071,1047,828
50846,2080,1047,828
50847,2062,1047,828
50848,2092,1047,828
50849,2088,1047,828
50850,1997,1046,827
50851,2067,1047,827
50852,2055,1046,824
50853,2062,1046,821
50854,2041,1046,822
50855,2061,1045,822
50856,2049,1046,822
50857,2055,1045,824
50858,2031,1046,826
50859,2043,1046,823
50860,2010,1046,825
50861,2038,1045,824
50862,2031,1045,823
50863,2027,1046,824
50864,2037,1046,825
50865,2015,1045,821
50866,2017,1045,821
50867,2013,1045,820
50868,1993,1045,821
50869,2011,1045,819
50870,2008,1045,819
50871,2000,1045,818
50872,2011,1045,817
50873,2011,1045,817
50874,1979,1045,818
50875,1993,1045,816
50876,1955,1044,817
50877,1982,1044,817
50878,1980,1044,817
50879,1989,1045,817
50880,2012,1044,817
50881,1976,1045,817
50882,1984,1045,817
50883,1968,1045,817
50884,1973,1045,817
50885,1952,1045,817
50886,1960,1044,817
50887,1966,1045,816
50888,1969,1045,817
50889,1944,1037,816
50890,1935,1040,817
50891,1946,1043,816
50892,1935,1044,816
50893,1941,1044,816
50894,1947,1037,816
50895,1933,1033,816
50896,1948,1033,816
50897,1928,1035,815
50898,1922,1030,815
50899,1924,1026,815
50900,1926,1025,815
50901,1958,1025,815
50902,1915,1025,815
50903,1918,1024,815
50904,1912,1031,815
50905,1901,1026,816
50906,1902,1036,815
50907,1906,1037,815
50908,1907,1029,815
50909,1899,1025,815
50910,1900,1031,816
50911,1888,1041,815
50912,1888,1029,815
50913,1890,1026,815
50914,1887,1025,811
50915,1890,1025,814
50916,1877,1023,814
50917,1876,1024,814
50918,1865,1024,813
50919,1874,1023,812
50920,1922,1023,811
50921,1863,1022,802
50922,1864,1022,802
50923,1858,1021,799
50924,1862,1013,797
50925,1852,1012,796
50926,1855,1011,796
50927,1860,1011,800
50928,1858,1013,797
50929,1852,1012,796
50930,1858,1011,795
50931,1839,1011,795
50932,1857,1011,795
50933,1842,1010,795
50934,1849,1011,795
50935,1852,1010,795
50936,1845,1010,795
50937,1833,1010,795
50938,1836,1011,795
50939,1854,1010,794
50940,1854,1010,794
50941,1833,1010,794
50942,1872,1011,795
50943,1840,1010,795
50944,1844,1011,795
50945,1836,1010,794
50946,1840,1011,795
50947,1854,1010,795
50948,1850,1011,795
50949,1844,1011,795
50950,1863,1011,795
50951,1848,1011,795
50952,1858,1010,795
50953,1856,1010,795
50954,1857,1010,794
50955,1856,1011,795
50956,1856,1011,794
50957,1855,1010,795
50958,1868,1010,794
50959,1872,1010,797
50960,1853,1010,800
50961,1888,1016,800
50962,1885,1021,808
50963,1881,1022,810
50964,1878,1023,813
50965,1894,1023,814
50966,1889,1024,814
50967,1894,1024,815
50968,1892,1023,815
50969,1923,1024,815
50970,1912,1031,815
50971,1896,1033,816
50972,1915,1038,815
50973,1913,1035,815
50974,1922,1037,815
50975,1931,1028,815
50976,1935,1032,815
50977,1946,1033,815
50978,1958,1033,816
50979,1970,1038,816
50980,1994,1039,816
50981,1961,1043,816
50982,1971,1044,816
50983,1984,1044,816
50984,1979,1045,817
50985,1997,1045,817
50986,2024,1044,818
50987,2014,1045,819
50988,2029,1045,819
50989,2018,1045,823
50990,2030,1046,825
50991,2041,1046,827
50992,2031,1046,826
50993,2060,1046,827
50994,2075,1046,828
50995,2084,1047,828
50996,2086,1047,828
50997,2067,1047,828
50998,2089,1047,828
50999,2126,1047,828
51000,2102,1046,829
51001,2123,1047,829
51002,2158,1047,829
51003,2134,1047,830
51004,2146,1047,830
51005,2147,1047,831
51006,2153,1047,830
51007,2156,1047,830
51008,2157,1047,830
51009,2183,1047,831
51010,2166,1052,833
51011,2201,1055,833
51012,2203,1056,831
51013,2190,1052,834
51014,2224,1055,834
51015,2182,1056,833
51016,2205,1056,832
51017,2248,1056,841
51018,2257,1057,846
51019,2248,1058,848
51020,2253,1073,849
51021,2253,1077,850
51022,2259,1079,850
51023,2248,1080,850
51024,2245,1080,851
51025,2305,1080,851
51026,2280,1081,851
51027,2295,1081,851
51028,2274,1080,852
51029,2289,1080,852
51030,2284,1080,852
51031,2301,1081,852
51032,2291,1080,852
51033,2294,1081,852
51034,2319,1081,852
51035,2321,1081,852
51036,2319,1081,852
51037,2322,1080,852
51038,2323,1080,852
51039,2317,1081,853
51040,2360,1080,853
51041,2334,1080,853
51042,2325,1080,853
51043,2340,1080,853
51044,2334,1081,853
51045,2331,1081,854
51046,2336,1081,853
51047,2340,1081,854
51048,2337,1081,853
51049,2289,1081,853
51050,2265,1081,853
51051,2275,1081,852
51052,2256,1081,852
51053,2246,1081,852
51054,2254,1080,852
51055,2242,1080,851
51056,2250,1081,850
51057,2264,1080,851
51058,2302,1080,852
51059,2311,1080,852
51060,2311,1081,852
51061,2318,1080,851
51062,2351,1081,852
51063,2331,1080,853
51064,2328,1081,852
51065,2277,1080,853
51066,2338,1080,853
51067,2329,1081,853
51068,2320,1081,853
51069,2327,1081,852
51070,2303,1081,853
51071,2327,1081,852
51072,2331,1081,852
51073,2325,1081,853
51074,2298,1081,853
51075,2302,1081,853
51076,2302,1081,852
51077,2283,1080,852
51078,2306,1081,852
51079,2300,1080,852
51080,2302,1081,852
51081,2284,1080,853
51082,2285,1081,852
51083,2306,1080,851
51084,2252,1081,852
51085,2278,1080,852
51086,2269,1080,852
51087,2287,1081,853
51088,2280,1081,852
51089,2280,1081,852
51090,2277,1081,852
51091,2271,1081,852
51092,2277,1081,852
51093,2260,1080,851
51094,2279,1081,851
51095,2291,1080,852
51096,2275,1080,852
51097,2263,1080,852
51098,2260,1081,852
51099,2271,1080,851
51100,2284,1080,852
51101,2260,1080,851
51102,2259,1080,852
51103,2256,1081,852
51104,2283,1080,852
51105,2268,1081,852
51106,2274,1079,852
51107,2278,1081,852
51108,2267,1080,851
51109,2279,1081,852
51110,2276,1081,852
51111,2266,1081,852
51112,2289,1080,853
51113,2298,1081,852
51114,2294,1080,852
51115,2309,1081,853
51116,2308,1080,853
51117,2307,1081,852
51118,2316,1080,852
51119,2319,1081,852
51120,2313,1080,852
51121,2300,1080,852
51122,2330,1080,852
51123,2335,1080,853
51124,2313,1080,853
51125,2350,1080,853
51126,2352,1081,853
51127,2345,1081,853
51128,2350,1080,854
51129,2347,1081,855
51130,2380,1081,858
51131,2401,1082,861
51132,2409,1082,862
51133,2384,1083,863
51134,2415,1086,864
51135,2387,1087,863
51136,2403,1084,863
51137,2419,1083,863
51138,2437,1082,863
51139,2446,1083,863
51140,2412,1082,863
51141,2446,1082,863
51142,2450,1083,863
51143,2443,1082,863
51144,2451,1086,863
51145,2407,1083,863
51146,2368,1085,859
51147,2335,1082,856
51148,2319,1083,855
51149,2301,1081,853
51150,2295,1081,853
51151,2300,1081,853
51152,2351,1080,853
51153,2364,1081,855
51154,2433,1081,859
51155,2491,1082,861
51156,2519,1083,867
51157,2533,1091,876
51158,2540,1093,881
51159,2565,1109,883
51160,2571,1114,884
51161,2562,1116,885
51162,2572,1116,885
51163,2593,1117,886
51164,2606,1117,886
51165,2606,1117,886
51166,2601,1117,887
51167,2609,1117,886
51168,2625,1117,887
51169,2620,1117,886
51170,2635,1117,887
51171,2612,1117,888
51172,2641,1118,887
51173,2652,1117,887
51174,2652,1118,887
51175,2660,1117,888
51176,2670,1117,888
51177,2667,1117,888
51178,2686,1118,889
51179,2676,1118,891
51180,2734,1119,891
51181,2735,1118,892
51182,2687,1118,890
51183,2677,1118,893
51184,2707,1119,890
51185,2678,1118,892
51186,2718,1118,893
51187,2709,1118,895
51188,2729,1112,896
51189,2732,1101,895
51190,2690,1111,896
51191,2731,1104,897
51192,2753,1099,898
51193,2737,1097,898
51194,2710,1097,898
51195,2755,1097,899
51196,2746,1097,899
51197,2742,1097,899
51198,2752,1097,898
51199,2723,1098,898
51200,2749,1096,899
51201,2777,1097,899
51202,2773,1097,899
51203,2759,1097,899
51204,2774,1097,899
51205,2772,1098,899
51206,2777,1098,900
51207,2780,1098,899
51208,2784,1097,899
51209,2723,1097,899
51210,2714,1097,893
51211,2681,1112,891
51212,2662,1116,889
51213,2636,1117,889
51214,2647,1117,888
51215,2629,1118,887
51216,2643,1117,887
51217,2735,1118,890
51218,2717,1118,894
51219,2748,1119,897
51220,2752,1103,898
51221,2800,1099,899
51222,2799,1098,899
51223,2813,1098,900
51224,2813,1098,900
51225,2820,1098,900
51226,2823,1098,901
51227,2836,1098,901
51228,2790,1098,901
51229,2830,1097,901
51230,2814,1097,901
51231,2834,1098,900
51232,2835,1098,900
51233,2828,1097,899
51234,2817,1098,900
51235,2833,1098,901
51236,2840,1098,900
51237,2833,1098,901
51238,2832,1097,901
51239,2838,1098,901
51240,2835,1097,900
51241,2830,1097,901
51242,2836,1097,900
51243,2845,1097,901
51244,2836,1098,900
51245,2865,1098,900
51246,2839,1097,901
51247,2884,1099,903
51248,2846,1098,903
51249,2841,1098,902
51250,2835,1098,902
51251,2833,1098,901
51252,2831,1098,900
51253,2840,1098,901
51254,2866,1098,901
51255,2791,1097,902
51256,2912,1098,903
51257,2848,1098,902
51258,2828,1098,901
51259,2836,1098,901
51260,2828,1098,900
51261,2825,1098,900
51262,2826,1098,900
51263,2827,1097,900
51264,2823,1097,900
51265,2818,1098,900
51266,2807,1097,900
51267,2808,1098,901
51268,2818,1098,901
51269,2817,1098,901
51270,2788,1098,901
51271,2819,1098,901
51272,2815,1097,901
51273,2805,1098,901
51274,2787,1097,902
51275,2792,1098,901
51276,2797,1098,901
51277,2783,1098,900
51278,2776,1098,900
51279,2795,1098,901
51280,2766,1097,900
51281,2778,1098,900
51282,2791,1098,900
51283,2779,1097,900
51284,2776,1098,900
51285,2772,1097,900
51286,2765,1098,900
51287,2801,1097,900
51288,2747,1098,900
51289,2791,1097,900
51290,2762,1098,900
51291,2752,1097,900
51292,2750,1098,899
51293,2740,1097,900
51294,2722,1098,899
51295,2711,1097,899
51296,2725,1097,899
51297,2721,1097,898
51298,2715,1097,895
51299,2738,1108,893
51300,2695,1115,893
51301,2701,1117,890
51302,2692,1118,891
51303,2664,1117,894
51304,2662,1118,891
51305,2649,1118,891
51306,2656,1119,894
51307,2639,1118,890
51308,2656,1118,889
51309,2634,1118,888
51310,2617,1118,888
51311,2618,1118,887
51312,2596,1117,887
51313,2593,1117,887
51314,2602,1117,887
51315,2599,1118,887
51316,2597,1117,887
51317,2575,1117,887
51318,2552,1117,886
51319,2549,1117,886
51320,2533,1117,886
51321,2520,1117,885
51322,2528,1117,882
51323,2525,1116,880
51324,2525,1114,879
51325,2492,1100,872
51326,2434,1097,868
51327,2407,1094,865
51328,2404,1093,865
51329,2380,1093,864
51330,2383,1087,859
51331,2363,1084,861
51332,2358,1082,859
51333,2351,1082,857
51334,2328,1081,855
51335,2307,1081,854
51336,2269,1081,853
51337,2297,1081,853
51338,2296,1080,853
51339,2298,1081,852
51340,2284,1080,852
51341,2265,1080,851
51342,2257,1081,851
51343,2263,1080,852
51344,2230,1080,851
51345,2208,1080,851
51346,2220,1080,850
51347,2218,1080,847
51348,2213,1069,849
51349,2207,1069,840
51350,2173,1062,836
51351,2193,1058,833
51352,2155,1057,832
51353,2163,1057,831
51354,2151,1051,831
51355,2143,1048,830
51356,2154,1048,830
51357,2138,1047,830
51358,2113,1047,830
51359,2108,1047,829
51360,2105,1047,829
51361,2054,1047,828
51362,2100,1047,828
51363,2069,1047,828
51364,2087,1047,828
51365,2054,1046,827
51366,2071,1047,827
51367,2056,1046,826
51368,2058,1047,822
51369,2049,1046,824
51370,2058,1045,823
51371,2042,1046,824
51372,2029,1046,826
51373,2002,1046,827
51374,2018,1046,825
51375,2018,1046,823
51376,2010,1046,820
51377,2016,1045,819
51378,2008,1045,818
51379,2013,1045,818
51380,2007,1045,818
51381,2008,1044,818
51382,1967,1045,817
51383,1960,1044,817
51384,1964,1045,817
51385,1988,1044,817
51386,1990,1045,818
51387,1983,1045,817
51388,2034,1045,819
51389,1964,1044,817
51390,1951,1045,817
51391,1958,1044,816
51392,1995,1045,816
51393,1958,1044,816
51394,1958,1045,816
51395,1954,1045,816
51396,1957,1045,816
51397,1959,1044,816
51398,1945,1045,816
51399,1936,1037,816
51400,1956,1042,816
51401,1941,1037,815
51402,1859,1038,816
51403,1951,1033,815
51404,1953,1036,816
51405,1950,1035,815
51406,1948,1038,816
51407,1938,1042,816
51408,1949,1037,816
51409,1955,1043,816
51410,1950,1044,816
51411,1976,1044,816
51412,1927,1044,816
51413,1945,1044,816
51414,1932,1037,816
51415,1949,1035,816
51416,1946,1041,816
51417,1948,1037,816
51418,1967,1036,816
51419,1939,1042,816
51420,1947,1033,816
51421,1954,1035,816
51422,1965,1031,816
51423,1975,1041,816
51424,1961,1036,817
51425,1957,1042,817
51426,1961,1044,816
51427,1983,1044,816
51428,1955,1044,816
51429,1953,1044,817
51430,1969,1044,817
51431,1985,1044,817
51432,1986,1044,818
51433,1987,1044,818
51434,1996,1045,817
51435,1998,1045,817
51436,2002,1045,817
51437,1999,1044,817
51438,2019,1045,817
51439,2042,1045,818
51440,2034,1045,819
51441,2016,1045,818
51442,2028,1044,818
51443,2023,1045,823
51444,2019,1045,822
51445,2037,1046,823
51446,2033,1046,822
51447,2034,1046,826
51448,2066,1046,825
51449,2071,1046,825
51450,2062,1047,825
51451,2061,1046,826
51452,2057,1046,824
51453,2079,1046,827
51454,2090,1047,828
51455,2109,1046,828
51456,2096,1047,829
51457,2142,1047,828
51458,2108,1047,829
51459,2126,1046,828
51460,2120,1047,829
51461,2125,1047,829
51462,2134,1046,829
51463,2155,1047,831
51464,2158,1046,831
51465,2158,1048,831
51466,2162,1047,831
51467,2171,1048,830
51468,2172,1047,831
51469,2185,1048,831
51470,2189,1047,831
51471,2207,1048,836
51472,2222,1053,836
51473,2211,1056,840
51474,2214,1058,845
51475,2218,1058,848
51476,2215,1063,845
51477,2236,1060,849
51478,2243,1073,850
51479,2254,1078,850
51480,2281,1080,851
51481,2272,1080,852
51482,2273,1080,851
51483,2249,1080,852
51484,2262,1080,852
51485,2279,1080,852
51486,2302,1080,853
51487,2287,1081,853
51488,2318,1080,853
51489,2310,1081,853
51490,2315,1081,853
51491,2310,1080,853
51492,2323,1081,853
51493,2340,1080,853
51494,2346,1081,853
51495,2345,1081,853
51496,2329,1081,853
51497,2360,1080,853
51498,2358,1081,854
51499,2358,1079,852
51500,2348,1081,855
51501,2311,1081,856
51502,2364,1080,854
51503,2370,1081,859
51504,2378,1081,860
51505,2374,1083,862
51506,2384,1082,862
51507,2385,1082,862
51508,2376,1083,862
51509,2385,1082,861
51510,2386,1083,862
51511,2389,1083,862
51512,2378,1082,861
51513,2391,1082,861
51514,2368,1082,862
51515,2398,1082,862
51516,2390,1082,863
51517,2400,1082,862
51518,2390,1082,862
51519,2401,1082,863
51520,2386,1082,863
51521,2388,1083,862
51522,2380,1082,863
51523,2384,1082,862
51524,2387,1083,863
51525,2395,1086,863
51526,2348,1085,858
51527,2353,1082,855
51528,2352,1081,854
51529,2339,1081,854
51530,2348,1081,853
51531,2333,1081,853
51532,2316,1081,853
51533,2345,1081,853
51534,2316,1081,853
51535,2341,1081,853
51536,2340,1081,853
51537,2397,1081,853
51538,2345,1081,853
51539,2347,1081,853
51540,2340,1081,853
51541,2333,1081,852
51542,2309,1081,852
51543,2321,1080,853
51544,2311,1080,852
51545,2351,1081,852
51546,2294,1081,852
51547,2323,1081,853
51548,2322,1081,852
51549,2291,1081,853
51550,2284,1081,852
51551,2275,1081,853
51552,2269,1081,852
51553,2262,1080,852
51554,2258,1080,852
51555,2242,1081,851
51556,2260,1080,852
51557,2234,1081,852
51558,2247,1080,851
51559,2221,1080,851
51560,2209,1080,843
51561,2211,1065,844
51562,2195,1061,837
51563,2200,1058,837
51564,2216,1059,841
51565,2187,1057,836
51566,2164,1057,836
51567,2161,1057,833
51568,2152,1057,831
51569,2156,1051,831
51570,2147,1049,831
51571,2142,1048,831
51572,2201,1051,831
51573,2146,1048,830
51574,2099,1047,830
51575,2095,1047,829
51576,2100,1047,828
51577,2089,1046,829
51578,2088,1046,828
51579,2081,1046,828
51580,2064,1046,828
51581,2066,1047,828
51582,2061,1046,822
51583,2039,1045,826
51584,2040,1046,825
51585,2030,1046,825
51586,2033,1045,825
51587,2057,1046,824
51588,2027,1045,824
51589,2018,1045,822
51590,1991,1045,819
51591,1990,1045,819
51592,1989,1045,817
51593,1962,1045,817
51594,1966,1044,817
51595,1964,1045,817
51596,1959,1044,816
51597,1958,1044,816
51598,1960,1044,816
51599,1929,1037,816
51600,1935,1032,815
51601,1923,1027,815
51602,1918,1025,816
51603,1936,1035,816
51604,1896,1041,816
51605,1894,1043,816
51606,1878,1038,815
51607,1885,1035,815
51608,1878,1028,815
51609,1869,1025,805
51610,1851,1023,804
51611,1861,1022,807
51612,1854,1023,801
51613,1856,1022,800
51614,1840,1018,798
51615,1838,1013,796
51616,1820,1011,795
51617,1824,1011,795
51618,1817,1010,794
51619,1843,1011,795
51620,1876,1010,794
51621,1816,1010,794
51622,1796,1010,794
51623,1788,1010,794
51624,1784,1010,793
51625,1781,1010,794
51626,1785,1011,794
51627,1769,1010,794
51628,1797,1010,794
51629,1765,1010,793
51630,1744,1010,793
51631,1716,1010,792
51632,1701,1010,799
51633,1714,1012,800
51634,1702,1017,807
51635,1716,1020,810
51636,1682,1022,812
51637,1693,1023,813
51638,1667,1024,812
51639,1672,1024,812
51640,1670,1023,812
51641,1664,1024,812
51642,1667,1024,813
51643,1657,1023,813
51644,1666,1024,813
51645,1638,1024,813
51646,1651,1024,813
51647,1653,1024,813
51648,1644,1024,813
51649,1641,1024,812
51650,1640,1024,812
51651,1642,1024,812
51652,1635,1024,812
51653,1615,1023,812
51654,1626,1024,813
51655,1646,1023,812
51656,1627,1023,812
51657,1630,1023,811
51658,1649,1023,812
51659,1617,1023,811
51660,1618,1023,811
51661,1623,1023,812
51662,1607,1023,811
51663,1585,1024,811
51664,1611,1023,812
51665,1638,1023,811
51666,1619,1023,812
51667,1619,1024,811
51668,1615,1023,811
51669,1614,1024,811
51670,1622,1024,811
51671,1614,1023,810
51672,1619,1023,812
51673,1617,1023,811
51674,1601,1023,811
51675,1616,1023,812
51676,1618,1024,811
51677,1618,1023,812
51678,1613,1023,811
51679,1610,1023,811
51680,1617,1024,811
51681,1617,1023,811
51682,1621,1024,811
51683,1619,1023,811
51684,1612,1024,811
51685,1623,1023,812
51686,1628,1023,812
51687,1634,1024,813
51688,1618,1023,812
51689,1635,1023,813
51690,1696,1023,812
51691,1631,1024,812
51692,1637,1024,812
51693,1634,1024,812
51694,1646,1023,812
51695,1659,1023,813
51696,1652,1024,813
51697,1636,1023,814
51698,1618,1024,813
51699,1659,1023,812
51700,1657,1023,813
51701,1654,1023,813
51702,1669,1023,812
51703,1663,1023,812
51704,1672,1023,812
51705,1722,1024,813
51706,1673,1024,812
51707,1671,1023,813
51708,1681,1023,813
51709,1682,1024,813
51710,1693,1023,813
51711,1682,1024,813
51712,1698,1023,813
51713,1663,1024,814
51714,1683,1024,813
51715,1708,1024,813
51716,1680,1024,814
51717,1693,1024,814
51718,1693,1024,813
51719,1701,1024,809
51720,1702,1023,811
51721,1703,1023,807
51722,1697,1023,810
51723,1714,1023,807
51724,1709,1023,807
51725,1708,1022,810
51726,1714,1023,809
51727,1722,1023,804
51728,1719,1023,801
51729,1725,1018,800
51730,1720,1017,796
51731,1737,1012,794
51732,1702,1012,801
51733,1708,1017,799
51734,1720,1015,795
51735,1707,1012,797
51736,1714,1015,797
51737,1720,1012,795
51738,1708,1011,796
51739,1708,1014,797
51740,1719,1012,794
51741,1704,1011,800
51742,1724,1017,799
51743,1743,1014,799
51744,1727,1015,796
51745,1705,1012,800
51746,1710,1019,806
51747,1705,1021,806
51748,1710,1023,810
51749,1719,1023,805
51750,1756,1023,798
51751,1719,1015,796
51752,1753,1013,794
51753,1743,1011,793
51754,1757,1011,794
51755,1756,1010,792
51756,1758,1010,793
51757,1753,1010,794
51758,1721,1009,797
51759,1702,1014,802
51760,1687,1018,807
51761,1684,1021,810
51762,1677,1022,811
51763,1668,1023,812
51764,1672,1023,813
51765,1658,1023,812
51766,1657,1023,813
51767,1656,1024,812
51768,1662,1024,813
51769,1644,1023,813
51770,1651,1024,813
51771,1648,1023,812
51772,1657,1023,813
51773,1644,1023,812
51774,1615,1023,812
51775,1652,1023,812
51776,1641,1023,812
51777,1633,1023,813
51778,1647,1023,812
51779,1652,1023,813
51780,1641,1023,812
51781,1645,1023,812
51782,1645,1023,812
51783,1634,1024,813
51784,1644,1023,813
51785,1642,1024,813
51786,1645,1024,813
51787,1651,1024,813
51788,1646,1024,813
51789,1648,1023,813
51790,1653,1024,813
51791,1662,1024,814
51792,1658,1024,812
51793,1655,1024,813
51794,1671,1024,812
51795,1671,1024,813
51796,1683,1024,813
51797,1681,1024,813
51798,1689,1024,813
51799,1686,1023,813
51800,1689,1023,813
51801,1688,1024,813
51802,1713,1023,807
51803,1735,1023,799
51804,1724,1016,796
51805,1744,1013,794
51806,1747,1011,793
51807,1744,1010,792
51808,1745,1010,792
51809,1759,1010,794
51810,1787,1010,793
51811,1812,1010,795
51812,1817,1010,794
51813,1833,1010,795
51814,1832,1010,794
51815,1832,1010,795
51816,1840,1010,795
51817,1857,1010,795
51818,1888,1011,805
51819,1912,1019,810
51820,1933,1022,813
51821,1946,1023,815
51822,1949,1024,815
51823,1955,1024,816
51824,1945,1032,816
51825,1970,1041,817
51826,2015,1044,818
51827,2044,1044,819
51828,2064,1046,822
51829,2069,1045,825
51830,2078,1046,827
51831,2072,1046,827
51832,2086,1047,828
51833,2097,1047,828
51834,2151,1047,829
51835,2185,1047,830
51836,2204,1047,830
51837,2209,1051,837
51838,2226,1055,844
51839,2235,1058,846
51840,2228,1059,849
51841,2238,1074,850
51842,2289,1078,851
51843,2305,1079,850
51844,2342,1080,853
51845,2345,1080,853
51846,2351,1080,854
51847,2365,1080,854
51848,2364,1081,853
51849,2378,1081,858
51850,2422,1082,861
51851,2455,1082,862
51852,2466,1082,863
51853,2482,1083,864
51854,2481,1090,864
51855,2493,1092,864
51856,2483,1093,864
51857,2509,1093,865
51858,2549,1093,876
51859,2568,1094,880
51860,2579,1106,883
51861,2583,1114,884
51862,2600,1116,885
51863,2600,1117,886
51864,2603,1117,886
51865,2613,1117,886
51866,2648,1117,887
51867,2669,1117,888
51868,2677,1118,891
51869,2694,1118,891
51870,2700,1118,890
51871,2698,1118,889
51872,2707,1118,890
51873,2708,1118,890
51874,2705,1118,894
51875,2750,1119,896
51876,2745,1103,898
51877,2745,1099,898
51878,2756,1097,899
51879,2765,1097,899
51880,2753,1097,899
51881,2736,1097,897
51882,2622,1103,892
51883,2553,1114,889
51884,2529,1116,879
51885,2489,1104,871
51886,2462,1098,868
51887,2469,1095,866
51888,2448,1094,864
51889,2465,1093,865
51890,2620,1093,875
51891,2730,1096,882
51892,2751,1110,891
51893,2779,1116,896
51894,2813,1106,898
51895,2817,1099,899
51896,2828,1098,899
51897,2839,1097,900
51898,2842,1097,900
51899,2853,1097,900
51900,2837,1097,900
51901,2850,1097,901
51902,2832,1097,900
51903,2843,1097,901
51904,2829,1097,900
51905,2847,1097,901
51906,2844,1097,901
51907,2837,1098,901
51908,2835,1097,901
51909,2831,1098,901
51910,2832,1098,901
51911,2840,1098,901
51912,2834,1098,901
51913,2831,1097,901
51914,2842,1098,901
51915,2810,1097,901
51916,2821,1099,902
51917,2818,1097,900
51918,2793,1097,900
51919,2794,1097,900
51920,2811,1098,901
51921,2797,1097,901
51922,2805,1097,900
51923,2788,1097,901
51924,2774,1097,900
51925,2776,1097,900
51926,2740,1098,900
51927,2769,1097,900
51928,2770,1098,900
51929,2808,1097,900
51930,2747,1098,900
51931,2755,1098,899
51932,2739,1097,899
51933,2755,1097,899
51934,2738,1097,899
51935,2731,1097,899
51936,2740,1097,898
51937,2704,1096,897
51938,2696,1097,897
51939,2701,1104,892
51940,2691,1114,891
51941,2694,1117,889
51942,2695,1117,888
51943,2715,1117,891
51944,2694,1118,889
51945,2697,1118,890
51946,2682,1118,890
51947,2649,1117,888
51948,2653,1118,889
51949,2642,1118,889
51950,2639,1117,888
51951,2650,1117,888
51952,2640,1117,888
51953,2629,1117,888
51954,2631,1118,887
51955,2616,1117,887
51956,2609,1117,887
51957,2572,1117,887
51958,2590,1117,887
51959,2592,1117,886
51960,2596,1118,886
51961,2590,1117,885
51962,2579,1117,886
51963,2559,1117,886
51964,2561,1117,882
51965,2556,1116,884
51966,2548,1117,884
51967,2557,1116,885
51968,2558,1117,885
51969,2560,1116,883
51970,2542,1117,884
51971,2523,1117,885
51972,2518,1117,884
51973,2507,1116,878
51974,2502,1102,872
51975,2506,1096,873
51976,2505,1095,869
51977,2507,1094,867
51978,2481,1094,866
51979,2469,1093,864
51980,2471,1093,864
51981,2466,1089,865
51982,2467,1088,864
51983,2466,1092,864
51984,2455,1089,864
51985,2449,1092,864
51986,2455,1091,863
51987,2438,1085,863
51988,2433,1083,863
51989,2422,1086,863
51990,2420,1087,863
51991,2425,1087,863
51992,2421,1087,863
51993,2415,1084,863
51994,2392,1083,863
51995,2391,1083,863
51996,2341,1083,862
51997,2379,1082,862
51998,2376,1082,862
51999,2363,1082,861
52000,2379,1082,859
52001,2345,1082,856
52002,2355,1081,855
52003,2320,1081,854
52004,2325,1081,853
52005,2292,1081,853
52006,2304,1081,853
52007,2335,1081,853
52008,2299,1080,852
52009,2312,1081,853
52010,2297,1081,853
52011,2266,1081,852
52012,2278,1080,851
52013,2261,1080,852
52014,2269,1080,852
52015,2253,1080,850
52016,2253,1080,851
52017,2254,1079,851
52018,2241,1080,846
52019,2219,1069,848
52020,2220,1073,845
52021,2224,1066,847
52022,2207,1061,841
52023,2203,1059,836
52024,2205,1058,833
52025,2189,1057,832
52026,2179,1056,831
52027,2172,1053,831
52028,2162,1049,830
52029,2110,1048,831
52030,2155,1047,830
52031,2147,1047,830
52032,2175,1047,830
52033,2152,1047,830
52034,2122,1047,830
52035,2118,1047,829
52036,2116,1046,829
52037,2121,1046,829
52038,2120,1047,829
52039,2112,1046,829
52040,2104,1046,828
52041,2114,1047,829
52042,2080,1047,829
52043,2085,1046,828
52044,2085,1046,828
52045,2079,1046,828
52046,2075,1047,828
52047,2057,1045,828
52048,2070,1046,827
52049,2057,1047,826
52050,2063,1046,824
52051,2059,1046,825
52052,2039,1046,823
52053,2048,1046,825
52054,2048,1046,825
52055,2054,1046,824
52056,2052,1045,825
52057,2050,1046,825
52058,2060,1046,824
52059,2042,1046,826
52060,2000,1046,827
52061,2046,1046,828
52062,2028,1046,826
52063,2051,1046,825
52064,2044,1047,827
52065,2012,1046,825
52066,2041,1047,827
52067,2047,1046,827
52068,2043,1046,827
52069,2043,1046,824
52070,2074,1046,824
52071,2048,1046,825
52072,2056,1046,821
52073,2045,1046,823
52074,2056,1046,822
52075,2041,1046,825
52076,2071,1046,825
52077,2062,1046,824
52078,2082,1046,824
52079,2074,1046,826
52080,2072,1046,826
52081,2064,1046,827
52082,2103,1047,828
52083,2115,1047,829
52084,2130,1047,830
52085,2145,1047,830
52086,2138,1047,830
52087,2147,1048,830
52088,2161,1047,831
52089,2151,1048,831
52090,2167,1047,831
52091,2171,1051,833
52092,2201,1055,832
52093,2200,1056,831
52094,2220,1054,838
52095,2208,1057,837
52096,2196,1057,837
52097,2196,1057,844
52098,2232,1058,847
52099,2251,1059,849
52100,2263,1073,850
52101,2267,1078,846
52102,2267,1068,849
52103,2261,1077,850
52104,2280,1079,852
52105,2273,1081,852
52106,2299,1081,852
52107,2313,1081,852
52108,2288,1081,852
52109,2315,1080,852
52110,2317,1081,852
52111,2332,1080,853
52112,2336,1080,852
52113,2324,1080,853
52114,2364,1080,854
52115,2356,1081,857
52116,2368,1081,860
52117,2388,1082,859
52118,2394,1082,861
52119,2390,1082,862
52120,2377,1083,862
52121,2394,1081,862
52122,2395,1083,862
52123,2424,1082,863
52124,2417,1083,863
52125,2432,1082,863
52126,2394,1083,863
52127,2422,1083,863
52128,2451,1084,863
52129,2444,1084,863
52130,2450,1084,864
52131,2451,1088,863
52132,2478,1089,864
52133,2456,1091,864
52134,2460,1090,864
52135,2490,1093,865
52136,2470,1092,864
52137,2487,1091,864
52138,2508,1092,864
52139,2480,1093,864
52140,2494,1093,864
52141,2495,1093,865
52142,2494,1093,865
52143,2493,1093,865
52144,2511,1092,864
52145,2492,1093,864
52146,2504,1093,864
52147,2506,1093,865
52148,2496,1093,865
52149,2529,1093,873
52150,2508,1094,869
52151,2552,1094,870
52152,2514,1095,871
52153,2516,1094,875
52154,2513,1094,873
52155,2524,1094,873
52156,2501,1094,867
52157,2505,1093,870
52158,2517,1094,869
52159,2507,1093,870
52160,2513,1094,870
52161,2505,1094,867
52162,2479,1093,865
52163,2459,1092,865
52164,2464,1093,864
52165,2450,1093,864
52166,2445,1093,863
52167,2426,1085,864
52168,2424,1091,864
52169,2411,1087,864
52170,2459,1091,863
52171,2473,1085,864
52172,2462,1091,864
52173,2450,1092,864
52174,2457,1093,864
52175,2462,1093,863
52176,2451,1090,864
52177,2485,1092,864
52178,2492,1091,864
52179,2448,1089,863
52180,2447,1085,863
52181,2446,1085,863
52182,2450,1087,864
52183,2448,1087,863
52184,2441,1084,864
52185,2436,1085,863
52186,2419,1087,864
52187,2395,1089,863
52188,2387,1085,863
52189,2412,1084,863
52190,2396,1083,863
52191,2383,1083,863
52192,2396,1082,863
52193,2346,1083,863
52194,2357,1082,861
52195,2362,1082,861
52196,2358,1081,856
52197,2352,1082,857
52198,2267,1081,855
52199,2348,1081,854
52200,2360,1080,854
52201,2345,1080,853
52202,2332,1081,853
52203,2317,1080,852
52204,2282,1081,852
52205,2304,1081,853
52206,2313,1081,852
52207,2312,1080,852
52208,2297,1081,852
52209,2294,1081,852
52210,2313,1080,852
52211,2271,1080,852
52212,2267,1081,852
52213,2238,1080,851
52214,2225,1081,851
52215,2225,1080,851
52216,2242,1080,851
52217,2228,1080,850
52218,2217,1081,851
52219,2208,1080,846
52220,2205,1068,843
52221,2194,1060,836
52222,2220,1058,834
52223,2195,1057,832
52224,2185,1056,832
52225,2195,1056,831
52226,2167,1049,831
52227,2163,1048,830
52228,2146,1047,830
52229,2122,1048,831
52230,2155,1047,830
52231,2111,1048,831
52232,2126,1047,830
52233,2145,1048,830
52234,2090,1047,829
52235,2105,1047,830
52236,2126,1047,829
52237,2094,1047,829
52238,2072,1046,829
52239,2098,1047,828
52240,2086,1047,828
52241,2089,1046,828
52242,2061,1047,827
52243,2054,1046,822
52244,2050,1045,824
52245,2045,1045,823
52246,2048,1045,823
52247,2023,1046,825
52248,2036,1045,824
52249,2022,1047,825
52250,2014,1046,821
52251,2007,1046,820
52252,1995,1045,819
52253,1983,1045,818
52254,1970,1045,818
52255,1985,1045,817
52256,1993,1045,817
52257,1975,1045,817
52258,1965,1044,816
52259,1972,1044,816
52260,1961,1045,815
52261,1932,1033,816
52262,1946,1041,816
52263,1923,1033,815
52264,1932,1030,816
52265,1927,1030,815
52266,1913,1033,816
52267,1908,1037,815
52268,1884,1035,812
52269,1890,1027,813
52270,1887,1024,814
52271,1903,1025,815
52272,1897,1024,815
52273,1886,1024,811
52274,1880,1023,813
52275,1859,1024,806
52276,1864,1023,800
52277,1859,1018,797
52278,1832,1013,796
52279,1880,1015,798
52280,1836,1012,796
52281,1843,1011,794
52282,1840,1010,796
52283,1847,1010,795
52284,1846,1010,795
52285,1845,1011,794
52286,1831,1010,795
52287,1790,1010,794
52288,1812,1010,794
52289,1815,1010,793
52290,1823,1010,794
52291,1812,1011,794
52292,1851,1010,794
52293,1808,1010,794
52294,1803,1010,794
52295,1793,1010,794
52296,1782,1010,794
52297,1773,1011,794
52298,1762,1009,793
52299,1768,1010,793
52300,1774,1010,793
52301,1773,1009,793
52302,1782,1010,792
52303,1756,1009,793
52304,1759,1010,792
52305,1750,1009,792
52306,1753,1010,792
52307,1750,1010,794
52308,1749,1010,792
52309,1743,1010,793
52310,1730,1011,792
52311,1729,1010,793
52312,1722,1010,792
52313,1703,1010,795
52314,1711,1011,796
52315,1712,1010,798
52316,1713,1011,798
52317,1713,1012,803
52318,1690,1019,803
52319,1689,1022,804
52320,1700,1021,809
52321,1690,1023,811
52322,1694,1022,813
52323,1700,1024,814
52324,1688,1023,813
52325,1669,1024,809
52326,1706,1023,811
52327,1698,1023,812
52328,1681,1023,811
52329,1691,1024,813
52330,1676,1023,813
52331,1674,1023,813
52332,1680,1024,813
52333,1677,1023,813
52334,1645,1024,813
52335,1676,1023,813
52336,1709,1024,812
52337,1659,1023,813
52338,1658,1023,813
52339,1667,1023,812
52340,1662,1024,812
52341,1658,1023,812
52342,1669,1023,813
52343,1665,1023,812
52344,1665,1023,813
52345,1667,1023,813
52346,1671,1024,813
52347,1657,1023,812
52348,1707,1024,813
52349,1659,1023,813
52350,1675,1024,813
52351,1665,1024,813
52352,1669,1024,813
52353,1668,1024,812
52354,1676,1025,814
52355,1669,1024,813
52356,1665,1024,812
52357,1673,1024,813
52358,1670,1024,813
52359,1664,1024,813
52360,1680,1023,813
52361,1684,1023,813
52362,1673,1023,812
52363,1648,1023,813
52364,1701,1023,812
52365,1674,1023,813
52366,1657,1023,813
52367,1691,1023,813
52368,1680,1023,813
52369,1671,1024,812
52370,1689,1024,814
52371,1687,1023,813
52372,1697,1024,813
52373,1696,1023,813
52374,1703,1023,813
52375,1724,1023,812
52376,1697,1023,813
52377,1704,1023,813
52378,1731,1023,813
52379,1703,1024,813
52380,1693,1023,813
52381,1692,1024,814
52382,1706,1024,805
52383,1721,1023,799
52384,1722,1016,800
52385,1727,1015,796
52386,1715,1012,799
52387,1720,1012,799
52388,1725,1013,799
52389,1724,1013,799
52390,1730,1013,796
52391,1726,1011,794
52392,1722,1010,793
52393,1735,1010,793
52394,1736,1009,792
52395,1731,1010,793
52396,1739,1009,792
52397,1737,1010,792
52398,1738,1010,792
52399,1744,1009,793
52400,1745,1009,792
52401,1757,1010,793
52402,1747,1010,792
52403,1753,1010,793
52404,1767,1010,793
52405,1756,1010,793
52406,1761,1009,792
52407,1763,1010,793
52408,1753,1010,793
52409,1771,1010,793
52410,1764,1010,793
52411,1765,1010,793
52412,1777,1010,793
52413,1766,1010,793
52414,1753,1009,793
52415,1771,1011,794
52416,1768,1009,794
52417,1775,1010,793
52418,1782,1010,793
52419,1776,1010,793
52420,1773,1010,792
52421,1783,1010,793
52422,1782,1009,793
52423,1780,1010,794
52424,1792,1010,793
52425,1789,1010,793
52426,1788,1010,793
52427,1748,1010,793
52428,1787,1010,793
52429,1828,1010,794
52430,1809,1010,793
52431,1807,1010,794
52432,1817,1010,793
52433,1814,1010,794
52434,1816,1010,794
52435,1806,1010,794
52436,1813,1010,794
52437,1810,1010,794
52438,1828,1010,794
52439,1848,1010,794
52440,1848,1010,795
52441,1850,1010,795
52442,1842,1010,800
52443,1859,1012,797
52444,1852,1012,796
52445,1856,1011,795
52446,1876,1014,806
52447,1890,1020,811
52448,1907,1023,814
52449,1912,1023,815
52450,1883,1024,815
52451,1929,1024,815
52452,1917,1032,816
52453,1900,1030,815
52454,1944,1033,816
52455,1973,1041,816
52456,1989,1043,816
52457,1989,1044,817
52458,2020,1044,817
52459,1986,1045,817
52460,2002,1045,817
52461,2004,1044,817
52462,2038,1045,819
52463,2069,1045,823
52464,2091,1046,826
52465,2107,1046,827
52466,2115,1046,829
52467,2111,1046,828
52468,2106,1047,829
52469,2119,1047,829
52470,2161,1047,830
52471,2178,1047,830
52472,2214,1047,831
52473,2230,1051,841
52474,2226,1055,847
52475,2243,1058,849
52476,2240,1073,850
52477,2242,1078,850
52478,2284,1079,851
52479,2342,1080,854
52480,2352,1080,854
52481,2380,1080,854
52482,2377,1081,858
52483,2385,1081,860
52484,2383,1082,861
52485,2392,1082,862
52486,2464,1083,862
52487,2475,1082,863
52488,2497,1087,864
52489,2509,1091,869
52490,2515,1093,874
52491,2534,1094,872
52492,2489,1095,876
52493,2539,1094,881
52494,2575,1107,883
52495,2607,1114,885
52496,2618,1115,886
52497,2640,1116,887
52498,2660,1117,886
52499,2663,1117,887
52500,2651,1116,886
52501,2669,1117,890
52502,2708,1118,892
52503,2736,1118,895
52504,2755,1111,897
52505,2784,1101,899
52506,2773,1098,899
52507,2786,1097,900
52508,2783,1097,900
52509,2780,1097,900
52510,2805,1097,900
52511,2845,1097,901
52512,2849,1097,901
52513,2849,1098,906
52514,2853,1098,906
52515,2885,1098,914
52516,2862,1106,910
52517,2913,1111,912
52518,2904,1114,916
52519,2900,1118,919
52520,2898,1120,920
52521,2930,1120,921
52522,2947,1121,921
52523,2939,1121,921
52524,2944,1121,922
52525,2949,1121,922
52526,2970,1123,922
52527,2966,1121,922
52528,2925,1122,922
52529,2974,1122,923
52530,2975,1122,923
52531,2980,1122,923
52532,2971,1122,922
52533,2975,1122,923
52534,2973,1121,922
52535,2989,1122,923
52536,2989,1121,922
52537,2999,1121,923
52538,3033,1121,922
52539,2989,1121,922
52540,2973,1121,923
52541,2983,1121,922
52542,2987,1121,923
52543,2984,1122,922
52544,2982,1121,922
52545,3004,1122,922
52546,2975,1121,923
52547,2972,1121,922
52548,2980,1122,923
52549,2992,1122,923
52550,2949,1121,923
52551,2885,1122,922
52552,2893,1121,922
52553,2864,1121,917
52554,2862,1121,909
52555,2854,1106,905
52556,2852,1100,903
52557,2843,1099,902
52558,2857,1097,905
52559,2861,1098,910
52560,2901,1106,913
52561,2913,1113,917
52562,2912,1118,919
52563,2905,1121,921
52564,2887,1121,921
52565,2908,1122,922
52566,2887,1121,921
52567,2883,1122,917
52568,2871,1121,911
52569,2870,1116,913
52570,2857,1109,907
52571,2854,1102,907
52572,2847,1100,904
52573,2864,1099,910
52574,2851,1098,905
52575,2811,1098,902
52576,2814,1098,901
52577,2802,1098,900
52578,2799,1098,900
52579,2793,1097,900
52580,2819,1097,900
52581,2788,1097,900
52582,2771,1097,900
52583,2750,1097,899
52584,2728,1097,899
52585,2749,1097,899
52586,2720,1097,899
52587,2735,1097,899
52588,2729,1098,898
52589,2724,1097,898
52590,2707,1097,896
52591,2695,1104,895
52592,2685,1107,895
52593,2675,1104,892
52594,2734,1114,890
52595,2663,1116,889
52596,2703,1117,888
52597,2672,1117,888
52598,2664,1117,887
52599,2618,1117,886
52600,2616,1117,886
52601,2588,1117,885
52602,2601,1117,886
52603,2599,1117,886
52604,2602,1117,887
52605,2588,1117,886
52606,2653,1117,886
52607,2588,1117,885
52608,2561,1117,885
52609,2534,1117,886
52610,2544,1117,885
52611,2539,1117,885
52612,2538,1117,885
52613,2530,1117,881
52614,2529,1117,879
52615,2507,1105,871
52616,2504,1098,868
52617,2506,1094,867
52618,2495,1094,865
52619,2500,1093,865
52620,2487,1093,865
52621,2485,1093,864
52622,2476,1093,864
52623,2455,1093,863
52624,2447,1085,863
52625,2432,1085,862
52626,2429,1087,864
52627,2455,1091,863
52628,2432,1087,863
52629,2455,1089,864
52630,2423,1087,864
52631,2396,1086,864
52632,2393,1088,863
52633,2403,1084,863
52634,2388,1083,863
52635,2390,1082,863
52636,2399,1082,863
52637,2387,1082,862
52638,2375,1082,863
52639,2352,1082,860
52640,2424,1082,858
52641,2358,1081,855
52642,2344,1081,854
52643,2331,1081,853
52644,2347,1081,853
52645,2343,1081,853
52646,2326,1081,853
52647,2310,1081,852
52648,2304,1081,852
52649,2289,1081,852
52650,2301,1081,853
52651,2248,1080,853
52652,2294,1081,853
52653,2288,1081,852
52654,2291,1081,852
52655,2271,1080,852
52656,2266,1080,852
52657,2253,1080,851
52658,2245,1080,851
52659,2229,1080,851
52660,2242,1080,851
52661,2249,1080,851
52662,2229,1080,851
52663,2202,1080,846
52664,2213,1069,841
52665,2208,1061,840
52666,2190,1059,836
52667,2198,1057,834
52668,2193,1057,832
52669,2193,1056,831
52670,2182,1051,831
52671,2169,1048,831
52672,2151,1049,830
52673,2146,1048,831
52674,2140,1048,831
52675,2135,1047,830
52676,2135,1047,830
52677,2145,1047,829
52678,2132,1047,830
52679,2126,1047,830
52680,2109,1047,829
52681,2108,1046,829
52682,2096,1046,829
52683,2087,1047,829
52684,2109,1047,829
52685,2094,1047,829
52686,2104,1046,829
52687,2086,1047,829
52688,2080,1047,828
52689,2064,1046,828
52690,2060,1046,827
52691,2062,1046,828
52692,2060,1046,824
52693,2066,1046,826
52694,2065,1046,825
52695,2026,1045,826
52696,2048,1046,825
52697,2033,1046,826
52698,2052,1046,827
52699,2021,1046,824
52700,2026,1046,825
52701,2029,1045,824
52702,2031,1046,821
52703,2017,1045,819
52704,2012,1046,819
52705,2051,1045,818
52706,2051,1045,819
52707,1990,1045,818
52708,1995,1045,818
52709,2005,1045,819
52710,1986,1045,818
52711,1999,1045,819
52712,1999,1045,818
52713,1999,1045,818
52714,1991,1044,817
52715,1995,1044,817
52716,1996,1044,817
52717,2031,1045,817
52718,1965,1045,817
52719,2009,1044,817
52720,2010,1044,817
52721,1999,1044,817
52722,1991,1045,818
52723,1987,1044,817
52724,2000,1044,818
52725,1995,1044,817
52726,1996,1044,817
52727,1998,1045,818
52728,2023,1045,818
52729,1997,1044,818
52730,1992,1045,818
52731,2031,1045,817
52732,2012,1045,817
52733,2011,1045,817
52734,2010,1045,818
52735,2018,1045,818
52736,2013,1045,819
52737,2033,1045,824
52738,2025,1045,820
52739,2010,1045,821
52740,2010,1045,819
52741,2002,1045,820
52742,2001,1045,823
52743,2034,1046,826
52744,2048,1046,826
52745,2057,1047,827
52746,2046,1046,824
52747,2050,1046,824
52748,2060,1046,822
52749,2057,1046,822
52750,2039,1046,823
52751,2069,1046,825
52752,2085,1046,827
52753,2081,1046,827
52754,2072,1047,828
52755,2075,1047,826
52756,2091,1046,828
52757,2096,1046,828
52758,2091,1047,828
52759,2150,1047,828
52760,2092,1047,828
52761,2154,1046,829
52762,2104,1046,829
52763,2116,1047,829
52764,2100,1047,829
52765,2119,1047,829
52766,2128,1047,829
52767,2130,1047,831
52768,2148,1047,831
52769,2139,1048,831
52770,2129,1047,831
52771,2130,1048,831
52772,2150,1047,831
52773,2136,1048,830
52774,2153,1047,830
52775,2166,1047,831
52776,2168,1047,830
52777,2174,1047,831
52778,2176,1047,830
52779,2184,1047,830
52780,2182,1047,831
52781,2177,1046,829
52782,2182,1047,831
52783,2176,1047,830
52784,2167,1047,830
52785,2178,1047,830
52786,2181,1047,831
52787,2194,1047,831
52788,2194,1047,830
52789,2196,1048,831
52790,2194,1047,831
52791,2203,1047,838
52792,2210,1055,837
52793,2195,1056,833
52794,2212,1057,834
52795,2206,1057,840
52796,2211,1058,845
52797,2212,1058,839
52798,2207,1058,839
52799,2230,1057,842
52800,2264,1058,843
52801,2221,1058,843
52802,2215,1058,847
52803,2221,1059,849
52804,2208,1074,849
52805,2233,1078,850
52806,2239,1079,850
52807,2229,1080,851
52808,2227,1080,851
52809,2225,1080,847
52810,2218,1072,845
52811,2188,1066,837
52812,2189,1060,834
52813,2184,1058,832
52814,2204,1057,834
52815,2187,1057,832
52816,2190,1057,831
52817,2179,1051,830
52818,2181,1049,830
52819,2207,1048,831
52820,2183,1047,831
52821,2220,1051,841
52822,2222,1056,841
52823,2195,1057,844
52824,2212,1058,847
52825,2216,1066,849
52826,2217,1076,845
52827,2224,1067,848
52828,2221,1073,849
52829,2218,1078,849
52830,2215,1080,847
52831,2203,1065,843
52832,2219,1061,839
52833,2217,1059,841
52834,2203,1059,842
52835,2204,1058,839
52836,2198,1058,835
52837,2198,1057,833
52838,2190,1057,832
52839,2194,1057,830
52840,2198,1049,831
52841,2191,1048,830
52842,2191,1047,831
52843,2171,1047,830
52844,2199,1046,830
52845,2192,1047,831
52846,2211,1047,831
52847,2176,1047,831
52848,2159,1047,830
52849,2179,1047,830
52850,2163,1048,831
52851,2138,1047,830
52852,2131,1048,830
52853,2126,1047,830
52854,2125,1047,830
52855,2137,1047,829
52856,2131,1047,829
52857,2135,1047,830
52858,2100,1047,829
52859,2095,1047,828
52860,2102,1047,829
52861,2093,1047,828
52862,2081,1047,828
52863,2090,1047,828
52864,2094,1047,829
52865,2131,1047,828
52866,2076,1047,828
52867,2061,1047,826
52868,2052,1047,826
52869,2067,1047,826
52870,2065,1047,828
52871,2057,1047,826
52872,2051,1047,824
52873,2060,1046,823
52874,2050,1046,823
52875,2047,1047,825
52876,2038,1046,822
52877,2033,1045,823
52878,2036,1046,823
52879,2027,1045,823
52880,2035,1046,821
52881,2043,1045,824
52882,2025,1046,822
52883,2015,1046,822
52884,2018,1045,819
52885,2007,1045,819
52886,2009,1046,818
52887,1995,1045,818
52888,2007,1045,817
52889,1991,1045,818
52890,2026,1044,817
52891,1973,1044,818
52892,1982,1045,817
52893,1975,1045,817
52894,1998,1045,817
52895,1988,1045,817
52896,1978,1045,817
52897,1994,1045,816
52898,1957,1045,817
52899,1994,1044,816
52900,1956,1044,817
52901,1959,1044,816
52902,1956,1044,816
52903,1944,1045,816
52904,1940,1044,815
52905,1948,1041,816
52906,1934,1043,816
52907,1948,1045,816
52908,1933,1037,816
52909,1919,1043,816
52910,1896,1044,816
52911,1917,1045,816
52912,1914,1045,816
52913,1914,1038,816
52914,1903,1036,815
52915,1903,1028,815
52916,1882,1026,815
52917,1912,1032,815
52918,1883,1027,807
52919,1892,1024,810
52920,1877,1024,810
52921,1886,1023,812
52922,1880,1023,813
52923,1863,1023,808
52924,1857,1023,801
52925,1868,1023,798
52926,1846,1015,797
52927,1855,1012,795
52928,1844,1011,795
52929,1840,1011,795
52930,1833,1011,795
52931,1863,1011,795
52932,1834,1011,795
52933,1827,1010,794
52934,1824,1010,795
52935,1820,1010,794
52936,1808,1010,794
52937,1811,1011,793
52938,1795,1010,794
52939,1798,1010,793
52940,1799,1010,794
52941,1767,1010,793
52942,1785,1010,794
52943,1791,1010,794
52944,1784,1010,794
52945,1786,1010,793
52946,1781,1010,794
52947,1783,1010,794
52948,1764,1010,794
52949,1751,1010,794
52950,1768,1010,794
52951,1762,1010,794
52952,1756,1011,794
52953,1761,1010,793
52954,1747,1010,794
52955,1748,1010,793
52956,1745,1011,794
52957,1728,1010,793
52958,1740,1010,793
52959,1737,1009,793
52960,1734,1010,793
52961,1727,1009,792
52962,1722,1010,792
52963,1723,1009,792
52964,1725,1010,793
52965,1711,1010,800
52966,1712,1013,804
52967,1704,1019,810
52968,1711,1022,808
52969,1734,1022,803
52970,1689,1022,805
52971,1690,1022,810
52972,1692,1023,811
52973,1682,1024,813
52974,1681,1024,813
52975,1672,1024,813
52976,1685,1024,813
52977,1660,1024,813
52978,1682,1023,813
52979,1663,1024,813
52980,1669,1024,812
52981,1665,1024,813
52982,1669,1023,812
52983,1667,1024,813
52984,1661,1024,813
52985,1666,1024,813
52986,1649,1024,813
52987,1629,1023,813
52988,1637,1024,812
52989,1662,1023,813
52990,1630,1024,813
52991,1632,1024,813
52992,1648,1024,813
52993,1643,1024,813
52994,1672,1023,812
52995,1635,1024,812
52996,1631,1023,813
52997,1652,1024,812
52998,1669,1023,812
52999,1629,1024,812
53000,1592,1023,811
53001,1618,1024,812
53002,1624,1023,811
53003,1610,1023,811
53004,1612,1023,811
53005,1606,1024,811
53006,1609,1024,811
53007,1620,1024,812
53008,1609,1023,811
53009,1613,1023,811
53010,1599,1024,811
53011,1625,1024,812
53012,1607,1023,811
53013,1601,1023,811
53014,1600,1024,811
53015,1595,1023,811
53016,1569,1023,806
53017,1610,1022,809
53018,1506,1023,810
53019,1580,1022,806
53020,1551,1022,806
53021,1582,1022,808
53022,1586,1022,809
53023,1582,1023,810
53024,1571,1023,808
53025,1611,1023,809
53026,1586,1023,802
53027,1526,1023,806
53028,1579,1022,808
53029,1604,1023,802
53030,1559,1022,800
53031,1587,1021,798
53032,1576,1015,795
53033,1575,1012,793
53034,1572,1011,792
53035,1582,1010,792
53036,1571,1010,792
53037,1514,1009,791
53038,1565,1010,791
53039,1552,1009,794
53040,1546,1010,793
53041,1570,1010,792
53042,1570,1010,792
53043,1569,1011,791
53044,1561,1009,792
53045,1563,1009,791
53046,1562,1009,791
53047,1553,1010,790
53048,1572,1009,795
53049,1543,1010,793
53050,1569,1010,792
53051,1575,1010,791
53052,1558,1010,791
53053,1553,1010,791
53054,1554,1010,791
53055,1551,1009,790
53056,1553,1009,791
53057,1551,1009,790
53058,1558,1009,790
53059,1563,1010,790
53060,1537,1009,790
53061,1551,1010,791
53062,1551,1009,791
53063,1539,1009,790
53064,1552,1009,791
53065,1547,1010,791
53066,1550,1010,791
53067,1562,1009,790
53068,1545,1009,790
53069,1546,1009,791
53070,1567,1009,793
53071,1563,1010,792
53072,1560,1010,791
53073,1565,1010,791
53074,1560,1010,794
53075,1570,1010,792
53076,1560,1010,791
53077,1567,1009,791
53078,1571,1009,791
53079,1570,1009,790
53080,1574,1009,793
53081,1577,1010,792
53082,1584,1010,797
53083,1598,1014,804
53084,1608,1019,807
53085,1610,1021,810
53086,1609,1022,810
53087,1628,1023,811
53088,1602,1022,811
53089,1628,1023,813
53090,1663,1023,812
53091,1648,1023,812
53092,1679,1024,812
53093,1665,1024,813
53094,1678,1024,813
53095,1684,1024,813
53096,1708,1024,813
53097,1666,1024,813
53098,1722,1023,810
53099,1734,1023,801
53100,1750,1018,797
53101,1766,1013,795
53102,1768,1011,795
53103,1778,1011,794
53104,1784,1010,794
53105,1809,1011,794
53106,1806,1010,795
53107,1851,1011,795
53108,1882,1010,801
53109,1894,1017,808
53110,1898,1021,811
53111,1911,1022,814
53112,1904,1023,815
53113,1879,1024,816
53114,1959,1035,816
53115,1983,1041,816
53116,1998,1043,817
53117,2001,1044,820
53118,2046,1045,824
53119,2048,1045,825
53120,2054,1046,823
53121,2044,1046,823
53122,2091,1047,827
53123,2136,1046,828
53124,2152,1046,829
53125,2191,1047,830
53126,2200,1048,831
53127,2202,1047,830
53128,2212,1050,834
53129,2210,1055,840
53130,2251,1056,845
53131,2282,1059,850
53132,2302,1073,851
53133,2272,1078,851
53134,2347,1080,851
53135,2330,1080,853
53136,2374,1081,855
53137,2364,1081,855
53138,2389,1081,859
53139,2433,1082,861
53140,2456,1082,863
53141,2479,1082,862
53142,2481,1082,863
53143,2456,1086,863
53144,2483,1089,864
53145,2515,1091,865
53146,2539,1093,865
53147,2582,1094,876
53148,2566,1095,881
53149,2587,1107,884
53150,2591,1114,885
53151,2593,1116,885
53152,2597,1117,887
53153,2590,1117,886
53154,2588,1118,886
53155,2642,1117,887
53156,2667,1117,887
53157,2671,1117,888
53158,2673,1117,890
53159,2694,1118,891
53160,2676,1118,892
53161,2651,1118,891
53162,2698,1118,889
53163,2764,1118,895
53164,2728,1118,895
53165,2734,1111,896
53166,2729,1101,897
53167,2721,1098,898
53168,2728,1097,898
53169,2730,1098,898
53170,2741,1097,899
53171,2742,1097,899
53172,2759,1097,898
53173,2737,1097,899
53174,2742,1097,898
53175,2750,1097,899
53176,2749,1097,899
53177,2750,1097,899
53178,2753,1097,899
53179,2748,1097,899
53180,2752,1097,899
53181,2765,1097,898
53182,2691,1097,899
53183,2748,1097,899
53184,2757,1097,899
53185,2729,1097,899
53186,2708,1097,897
53187,2697,1104,897
53188,2632,1105,890
53189,2652,1114,890
53190,2634,1116,888
53191,2617,1118,888
53192,2591,1117,887
53193,2628,1118,887
53194,2678,1117,887
53195,2639,1117,887
53196,2656,1117,887
53197,2656,1117,890
53198,2667,1118,888
53199,2678,1117,890
53200,2674,1118,890
53201,2656,1117,889
53202,2652,1118,888
53203,2639,1117,888
53204,2624,1117,887
53205,2628,1117,887
53206,2614,1117,887
53207,2616,1117,887
53208,2608,1117,887
53209,2608,1118,887
53210,2552,1117,886
53211,2584,1117,886
53212,2592,1117,886
53213,2569,1117,885
53214,2557,1117,885
53215,2558,1117,885
53216,2554,1117,886
53217,2545,1117,885
53218,2539,1117,881
53219,2553,1116,874
53220,2512,1101,870
53221,2522,1096,866
53222,2480,1094,865
53223,2498,1093,865
53224,2485,1093,864
53225,2478,1092,865
53226,2465,1093,864
53227,2445,1093,864
53228,2418,1093,863
53229,2409,1089,863
53230,2412,1090,864
53231,2409,1091,863
53232,2404,1089,863
53233,2401,1085,863
53234,2394,1083,863
53235,2366,1082,859
53236,2366,1082,858
53237,2349,1081,856
53238,2327,1081,854
53239,2347,1081,853
53240,2314,1081,854
53241,2348,1080,853
53242,2320,1080,853
53243,2310,1081,852
53244,2291,1080,852
53245,2293,1081,853
53246,2274,1080,852
53247,2246,1081,853
53248,2267,1081,852
53249,2278,1081,853
53250,2269,1080,852
53251,2249,1081,852
53252,2247,1081,851
53253,2224,1080,851
53254,2228,1081,851
53255,2282,1080,850
53256,2222,1080,850
53257,2215,1081,847
53258,2206,1065,842
53259,2171,1060,837
53260,2199,1058,833
53261,2188,1057,833
53262,2180,1053,831
53263,2168,1049,831
53264,2177,1048,835
53265,2158,1052,833
53266,2161,1055,832
53267,2138,1053,831
53268,2136,1049,830
53269,2130,1048,830
53270,2122,1047,830
53271,2115,1047,829
53272,2160,1047,830
53273,2160,1047,829
53274,2112,1047,829
53275,2114,1047,828
53276,2097,1046,828
53277,2107,1046,828
53278,2076,1046,828
53279,2073,1046,827
53280,2067,1046,827
53281,2088,1046,828
53282,2072,1046,827
53283,2080,1047,828
53284,2077,1046,828
53285,2075,1047,828
53286,2080,1046,828
53287,2055,1047,827
53288,2061,1046,824
53289,2045,1046,826
53290,2012,1046,824
53291,2026,1046,823
53292,2028,1046,821
53293,1977,1045,820
53294,2023,1045,819
53295,2001,1045,818
53296,1975,1045,818
53297,1989,1045,818
53298,1971,1045,817
53299,1986,1045,817
53300,1978,1044,817
53301,1978,1045,817
53302,1974,1044,816
53303,1956,1044,816
53304,1951,1045,816
53305,1966,1034,816
53306,1939,1041,816
53307,1934,1043,816
53308,1951,1045,816
53309,1928,1038,814
53310,1930,1035,815
53311,1907,1028,815
53312,1897,1032,815
53313,1888,1026,814
53314,1883,1031,815
53315,1905,1026,815
53316,1875,1024,814
53317,1912,1024,815
53318,1862,1024,812
53319,1859,1023,803
53320,1851,1022,799
53321,1827,1016,797
53322,1823,1012,796
53323,1848,1011,795
53324,1836,1010,795
53325,1809,1010,795
53326,1809,1011,795
53327,1795,1010,794
53328,1804,1011,794
53329,1790,1010,794
53330,1787,1010,794
53331,1774,1011,794
53332,1772,1011,794
53333,1769,1011,794
53334,1769,1010,794
53335,1735,1010,794
53336,1747,1010,793
53337,1744,1010,793
53338,1740,1011,793
53339,1739,1009,793
53340,1743,1010,792
53341,1748,1009,793
53342,1739,1010,792
53343,1724,1010,792
53344,1711,1011,795
53345,1710,1010,804
53346,1708,1019,809
53347,1705,1022,811
53348,1733,1022,806
53349,1704,1022,810
53350,1688,1023,812
53351,1683,1023,812
53352,1684,1024,813
53353,1678,1024,813
53354,1686,1024,813
53355,1691,1024,814
53356,1652,1024,813
53357,1683,1024,813
53358,1713,1024,812
53359,1661,1023,812
53360,1666,1024,812
53361,1658,1023,813
53362,1658,1023,813
53363,1659,1024,813
53364,1660,1024,813
53365,1664,1024,812
53366,1686,1024,813
53367,1635,1024,812
53368,1660,1024,812
53369,1671,1024,812
53370,1665,1024,812
53371,1653,1024,813
53372,1644,1024,813
53373,1664,1024,813
53374,1659,1024,813
53375,1658,1024,812
53376,1656,1024,812
53377,1588,1024,813
53378,1661,1024,812
53379,1679,1024,812
53380,1665,1023,812
53381,1657,1023,812
53382,1666,1024,812
53383,1671,1024,813
53384,1671,1024,813
53385,1679,1024,813
53386,1663,1023,813
53387,1718,1024,813
53388,1671,1025,812
53389,1700,1024,812
53390,1676,1024,813
53391,1683,1024,813
53392,1692,1024,813
53393,1690,1024,809
53394,1704,1023,811
53395,1714,1024,812
53396,1710,1023,808
53397,1683,1023,811
53398,1691,1023,813
53399,1714,1023,801
53400,1712,1019,802
53401,1723,1015,796
53402,1732,1012,794
53403,1721,1011,793
53404,1718,1010,797
53405,1700,1014,798
53406,1734,1012,795
53407,1730,1010,792
53408,1743,1010,793
53409,1747,1011,793
53410,1742,1010,793
53411,1744,1010,793
53412,1763,1010,793
53413,1749,1010,793
53414,1752,1010,793
53415,1789,1010,793
53416,1769,1010,792
53417,1768,1010,793
53418,1775,1010,793
53419,1772,1010,794
53420,1777,1010,793
53421,1781,1010,794
53422,1791,1010,794
53423,1789,1010,794
53424,1800,1010,794
53425,1812,1010,794
53426,1796,1010,794
53427,1801,1011,793
53428,1809,1010,793
53429,1809,1010,793
53430,1797,1010,794
53431,1807,1010,793
53432,1816,1010,793
53433,1788,1010,795
53434,1824,1010,794
53435,1844,1011,795
53436,1817,1011,794
53437,1818,1010,793
53438,1818,1010,793
53439,1820,1010,794
53440,1830,1010,794
53441,1830,1010,794
53442,1808,1010,794
53443,1824,1010,793
53444,1847,1010,794
53445,1845,1010,795
53446,1848,1010,795
53447,1828,1010,795
53448,1838,1011,795
53449,1842,1010,795
53450,1838,1011,795
53451,1842,1011,795
53452,1832,1011,795
53453,1813,1010,795
53454,1844,1010,794
53455,1843,1010,795
53456,1842,1011,794
53457,1834,1010,795
53458,1829,1011,795
53459,1841,1010,794
53460,1840,1010,794
53461,1834,1010,794
53462,1840,1010,794
53463,1833,1010,795
53464,1841,1010,794
53465,1832,1011,795
53466,1832,1011,795
53467,1839,1010,794
53468,1818,1010,795
53469,1835,1010,794
53470,1831,1010,795
53471,1828,1010,795
53472,1832,1010,794
53473,1829,1010,794
53474,1820,1010,794
53475,1822,1011,795
53476,1824,1010,794
53477,1813,1011,794
53478,1816,1010,795
53479,1814,1010,794
53480,1823,1010,795
53481,1807,1010,794
53482,1805,1010,794
53483,1807,1010,793
53484,1807,1010,793
53485,1804,1010,793
53486,1802,1009,793
53487,1791,1010,793
53488,1784,1010,793
53489,1786,1010,794
53490,1786,1010,794
53491,1788,1010,794
53492,1777,1011,794
53493,1785,1010,794
53494,1778,1011,795
53495,1778,1010,793
53496,1776,1010,794
53497,1772,1010,793
53498,1772,1010,793
53499,1767,1009,793
53500,1759,1010,793
53501,1753,1009,792
53502,1755,1010,793
53503,1745,1010,793
53504,1736,1009,793
53505,1738,1010,793
53506,1734,1010,793
53507,1725,1010,793
53508,1744,1010,792
53509,1730,1010,792
53510,1726,1010,792
53511,1723,1010,793
53512,1714,1010,796
53513,1718,1011,798
53514,1711,1016,802
53515,1716,1018,800
53516,1716,1017,804
53517,1707,1020,809
53518,1688,1022,811
53519,1684,1023,812
53520,1684,1023,812
53521,1679,1023,813
53522,1680,1023,813
53523,1674,1023,813
53524,1683,1023,813
53525,1681,1024,813
53526,1686,1023,813
53527,1673,1024,812
53528,1660,1024,812
53529,1647,1024,812
53530,1647,1023,813
53531,1650,1023,813
53532,1653,1023,813
53533,1654,1024,813
53534,1644,1024,812
53535,1633,1024,813
53536,1629,1023,812
53537,1635,1024,812
53538,1621,1023,812
53539,1617,1024,811
53540,1625,1023,811
53541,1622,1023,811
53542,1617,1023,811
53543,1610,1024,811
53544,1605,1023,811
53545,1591,1023,811
53546,1593,1023,811
53547,1591,1024,811
53548,1587,1023,811
53549,1594,1023,811
53550,1588,1023,811
53551,1576,1023,801
53552,1580,1019,796
53553,1551,1013,793
53554,1571,1011,791
53555,1561,1010,791
53556,1559,1010,791
53557,1560,1009,791
53558,1555,1009,791
53559,1548,1009,791
53560,1535,1009,791
53561,1535,1009,790
53562,1540,1010,791
53563,1534,1009,790
53564,1530,1009,791
53565,1530,1009,791
53566,1532,1010,791
53567,1521,1009,790
53568,1510,1010,791
53569,1504,1010,791
53570,1503,1009,790
53571,1516,1010,791
53572,1506,1009,790
53573,1502,1010,791
53574,1502,1009,791
53575,1492,1009,790
53576,1469,1009,790
53577,1464,1009,789
53578,1482,1010,790
53579,1457,1008,788
53580,1465,1009,789
53581,1477,1009,789
53582,1468,1009,789
53583,1465,1009,789
53584,1449,1009,788
53585,1471,1009,789
53586,1453,1009,789
53587,1454,1009,788
53588,1447,1009,788
53589,1451,1009,788
53590,1450,1009,789
53591,1434,1009,788
53592,1418,1009,787
53593,1425,1009,784
53594,1423,1009,783
53595,1424,1004,783
53596,1428,1000,782
53597,1409,991,779
53598,1419,988,780
53599,1411,988,782
53600,1405,987,785
53601,1397,1002,786
53602,1402,1006,787
53603,1383,1008,784
53604,1388,1001,783
53605,1375,992,780
53606,1384,989,779
53607,1378,988,778
53608,1364,988,778
53609,1367,987,778
53610,1361,987,777
53611,1340,987,777
53612,1342,987,776
53613,1340,987,776
53614,1342,986,777
53615,1331,986,777
53616,1315,986,776
53617,1314,986,776
53618,1321,986,776
53619,1319,986,776
53620,1337,986,776
53621,1305,986,776
53622,1310,986,776
53623,1303,987,775
53624,1296,986,775
53625,1291,986,775
53626,1288,985,775
53627,1293,986,775
53628,1299,986,775
53629,1288,986,776
53630,1296,987,775
53631,1283,986,775
53632,1283,987,775
53633,1275,986,775
53634,1274,987,775
53635,1285,986,775
53636,1256,987,775
53637,1287,986,776
53638,1295,987,775
53639,1272,986,775
53640,1263,987,775
53641,1268,986,774
53642,1259,987,775
53643,1252,986,774
53644,1213,986,772
53645,1258,986,773
53646,1264,986,774
53647,1244,986,772
53648,1254,985,773
53649,1245,986,764
53650,1254,1002,765
53651,1246,1003,763
53652,1235,1007,767
53653,1244,1001,767
53654,1247,1006,760
53655,1247,1008,760
53656,1239,1008,757
53657,1238,1007,756
53658,1235,1007,755
53659,1243,1007,755
53660,1235,1007,755
53661,1234,1007,755
53662,1246,1007,754
53663,1231,1007,755
53664,1207,1007,754
53665,1230,1007,754
53666,1218,1007,754
53667,1235,1007,754
53668,1227,1007,753
53669,1222,1007,755
53670,1225,1007,754
53671,1222,1007,754
53672,1216,1007,755
53673,1214,1006,754
53674,1224,1007,755
53675,1222,1007,755
53676,1212,1007,755
53677,1217,1007,754
53678,1217,1006,754
53679,1213,1006,754
53680,1192,1007,754
53681,1225,1007,754
53682,1214,1007,754
53683,1211,1006,754
53684,1203,1007,755
53685,1219,1006,753
53686,1213,1007,755
53687,1229,1006,754
53688,1209,1007,754
53689,1215,1007,754
53690,1225,1007,754
53691,1212,1007,754
53692,1220,1007,754
53693,1224,1007,754
53694,1218,1007,754
53695,1227,1007,754
53696,1238,1007,754
53697,1243,1007,758
53698,1239,1007,759
53699,1249,1008,767
53700,1247,1009,761
53701,1254,1008,767
53702,1245,1001,771
53703,1274,990,773
53704,1287,988,774
53705,1278,987,774
53706,1299,987,774
53707,1286,986,775
53708,1286,987,774
53709,1299,986,775
53710,1316,987,775
53711,1332,986,776
53712,1356,987,776
53713,1357,986,776
53714,1382,987,777
53715,1371,987,778
53716,1376,987,778
53717,1374,987,777
53718,1443,987,779
53719,1460,988,781
53720,1439,987,784
53721,1446,999,786
53722,1475,1005,788
53723,1483,1008,788
53724,1477,1009,789
53725,1482,1010,789
53726,1480,1009,789
53727,1532,1010,790
53728,1564,1010,791
53729,1572,1010,794
53730,1591,1010,803
53731,1599,1018,807
53732,1622,1021,809
53733,1606,1023,810
53734,1620,1022,811
53735,1666,1023,812
53736,1695,1023,812
53737,1708,1023,804
53738,1719,1022,798
53739,1724,1014,795
53740,1705,1012,796
53741,1741,1011,794
53742,1761,1011,794
53743,1816,1010,793
53744,1840,1010,794
53745,1863,1010,794
53746,1882,1014,805
53747,1872,1020,810
53748,1891,1022,813
53749,1894,1024,814
53750,1884,1024,814
53751,1945,1025,815
53752,1993,1031,816
53753,1997,1041,817
53754,2011,1043,817
53755,2020,1045,818
53756,1998,1044,818
53757,2005,1045,821
53758,2023,1045,825
53759,2071,1046,826
53760,2088,1046,828
53761,2127,1047,829
53762,2119,1047,829
53763,2130,1047,830
53764,2130,1047,830
53765,2127,1047,830
53766,2091,1047,830
53767,2184,1047,830
53768,2205,1048,831
53769,2213,1047,839
53770,2180,1055,845
53771,2205,1057,848
53772,2232,1070,849
53773,2219,1077,849
53774,2244,1079,851
53775,2239,1080,850
53776,2270,1080,851
53777,2275,1080,852
53778,2293,1081,852
53779,2293,1080,852
53780,2301,1080,852
53781,2309,1080,852
53782,2321,1081,852
53783,2291,1080,853
53784,2317,1080,852
53785,2302,1080,852
53786,2310,1081,852
53787,2313,1081,853
53788,2339,1080,853
53789,2333,1080,853
53790,2328,1080,852
53791,2331,1081,853
53792,2338,1081,852
53793,2338,1081,854
53794,2350,1081,853
53795,2242,1080,851
53796,2204,1080,848
53797,2187,1069,838
53798,2171,1060,833
53799,2143,1057,832
53800,2142,1056,831
53801,2151,1050,830
53802,2142,1047,830
53803,2211,1050,840
53804,2252,1056,846
53805,2281,1065,849
53806,2324,1075,851
53807,2318,1079,851
53808,2347,1080,852
53809,2331,1080,852
53810,2336,1080,852
53811,2327,1081,852
53812,2319,1080,852
53813,2322,1081,852
53814,2312,1080,852
53815,2332,1080,851
53816,2322,1081,852
53817,2309,1081,852
53818,2329,1080,852
53819,2296,1080,852
53820,2280,1080,852
53821,2281,1080,852
53822,2279,1080,851
53823,2254,1081,851
53824,2267,1081,853
53825,2263,1081,851
53826,2272,1081,851
53827,2242,1081,852
53828,2233,1081,851
53829,2229,1081,851
53830,2210,1080,851
53831,2220,1080,850
53832,2222,1080,851
53833,2188,1073,848
53834,2210,1075,842
53835,2198,1064,836
53836,2200,1059,833
53837,2173,1057,832
53838,2169,1053,831
53839,2160,1051,831
53840,2165,1048,831
53841,2164,1048,831
53842,2160,1047,831
53843,2143,1047,830
53844,2115,1047,830
53845,2102,1047,829
53846,2114,1047,830
53847,2090,1047,830
53848,2107,1047,830
53849,2093,1047,830
53850,2106,1047,829
53851,2057,1047,828
53852,2065,1047,829
53853,2046,1047,826
53854,2044,1047,825
53855,2038,1046,825
53856,2048,1046,826
53857,2024,1046,825
53858,2042,1046,824
53859,2030,1045,821
53860,2004,1045,821
53861,2014,1045,820
53862,1993,1045,818
53863,1985,1044,818
53864,1986,1045,818
53865,2009,1044,818
53866,1979,1045,817
53867,1971,1045,817
53868,1956,1045,816
53869,1949,1045,816
53870,1946,1044,816
53871,1951,1045,817
53872,1948,1045,816
53873,1947,1044,815
53874,1884,1031,816
53875,1922,1034,815
53876,1903,1030,815
53877,1899,1026,815
53878,1895,1025,815
53879,1882,1024,815
53880,1882,1024,815
53881,1885,1023,814
53882,1872,1024,815
53883,1871,1023,812
53884,1857,1023,803
53885,1846,1021,799
53886,1847,1016,797
53887,1850,1013,796
53888,1844,1010,796
53889,1847,1011,796
53890,1851,1011,795
53891,1839,1011,795
53892,1818,1010,794
53893,1832,1010,795
53894,1803,1009,794
53895,1801,1010,794
53896,1800,1010,793
53897,1800,1010,793
53898,1799,1010,793
53899,1789,1009,793
53900,1770,1009,793
53901,1764,1010,792
53902,1772,1010,793
53903,1732,1010,793
53904,1752,1010,793
53905,1741,1010,793
53906,1744,1009,793
53907,1746,1010,793
53908,1729,1010,793
53909,1727,1010,792
53910,1708,1011,795
53911,1715,1010,793
53912,1716,1010,797
53913,1715,1010,794
53914,1710,1011,801
53915,1725,1016,807
53916,1694,1021,810
53917,1683,1022,811
53918,1689,1023,812
53919,1661,1023,812
53920,1682,1023,812
53921,1656,1023,812
53922,1680,1024,812
53923,1663,1023,813
53924,1637,1023,812
53925,1645,1023,812
53926,1636,1024,812
53927,1632,1023,812
53928,1637,1023,813
53929,1628,1023,812
53930,1635,1024,812
53931,1633,1023,811
53932,1611,1023,811
53933,1605,1023,811
53934,1582,1023,808
53935,1594,1022,810
53936,1580,1023,810
53937,1601,1023,810
53938,1579,1023,803
53939,1632,1022,800
53940,1556,1018,794
53941,1557,1012,793
53942,1558,1011,791
53943,1548,1010,791
53944,1556,1010,791
53945,1543,1009,791
53946,1584,1010,793
53947,1534,1009,792
53948,1538,1010,791
53949,1535,1010,790
53950,1532,1010,791
53951,1520,1009,790
53952,1512,1009,791
53953,1518,1010,790
53954,1523,1009,790
53955,1516,1009,790
53956,1525,1009,789
53957,1500,1009,789
53958,1500,1009,789
53959,1484,1009,789
53960,1491,1009,789
53961,1508,1009,789
53962,1486,1009,789
53963,1479,1009,789
53964,1490,1009,789
53965,1481,1009,790
53966,1502,1009,788
53967,1470,1009,789
53968,1475,1009,789
53969,1458,1009,789
53970,1488,1009,788
53971,1460,1009,789
53972,1449,1009,788
53973,1454,1009,789
53974,1453,1009,789
53975,1437,1009,788
53976,1447,1008,788
53977,1446,1008,788
53978,1452,1009,788
53979,1450,1009,788
53980,1449,1008,788
53981,1442,1009,788
53982,1428,1009,785
53983,1467,1008,787
53984,1443,1009,787
53985,1476,1009,788
53986,1439,1008,787
53987,1444,1009,788
53988,1454,1009,788
53989,1455,1009,788
53990,1438,1009,789
53991,1443,1009,789
53992,1438,1009,788
53993,1440,1009,788
53994,1446,1009,788
53995,1451,1009,788
53996,1449,1009,788
53997,1454,1009,788
53998,1482,1009,788
53999,1452,1009,788
54000,1452,1009,788
54001,1449,1009,788
54002,1458,1009,788
54003,1461,1009,789
54004,1463,1009,789
54005,1451,1009,789
54006,1476,1009,789
54007,1474,1009,789
54008,1476,1009,789
54009,1470,1010,789
54010,1481,1009,789
54011,1480,1010,790
54012,1496,1009,790
54013,1488,1010,790
54014,1489,1009,790
54015,1508,1010,790
54016,1476,1009,789
54017,1478,1009,789
54018,1487,1009,789
54019,1507,1009,790
54020,1501,1009,789
54021,1501,1009,789
54022,1515,1009,790
54023,1516,1009,790
54024,1505,1010,789
54025,1527,1009,790
54026,1505,1010,790
54027,1522,1009,790
54028,1534,1009,791
54029,1547,1009,791
54030,1525,1010,793
54031,1533,1010,793
54032,1545,1010,791
54033,1501,1009,791
54034,1551,1010,791
54035,1547,1009,790
54036,1555,1009,790
54037,1556,1010,791
54038,1561,1009,791
54039,1558,1009,790
54040,1549,1010,790
54041,1545,1009,791
54042,1586,1010,791
54043,1568,1010,797
54044,1575,1011,793
54045,1581,1010,792
54046,1573,1010,792
54047,1589,1010,798
54048,1585,1015,804
54049,1580,1020,805
54050,1581,1021,801
54051,1584,1021,806
54052,1595,1022,808
54053,1588,1022,810
54054,1604,1023,810
54055,1596,1022,810
54056,1639,1023,807
54057,1598,1022,809
54058,1593,1022,810
54059,1605,1023,810
54060,1599,1023,810
54061,1597,1023,811
54062,1606,1023,811
54063,1611,1023,811
54064,1604,1023,810
54065,1613,1023,811
54066,1618,1023,811
54067,1624,1023,811
54068,1615,1023,811
54069,1661,1024,812
54070,1607,1024,811
54071,1611,1024,812
54072,1621,1024,812
54073,1625,1023,812
54074,1621,1024,812
54075,1598,1024,812
54076,1603,1024,811
54077,1611,1023,811
54078,1648,1023,812
54079,1633,1023,811
54080,1624,1024,812
54081,1631,1023,811
54082,1613,1023,812
54083,1637,1023,811
54084,1646,1024,812
54085,1678,1023,812
54086,1658,1024,813
54087,1658,1023,812
54088,1656,1024,813
54089,1669,1023,812
54090,1681,1024,814
54091,1619,1023,812
54092,1639,1024,813
54093,1648,1023,812
54094,1627,1024,812
54095,1626,1023,812
54096,1618,1024,812
54097,1614,1023,811
54098,1614,1023,811
54099,1615,1023,811
54100,1616,1024,812
54101,1605,1023,810
54102,1616,1023,811
54103,1621,1023,811
54104,1588,1023,811
54105,1621,1023,811
54106,1607,1022,812
54107,1605,1023,812
54108,1610,1023,811
54109,1584,1024,811
54110,1601,1023,811
54111,1599,1024,811
54112,1607,1023,811
54113,1596,1024,808
54114,1557,1022,803
54115,1591,1023,807
54116,1591,1022,809
54117,1567,1023,810
54118,1575,1022,808
54119,1589,1023,810
54120,1573,1022,803
54121,1584,1022,804
54122,1590,1022,807
54123,1585,1022,801
54124,1586,1022,803
54125,1580,1022,798
54126,1578,1014,794
54127,1580,1011,793
54128,1575,1010,792
54129,1586,1010,794
54130,1572,1010,798
54131,1552,1012,794
54132,1556,1011,792
54133,1562,1010,792
54134,1565,1009,791
54135,1562,1009,791
54136,1555,1009,791
54137,1565,1010,791
54138,1555,1009,791
54139,1535,1009,791
54140,1526,1010,791
54141,1545,1009,790
54142,1530,1009,790
54143,1536,1009,790
54144,1549,1010,790
54145,1541,1010,790
54146,1539,1010,791
54147,1543,1009,791
54148,1531,1009,791
54149,1533,1010,791
54150,1523,1009,790
54151,1512,1009,790
54152,1519,1009,790
54153,1513,1009,791
54154,1522,1009,791
54155,1510,1009,790
54156,1496,1009,790
54157,1506,1009,790
54158,1499,1009,790
54159,1495,1009,790
54160,1496,1010,790
54161,1471,1009,790
54162,1498,1009,790
54163,1499,1009,789
54164,1467,1009,790
54165,1471,1009,789
54166,1471,1010,789
54167,1481,1009,789
54168,1482,1010,789
54169,1497,1010,790
54170,1470,1009,790
54171,1466,1009,790
54172,1469,1009,789
54173,1466,1009,789
54174,1466,1009,789
54175,1463,1009,789
54176,1456,1009,788
54177,1459,1009,788
54178,1471,1009,788
54179,1455,1008,788
54180,1425,1008,787
54181,1443,1009,788
54182,1440,1009,787
54183,1425,1009,788
54184,1429,1008,787
54185,1439,1009,788
54186,1437,1009,785
54187,1438,1009,787
54188,1413,1009,786
54189,1402,1008,784
54190,1417,1008,781
54191,1411,994,780
54192,1422,989,778
54193,1414,988,779
54194,1411,987,778
54195,1412,987,778
54196,1400,987,779
54197,1407,987,779
54198,1393,987,782
54199,1395,988,783
54200,1423,990,782
54201,1394,989,783
54202,1385,988,781
54203,1394,989,781
54204,1387,988,779
54205,1381,988,778
54206,1380,987,778
54207,1398,988,779
54208,1386,987,779
54209,1404,987,778
54210,1390,987,778
54211,1365,987,778
54212,1369,987,777
54213,1363,987,777
54214,1357,987,777
54215,1361,987,778
54216,1368,987,777
54217,1382,987,778
54218,1384,987,777
54219,1338,987,777
54220,1353,987,777
54221,1353,987,777
54222,1353,987,776
54223,1351,987,776
54224,1345,986,776
54225,1346,987,777
54226,1354,987,776
54227,1358,986,776
54228,1345,987,776
54229,1333,986,777
54230,1332,987,776
54231,1341,987,777
54232,1332,987,777
54233,1336,987,777
54234,1336,986,776
54235,1325,987,777
54236,1329,986,776
54237,1327,986,776
54238,1303,986,776
54239,1328,986,775
54240,1337,986,775
54241,1329,986,775
54242,1303,986,775
54243,1305,986,775
54244,1308,987,776
54245,1296,986,776
54246,1301,987,776
54247,1314,987,776
54248,1321,987,775
54249,1310,987,776
54250,1317,987,776
54251,1297,987,775
54252,1300,987,775
54253,1300,986,775
54254,1292,986,775
54255,1310,986,775
54256,1305,987,776
54257,1304,987,776
54258,1306,986,775
54259,1273,987,774
54260,1300,986,775
54261,1294,986,774
54262,1290,986,776
54263,1307,987,774
54264,1292,986,775
54265,1301,986,775
54266,1297,986,775
54267,1288,986,775
54268,1288,987,775
54269,1293,987,775
54270,1322,987,775
54271,1295,987,775
54272,1297,986,776
54273,1278,987,776
54274,1281,986,775
54275,1279,987,775
54276,1278,986,775
54277,1296,986,775
54278,1294,986,775
54279,1280,987,775
54280,1271,986,774
54281,1286,987,775
54282,1306,987,775
54283,1299,987,775
54284,1282,986,772
54285,1288,986,773
54286,1277,986,774
54287,1273,986,774
54288,1273,986,775
54289,1262,987,771
54290,1257,986,774
54291,1271,986,774
54292,1275,986,775
54293,1280,986,775
54294,1272,986,775
54295,1270,987,775
54296,1267,986,775
54297,1263,987,775
54298,1263,986,775
54299,1261,986,774
54300,1265,986,772
54301,1249,986,773
54302,1272,986,774
54303,1258,986,774
54304,1266,987,775
54305,1264,987,775
54306,1257,987,775
54307,1267,987,775
54308,1267,986,775
54309,1284,987,776
54310,1268,987,775
54311,1313,987,775
54312,1273,986,775
54313,1259,986,775
54314,1254,986,775
54315,1270,986,775
54316,1276,986,775
54317,1274,986,775
54318,1284,986,775
54319,1290,986,775
54320,1300,986,775
54321,1295,986,775
54322,1301,986,775
54323,1306,986,775
54324,1321,986,775
54325,1317,987,775
54326,1315,987,775
54327,1331,987,775
54328,1343,987,777
54329,1358,987,777
54330,1356,987,777
54331,1371,987,777
54332,1329,987,777
54333,1383,987,777
54334,1373,987,777
54335,1391,987,779
54336,1421,988,779
54337,1436,987,783
54338,1441,995,786
54339,1433,1004,787
54340,1447,1008,787
54341,1442,1008,788
54342,1463,1009,788
54343,1522,1009,789
54344,1531,1010,790
54345,1542,1009,790
54346,1544,1010,790
54347,1551,1009,790
54348,1551,1010,791
54349,1559,1009,791
54350,1558,1010,791
54351,1589,1010,802
54352,1648,1017,807
54353,1638,1021,810
54354,1670,1023,812
54355,1686,1022,812
54356,1683,1024,813
54357,1686,1024,813
54358,1690,1024,813
54359,1726,1023,802
54360,1764,1023,798
54361,1786,1014,794
54362,1804,1012,794
54363,1805,1010,794
54364,1808,1010,794
54365,1810,1010,794
54366,1829,1010,794
54367,1863,1010,798
54368,1898,1015,807
54369,1928,1020,811
54370,1933,1023,814
54371,1932,1024,815
54372,1946,1024,815
54373,1944,1024,816
54374,1954,1031,816
54375,2016,1038,817
54376,2060,1043,822
54377,2101,1045,826
54378,2124,1045,828
54379,2158,1046,828
54380,2155,1046,829
54381,2158,1046,830
54382,2162,1047,830
54383,2184,1047,830
54384,2173,1051,838
54385,2213,1055,837
54386,2230,1057,845
54387,2245,1058,848
54388,2233,1070,849
54389,2233,1076,851
54390,2240,1080,850
54391,2254,1080,851
54392,2265,1081,851
54393,2254,1080,851
54394,2271,1081,852
54395,2295,1080,852
54396,2274,1080,852
54397,2271,1080,852
54398,2265,1080,851
54399,2205,1072,848
54400,2157,1070,838
54401,2136,1061,835
54402,2114,1057,831
54403,2102,1055,831
54404,2070,1049,829
54405,2087,1048,829
54406,2082,1046,828
54407,2141,1047,830
54408,2195,1047,829
54409,2237,1051,841
54410,2257,1055,846
54411,2267,1065,850
54412,2266,1075,850
54413,2315,1079,851
54414,2282,1080,852
54415,2269,1080,852
54416,2270,1080,851
54417,2279,1081,852
54418,2277,1080,852
54419,2271,1080,852
54420,2276,1080,852
54421,2258,1081,852
54422,2230,1080,851
54423,2249,1081,852
54424,2247,1080,851
54425,2253,1081,851
54426,2245,1080,851
54427,2235,1081,851
54428,2235,1080,851
54429,2234,1081,851
54430,2236,1080,851
54431,2225,1080,851
54432,2212,1081,848
54433,2202,1069,843
54434,2196,1062,845
54435,2177,1059,836
54436,2202,1057,834
54437,2193,1057,832
54438,2185,1056,831
54439,2182,1049,830
54440,2174,1047,830
54441,2157,1047,830
54442,2147,1047,830
54443,2141,1047,830
54444,2147,1047,830
54445,2143,1047,830
54446,2139,1047,830
54447,2132,1047,830
54448,2120,1047,830
54449,2097,1047,829
54450,2096,1047,829
54451,2097,1047,828
54452,2077,1047,829
54453,2094,1048,829
54454,2095,1047,828
54455,2063,1046,826
54456,2038,1046,827
54457,2040,1046,825
54458,2053,1046,822
54459,2033,1046,826
54460,2042,1046,824
54461,2035,1046,827
54462,2046,1046,826
54463,2022,1046,827
54464,2020,1046,822
54465,1998,1046,821
54466,2016,1045,819
54467,2006,1045,818
54468,2033,1045,819
54469,2006,1046,818
54470,1991,1045,818
54471,1996,1045,817
54472,1968,1044,817
54473,1958,1045,817
54474,1953,1044,816
54475,1950,1045,816
54476,1947,1044,816
54477,1950,1045,816
54478,1956,1044,815
54479,1924,1034,815
54480,1970,1030,815
54481,1937,1033,816
54482,1916,1034,815
54483,1915,1027,815
54484,1902,1035,815
54485,1910,1027,815
54486,1905,1026,812
54487,1891,1025,813
54488,1867,1024,812
54489,1876,1023,813
54490,1870,1024,807
54491,1876,1023,807
54492,1871,1023,804
54493,1857,1022,800
54494,1869,1018,802
54495,1861,1018,802
54496,1816,1019,799
54497,1850,1015,797
54498,1851,1012,796
54499,1842,1011,795
54500,1825,1011,794
54501,1843,1009,794
54502,1831,1010,794
54503,1827,1010,794
54504,1815,1010,794
54505,1810,1010,794
54506,1795,1010,794
54507,1815,1009,794
54508,1811,1011,794
54509,1822,1010,794
54510,1801,1010,793
54511,1788,1010,794
54512,1790,1010,794
54513,1785,1010,793
54514,1773,1010,794
54515,1782,1010,794
54516,1754,1010,793
54517,1777,1010,793
54518,1800,1010,793
54519,1732,1010,793
54520,1774,1010,793
54521,1752,1010,792
54522,1753,1010,793
54523,1741,1011,792
54524,1741,1010,793
54525,1728,1010,792
54526,1743,1010,792
54527,1732,1010,792
54528,1735,1010,793
54529,1726,1010,791
54530,1704,1010,803
54531,1716,1018,801
54532,1716,1016,800
54533,1723,1017,800
54534,1712,1015,800
54535,1703,1020,807
54536,1689,1021,810
54537,1679,1022,811
54538,1686,1023,813
54539,1671,1023,812
54540,1680,1023,813
54541,1683,1023,812
54542,1680,1024,812
54543,1664,1024,812
54544,1670,1024,813
54545,1658,1023,812
54546,1649,1024,813
54547,1655,1024,813
54548,1663,1024,813
54549,1652,1024,813
54550,1643,1024,813
54551,1636,1024,812
54552,1631,1024,812
54553,1649,1025,811
54554,1616,1024,812
54555,1599,1024,811
54556,1633,1024,811
54557,1619,1023,811
54558,1616,1024,811
54559,1614,1023,811
54560,1614,1024,811
54561,1596,1023,811
54562,1607,1023,811
54563,1584,1023,810
54564,1576,1023,810
54565,1588,1023,811
54566,1601,1023,811
54567,1583,1023,804
54568,1580,1022,800
54569,1581,1018,796
54570,1572,1013,798
54571,1574,1012,797
54572,1568,1013,794
54573,1573,1011,793
54574,1560,1010,792
54575,1578,1011,795
54576,1526,1011,794
54577,1569,1011,793
54578,1554,1010,791
54579,1555,1010,791
54580,1546,1009,790
54581,1548,1009,791
54582,1553,1010,790
54583,1546,1009,791
54584,1553,1009,790
54585,1570,1010,791
54586,1541,1010,790
54587,1556,1009,791
54588,1529,1010,790
54589,1553,1009,791
54590,1529,1010,791
54591,1546,1010,791
54592,1546,1009,790
54593,1540,1010,791
54594,1543,1009,790
54595,1529,1010,791
54596,1545,1009,790
54597,1528,1010,791
54598,1546,1009,791
54599,1540,1009,790
54600,1545,1010,791
54601,1543,1010,791
54602,1551,1010,791
54603,1551,1009,791
54604,1509,1009,791
54605,1569,1009,791
54606,1540,1010,792
54607,1558,1010,791
54608,1544,1010,791
54609,1554,1010,791
54610,1558,1010,791
54611,1555,1010,791
54612,1548,1010,791
54613,1553,1010,791
54614,1551,1009,791
54615,1560,1010,791
54616,1568,1009,794
54617,1564,1010,793
54618,1571,1010,792
54619,1566,1010,792
54620,1578,1010,791
54621,1566,1010,791
54622,1567,1010,792
54623,1573,1009,791
54624,1531,1010,799
54625,1588,1014,800
54626,1592,1020,807
54627,1563,1021,805
54628,1593,1022,806
54629,1589,1022,809
54630,1584,1023,810
54631,1587,1023,810
54632,1573,1023,811
54633,1591,1023,811
54634,1587,1023,807
54635,1591,1023,809
54636,1616,1022,806
54637,1614,1022,808
54638,1594,1022,806
54639,1562,1022,806
54640,1597,1022,809
54641,1609,1022,810
54642,1608,1023,811
54643,1604,1023,811
54644,1607,1023,811
54645,1581,1023,809
54646,1597,1023,809
54647,1616,1023,811
54648,1637,1023,811
54649,1625,1024,812
54650,1627,1023,812
54651,1627,1024,812
54652,1624,1024,812
54653,1629,1024,813
54654,1630,1024,812
54655,1634,1023,812
54656,1644,1023,812
54657,1633,1023,812
54658,1655,1024,813
54659,1647,1023,812
54660,1647,1023,812
54661,1647,1024,812
54662,1634,1024,812
54663,1651,1024,813
54664,1672,1024,812
54665,1656,1024,813
54666,1653,1024,812
54667,1662,1024,813
54668,1659,1024,813
54669,1663,1024,813
54670,1649,1024,813
54671,1664,1024,813
54672,1675,1024,812
54673,1655,1024,813
54674,1666,1024,812
54675,1676,1025,813
54676,1649,1024,812
54677,1666,1024,813
54678,1676,1024,812
54679,1666,1024,813
54680,1687,1024,813
54681,1682,1024,810
54682,1677,1023,811
54683,1691,1024,812
54684,1678,1023,812
54685,1677,1024,812
54686,1681,1023,813
54687,1690,1023,813
54688,1689,1024,814
54689,1693,1024,814
54690,1707,1025,814
54691,1728,1023,807
54692,1705,1023,811
54693,1689,1023,812
54694,1710,1024,813
54695,1697,1023,814
54696,1693,1024,814
54697,1686,1023,813
54698,1681,1024,813
54699,1687,1023,813
54700,1684,1024,813
54701,1677,1023,813
54702,1679,1024,813
54703,1691,1023,813
54704,1671,1024,813
54705,1672,1024,813
54706,1669,1024,813
54707,1673,1024,812
54708,1672,1024,813
54709,1666,1024,813
54710,1637,1024,813
54711,1661,1024,813
54712,1698,1024,813
54713,1661,1024,813
54714,1651,1023,813
54715,1648,1024,813
54716,1663,1024,813
54717,1665,1024,813
54718,1667,1023,813
54719,1665,1023,813
54720,1638,1024,812
54721,1635,1024,813
54722,1642,1023,813
54723,1644,1024,813
54724,1638,1024,813
54725,1654,1024,813
54726,1655,1024,813
54727,1651,1024,813
54728,1644,1024,813
54729,1639,1024,813
54730,1654,1023,813
54731,1605,1023,813
54732,1660,1024,812
54733,1642,1024,813
54734,1657,1024,813
54735,1626,1024,813
54736,1625,1023,812
54737,1624,1023,812
54738,1631,1024,812
54739,1625,1023,812
54740,1632,1023,812
54741,1614,1023,812
54742,1627,1023,812
54743,1622,1023,812
54744,1614,1023,812
54745,1613,1023,812
54746,1613,1023,812
54747,1610,1024,812
54748,1620,1024,811
54749,1598,1023,812
54750,1614,1023,812
54751,1608,1023,812
54752,1584,1023,811
54753,1595,1023,811
54754,1601,1023,811
54755,1594,1023,811
54756,1599,1023,808
54757,1598,1022,809
54758,1587,1023,810
54759,1598,1022,810
54760,1582,1023,804
54761,1591,1022,807
54762,1592,1022,809
54763,1577,1022,810
54764,1578,1023,805
54765,1579,1021,804
54766,1587,1022,808
54767,1571,1022,799
54768,1568,1015,795
54769,1572,1012,792
54770,1567,1010,792
54771,1563,1010,791
54772,1572,1009,791
54773,1556,1009,790
54774,1565,1009,791
54775,1562,1009,791
54776,1547,1009,790
54777,1557,1009,791
54778,1554,1009,790
54779,1582,1009,790
54780,1555,1009,790
54781,1554,1009,791
54782,1552,1009,790
54783,1543,1010,791
54784,1553,1009,791
54785,1554,1009,791
54786,1563,1009,791
54787,1545,1009,790
54788,1519,1010,791
54789,1539,1010,790
54790,1539,1009,790
54791,1535,1010,791
54792,1531,1010,791
54793,1534,1009,791
54794,1540,1010,791
54795,1532,1009,790
54796,1571,1010,791
54797,1535,1009,790
54798,1506,1009,790
54799,1519,1009,789
54800,1521,1009,790
54801,1514,1009,790
54802,1510,1009,790
54803,1506,1009,790
54804,1504,1009,790
54805,1502,1010,790
54806,1500,1010,791
54807,1466,1009,790
54808,1500,1010,790
54809,1504,1009,790
54810,1500,1010,790
54811,1501,1009,791
54812,1493,1010,791
54813,1496,1009,790
54814,1468,1009,790
54815,1502,1009,789
54816,1500,1010,790
54817,1469,1009,790
54818,1490,1009,790
54819,1483,1008,789
54820,1477,1009,789
54821,1483,1009,789
54822,1476,1009,790
54823,1471,1009,789
54824,1475,1009,789
54825,1461,1010,791
54826,1474,1010,789
54827,1450,1009,790
54828,1474,1009,789
54829,1465,1010,788
54830,1463,1009,788
54831,1458,1010,788
54832,1463,1009,789
54833,1455,1009,788
54834,1462,1009,789
54835,1456,1009,788
54836,1454,1009,789
54837,1448,1009,788
54838,1432,1008,788
54839,1441,1009,788
54840,1444,1009,788
54841,1483,1009,788
54842,1456,1009,788
54843,1424,1009,788
54844,1443,1009,788
54845,1440,1009,789
54846,1426,1009,788
54847,1436,1009,789
54848,1455,1009,787
54849,1440,1009,787
54850,1431,1009,788
54851,1472,1009,789
54852,1497,1009,789
54853,1513,1010,790
54854,1530,1010,791
54855,1536,1009,791
54856,1546,1009,791
54857,1540,1010,791
54858,1551,1009,791
54859,1523,1010,791
54860,1460,1009,790
54861,1453,1009,789
54862,1444,1009,789
54863,1433,1010,788
54864,1430,1009,786
54865,1421,1009,784
54866,1411,998,783
54867,1410,994,782
54868,1417,990,780
54869,1441,988,780
54870,1410,988,779
54871,1409,987,782
54872,1422,988,781
54873,1405,988,780
54874,1411,988,779
54875,1392,987,780
54876,1402,987,783
54877,1406,995,781
54878,1403,989,782
54879,1409,992,782
54880,1408,989,784
54881,1412,993,784
54882,1399,1001,784
54883,1408,999,785
54884,1408,1006,784
54885,1401,1008,784
54886,1369,1001,781
54887,1404,992,785
54888,1412,997,783
54889,1407,994,784
54890,1400,1002,786
54891,1390,1006,786
54892,1398,1008,785
54893,1392,1008,786
54894,1396,1008,783
54895,1376,997,783
54896,1407,998,786
54897,1382,998,782
54898,1395,991,783
54899,1396,989,782
54900,1393,988,783
54901,1378,988,780
54902,1392,988,782
54903,1387,988,779
54904,1394,988,782
54905,1373,988,781
54906,1386,988,780
54907,1370,988,779
54908,1391,987,779
54909,1375,987,778
54910,1382,987,777
54911,1385,987,779
54912,1384,988,778
54913,1387,987,778
54914,1374,987,778
54915,1387,987,778
54916,1393,987,778
54917,1385,987,777
54918,1386,987,777
54919,1386,987,777
54920,1376,987,777
54921,1386,987,777
54922,1377,987,778
54923,1372,987,777
54924,1375,987,777
54925,1377,987,778
54926,1393,987,777
54927,1378,987,777
54928,1377,987,777
54929,1375,987,777
54930,1371,987,778
54931,1361,986,777
54932,1291,987,777
54933,1367,987,777
54934,1392,987,777
54935,1356,987,777
54936,1360,987,777
54937,1371,987,777
54938,1377,987,778
54939,1378,987,780
54940,1371,987,778
54941,1374,987,778
54942,1377,987,778
54943,1386,987,778
54944,1374,987,778
54945,1371,987,778
54946,1392,987,779
54947,1379,988,778
54948,1397,987,779
54949,1408,987,780
54950,1410,987,781
54951,1413,987,781
54952,1416,988,782
54953,1414,987,782
54954,1411,989,781
54955,1356,988,780
54956,1429,988,784
54957,1432,999,786
54958,1441,1006,787
54959,1461,1007,788
54960,1459,1008,788
54961,1453,1009,788
54962,1456,1009,789
54963,1476,1009,789
54964,1495,1009,789
54965,1518,1010,790
54966,1545,1009,790
54967,1535,1010,790
54968,1539,1010,791
54969,1540,1009,790
54970,1541,1010,791
54971,1544,1009,789
54972,1583,1009,796
54973,1605,1011,803
54974,1591,1018,807
54975,1639,1021,809
54976,1621,1022,811
54977,1625,1023,811
54978,1632,1023,812
54979,1661,1023,811
54980,1702,1023,813
54981,1729,1023,802
54982,1718,1021,797
54983,1734,1015,795
54984,1754,1012,794
54985,1759,1011,794
54986,1757,1010,793
54987,1787,1010,794
54988,1823,1010,794
54989,1851,1010,799
54990,1873,1014,803
54991,1867,1019,807
54992,1889,1021,810
54993,1887,1022,813
54994,1906,1023,813
54995,1917,1024,815
54996,1960,1031,815
54997,1973,1033,817
54998,2038,1041,818
54999,2013,1043,818
55000,2042,1044,818
55001,2031,1044,820
55002,2037,1045,824
55003,2054,1045,821
55004,2093,1045,825
55005,2115,1045,827
55006,2133,1046,829
55007,2140,1046,829
55008,2171,1047,830
55009,2139,1047,830
55010,2165,1048,831
55011,2177,1047,830
55012,2211,1048,831
55013,2233,1051,841
55014,2230,1057,847
55015,2246,1058,849
55016,2255,1074,851
55017,2242,1078,851
55018,2235,1079,850
55019,2274,1080,851
55020,2339,1080,852
55021,2320,1081,852
55022,2317,1080,852
55023,2330,1081,853
55024,2333,1080,852
55025,2330,1080,852
55026,2333,1081,853
55027,2344,1080,853
55028,2371,1081,855
55029,2369,1081,858
55030,2375,1082,861
55031,2381,1082,861
55032,2377,1083,862
55033,2383,1082,861
55034,2390,1083,861
55035,2389,1082,862
55036,2395,1082,862
55037,2445,1082,862
55038,2401,1083,862
55039,2385,1082,862
55040,2401,1082,863
55041,2406,1082,862
55042,2408,1083,863
55043,2388,1082,862
55044,2344,1083,858
55045,2294,1081,854
55046,2292,1081,853
55047,2262,1081,852
55048,2264,1081,852
55049,2247,1080,851
55050,2238,1080,851
55051,2266,1080,852
55052,2309,1081,852
55053,2335,1080,853
55054,2360,1081,852
55055,2366,1081,855
55056,2400,1081,858
55057,2373,1081,860
55058,2363,1082,859
55059,2319,1081,859
55060,2378,1082,861
55061,2350,1082,858
55062,2351,1082,858
55063,2356,1081,855
55064,2344,1082,856
55065,2351,1080,854
55066,2357,1081,855
55067,2332,1081,854
55068,2343,1081,853
55069,2324,1081,853
55070,2314,1081,853
55071,2319,1081,853
55072,2313,1080,852
55073,2314,1081,853
55074,2307,1081,852
55075,2304,1080,852
55076,2294,1080,853
55077,2301,1080,852
55078,2265,1080,852
55079,2288,1080,852
55080,2273,1080,852
55081,2266,1080,851
55082,2260,1080,852
55083,2255,1080,851
55084,2247,1080,851
55085,2194,1073,848
55086,2227,1077,850
55087,2230,1079,842
55088,2214,1065,846
55089,2217,1061,844
55090,2217,1063,843
55091,2221,1061,848
55092,2189,1064,838
55093,2173,1059,835
55094,2170,1057,832
55095,2161,1057,832
55096,2162,1053,831
55097,2163,1049,831
55098,2146,1048,830
55099,2141,1048,830
55100,2147,1046,830
55101,2135,1047,829
55102,2115,1047,829
55103,2119,1047,829
55104,2124,1047,829
55105,2115,1047,829
55106,2110,1047,829
55107,2115,1047,829
55108,2093,1047,829
55109,2086,1047,829
55110,2083,1047,828
55111,2084,1047,829
55112,2063,1047,828
55113,2071,1047,828
55114,2057,1047,829
55115,2044,1046,826
55116,2059,1046,823
55117,2040,1046,825
55118,2039,1045,824
55119,2028,1046,826
55120,2032,1046,827
55121,2028,1046,826
55122,2028,1046,823
55123,2014,1046,821
55124,2016,1045,819
55125,2007,1045,819
55126,2000,1045,817
55127,1985,1045,818
55128,1993,1045,817
55129,1981,1045,817
55130,1998,1045,817
55131,1985,1045,817
55132,1973,1045,817
55133,1961,1044,816
55134,1968,1045,816
55135,1964,1044,816
55136,1958,1044,816
55137,1959,1045,816
55138,1961,1045,816
55139,1955,1044,816
55140,1929,1044,815
55141,1920,1031,816
55142,1914,1037,816
55143,1908,1032,815
55144,1898,1033,816
55145,1898,1034,816
55146,1904,1038,816
55147,1894,1036,815
55148,1883,1028,815
55149,1887,1032,815
55150,1864,1027,805
55151,1863,1023,808
55152,1877,1023,803
55153,1868,1022,799
55154,1867,1016,798
55155,1863,1013,797
55156,1839,1011,795
55157,1846,1011,795
55158,1850,1011,795
55159,1838,1010,794
55160,1840,1010,795
55161,1840,1010,795
55162,1843,1010,795
55163,1843,1010,795
55164,1830,1010,795
55165,1812,1010,794
55166,1805,1010,794
55167,1815,1010,794
55168,1813,1010,794
55169,1805,1010,794
55170,1806,1010,794
55171,1807,1010,793
55172,1798,1010,794
55173,1791,1010,794
55174,1791,1010,794
55175,1779,1010,794
55176,1782,1010,794
55177,1780,1010,794
55178,1779,1010,793
55179,1769,1011,794
55180,1765,1010,793
55181,1747,1010,793
55182,1757,1010,793
55183,1762,1010,793
55184,1763,1010,793
55185,1757,1010,793
55186,1762,1010,793
55187,1751,1010,794
55188,1737,1010,793
55189,1739,1010,793
55190,1726,1009,792
55191,1734,1009,792
55192,1730,1009,792
55193,1732,1010,796
55194,1728,1010,794
55195,1726,1010,793
55196,1724,1009,797
55197,1695,1014,801
55198,1707,1017,803
55199,1704,1021,808
55200,1699,1022,811
55201,1707,1023,813
55202,1703,1023,812
55203,1705,1023,813
55204,1699,1023,813
55205,1694,1024,814
55206,1678,1023,813
55207,1683,1024,814
55208,1694,1023,813
55209,1695,1024,814
55210,1683,1024,813
55211,1683,1024,813
55212,1685,1024,813
55213,1673,1024,813
55214,1685,1024,812
55215,1676,1023,813
55216,1679,1024,814
55217,1682,1024,812
55218,1680,1023,812
55219,1673,1023,812
55220,1676,1023,812
55221,1678,1023,812
55222,1669,1023,812
55223,1680,1023,812
55224,1673,1023,813
55225,1670,1024,813
55226,1673,1023,813
55227,1674,1024,812
55228,1674,1024,813
55229,1668,1024,813
55230,1676,1024,813
55231,1675,1024,813
55232,1674,1024,813
55233,1682,1024,813
55234,1675,1024,813
55235,1642,1024,813
55236,1666,1024,812
55237,1673,1024,812
55238,1674,1024,812
55239,1682,1024,813
55240,1685,1024,813
55241,1678,1024,813
55242,1670,1024,813
55243,1693,1023,813
55244,1694,1024,813
55245,1694,1024,813
55246,1705,1024,813
55247,1685,1024,812
55248,1698,1024,813
55249,1692,1024,813
55250,1696,1023,814
55251,1680,1024,813
55252,1706,1024,814
55253,1683,1024,814
55254,1686,1024,814
55255,1708,1024,809
55256,1718,1023,809
55257,1699,1023,807
55258,1739,1022,808
55259,1711,1023,807
55260,1719,1022,799
55261,1711,1019,802
55262,1743,1021,796
55263,1727,1015,795
55264,1739,1011,793
55265,1711,1010,796
55266,1728,1010,793
55267,1734,1010,794
55268,1731,1010,793
55269,1737,1010,792
55270,1741,1010,792
55271,1748,1009,793
55272,1728,1010,792
55273,1746,1010,793
55274,1740,1010,792
55275,1756,1009,793
55276,1748,1010,792
55277,1748,1010,793
55278,1764,1009,793
55279,1766,1010,794
55280,1781,1010,793
55281,1767,1010,793
55282,1774,1009,793
55283,1763,1010,794
55284,1773,1010,793
55285,1780,1010,793
55286,1758,1010,793
55287,1770,1010,793
55288,1785,1011,794
55289,1781,1010,794
55290,1788,1011,794
55291,1780,1010,794
55292,1789,1010,794
55293,1794,1010,794
55294,1792,1010,794
55295,1786,1010,793
55296,1791,1010,794
55297,1803,1010,794
55298,1804,1010,793
55299,1808,1010,794
55300,1772,1010,794
55301,1824,1010,794
55302,1793,1010,794
55303,1797,1009,793
55304,1815,1010,794
55305,1811,1010,794
55306,1816,1010,794
55307,1828,1010,794
55308,1805,1010,795
55309,1815,1011,795
55310,1822,1010,795
55311,1821,1011,793
55312,1821,1010,794
55313,1828,1010,794
55314,1824,1010,794
55315,1823,1010,793
55316,1823,1010,794
55317,1821,1010,794
55318,1827,1010,794
55319,1834,1010,794
55320,1825,1010,794
55321,1816,1010,794
55322,1828,1010,794
55323,1824,1010,794
55324,1825,1010,794
55325,1829,1010,794
55326,1838,1010,794
55327,1822,1010,794
55328,1827,1011,795
55329,1837,1010,795
55330,1827,1010,794
55331,1834,1010,795
55332,1848,1010,794
55333,1825,1010,795
55334,1831,1010,794
55335,1826,1010,794
55336,1834,1010,794
55337,1820,1010,794
55338,1823,1009,794
55339,1772,1010,794
55340,1798,1010,794
55341,1815,1009,794
55342,1845,1010,794
55343,1819,1009,794
55344,1825,1010,794
55345,1817,1010,794
55346,1812,1010,794
55347,1800,1010,794
55348,1816,1010,794
55349,1808,1010,794
55350,1813,1010,794
55351,1826,1010,794
55352,1801,1010,793
55353,1801,1010,794
55354,1818,1010,793
55355,1795,1010,793
55356,1808,1010,794
55357,1816,1010,794
55358,1799,1011,794
55359,1807,1009,794
55360,1832,1010,793
55361,1795,1010,793
55362,1774,1009,792
55363,1797,1010,793
55364,1790,1010,794
55365,1783,1010,793
55366,1794,1010,793
55367,1786,1011,794
55368,1780,1010,794
55369,1773,1011,794
55370,1771,1010,793
55371,1780,1010,794
55372,1763,1010,793
55373,1778,1010,794
55374,1773,1010,793
55375,1773,1009,793
55376,1752,1010,792
55377,1754,1010,793
55378,1759,1010,792
55379,1756,1010,793
55380,1748,1009,793
55381,1762,1009,792
55382,1766,1010,792
55383,1756,1010,793
55384,1757,1010,792
55385,1757,1010,793
55386,1746,1010,793
55387,1740,1010,793
55388,1747,1010,792
55389,1723,1010,793
55390,1740,1010,792
55391,1738,1010,793
55392,1739,1010,793
55393,1729,1010,792
55394,1706,1010,795
55395,1718,1010,794
55396,1719,1010,792
55397,1729,1009,792
55398,1727,1010,797
55399,1731,1010,794
55400,1723,1010,794
55401,1689,1010,795
55402,1716,1011,793
55403,1709,1010,804
55404,1715,1018,802
55405,1708,1019,807
55406,1712,1021,803
55407,1711,1022,804
55408,1703,1022,806
55409,1695,1022,809
55410,1694,1023,812
55411,1682,1023,813
55412,1703,1023,814
55413,1699,1024,813
55414,1702,1023,813
55415,1737,1023,806
55416,1674,1022,810
55417,1684,1023,811
55418,1670,1023,812
55419,1668,1023,812
55420,1697,1023,812
55421,1670,1023,813
55422,1667,1023,813
55423,1700,1024,814
55424,1674,1023,813
55425,1673,1024,813
55426,1657,1023,812
55427,1667,1024,813
55428,1695,1023,812
55429,1678,1024,813
55430,1679,1024,812
55431,1662,1024,813
55432,1698,1024,812
55433,1654,1024,813
55434,1662,1024,812
55435,1645,1024,814
55436,1652,1023,812
55437,1652,1024,813
55438,1647,1024,812
55439,1649,1023,812
55440,1649,1023,812
55441,1641,1024,812
55442,1641,1023,811
55443,1624,1023,812
55444,1640,1023,811
55445,1625,1023,812
55446,1639,1023,812
55447,1646,1023,812
55448,1636,1024,812
55449,1629,1023,812
55450,1614,1024,812
55451,1619,1023,812
55452,1629,1024,812
55453,1628,1023,813
55454,1617,1023,812
55455,1626,1023,812
55456,1613,1023,811
55457,1623,1023,811
55458,1618,1023,811
55459,1627,1023,811
55460,1602,1023,811
55461,1614,1023,810
55462,1608,1023,811
55463,1619,1023,810
55464,1620,1022,811
55465,1597,1023,811
55466,1606,1023,811
55467,1606,1024,811
55468,1594,1023,811
55469,1599,1023,811
55470,1615,1023,811
55471,1611,1023,811
55472,1592,1023,810
55473,1596,1023,811
55474,1596,1023,810
55475,1601,1023,811
55476,1592,1023,806
55477,1590,1023,809
55478,1587,1023,809
55479,1582,1023,810
55480,1585,1023,803
55481,1580,1022,801
55482,1573,1020,801
55483,1579,1016,799
55484,1590,1017,800
55485,1568,1016,799
55486,1603,1018,801
55487,1582,1017,800
55488,1575,1015,798
55489,1590,1017,801
55490,1580,1016,796
55491,1564,1012,793
55492,1575,1011,799
55493,1572,1011,795
55494,1582,1010,793
55495,1573,1010,792
55496,1575,1009,791
55497,1575,1010,795
55498,1577,1010,797
55499,1564,1010,793
55500,1573,1010,792
55501,1575,1009,799
55502,1576,1011,795
55503,1567,1010,796
55504,1561,1010,794
55505,1572,1009,792
55506,1555,1010,791
55507,1563,1009,791
55508,1564,1009,790
55509,1554,1009,791
55510,1562,1010,790
55511,1565,1010,791
55512,1561,1010,791
55513,1549,1010,791
55514,1560,1009,791
55515,1555,1009,790
55516,1595,1009,791
55517,1560,1010,790
55518,1547,1009,791
55519,1553,1009,790
55520,1555,1010,790
55521,1541,1009,790
55522,1548,1009,790
55523,1534,1010,791
55524,1543,1009,790
55525,1549,1010,791
55526,1544,1009,790
55527,1537,1010,791
55528,1548,1009,790
55529,1525,1010,791
55530,1541,1009,791
55531,1544,1009,790
55532,1540,1010,790
55533,1534,1009,790
55534,1531,1010,790
55535,1534,1009,790
55536,1567,1009,790
55537,1529,1009,791
55538,1524,1009,790
55539,1547,1009,790
55540,1532,1009,790
55541,1535,1009,790
55542,1534,1008,791
55543,1539,1009,790
55544,1521,1009,790
55545,1532,1010,790
55546,1526,1009,791
55547,1529,1009,791
55548,1528,1009,791
55549,1556,1009,791
55550,1537,1009,791
55551,1525,1009,791
55552,1579,1010,791
55553,1534,1010,791
55554,1528,1010,791
55555,1509,1010,791
55556,1536,1009,790
55557,1517,1009,791
55558,1521,1009,790
55559,1524,1009,791
55560,1530,1009,791
55561,1520,1009,790
55562,1503,1009,790
55563,1530,1009,790
55564,1534,1010,791
55565,1523,1009,790
55566,1528,1009,791
55567,1529,1010,790
55568,1529,1010,791
55569,1517,1009,790
55570,1530,1010,791
55571,1532,1009,791
55572,1552,1009,791
55573,1519,1010,791
55574,1532,1009,790
55575,1533,1010,791
55576,1507,1010,791
55577,1511,1010,791
55578,1510,1009,790
55579,1528,1010,791
55580,1523,1010,791
55581,1514,1009,790
55582,1556,1009,791
55583,1510,1009,790
55584,1520,1009,791
55585,1587,1009,790
55586,1542,1009,791
55587,1516,1009,790
55588,1529,1009,790
55589,1556,1009,790
55590,1523,1010,791
55591,1537,1009,790
55592,1562,1009,790
55593,1533,1009,790
55594,1538,1009,790
55595,1540,1009,790
55596,1527,1009,790
55597,1531,1008,790
55598,1539,1008,790
55599,1551,1009,790
55600,1535,1009,791
55601,1497,1009,790
55602,1533,1009,791
55603,1513,1009,790
55604,1526,1009,791
55605,1485,1010,790
55606,1533,1009,790
55607,1527,1010,791
55608,1534,1010,791
55609,1534,1010,791
55610,1526,1009,791
55611,1535,1011,791
55612,1539,1009,791
55613,1532,1010,791
55614,1534,1010,791
55615,1526,1010,791
55616,1554,1009,791
55617,1537,1010,791
55618,1543,1009,791
55619,1539,1009,791
55620,1534,1009,790
55621,1539,1010,791
55622,1542,1009,790
55623,1532,1009,790
55624,1570,1009,790
55625,1555,1010,791
55626,1547,1009,790
55627,1566,1010,791
55628,1554,1009,790
55629,1557,1009,791
55630,1561,1009,791
55631,1546,1010,791
55632,1577,1010,791
55633,1593,1010,801
55634,1599,1017,806
55635,1606,1020,808
55636,1648,1023,809
55637,1600,1022,811
55638,1624,1023,810
55639,1606,1023,811
55640,1631,1023,811
55641,1638,1023,811
55642,1656,1023,812
55643,1657,1024,812
55644,1674,1023,813
55645,1678,1024,813
55646,1674,1023,813
55647,1683,1024,813
55648,1705,1024,808
55649,1699,1023,803
55650,1745,1022,797
55651,1782,1014,795
55652,1772,1011,794
55653,1772,1010,793
55654,1763,1011,794
55655,1772,1010,793
55656,1817,1009,794
55657,1827,1009,794
55658,1854,1010,795
55659,1873,1011,801
55660,1859,1016,808
55661,1903,1021,811
55662,1897,1022,813
55663,1889,1023,813
55664,1947,1024,815
55665,1950,1024,816
55666,1985,1035,816
55667,1993,1041,817
55668,2019,1044,817
55669,2018,1044,817
55670,1978,1045,818
55671,2013,1045,819
55672,2065,1045,823
55673,2110,1045,825
55674,2113,1046,828
55675,2127,1046,827
55676,2129,1046,829
55677,2134,1046,829
55678,2145,1046,829
55679,2151,1047,829
55680,2185,1047,829
55681,2206,1047,830
55682,2236,1051,841
55683,2253,1056,846
55684,2243,1059,849
55685,2275,1073,850
55686,2257,1078,851
55687,2271,1079,851
55688,2288,1080,852
55689,2325,1080,852
55690,2351,1081,853
55691,2360,1080,852
55692,2360,1080,854
55693,2367,1080,853
55694,2361,1080,857
55695,2377,1081,859
55696,2407,1081,861
55697,2417,1082,861
55698,2433,1082,862
55699,2438,1083,862
55700,2438,1082,863
55701,2489,1086,863
55702,2448,1084,863
55703,2451,1083,863
55704,2465,1089,864
55705,2460,1088,864
55706,2488,1092,864
55707,2492,1093,865
55708,2496,1093,865
55709,2503,1093,865
55710,2503,1093,864
55711,2498,1093,865
55712,2401,1093,863
55713,2349,1087,858
55714,2302,1083,855
55715,2291,1081,854
55716,2288,1081,853
55717,2258,1081,852
55718,2276,1081,852
55719,2237,1081,851
55720,2344,1081,852
55721,2407,1081,858
55722,2444,1081,860
55723,2504,1082,863
55724,2506,1082,864
55725,2522,1089,864
55726,2541,1091,872
55727,2518,1093,876
55728,2551,1094,873
55729,2501,1094,869
55730,2510,1093,867
55731,2516,1093,866
55732,2514,1094,868
55733,2514,1093,867
55734,2509,1094,869
55735,2506,1093,867
55736,2505,1094,866
55737,2475,1093,865
55738,2487,1093,865
55739,2477,1092,864
55740,2470,1093,865
55741,2473,1092,864
55742,2481,1093,864
55743,2467,1093,864
55744,2467,1093,865
55745,2453,1093,864
55746,2446,1093,864
55747,2417,1091,863
55748,2448,1089,865
55749,2422,1092,864
55750,2389,1088,863
55751,2445,1088,863
55752,2418,1088,863
55753,2415,1088,862
55754,2398,1084,863
55755,2410,1082,863
55756,2401,1083,863
55757,2380,1082,862
55758,2384,1083,862
55759,2397,1082,862
55760,2377,1083,862
55761,2367,1082,859
55762,2346,1082,856
55763,2330,1081,854
55764,2354,1082,854
55765,2392,1081,854
55766,2336,1082,854
55767,2342,1081,853
55768,2327,1080,853
55769,2310,1080,853
55770,2257,1081,853
55771,2303,1080,852
55772,2302,1081,852
55773,2298,1080,852
55774,2281,1080,852
55775,2276,1080,852
55776,2285,1080,852
55777,2310,1080,852
55778,2273,1080,852
55779,2280,1080,852
55780,2268,1080,851
55781,2255,1080,851
55782,2244,1080,851
55783,2250,1080,850
55784,2244,1081,850
55785,2254,1080,851
55786,2252,1080,850
55787,2238,1080,851
55788,2228,1080,850
55789,2223,1080,843
55790,2211,1065,846
55791,2207,1061,838
55792,2198,1058,835
55793,2221,1057,833
55794,2189,1057,831
55795,2199,1054,831
55796,2209,1051,830
55797,2172,1048,831
55798,2168,1047,831
55799,2165,1050,834
55800,2145,1051,831
55801,2165,1051,831
55802,2157,1048,831
55803,2158,1047,829
55804,2211,1047,830
55805,2142,1047,829
55806,2134,1047,829
55807,2134,1047,829
55808,2121,1047,829
55809,2140,1047,829
55810,2125,1047,829
55811,2128,1047,829
55812,2103,1047,829
55813,2097,1047,829
55814,2095,1047,828
55815,2095,1047,829
55816,2093,1047,828
55817,2099,1046,829
55818,2098,1047,828
55819,2094,1047,828
55820,2088,1046,828
55821,2081,1046,828
55822,2060,1046,828
55823,2068,1046,826
55824,2050,1046,827
55825,2061,1046,826
55826,2061,1046,826
55827,2045,1047,826
55828,2050,1047,823
55829,2066,1046,823
55830,2048,1045,825
55831,2037,1046,827
55832,2037,1046,827
55833,2054,1047,824
55834,2032,1046,826
55835,2035,1047,826
55836,2037,1046,824
55837,2048,1045,820
55838,2004,1045,820
55839,2004,1045,819
55840,2011,1045,818
55841,2010,1045,817
55842,2020,1044,818
55843,1995,1045,816
55844,1994,1044,819
55845,1998,1045,818
55846,1977,1044,818
55847,1987,1045,817
55848,1983,1045,818
55849,2006,1045,817
55850,1965,1045,817
55851,1978,1045,817
55852,1977,1045,817
55853,1970,1045,817
55854,1957,1045,817
55855,1968,1044,817
55856,1966,1045,816
55857,1967,1044,816
55858,1958,1045,817
55859,1941,1044,817
55860,1950,1045,816
55861,1937,1037,816
55862,1934,1032,816
55863,1928,1031,815
55864,1922,1026,815
55865,1925,1025,816
55866,1922,1036,816
55867,1926,1035,816
55868,1911,1039,816
55869,1910,1040,816
55870,1891,1043,816
55871,1904,1044,815
55872,1892,1033,815
55873,1909,1035,817
55874,1899,1035,815
55875,1901,1028,816
55876,1887,1030,812
55877,1851,1025,810
55878,1860,1024,813
55879,1862,1024,814
55880,1882,1024,810
55881,1869,1023,806
55882,1867,1022,811
55883,1871,1022,806
55884,1860,1023,801
55885,1869,1018,798
55886,1848,1013,797
55887,1851,1012,795
55888,1834,1011,795
55889,1853,1011,796
55890,1852,1011,795
55891,1843,1011,796
55892,1841,1010,795
55893,1840,1010,795
55894,1832,1010,794
55895,1820,1011,795
55896,1834,1011,795
55897,1811,1010,794
55898,1813,1010,795
55899,1827,1010,794
55900,1820,1011,794
55901,1815,1010,794
55902,1824,1010,794
55903,1813,1010,794
55904,1812,1011,794
55905,1804,1010,794
55906,1814,1010,794
55907,1815,1010,794
55908,1812,1010,794
55909,1812,1009,794
55910,1804,1011,794
55911,1854,1010,794
55912,1811,1010,794
55913,1816,1010,794
55914,1795,1010,794
55915,1810,1009,794
55916,1812,1010,794
55917,1813,1010,794
55918,1807,1010,794
55919,1821,1010,793
55920,1821,1011,795
55921,1814,1010,794
55922,1813,1011,794
55923,1787,1010,794
55924,1817,1010,794
55925,1846,1010,794
55926,1825,1010,794
55927,1831,1010,794
55928,1833,1011,794
55929,1840,1011,795
55930,1830,1011,795
55931,1836,1010,794
55932,1839,1010,795
55933,1839,1010,794
55934,1839,1010,794
55935,1817,1010,794
55936,1849,1010,795
55937,1808,1010,798
55938,1842,1011,796
55939,1851,1010,796
55940,1849,1011,795
55941,1855,1010,798
55942,1863,1011,800
55943,1861,1015,798
55944,1864,1012,796
55945,1863,1011,804
55946,1895,1019,802
55947,1866,1021,798
55948,1865,1014,805
55949,1879,1020,810
55950,1877,1022,810
55951,1900,1023,812
55952,1876,1023,814
55953,1890,1024,815
55954,1890,1024,815
55955,1882,1024,815
55956,1893,1024,815
55957,1902,1024,815
55958,1914,1024,815
55959,1906,1027,815
55960,1910,1025,816
55961,1918,1028,815
55962,1916,1036,815
55963,1906,1027,816
55964,1951,1036,816
55965,1909,1041,816
55966,1933,1044,816
55967,1928,1041,816
55968,1928,1044,816
55969,1922,1036,815
55970,1927,1029,815
55971,1930,1029,816
55972,1944,1030,815
55973,1922,1026,816
55974,1926,1039,816
55975,1956,1042,816
55976,1941,1034,816
55977,1944,1042,815
55978,1948,1037,815
55979,1944,1028,815
55980,1946,1028,815
55981,1945,1026,815
55982,1965,1025,816
55983,1994,1039,815
55984,1955,1039,815
55985,1971,1029,816
55986,1954,1040,817
55987,1952,1043,816
55988,1947,1044,816
55989,1946,1044,816
55990,1951,1045,817
55991,1951,1044,816
55992,1956,1045,816
55993,1955,1044,816
55994,1959,1045,816
55995,1942,1044,816
55996,1952,1045,815
55997,1956,1040,816
55998,1953,1036,816
55999,1952,1042,815
56000,1956,1032,816
56001,1950,1031,816
56002,1952,1040,816
56003,1937,1042,816
56004,1951,1044,816
56005,1949,1044,816
56006,1945,1045,816
56007,1955,1045,816
56008,1956,1045,816
56009,1952,1044,816
56010,1952,1045,816
56011,1949,1044,816
56012,1944,1044,816
56013,1939,1044,816
56014,1978,1044,816
56015,1949,1045,816
56016,1948,1044,816
56017,1946,1044,816
56018,1947,1045,816
56019,1934,1037,815
56020,1947,1035,817
56021,1933,1042,815
56022,1923,1040,815
56023,1944,1036,815
56024,1939,1028,815
56025,1933,1026,815
56026,1932,1025,815
56027,1957,1032,815
56028,1938,1033,815
56029,1930,1034,815
56030,1933,1027,815
56031,1930,1025,815
56032,1937,1028,815
56033,1954,1025,815
56034,1929,1027,815
56035,1916,1025,815
56036,1922,1025,815
56037,1919,1024,815
56038,1905,1031,815
56039,1909,1033,815
56040,1813,1030,815
56041,1909,1026,816
56042,1941,1039,815
56043,1909,1036,816
56044,1909,1042,815
56045,1892,1037,817
56046,1901,1035,814
56047,1900,1028,816
56048,1887,1033,816
56049,1886,1031,815
56050,1878,1030,816
56051,1898,1033,815
56052,1871,1035,815
56053,1912,1030,815
56054,1883,1027,815
56055,1921,1025,815
56056,1880,1025,815
56057,1873,1024,814
56058,1878,1024,814
56059,1885,1024,810
56060,1869,1023,806
56061,1865,1022,800
56062,1872,1022,800
56063,1847,1018,798
56064,1841,1013,796
56065,1864,1012,796
56066,1836,1011,795
56067,1853,1011,796
56068,1859,1010,796
56069,1843,1011,795
56070,1841,1010,795
56071,1835,1011,795
56072,1842,1011,795
56073,1828,1011,795
56074,1846,1011,795
56075,1844,1010,794
56076,1834,1010,795
56077,1827,1010,794
56078,1830,1010,794
56079,1826,1009,794
56080,1831,1010,794
56081,1809,1009,793
56082,1822,1010,793
56083,1820,1010,794
56084,1819,1010,793
56085,1811,1010,794
56086,1813,1010,794
56087,1810,1010,794
56088,1807,1010,793
56089,1783,1010,794
56090,1799,1010,794
56091,1797,1010,793
56092,1796,1011,795
56093,1796,1011,793
56094,1785,1011,794
56095,1779,1011,794
56096,1768,1010,794
56097,1780,1010,793
56098,1798,1010,793
56099,1795,1011,794
56100,1778,1010,793
56101,1779,1011,794
56102,1772,1010,794
56103,1759,1010,794
56104,1775,1010,794
56105,1770,1010,793
56106,1763,1010,793
56107,1762,1010,793
56108,1765,1010,794
56109,1782,1010,792
56110,1767,1010,793
56111,1762,1010,793
56112,1760,1010,793
56113,1735,1010,793
56114,1736,1010,792
56115,1754,1010,793
56116,1781,1010,793
56117,1750,1010,793
56118,1742,1010,793
56119,1719,1010,792
56120,1726,1010,792
56121,1735,1010,792
56122,1727,1010,792
56123,1736,1010,792
56124,1742,1010,792
56125,1735,1011,792
56126,1685,1010,799
56127,1753,1013,799
56128,1727,1014,796
56129,1718,1012,794
56130,1734,1011,794
56131,1710,1010,795
56132,1721,1011,799
56133,1716,1010,795
56134,1760,1011,793
56135,1718,1010,792
56136,1747,1010,792
56137,1730,1010,801
56138,1702,1017,799
56139,1716,1014,795
56140,1707,1012,797
56141,1702,1010,796
56142,1703,1015,802
56143,1702,1018,803
56144,1689,1021,803
56145,1711,1022,805
56146,1694,1022,810
56147,1698,1022,812
56148,1705,1024,813
56149,1691,1023,813
56150,1694,1024,814
56151,1698,1024,814
56152,1699,1025,814
56153,1688,1024,813
56154,1701,1024,813
56155,1660,1023,814
56156,1682,1024,813
56157,1692,1023,813
56158,1690,1025,814
56159,1681,1024,813
56160,1719,1024,811
56161,1694,1023,812
56162,1695,1024,813
56163,1675,1023,813
56164,1660,1024,814
56165,1676,1024,814
56166,1686,1024,814
56167,1688,1024,814
56168,1672,1024,814
56169,1674,1024,814
56170,1678,1025,814
56171,1689,1024,814
56172,1667,1024,813
56173,1691,1024,814
56174,1675,1024,814
56175,1670,1024,813
56176,1680,1024,813
56177,1679,1023,813
56178,1670,1023,813
56179,1686,1023,813
56180,1673,1023,813
56181,1666,1023,813
56182,1663,1024,813
56183,1641,1023,813
56184,1662,1024,813
56185,1660,1024,813
56186,1679,1024,814
56187,1667,1024,813
56188,1665,1024,813
56189,1677,1024,813
56190,1666,1024,813
56191,1656,1023,812
56192,1660,1023,813
56193,1653,1023,813
56194,1675,1023,813
56195,1662,1023,813
56196,1665,1024,813
56197,1665,1024,813
56198,1663,1024,813
56199,1658,1024,813
56200,1664,1024,813
56201,1673,1024,813
56202,1656,1024,813
56203,1677,1024,813
56204,1656,1024,813
56205,1638,1024,813
56206,1657,1024,814
56207,1639,1024,813
56208,1656,1024,813
56209,1656,1024,813
56210,1652,1024,813
56211,1651,1024,813
56212,1658,1024,813
56213,1637,1023,812
56214,1654,1023,813
56215,1651,1023,812
56216,1658,1023,812
56217,1655,1023,813
56218,1664,1024,812
56219,1658,1023,812
56220,1655,1023,812
56221,1656,1023,812
56222,1654,1023,812
56223,1649,1023,813
56224,1637,1023,812
56225,1649,1023,812
56226,1641,1024,812
56227,1647,1023,813
56228,1655,1024,812
56229,1644,1024,811
56230,1645,1024,812
56231,1649,1024,812
56232,1646,1024,812
56233,1655,1024,812
56234,1647,1024,813
56235,1645,1023,811
56236,1633,1024,812
56237,1643,1023,812
56238,1634,1023,811
56239,1677,1024,812
56240,1623,1023,812
56241,1634,1023,812
56242,1630,1023,812
56243,1641,1024,812
56244,1650,1023,812
56245,1648,1024,811
56246,1644,1023,812
56247,1642,1024,812
56248,1646,1023,812
56249,1645,1024,812
56250,1619,1023,812
56251,1661,1023,813
56252,1644,1024,812
56253,1648,1023,812
56254,1650,1023,812
56255,1630,1024,812
56256,1641,1024,813
56257,1641,1023,812
56258,1632,1024,812
56259,1645,1023,813
56260,1652,1023,812
56261,1647,1023,812
56262,1649,1024,812
56263,1656,1023,812
56264,1648,1024,814
56265,1638,1024,812
56266,1641,1024,812
56267,1639,1024,813
56268,1640,1024,813
56269,1614,1024,813
56270,1642,1024,812
56271,1638,1024,813
56272,1629,1024,812
56273,1634,1024,813
56274,1633,1024,813
56275,1637,1024,812
56276,1622,1023,812
56277,1646,1023,812
56278,1627,1024,812
56279,1641,1023,812
56280,1638,1023,813
56281,1631,1023,813
56282,1646,1023,812
56283,1640,1023,812
56284,1628,1023,812
56285,1632,1023,811
56286,1624,1023,813
56287,1663,1023,812
56288,1641,1023,812
56289,1638,1023,812
56290,1635,1023,812
56291,1635,1023,811
56292,1640,1023,812
56293,1649,1023,813
56294,1636,1023,811
56295,1639,1023,812
56296,1635,1023,812
56297,1639,1023,812
56298,1629,1023,812
56299,1651,1023,812
56300,1630,1023,811
56301,1624,1023,812
56302,1617,1023,811
56303,1657,1023,812
56304,1624,1023,811
56305,1636,1024,812
56306,1599,1023,811
56307,1637,1024,812
56308,1618,1023,812
56309,1622,1024,812
56310,1628,1023,812
56311,1636,1024,812
56312,1632,1023,812
56313,1627,1024,811
56314,1630,1022,812
56315,1623,1023,812
56316,1619,1023,812
56317,1600,1023,812
56318,1619,1023,812
56319,1623,1023,811
56320,1625,1023,812
56321,1618,1023,811
56322,1629,1022,812
56323,1626,1023,812
56324,1642,1023,812
56325,1640,1023,812
56326,1629,1023,812
56327,1617,1024,812
56328,1628,1023,812
56329,1630,1024,812
56330,1639,1023,812
56331,1634,1024,812
56332,1636,1023,812
56333,1641,1024,812
56334,1638,1023,812
56335,1642,1024,812
56336,1651,1023,813
56337,1660,1023,812
56338,1655,1023,813
56339,1665,1024,812
56340,1658,1023,813
56341,1662,1024,812
56342,1666,1023,812
56343,1668,1024,812
56344,1652,1023,813
56345,1698,1024,813
56346,1706,1024,813
56347,1685,1024,813
56348,1711,1024,814
56349,1708,1024,805
56350,1704,1023,805
56351,1706,1023,805
56352,1732,1023,797
56353,1758,1014,796
56354,1767,1012,794
56355,1782,1011,794
56356,1780,1010,794
56357,1785,1010,794
56358,1795,1010,794
56359,1785,1010,793
56360,1810,1010,793
56361,1843,1010,794
56362,1850,1010,795
56363,1871,1010,794
56364,1869,1010,803
56365,1893,1017,809
56366,1889,1021,812
56367,1889,1023,814
56368,1904,1024,815
56369,1939,1024,816
56370,1954,1035,816
56371,1951,1042,817
56372,1994,1044,817
56373,2003,1045,817
56374,2001,1045,817
56375,2005,1045,817
56376,2026,1045,820
56377,2064,1045,824
56378,2090,1046,826
56379,2108,1046,827
56380,2131,1046,828
56381,2169,1047,829
56382,2129,1047,830
56383,2141,1046,829
56384,2153,1047,830
56385,2188,1047,830
56386,2217,1051,841
56387,2228,1056,846
56388,2228,1058,848
56389,2243,1073,850
56390,2241,1078,850
56391,2242,1080,852
56392,2276,1080,851
56393,2311,1081,852
56394,2340,1080,852
56395,2340,1081,853
56396,2340,1081,853
56397,2355,1080,853
56398,2344,1081,856
56399,2375,1081,859
56400,2384,1081,861
56401,2414,1081,862
56402,2412,1082,863
56403,2447,1082,863
56404,2454,1082,863
56405,2453,1086,863
56406,2441,1087,863
56407,2490,1087,863
56408,2492,1089,864
56409,2491,1091,864
56410,2489,1089,863
56411,2509,1088,865
56412,2508,1092,865
56413,2506,1092,865
56414,2513,1093,871
56415,2506,1094,872
56416,2551,1095,875
56417,2526,1095,881
56418,2519,1107,883
56419,2557,1114,884
56420,2552,1115,885
56421,2561,1117,885
56422,2566,1117,885
56423,2559,1117,885
56424,2573,1117,882
56425,2568,1117,884
56426,2562,1117,885
56427,2574,1117,885
56428,2548,1117,885
56429,2565,1117,886
56430,2562,1117,885
56431,2552,1117,885
56432,2571,1117,886
56433,2567,1117,886
56434,2552,1117,885
56435,2569,1117,885
56436,2558,1117,887
56437,2564,1117,885
56438,2564,1117,885
56439,2558,1117,885
56440,2558,1117,885
56441,2546,1117,886
56442,2535,1117,881
56443,2537,1116,883
56444,2523,1116,884
56445,2550,1117,884
56446,2536,1116,885
56447,2523,1117,884
56448,2527,1117,885
56449,2542,1117,885
56450,2526,1117,879
56451,2512,1112,882
56452,2517,1108,878
56453,2519,1099,871
56454,2508,1096,871
56455,2511,1094,872
56456,2510,1094,869
56457,2464,1093,865
56458,2473,1093,866
56459,2460,1093,865
56460,2412,1093,864
56461,2451,1089,864
56462,2424,1091,863
56463,2475,1089,864
56464,2424,1092,864
56465,2436,1093,864
56466,2410,1091,863
56467,2404,1087,864
56468,2361,1088,864
56469,2401,1087,864
56470,2422,1088,863
56471,2392,1084,863
56472,2392,1083,863
56473,2376,1083,863
56474,2362,1082,861
56475,2366,1082,860
56476,2346,1082,857
56477,2359,1082,855
56478,2390,1081,855
56479,2329,1081,856
56480,2298,1081,855
56481,2305,1081,854
56482,2316,1081,853
56483,2338,1082,854
56484,2318,1081,853
56485,2323,1081,852
56486,2318,1081,853
56487,2316,1080,853
56488,2302,1081,853
56489,2302,1081,853
56490,2282,1080,852
56491,2286,1080,853
56492,2278,1080,852
56493,2270,1080,852
56494,2271,1080,852
56495,2267,1080,852
56496,2251,1081,852
56497,2255,1080,851
56498,2244,1081,851
56499,2252,1080,851
56500,2247,1081,851
56501,2236,1080,851
56502,2220,1080,850
56503,2233,1080,850
56504,2229,1080,850
56505,2217,1080,845
56506,2208,1075,841
56507,2248,1063,839
56508,2201,1059,834
56509,2227,1057,835
56510,2202,1057,832
56511,2204,1057,832
56512,2211,1057,841
56513,2234,1058,846
56514,2265,1065,849
56515,2283,1076,850
56516,2273,1079,851
56517,2285,1079,852
56518,2267,1080,852
56519,2283,1080,851
56520,2277,1080,852
56521,2218,1079,851
56522,2184,1072,840
56523,2168,1063,836
56524,2170,1059,833
56525,2148,1057,832
56526,2161,1054,831
56527,2144,1050,831
56528,2141,1048,830
56529,2136,1047,830
56530,2136,1048,829
56531,2115,1047,830
56532,2107,1047,829
56533,2118,1047,829
56534,2117,1047,829
56535,2113,1046,829
56536,2105,1047,828
56537,2091,1047,828
56538,2092,1047,828
56539,2082,1046,829
56540,2089,1047,827
56541,2084,1046,828
56542,2091,1047,827
56543,2101,1046,829
56544,2075,1047,827
56545,2074,1046,828
56546,2070,1047,826
56547,2071,1046,827
56548,2063,1047,826
56549,2062,1046,823
56550,2055,1046,824
56551,2053,1045,823
56552,2060,1046,824
56553,2042,1046,823
56554,2036,1046,826
56555,2044,1046,827
56556,2037,1047,825
56557,2023,1046,826
56558,2030,1046,825
56559,2032,1046,826
56560,2027,1046,825
56561,2012,1046,821
56562,2017,1046,820
56563,1991,1045,819
56564,2006,1045,819
56565,2007,1045,818
56566,2006,1045,818
56567,2006,1044,817
56568,2037,1045,819
56569,2043,1045,818
56570,1989,1045,818
56571,1971,1045,817
56572,1979,1045,817
56573,1984,1045,817
56574,1981,1045,817
56575,1978,1044,817
56576,1976,1045,817
56577,1975,1045,817
56578,1960,1045,817
56579,1941,1045,816
56580,1955,1038,815
56581,1987,1039,817
56582,1959,1035,814
56583,1946,1035,816
56584,1949,1042,815
56585,1931,1040,815
56586,1940,1039,816
56587,1956,1033,816
56588,1922,1041,816
56589,1934,1034,816
56590,1915,1041,816
56591,1927,1044,816
56592,1934,1044,816
56593,1906,1038,816
56594,1912,1036,816
56595,1917,1035,816
56596,1915,1035,816
56597,1930,1035,816
56598,1902,1034,815
56599,1897,1027,815
56600,1907,1032,816
56601,1901,1037,815
56602,1894,1027,815
56603,1887,1025,815
56604,1814,1024,812
56605,1895,1023,813
56606,1897,1023,814
56607,1966,1024,814
56608,1882,1024,815
56609,1881,1024,815
56610,1884,1034,814
56611,1877,1028,815
56612,1886,1024,815
56613,1858,1024,812
56614,1891,1023,809
56615,1866,1023,810
56616,1901,1023,812
56617,1867,1023,811
56618,1874,1023,810
56619,1878,1023,812
56620,1883,1023,811
56621,1872,1023,808
56622,1877,1023,804
56623,1890,1022,805
56624,1860,1023,805
56625,1885,1022,806
56626,1871,1023,807
56627,1878,1023,812
56628,1873,1023,813
56629,1874,1023,810
56630,1869,1023,807
56631,1873,1023,807
56632,1869,1023,809
56633,1883,1023,812
56634,1888,1023,810
56635,1861,1023,810
56636,1884,1023,812
56637,1915,1024,810
56638,1885,1023,808
56639,1882,1023,812
56640,1890,1023,809
56641,1897,1023,812
56642,1888,1023,814
56643,1893,1024,815
56644,1889,1024,815
56645,1896,1024,815
56646,1898,1024,815
56647,1900,1031,815
56648,1897,1026,815
56649,1903,1025,815
56650,1910,1032,815
56651,1914,1036,815
56652,1908,1038,815
56653,1910,1028,815
56654,1909,1029,815
56655,1911,1025,816
56656,1908,1032,815
56657,1924,1029,815
56658,1920,1026,815
56659,1928,1025,815
56660,1933,1025,815
56661,1935,1025,815
56662,1932,1024,815
56663,1935,1024,816
56664,1937,1036,816
56665,1948,1041,816
56666,1963,1043,816
56667,1956,1044,817
56668,1959,1044,816
56669,1957,1044,816
56670,1967,1044,817
56671,1972,1044,817
56672,1971,1044,817
56673,1973,1045,817
56674,1981,1045,817
56675,1992,1045,817
56676,1979,1044,816
56677,1984,1044,817
56678,1984,1044,817
56679,1983,1045,816
56680,1972,1045,817
56681,1991,1044,816
56682,1994,1045,816
56683,1984,1044,817
56684,1994,1045,816
56685,1995,1044,816
56686,1996,1045,817
56687,1994,1045,817
56688,1981,1045,817
56689,1991,1045,817
56690,2006,1045,817
56691,2008,1045,817
56692,2008,1045,817
56693,2006,1044,818
56694,2010,1045,817
56695,1992,1044,817
56696,2008,1045,817
56697,2001,1044,817
56698,2002,1045,817
56699,1983,1044,817
56700,1988,1045,817
56701,1993,1044,817
56702,2001,1045,818
56703,2000,1045,817
56704,1990,1044,817
56705,1985,1044,818
56706,2006,1045,817
56707,2002,1045,817
56708,2011,1045,818
56709,2008,1045,818
56710,2012,1045,818
56711,2008,1045,820
56712,2009,1045,819
56713,2006,1045,818
56714,2002,1045,818
56715,2004,1045,818
56716,2010,1045,818
56717,2004,1044,818
56718,2004,1045,818
56719,1996,1045,817
56720,1993,1045,817
56721,2001,1044,817
56722,1999,1044,818
56723,1994,1044,816
56724,2004,1044,817
56725,1997,1044,817
56726,1999,1044,817
56727,2000,1044,817
56728,2002,1044,817
56729,1991,1044,817
56730,1996,1045,816
56731,1989,1044,817
56732,1993,1044,817
56733,1994,1045,817
56734,1980,1045,817
56735,1989,1044,817
56736,1972,1045,817
56737,1986,1044,817
56738,1974,1044,816
56739,1976,1044,817
56740,1979,1044,816
56741,1986,1044,816
56742,1981,1044,817
56743,1976,1044,817
56744,1976,1045,817
56745,1974,1044,816
56746,1971,1045,817
56747,1964,1044,816
56748,1970,1045,817
56749,1973,1044,817
56750,1968,1044,817
56751,1962,1045,817
56752,1968,1045,817
56753,1948,1044,816
56754,1958,1044,815
56755,1950,1040,816
56756,1954,1043,816
56757,1951,1044,816
56758,1950,1044,816
56759,1950,1044,816
56760,1860,1037,815
56761,1947,1035,816
56762,1935,1041,815
56763,1933,1032,816
56764,1927,1038,816
56765,1935,1042,815
56766,1968,1039,817
56767,1968,1043,816
56768,1930,1043,816
56769,1930,1044,815
56770,1920,1033,815
56771,1922,1034,815
56772,1953,1030,814
56773,1916,1026,815
56774,1925,1028,815
56775,1912,1026,816
56776,1915,1029,816
56777,1913,1033,815
56778,1913,1034,815
56779,1921,1028,815
56780,1921,1025,815
56781,1912,1025,815
56782,1909,1034,815
56783,1907,1034,816
56784,1902,1031,815
56785,1908,1034,816
56786,1892,1041,815
56787,1906,1039,816
56788,1899,1036,815
56789,1893,1035,815
56790,1884,1034,815
56791,1895,1037,814
56792,1878,1028,814
56793,1878,1025,815
56794,1883,1025,811
56795,1898,1024,813
56796,1877,1024,815
56797,1873,1024,810
56798,1860,1023,803
56799,1848,1022,802
56800,1864,1022,801
56801,1841,1018,800
56802,1858,1020,798
56803,1862,1014,797
56804,1861,1012,796
56805,1857,1011,795
56806,1849,1011,795
56807,1833,1011,795
56808,1840,1011,795
56809,1892,1010,797
56810,1861,1011,797
56811,1820,1011,795
56812,1843,1010,795
56813,1844,1010,794
56814,1858,1009,794
56815,1830,1011,794
56816,1830,1010,795
56817,1836,1010,794
56818,1831,1010,794
56819,1830,1010,794
56820,1815,1010,794
56821,1815,1011,794
56822,1821,1010,794
56823,1840,1010,794
56824,1817,1010,794
56825,1815,1010,794
56826,1814,1010,794
56827,1809,1011,794
56828,1811,1010,794
56829,1805,1010,794
56830,1797,1010,795
56831,1800,1010,794
56832,1780,1010,794
56833,1799,1010,793
56834,1796,1010,794
56835,1820,1009,793
56836,1780,1010,794
56837,1777,1010,793
56838,1773,1010,794
56839,1792,1010,793
56840,1777,1010,794
56841,1779,1010,793
56842,1782,1010,794
56843,1778,1009,794
56844,1789,1010,794
56845,1784,1010,793
56846,1765,1010,794
56847,1806,1010,793
56848,1774,1010,792
56849,1770,1009,794
56850,1760,1010,793
56851,1775,1010,793
56852,1763,1010,793
56853,1757,1010,793
56854,1760,1010,793
56855,1760,1010,793
56856,1744,1010,792
56857,1759,1010,793
56858,1726,1010,793
56859,1752,1010,793
56860,1748,1009,793
56861,1756,1011,793
56862,1774,1009,792
56863,1753,1010,793
56864,1745,1010,793
56865,1767,1010,793
56866,1748,1010,793
56867,1712,1010,798
56868,1737,1011,795
56869,1771,1010,794
56870,1753,1010,793
56871,1741,1010,793
56872,1746,1010,793
56873,1739,1010,798
56874,1742,1011,796
56875,1740,1010,793
56876,1778,1010,794
56877,1782,1010,793
56878,1759,1010,793
56879,1722,1010,792
56880,1727,1009,792
56881,1718,1009,792
56882,1733,1010,797
56883,1714,1010,794
56884,1718,1010,793
56885,1715,1010,792
56886,1742,1010,792
56887,1718,1010,792
56888,1722,1010,792
56889,1720,1010,792
56890,1732,1010,796
56891,1721,1010,794
56892,1741,1010,796
56893,1712,1010,799
56894,1728,1011,799
56895,1707,1016,801
56896,1710,1020,804
56897,1721,1021,801
56898,1718,1017,796
56899,1708,1016,805
56900,1676,1020,801
56901,1700,1020,803
56902,1725,1022,809
56903,1699,1022,807
56904,1702,1022,806
56905,1684,1022,801
56906,1708,1022,808
56907,1706,1022,811
56908,1709,1023,812
56909,1706,1023,813
56910,1700,1024,809
56911,1731,1022,804
56912,1706,1023,806
56913,1730,1022,807
56914,1706,1023,811
56915,1696,1023,812
56916,1707,1024,808
56917,1706,1023,811
56918,1713,1023,804
56919,1740,1022,808
56920,1711,1022,811
56921,1718,1023,805
56922,1701,1022,809
56923,1699,1023,811
56924,1713,1023,809
56925,1707,1023,812
56926,1702,1023,813
56927,1699,1024,808
56928,1706,1023,811
56929,1706,1023,812
56930,1701,1023,813
56931,1696,1024,814
56932,1712,1023,811
56933,1704,1023,812
56934,1705,1024,812
56935,1700,1024,813
56936,1708,1024,809
56937,1699,1023,808
56938,1714,1022,803
56939,1695,1023,808
56940,1696,1022,811
56941,1692,1023,812
56942,1706,1023,808
56943,1697,1023,811
56944,1709,1024,812
56945,1705,1024,813
56946,1653,1024,813
56947,1686,1024,810
56948,1699,1024,808
56949,1726,1023,808
56950,1697,1022,810
56951,1698,1024,804
56952,1697,1022,809
56953,1700,1023,812
56954,1710,1024,813
56955,1702,1024,813
56956,1696,1024,810
56957,1705,1023,807
56958,1617,1023,806
56959,1714,1022,799
56960,1705,1020,807
56961,1708,1022,810
56962,1709,1023,811
56963,1696,1023,813
56964,1702,1023,809
56965,1708,1023,812
56966,1702,1023,807
56967,1701,1023,811
56968,1718,1023,801
56969,1715,1018,800
56970,1703,1021,804
56971,1717,1021,806
56972,1636,1021,809
56973,1711,1023,807
56974,1712,1022,808
56975,1708,1023,811
56976,1712,1022,806
56977,1712,1022,807
56978,1704,1022,810
56979,1710,1022,811
56980,1714,1023,801
56981,1738,1021,801
56982,1719,1016,801
56983,1704,1018,807
56984,1739,1021,800
56985,1707,1021,807
56986,1709,1022,810
56987,1708,1023,812
56988,1700,1023,805
56989,1713,1022,806
56990,1708,1022,811
56991,1712,1022,806
56992,1711,1022,810
56993,1711,1023,803
56994,1714,1022,798
56995,1708,1018,801
56996,1714,1016,805
56997,1708,1020,801
56998,1706,1021,807
56999,1709,1022,802
57000,1727,1021,797
57001,1701,1017,801
57002,1722,1015,802
57003,1700,1018,799
57004,1705,1019,802
57005,1732,1021,800
57006,1721,1018,797
57007,1715,1013,803
57008,1705,1019,805
57009,1714,1021,807
57010,1689,1022,807
57011,1705,1023,806
57012,1778,1022,803
57013,1713,1022,805
57014,1712,1021,807
57015,1690,1022,810
57016,1714,1022,804
57017,1718,1021,801
57018,1712,1018,801
57019,1714,1015,802
57020,1707,1018,806
57021,1699,1021,803
57022,1726,1022,803
57023,1715,1021,798
57024,1707,1018,803
57025,1711,1018,803
57026,1720,1022,802
57027,1712,1016,801
57028,1723,1016,800
57029,1696,1020,807
57030,1703,1022,810
57031,1713,1023,800
57032,1711,1022,802
57033,1707,1022,803
57034,1712,1022,798
57035,1717,1015,803
57036,1715,1019,806
57037,1715,1020,798
57038,1718,1015,795
57039,1721,1011,796
57040,1705,1014,798
57041,1709,1015,801
57042,1711,1018,808
57043,1699,1021,805
57044,1714,1021,807
57045,1693,1022,805
57046,1688,1022,807
57047,1718,1022,799
57048,1713,1019,807
57049,1708,1021,805
57050,1723,1021,811
57051,1748,1022,809
57052,1769,1022,805
57053,1716,1022,807
57054,1730,1021,803
57055,1748,1021,802
57056,1716,1019,802
57057,1707,1019,799
57058,1719,1015,801
57059,1714,1014,799
57060,1715,1014,800
57061,1726,1018,803
57062,1699,1020,805
57063,1713,1021,807
57064,1720,1023,811
57065,1755,1023,805
57066,1707,1023,810
57067,1693,1022,811
57068,1693,1023,812
57069,1708,1023,813
57070,1711,1024,814
57071,1689,1023,814
57072,1694,1024,814
57073,1699,1023,813
57074,1702,1024,809
57075,1729,1023,808
57076,1704,1023,811
57077,1704,1023,807
57078,1687,1022,811
57079,1727,1023,812
57080,1702,1023,812
57081,1702,1023,813
57082,1706,1024,813
57083,1708,1024,813
57084,1701,1023,809
57085,1685,1023,811
57086,1694,1023,812
57087,1698,1024,813
57088,1675,1023,812
57089,1694,1024,814
57090,1693,1024,813
57091,1686,1023,813
57092,1700,1024,814
57093,1687,1024,814
57094,1684,1024,813
57095,1683,1024,813
57096,1691,1023,812
57097,1673,1023,813
57098,1671,1024,813
57099,1683,1023,813
57100,1681,1023,813
57101,1678,1023,812
57102,1690,1023,813
57103,1672,1023,812
57104,1663,1024,813
57105,1664,1024,813
57106,1667,1024,813
57107,1690,1024,813
57108,1670,1023,813
57109,1678,1024,813
57110,1688,1024,814
57111,1688,1024,813
57112,1680,1024,814
57113,1654,1024,813
57114,1665,1024,813
57115,1681,1024,814
57116,1680,1024,814
57117,1693,1024,814
57118,1702,1024,813
57119,1686,1024,814
57120,1655,1024,813
57121,1705,1024,814
57122,1678,1023,814
57123,1698,1024,809
57124,1694,1023,807
57125,1724,1022,799
57126,1711,1020,799
57127,1753,1016,795
57128,1735,1012,794
57129,1731,1011,794
57130,1742,1010,793
57131,1759,1010,793
57132,1750,1011,793
57133,1775,1010,794
57134,1791,1010,794
57135,1792,1010,794
57136,1808,1010,794
57137,1817,1010,794
57138,1810,1010,794
57139,1820,1010,793
57140,1840,1011,795
57141,1850,1010,795
57142,1878,1010,804
57143,1889,1018,810
57144,1902,1022,813
57145,1899,1023,814
57146,1917,1024,815
57147,1900,1024,816
57148,1919,1036,815
57149,1966,1028,816
57150,1989,1040,817
57151,1962,1043,817
57152,2037,1045,819
57153,2020,1045,820
57154,2031,1045,820
57155,2052,1045,821
57156,2044,1046,823
57157,2090,1046,826
57158,2122,1046,827
57159,2128,1047,828
57160,2155,1046,829
57161,2152,1047,830
57162,2158,1047,830
57163,2193,1047,831
57164,2159,1047,830
57165,2220,1051,841
57166,2246,1056,846
57167,2265,1058,849
57168,2297,1074,851
57169,2262,1078,851
57170,2291,1080,852
57171,2277,1080,853
57172,2308,1081,853
57173,2359,1081,853
57174,2376,1081,858
57175,2402,1081,860
57176,2407,1082,862
57177,2415,1082,863
57178,2411,1082,862
57179,2418,1083,864
57180,2423,1084,863
57181,2452,1083,863
57182,2457,1083,864
57183,2497,1090,864
57184,2504,1092,865
57185,2507,1093,869
57186,2516,1093,870
57187,2527,1094,872
57188,2525,1094,874
57189,2539,1095,880
57190,2572,1106,883
57191,2583,1114,884
57192,2599,1116,884
57193,2599,1117,886
57194,2606,1117,886
57195,2602,1117,886
57196,2610,1117,886
57197,2620,1117,886
57198,2630,1117,887
57199,2637,1117,887
57200,2618,1117,887
57201,2643,1117,887
57202,2652,1117,888
57203,2641,1117,888
57204,2653,1117,888
57205,2652,1118,888
57206,2660,1117,888
57207,2672,1117,889
57208,2660,1118,888
57209,2682,1117,890
57210,2662,1117,888
57211,2662,1117,888
57212,2673,1117,889
57213,2609,1117,887
57214,2549,1117,886
57215,2548,1116,885
57216,2505,1117,875
57217,2498,1101,869
57218,2486,1096,866
57219,2475,1094,865
57220,2475,1093,864
57221,2533,1093,875
57222,2573,1094,880
57223,2598,1106,884
57224,2636,1114,885
57225,2642,1116,886
57226,2616,1117,886
57227,2636,1117,887
57228,2632,1117,887
57229,2660,1117,887
57230,2626,1118,887
57231,2628,1118,887
57232,2625,1117,887
57233,2619,1118,887
57234,2618,1117,887
57235,2617,1118,887
57236,2624,1117,887
57237,2622,1117,886
57238,2489,1117,887
57239,2582,1117,885
57240,2635,1117,886
57241,2579,1117,886
57242,2583,1117,886
57243,2588,1117,886
57244,2593,1118,886
57245,2559,1117,886
57246,2549,1118,886
57247,2556,1117,886
57248,2532,1118,885
57249,2534,1117,882
57250,2525,1118,879
57251,2526,1112,879
57252,2542,1108,882
57253,2513,1114,875
57254,2505,1101,870
57255,2511,1095,867
57256,2501,1094,865
57257,2488,1093,865
57258,2480,1093,865
57259,2463,1092,864
57260,2445,1092,865
57261,2466,1093,864
57262,2438,1092,863
57263,2442,1087,863
57264,2441,1084,863
57265,2450,1083,865
57266,2437,1086,863
57267,2425,1084,864
57268,2455,1085,863
57269,2427,1083,864
57270,2413,1085,863
57271,2400,1085,863
57272,2397,1083,863
57273,2400,1083,862
57274,2387,1082,863
57275,2390,1083,862
57276,2391,1083,862
57277,2396,1082,862
57278,2318,1082,860
57279,2384,1082,862
57280,2392,1082,862
57281,2366,1082,859
57282,2315,1082,856
57283,2353,1081,855
57284,2362,1081,854
57285,2341,1081,854
57286,2374,1081,853
57287,2335,1081,853
57288,2342,1081,853
57289,2318,1081,853
57290,2321,1081,853
57291,2309,1081,852
57292,2300,1081,853
57293,2303,1081,852
57294,2308,1080,852
57295,2285,1080,852
57296,2304,1081,852
57297,2285,1080,852
57298,2295,1081,852
57299,2279,1081,852
57300,2279,1081,851
57301,2266,1081,852
57302,2270,1080,851
57303,2266,1081,852
57304,2271,1080,851
57305,2242,1080,852
57306,2254,1080,851
57307,2241,1081,851
57308,2211,1080,851
57309,2232,1081,851
57310,2247,1081,851
57311,2236,1081,851
57312,2227,1081,851
57313,2214,1081,850
57314,2228,1080,850
57315,2238,1080,847
57316,2215,1069,845
57317,2232,1065,841
57318,2208,1060,841
57319,2211,1059,846
57320,2203,1059,841
57321,2206,1058,836
57322,2197,1057,833
57323,2183,1056,837
57324,2177,1057,833
57325,2214,1057,832
57326,2181,1056,831
57327,2186,1051,831
57328,2186,1049,830
57329,2181,1048,831
57330,2196,1047,831
57331,2167,1048,831
57332,2161,1048,831
57333,2144,1047,830
57334,2163,1047,830
57335,2156,1047,830
57336,2168,1048,831
57337,2147,1047,830
57338,2161,1047,830
57339,2149,1046,830
57340,2140,1048,830
57341,2114,1047,830
57342,2123,1047,830
57343,2130,1047,830
57344,2123,1047,830
57345,2124,1047,829
57346,2120,1047,830
57347,2109,1047,829
57348,2100,1047,829
57349,2098,1047,828
57350,2116,1047,829
57351,2101,1047,829
57352,2093,1047,829
57353,2094,1047,829
57354,2100,1047,829
57355,2093,1047,829
57356,2135,1047,828
57357,2083,1046,828
57358,2095,1047,828
57359,2091,1047,829
57360,2082,1046,828
57361,2051,1046,827
57362,2076,1047,825
57363,2055,1045,823
57364,2058,1046,826
57365,2058,1046,825
57366,2054,1045,825
57367,2054,1046,823
57368,2043,1046,825
57369,2041,1046,826
57370,2019,1046,823
57371,2051,1046,822
57372,2028,1046,822
57373,2027,1045,822
57374,2029,1046,820
57375,2036,1045,822
57376,2020,1045,820
57377,2018,1045,818
57378,2005,1045,818
57379,2002,1045,820
57380,2012,1045,818
57381,2006,1045,818
57382,1999,1044,817
57383,1995,1045,817
57384,2001,1045,818
57385,1989,1044,817
57386,1987,1044,817
57387,1984,1045,817
57388,1989,1045,817
57389,2066,1045,818
57390,1996,1044,817
57391,1991,1045,818
57392,1983,1045,817
57393,1982,1046,817
57394,1968,1044,816
57395,1975,1044,817
57396,1994,1045,817
57397,1976,1045,817
57398,1958,1044,817
57399,1968,1045,817
57400,1960,1044,816
57401,1966,1037,816
57402,1956,1042,816
57403,1965,1044,816
57404,1969,1044,816
57405,1964,1044,816
57406,1968,1045,816
57407,1966,1045,816
57408,1960,1045,816
57409,1955,1045,817
57410,1979,1045,816
57411,1962,1037,816
57412,1984,1040,817
57413,1953,1043,816
57414,1962,1044,816
57415,1965,1044,816
57416,1968,1045,816
57417,1977,1044,816
57418,1978,1045,816
57419,1953,1044,816
57420,1958,1044,816
57421,1924,1044,816
57422,1972,1045,816
57423,1954,1045,816
57424,1972,1044,816
57425,1974,1044,816
57426,1980,1045,816
57427,1976,1045,816
57428,1987,1044,817
57429,1971,1044,816
57430,1971,1045,816
57431,1984,1044,817
57432,1997,1045,817
57433,1980,1044,817
57434,2015,1045,818
57435,2020,1045,818
57436,2022,1045,820
57437,2036,1044,822
57438,2025,1045,820
57439,2019,1045,821
57440,2026,1045,819
57441,2023,1045,824
57442,2034,1045,821
57443,2049,1045,824
57444,2035,1046,821
57445,2043,1045,825
57446,2104,1046,824
57447,2043,1046,826
57448,2049,1046,825
57449,2050,1046,823
57450,2063,1046,824
57451,2063,1046,823
57452,2073,1046,826
57453,2073,1046,827
57454,2072,1047,828
57455,2091,1046,828
57456,2121,1047,829
57457,2055,1046,828
57458,2086,1047,828
57459,2087,1046,828
57460,2088,1047,829
57461,2092,1047,829
57462,2096,1047,829
57463,2104,1047,829
57464,2096,1047,829
57465,2081,1047,829
57466,2103,1047,829
57467,2096,1047,829
57468,2126,1047,829
57469,2121,1047,828
57470,2118,1047,829
57471,2103,1047,829
57472,2116,1047,829
57473,2114,1047,829
57474,2115,1047,829
57475,2117,1047,829
57476,2114,1047,829
57477,2136,1047,829
57478,2133,1046,829
57479,2121,1047,830
57480,2138,1047,829
57481,2131,1047,830
57482,2142,1047,829
57483,2131,1047,830
57484,2145,1048,830
57485,2129,1048,830
57486,2143,1047,830
57487,2127,1047,829
57488,2129,1047,829
57489,2136,1048,830
57490,2140,1048,831
57491,2137,1047,831
57492,2122,1047,830
57493,2137,1047,830
57494,2147,1047,831
57495,2119,1047,830
57496,2139,1047,830
57497,2129,1047,830
57498,2127,1047,830
57499,2121,1047,829
57500,2128,1047,830
57501,2109,1047,829
57502,2101,1047,830
57503,2102,1047,829
57504,2121,1046,829
57505,2104,1047,829
57506,2112,1047,829
57507,2122,1047,829
57508,2119,1047,829
57509,2125,1047,830
57510,2144,1047,829
57511,2137,1048,830
57512,2114,1047,829
57513,2124,1047,830
57514,2125,1047,830
57515,2118,1047,830
57516,2109,1047,829
57517,2116,1047,830
57518,2125,1047,829
57519,2114,1047,829
57520,2128,1046,829
57521,2114,1047,828
57522,2112,1046,829
57523,2099,1047,829
57524,2102,1047,828
57525,2112,1047,829
57526,2097,1047,829
57527,2102,1047,829
57528,2110,1047,829
57529,2097,1047,829
57530,2141,1047,829
57531,2093,1047,830
57532,2093,1047,829
57533,2089,1047,828
57534,2097,1047,828
57535,2101,1046,829
57536,2090,1047,829
57537,2081,1046,828
57538,2086,1047,828
57539,2083,1046,827
57540,2075,1046,827
57541,2062,1046,827
57542,2069,1046,827
57543,2070,1047,827
57544,2069,1047,828
57545,2060,1047,825
57546,2079,1046,825
57547,2051,1046,826
57548,2051,1046,827
57549,2084,1047,826
57550,2055,1047,826
57551,2070,1047,828
57552,2048,1046,824
57553,2048,1045,823
57554,2047,1046,826
57555,2039,1046,825
57556,2025,1046,825
57557,2029,1046,823
57558,2039,1046,823
57559,2034,1046,823
57560,2044,1046,824
57561,2031,1046,821
57562,2034,1046,822
57563,2008,1045,820
57564,2032,1045,823
57565,2011,1045,820
57566,2012,1045,818
57567,2041,1045,820
57568,2014,1045,821
57569,2016,1045,819
57570,2008,1045,819
57571,2012,1045,819
57572,2000,1045,819
57573,1986,1045,818
57574,2040,1044,818
57575,1992,1045,818
57576,1999,1044,817
57577,1994,1045,817
57578,1992,1045,818
57579,1984,1044,817
57580,1994,1044,816
57581,1987,1045,817
57582,1973,1044,816
57583,1939,1044,816
57584,1972,1045,817
57585,1970,1045,816
57586,1970,1045,817
57587,1970,1044,816
57588,1964,1045,817
57589,1958,1045,816
57590,1963,1045,816
57591,1960,1045,817
57592,1964,1045,816
57593,1958,1044,816
57594,1953,1045,816
57595,1936,1041,815
57596,1934,1039,815
57597,1938,1036,815
57598,1921,1037,815
57599,1935,1035,815
57600,1942,1034,815
57601,1936,1034,815
57602,1936,1034,814
57603,1917,1034,815
57604,1928,1027,815
57605,1929,1025,815
57606,1925,1032,815
57607,1900,1033,815
57608,1918,1037,815
57609,1917,1035,816
57610,1902,1042,815
57611,1903,1039,815
57612,1901,1036,815
57613,1901,1028,815
57614,1917,1029,815
57615,1915,1026,815
57616,1901,1024,815
57617,1862,1024,814
57618,1886,1024,815
57619,1879,1024,814
57620,1877,1024,815
57621,1880,1024,810
57622,1883,1023,813
57623,1863,1024,814
57624,1873,1024,811
57625,1881,1024,809
57626,1872,1023,803
57627,1854,1023,803
57628,1865,1022,798
57629,1855,1016,797
57630,1849,1012,795
57631,1856,1011,796
57632,1839,1011,795
57633,1858,1010,795
57634,1825,1011,795
57635,1821,1010,794
57636,1800,1011,795
57637,1804,1010,794
57638,1801,1010,793
57639,1812,1010,793
57640,1810,1010,793
57641,1797,1011,792
57642,1779,1010,793
57643,1794,1010,793
57644,1782,1010,793
57645,1788,1011,794
57646,1779,1010,794
57647,1773,1011,794
57648,1729,1010,794
57649,1790,1011,794
57650,1765,1010,793
57651,1773,1011,794
57652,1761,1010,793
57653,1764,1010,794
57654,1762,1010,793
57655,1760,1010,793
57656,1762,1010,793
57657,1736,1010,792
57658,1741,1011,793
57659,1734,1010,793
57660,1735,1010,793
57661,1739,1010,792
57662,1744,1010,792
57663,1737,1010,792
57664,1739,1010,792
57665,1729,1010,792
57666,1686,1010,795
57667,1722,1010,794
57668,1717,1010,797
57669,1707,1014,798
57670,1721,1012,800
57671,1717,1013,801
57672,1723,1013,800
57673,1709,1019,807
57674,1750,1021,808
57675,1713,1021,803
57676,1695,1022,809
57677,1689,1022,810
57678,1695,1023,813
57679,1693,1023,808
57680,1691,1023,811
57681,1704,1022,812
57682,1700,1023,812
57683,1662,1023,812
57684,1687,1022,813
57685,1668,1023,812
57686,1669,1023,813
57687,1674,1023,813
57688,1679,1023,813
57689,1666,1023,812
57690,1648,1023,813
57691,1665,1023,812
57692,1646,1023,813
57693,1657,1023,812
57694,1659,1024,812
57695,1651,1023,812
57696,1652,1023,812
57697,1644,1023,812
57698,1660,1023,812
57699,1635,1023,812
57700,1642,1023,812
57701,1632,1023,812
57702,1628,1023,813
57703,1640,1023,813
57704,1611,1024,812
57705,1625,1023,812
57706,1622,1023,812
57707,1651,1023,812
57708,1614,1024,813
57709,1614,1024,812
57710,1613,1023,812
57711,1612,1023,812
57712,1598,1023,812
57713,1598,1024,811
57714,1598,1023,811
57715,1599,1023,808
57716,1619,1023,810
57717,1608,1023,810
57718,1594,1023,810
57719,1587,1023,811
57720,1588,1024,803
57721,1579,1022,807
57722,1619,1021,808
57723,1579,1022,800
57724,1605,1021,797
57725,1573,1015,795
57726,1569,1011,793
57727,1559,1011,792
57728,1565,1010,791
57729,1560,1010,791
57730,1558,1010,791
57731,1547,1010,791
57732,1540,1010,790
57733,1549,1010,790
57734,1538,1009,790
57735,1559,1010,791
57736,1544,1009,790
57737,1542,1009,791
57738,1535,1010,790
57739,1534,1009,790
57740,1574,1010,791
57741,1530,1009,790
57742,1521,1010,791
57743,1530,1009,791
57744,1528,1009,791
57745,1517,1010,791
57746,1505,1010,791
57747,1510,1009,790
57748,1521,1010,790
57749,1538,1009,790
57750,1512,1010,791
57751,1513,1010,790
57752,1495,1009,790
57753,1502,1010,790
57754,1491,1009,789
57755,1481,1010,789
57756,1482,1009,789
57757,1440,1009,790
57758,1501,1009,789
57759,1489,1009,789
57760,1495,1009,790
57761,1479,1009,790
57762,1484,1009,789
57763,1476,1008,789
57764,1468,1009,789
57765,1512,1009,789
57766,1479,1009,790
57767,1479,1009,789
57768,1463,1009,789
57769,1458,1010,790
57770,1454,1009,789
57771,1457,1009,789
57772,1462,1009,789
57773,1455,1009,789
57774,1457,1009,789
57775,1455,1009,788
57776,1458,1009,789
57777,1415,1009,788
57778,1442,1009,788
57779,1458,1009,788
57780,1452,1009,788
57781,1460,1009,788
57782,1494,1009,788
57783,1434,1009,788
57784,1469,1009,788
57785,1463,1009,788
57786,1445,1009,787
57787,1442,1009,789
57788,1444,1009,787
57789,1428,1009,788
57790,1431,1009,786
57791,1437,1009,786
57792,1426,1008,785
57793,1429,1001,781
57794,1431,993,784
57795,1446,1004,786
57796,1422,1007,782
57797,1413,994,782
57798,1411,989,780
57799,1415,988,781
57800,1412,988,779
57801,1405,988,784
57802,1416,992,780
57803,1396,989,785
57804,1432,993,785
57805,1421,1004,785
57806,1415,1007,782
57807,1381,994,780
57808,1378,989,779
57809,1380,988,779
57810,1386,987,778
57811,1370,987,777
57812,1377,987,778
57813,1373,987,777
57814,1376,986,778
57815,1355,987,777
57816,1351,987,777
57817,1338,987,778
57818,1356,987,777
57819,1370,987,777
57820,1336,987,777
57821,1344,986,777
57822,1305,987,777
57823,1332,987,777
57824,1319,987,777
57825,1328,987,776
57826,1331,988,776
57827,1339,987,776
57828,1305,987,776
57829,1303,987,776
57830,1302,987,776
57831,1296,987,776
57832,1287,987,776
57833,1291,987,776
57834,1277,987,775
57835,1292,986,776
57836,1256,987,776
57837,1276,987,775
57838,1267,986,775
57839,1258,986,775
57840,1258,986,775
57841,1256,986,771
57842,1264,986,773
57843,1262,985,773
57844,1260,986,774
57845,1267,986,770
57846,1251,985,772
57847,1214,986,766
57848,1234,998,760
57849,1217,1004,756
57850,1226,1006,755
57851,1244,1007,755
57852,1231,1007,755
57853,1226,1007,754
57854,1227,1006,754
57855,1225,1007,754
57856,1236,1007,754
57857,1225,1007,753
57858,1223,1007,754
57859,1214,1006,753
57860,1207,1006,753
57861,1208,1006,753
57862,1207,1006,753
57863,1192,1007,754
57864,1195,1007,754
57865,1186,1007,753
57866,1181,1007,753
57867,1168,1007,752
57868,1214,1007,753
57869,1170,1007,753
57870,1180,1007,753
57871,1171,1006,753
57872,1180,1007,753
57873,1160,1007,753
57874,1182,1007,753
57875,1170,1007,754
57876,1170,1007,753
57877,1159,1007,753
57878,1139,1007,753
57879,1156,1006,752
57880,1140,1006,752
57881,1148,1007,753
57882,1140,1006,752
57883,1142,1007,753
57884,1147,1007,752
57885,1130,1006,753
57886,1118,1006,752
57887,1122,1006,752
57888,1117,1007,752
57889,1099,999,751
57890,1102,990,751
57891,1100,987,751
57892,1110,997,752
57893,1095,1003,748
57894,1095,991,749
57895,1087,987,745
57896,1085,986,744
57897,1079,985,743
57898,1030,984,743
57899,1072,984,742
57900,1041,984,742
57901,1063,985,742
57902,1048,984,742
57903,1038,985,741
57904,1034,984,741
57905,1020,985,741
57906,1029,985,741
57907,1033,984,742
57908,1023,984,741
57909,1014,985,741
57910,996,985,741
57911,990,985,741
57912,967,984,740
57913,938,985,741
57914,957,984,740
57915,965,985,740
57916,927,984,740
57917,974,984,740
57918,948,984,732
57919,917,977,726
57920,911,973,723
57921,914,972,721
57922,920,972,722
57923,922,964,720
57924,908,962,720
57925,896,968,720
57926,893,960,719
57927,884,963,719
57928,878,961,719
57929,874,953,719
57930,866,951,719
57931,862,950,719
57932,842,950,719
57933,858,950,719
57934,870,950,719
57935,843,949,719
57936,840,949,717
57937,838,949,718
57938,837,950,718
57939,834,949,717
57940,836,949,718
57941,836,949,718
57942,852,949,718
57943,833,950,717
57944,825,949,718
57945,836,950,718
57946,828,950,718
57947,827,949,718
57948,827,949,718
57949,869,950,717
57950,803,950,717
57951,855,950,718
57952,859,949,718
57953,856,949,718
57954,861,949,718
57955,858,949,718
57956,861,949,718
57957,868,950,718
57958,890,950,718
57959,899,950,719
57960,920,950,719
57961,908,950,719
57962,919,949,719
57963,908,949,719
57964,922,956,719
57965,927,959,720
57966,962,967,730
57967,1001,970,736
57968,990,978,739
57969,1033,983,741
57970,996,984,741
57971,1008,984,741
57972,1003,985,742
57973,1047,985,741
57974,1071,985,742
57975,1093,985,746
57976,1119,985,749
57977,1103,986,749
57978,1122,986,750
57979,1125,986,751
57980,1114,986,751
57981,1155,993,751
57982,1185,995,752
57983,1218,1003,753
57984,1250,1006,754
57985,1246,1007,758
57986,1274,1007,767
57987,1262,1000,771
57988,1252,991,773
57989,1321,987,775
57990,1332,987,776
57991,1347,987,776
57992,1368,987,777
57993,1381,987,778
57994,1394,987,781
57995,1397,988,781
57996,1404,988,781
57997,1392,988,781
57998,1450,988,784
57999,1475,1002,787
58000,1486,1007,789
58001,1504,1009,789
58002,1508,1008,790
58003,1507,1009,790
58004,1542,1009,790
58005,1551,1009,790
58006,1570,1010,791
58007,1579,1010,795
58008,1581,1010,797
58009,1595,1011,804
58010,1615,1019,808
58011,1619,1021,809
58012,1641,1022,811
58013,1623,1023,811
58014,1640,1023,811
58015,1654,1024,813
58016,1671,1023,813
58017,1678,1023,813
58018,1675,1024,813
58019,1663,1023,813
58020,1673,1024,813
58021,1701,1023,812
58022,1700,1023,813
58023,1716,1023,810
58024,1712,1022,805
58025,1723,1023,798
58026,1727,1015,800
58027,1724,1015,804
58028,1707,1020,800
58029,1717,1017,796
58030,1728,1013,794
58031,1735,1011,793
58032,1737,1010,792
58033,1738,1010,792
58034,1736,1009,792
58035,1725,1010,791
58036,1733,1009,792
58037,1737,1009,792
58038,1724,1009,792
58039,1740,1009,791
58040,1719,1009,792
58041,1729,1009,792
58042,1715,1009,796
58043,1741,1010,799
58044,1727,1011,800
58045,1727,1013,796
58046,1744,1011,794
58047,1714,1011,794
58048,1719,1009,793
58049,1733,1010,793
58050,1723,1010,792
58051,1744,1010,792
58052,1735,1010,792
58053,1739,1010,793
58054,1761,1010,793
58055,1754,1010,793
58056,1766,1010,792
58057,1767,1010,793
58058,1724,1010,793
58059,1763,1010,793
58060,1777,1010,793
58061,1747,1009,793
58062,1689,1011,803
58063,1661,1018,808
58064,1637,1020,810
58065,1634,1023,810
58066,1615,1023,811
58067,1607,1023,810
58068,1597,1022,811
58069,1593,1023,811
58070,1577,1023,804
58071,1563,1022,797
58072,1557,1014,794
58073,1551,1011,792
58074,1552,1010,791
58075,1567,1010,791
58076,1557,1010,791
58077,1532,1009,791
58078,1526,1009,791
58079,1530,1009,791
58080,1512,1009,791
58081,1509,1009,791
58082,1499,1009,791
58083,1491,1009,790
58084,1478,1009,790
58085,1497,1009,790
58086,1479,1009,790
58087,1472,1009,789
58088,1468,1009,789
58089,1445,1010,789
58090,1450,1009,788
58091,1440,1010,789
58092,1450,1009,788
58093,1462,1010,789
58094,1419,1009,788
58095,1420,1009,783
58096,1411,997,783
58097,1414,991,782
58098,1414,988,780
58099,1390,987,782
58100,1423,988,782
58101,1407,988,781
58102,1387,988,781
58103,1397,988,781
58104,1385,988,779
58105,1380,987,778
58106,1378,987,778
58107,1375,988,778
58108,1383,987,778
58109,1381,987,778
58110,1352,987,778
58111,1356,987,777
58112,1348,987,777
58113,1346,987,777
58114,1345,987,777
58115,1312,987,776
58116,1336,986,777
58117,1356,987,777
58118,1348,987,776
58119,1326,987,776
58120,1333,987,776
58121,1324,987,776
58122,1316,987,776
58123,1315,986,776
58124,1322,986,775
58125,1346,987,776
58126,1318,987,776
58127,1295,986,775
58128,1316,987,776
58129,1304,987,776
58130,1297,986,776
58131,1306,987,776
58132,1301,986,775
58133,1298,986,775
58134,1293,987,775
58135,1321,987,775
58136,1292,987,775
58137,1288,986,775
58138,1280,986,775
58139,1290,987,774
58140,1277,986,775
58141,1288,987,776
58142,1277,986,774
58143,1277,986,772
58144,1265,987,774
58145,1273,986,775
58146,1279,987,775
58147,1271,986,775
58148,1265,987,775
58149,1269,986,775
58150,1265,987,775
58151,1259,986,775
58152,1254,987,775
58153,1256,986,775
58154,1253,986,775
58155,1254,986,775
58156,1245,987,770
58157,1258,985,770
58158,1247,994,765
58159,1242,1000,760
58160,1234,1006,757
58161,1242,1007,761
58162,1222,1008,758
58163,1235,1008,756
58164,1235,1007,755
58165,1224,1007,755
58166,1228,1007,755
58167,1225,1007,754
58168,1216,1008,754
58169,1217,1007,754
58170,1217,1007,754
58171,1213,1007,753
58172,1210,1007,755
58173,1220,1007,754
58174,1214,1006,754
58175,1202,1007,754
58176,1209,1007,754
58177,1189,1007,753
58178,1201,1007,754
58179,1200,1007,753
58180,1205,1006,754
58181,1198,1007,753
58182,1198,1007,753
58183,1188,1007,753
58184,1188,1007,753
58185,1159,1007,753
58186,1181,1007,754
58187,1199,1007,753
58188,1182,1007,754
58189,1181,1007,754
58190,1194,1007,753
58191,1186,1007,754
58192,1175,1007,753
58193,1175,1007,754
58194,1171,1007,754
58195,1182,1006,753
58196,1181,1006,753
58197,1177,1006,752
58198,1182,1006,753
58199,1188,1006,752
58200,1188,1007,753
58201,1191,1007,753
58202,1195,1006,752
58203,1195,1007,753
58204,1194,1007,753
58205,1192,1007,753
58206,1202,1007,753
58207,1203,1007,754
58208,1211,1007,754
58209,1193,1007,754
58210,1213,1007,754
58211,1203,1007,754
58212,1217,1007,753
58213,1212,1006,754
58214,1238,1007,754
58215,1227,1007,754
58216,1237,1007,754
58217,1236,1006,758
58218,1233,1008,761
58219,1239,1007,758
58220,1240,1008,761
58221,1245,1008,759
58222,1260,1008,767
58223,1280,1001,771
58224,1275,990,774
58225,1277,988,774
58226,1284,987,775
58227,1277,987,775
58228,1288,987,775
58229,1286,987,775
58230,1312,987,776
58231,1313,987,776
58232,1321,987,776
58233,1331,987,777
58234,1331,987,776
58235,1329,987,777
58236,1333,987,776
58237,1327,987,776
58238,1356,987,776
58239,1373,987,776
58240,1384,987,776
58241,1363,986,778
58242,1387,987,778
58243,1393,987,778
58244,1377,987,782
58245,1395,987,785
58246,1411,995,781
58247,1432,990,783
58248,1428,999,786
58249,1451,1006,787
58250,1443,1008,788
58251,1445,1009,788
58252,1454,1009,788
58253,1455,1009,788
58254,1475,1009,789
58255,1501,1009,789
58256,1497,1009,789
58257,1506,1009,790
58258,1511,1009,789
58259,1517,1010,790
58260,1514,1009,790
58261,1518,1009,790
58262,1532,1009,790
58263,1563,1009,790
58264,1544,1010,791
58265,1563,1009,791
58266,1554,1010,791
58267,1571,1009,791
58268,1563,1010,791
58269,1570,1010,791
58270,1584,1010,795
58271,1589,1011,802
58272,1594,1018,806
58273,1604,1021,808
58274,1613,1023,810
58275,1600,1022,810
58276,1569,1023,811
58277,1614,1023,811
58278,1612,1023,811
58279,1607,1022,811
58280,1620,1023,811
58281,1620,1023,811
58282,1635,1023,812
58283,1630,1024,812
58284,1635,1023,811
58285,1650,1024,812
58286,1646,1023,812
58287,1629,1022,812
58288,1664,1023,812
58289,1654,1023,813
58290,1662,1023,812
58291,1664,1023,813
58292,1661,1023,812
58293,1671,1023,813
58294,1649,1023,813
58295,1678,1023,813
58296,1645,1024,813
58297,1678,1023,813
58298,1677,1024,812
58299,1688,1023,813
58300,1696,1024,813
58301,1692,1023,813
58302,1697,1024,813
58303,1700,1024,814
58304,1697,1023,813
58305,1705,1024,814
58306,1706,1024,813
58307,1708,1024,809
58308,1697,1023,811
58309,1708,1023,804
58310,1710,1022,809
58311,1682,1023,812
58312,1707,1023,807
58313,1724,1023,800
58314,1704,1022,798
58315,1717,1016,800
58316,1714,1015,795
58317,1724,1012,794
58318,1721,1011,797
58319,1718,1011,795
58320,1709,1010,799
58321,1716,1013,796
58322,1721,1011,793
58323,1705,1010,796
58324,1711,1014,796
58325,1720,1011,795
58326,1717,1010,793
58327,1720,1010,796
58328,1719,1011,794
58329,1706,1010,796
58330,1719,1011,794
58331,1712,1011,798
58332,1709,1015,806
58333,1725,1020,803
58334,1712,1021,808
58335,1722,1021,799
58336,1711,1019,802
58337,1716,1021,796
58338,1665,1017,801
58339,1681,1020,807
58340,1691,1022,806
58341,1710,1023,810
58342,1696,1023,808
58343,1707,1023,811
58344,1712,1023,813
58345,1691,1023,813
58346,1694,1023,814
58347,1708,1024,810
58348,1742,1023,809
58349,1705,1023,811
58350,1698,1023,812
58351,1703,1023,813
58352,1711,1023,813
58353,1695,1024,813
58354,1691,1024,813
58355,1669,1024,813
58356,1683,1024,814
58357,1652,1023,813
58358,1682,1024,813
58359,1709,1023,813
58360,1694,1025,814
58361,1685,1023,813
58362,1655,1024,813
58363,1679,1024,813
58364,1668,1024,812
58365,1674,1024,813
58366,1668,1024,813
58367,1661,1023,812
58368,1664,1024,813
58369,1659,1024,812
58370,1688,1024,813
58371,1664,1024,812
58372,1667,1023,813
58373,1664,1024,812
58374,1654,1023,813
58375,1659,1023,813
58376,1670,1023,814
58377,1667,1024,812
58378,1620,1023,812
58379,1648,1023,812
58380,1669,1023,813
58381,1627,1023,812
58382,1651,1023,812
58383,1641,1024,812
58384,1639,1023,812
58385,1635,1024,812
58386,1646,1024,812
58387,1645,1025,812
58388,1634,1024,812
58389,1625,1024,812
58390,1638,1024,812
58391,1637,1024,812
58392,1641,1024,812
58393,1642,1024,813
58394,1607,1024,813
58395,1624,1024,812
58396,1626,1023,812
58397,1623,1023,812
58398,1626,1023,812
58399,1622,1023,812
58400,1620,1023,812
58401,1620,1023,812
58402,1641,1023,812
58403,1616,1023,812
58404,1611,1023,812
58405,1613,1023,812
58406,1609,1023,811
58407,1638,1023,812
58408,1620,1024,812
58409,1631,1023,811
58410,1600,1023,812
58411,1622,1023,812
58412,1615,1023,811
58413,1604,1023,811
58414,1610,1023,811
58415,1594,1023,811
58416,1614,1023,811
58417,1601,1023,811
58418,1602,1023,811
58419,1601,1023,811
58420,1599,1023,811
58421,1597,1023,811
58422,1580,1023,811
58423,1606,1023,811
58424,1609,1023,811
58425,1608,1024,811
58426,1594,1023,811
58427,1618,1024,812
58428,1584,1023,811
58429,1592,1023,811
58430,1591,1024,811
58431,1594,1023,811
58432,1567,1023,808
58433,1593,1023,809
58434,1579,1022,803
58435,1595,1023,807
58436,1581,1022,803
58437,1585,1022,806
58438,1572,1022,807
58439,1588,1022,808
58440,1598,1022,810
58441,1587,1023,810
58442,1579,1023,805
58443,1591,1022,808
58444,1585,1022,805
58445,1602,1022,805
58446,1588,1022,800
58447,1599,1017,800
58448,1573,1015,803
58449,1588,1019,802
58450,1603,1021,804
58451,1572,1021,801
58452,1571,1016,796
58453,1563,1012,793
58454,1488,1011,799
58455,1539,1011,798
58456,1612,1016,800
58457,1582,1015,798
58458,1575,1014,795
58459,1559,1011,792
58460,1580,1011,792
58461,1594,1010,794
58462,1566,1010,797
58463,1574,1010,794
58464,1562,1010,792
58465,1578,1010,792
58466,1575,1009,791
58467,1578,1010,792
58468,1572,1009,791
58469,1581,1010,791
58470,1588,1010,794
58471,1577,1010,797
58472,1584,1014,800
58473,1563,1016,796
58474,1558,1012,793
58475,1567,1011,793
58476,1559,1010,792
58477,1574,1010,791
58478,1563,1009,796
58479,1577,1010,793
58480,1581,1010,793
58481,1566,1009,791
58482,1580,1010,791
58483,1561,1009,795
58484,1571,1010,794
58485,1567,1010,797
58486,1583,1011,794
58487,1559,1010,793
58488,1562,1011,792
58489,1568,1010,792
58490,1567,1010,792
58491,1568,1010,791
58492,1573,1010,796
58493,1571,1010,793
58494,1570,1010,795
58495,1563,1011,793
58496,1571,1010,792
58497,1568,1010,792
58498,1570,1009,791
58499,1560,1010,791
58500,1573,1010,791
58501,1574,1010,791
58502,1565,1009,795
58503,1541,1010,793
58504,1547,1010,792
58505,1579,1010,795
58506,1562,1010,793
58507,1576,1010,792
58508,1573,1010,795
58509,1560,1011,793
58510,1583,1011,797
58511,1594,1014,801
58512,1590,1018,806
58513,1598,1021,804
58514,1611,1021,807
58515,1585,1022,809
58516,1587,1023,810
58517,1585,1023,802
58518,1583,1022,802
58519,1591,1021,807
58520,1591,1022,808
58521,1580,1022,800
58522,1584,1021,805
58523,1597,1022,808
58524,1579,1022,810
58525,1596,1023,810
58526,1600,1022,811
58527,1598,1023,806
58528,1595,1022,809
58529,1598,1023,810
58530,1604,1023,811
58531,1610,1023,811
58532,1618,1023,813
58533,1618,1023,812
58534,1604,1023,811
58535,1610,1024,812
58536,1607,1023,810
58537,1613,1024,812
58538,1623,1023,811
58539,1650,1023,812
58540,1621,1023,811
58541,1623,1023,812
58542,1620,1023,811
58543,1624,1023,812
58544,1646,1023,811
58545,1621,1023,811
58546,1627,1023,811
58547,1635,1023,812
58548,1627,1024,811
58549,1630,1023,812
58550,1623,1024,812
58551,1632,1023,812
58552,1635,1024,812
58553,1626,1023,811
58554,1640,1024,812
58555,1662,1024,812
58556,1631,1024,813
58557,1652,1024,812
58558,1643,1024,812
58559,1646,1024,812
58560,1645,1024,812
58561,1642,1023,812
58562,1652,1024,812
58563,1659,1024,813
58564,1668,1023,813
58565,1648,1024,813
58566,1659,1024,813
58567,1654,1024,813
58568,1655,1024,813
58569,1646,1024,813
58570,1678,1025,813
58571,1659,1024,813
58572,1675,1025,813
58573,1664,1024,813
58574,1674,1024,813
58575,1685,1023,813
58576,1679,1024,813
58577,1667,1023,813
58578,1680,1024,813
58579,1712,1023,813
58580,1675,1024,812
58581,1683,1023,812
58582,1681,1024,813
58583,1674,1024,812
58584,1682,1024,813
58585,1653,1024,812
58586,1681,1024,813
58587,1669,1024,813
58588,1685,1023,813
58589,1684,1024,813
58590,1695,1023,813
58591,1686,1024,813
58592,1684,1023,813
58593,1695,1024,813
58594,1690,1023,813
58595,1686,1024,813
58596,1700,1023,812
58597,1690,1024,814
58598,1695,1023,810
58599,1688,1023,811
58600,1657,1023,812
58601,1700,1023,813
58602,1701,1024,813
58603,1688,1024,813
58604,1688,1024,810
58605,1700,1023,812
58606,1703,1024,813
58607,1698,1023,813
58608,1699,1024,814
58609,1704,1024,810
58610,1700,1023,812
58611,1714,1023,809
58612,1689,1023,808
58613,1718,1023,803
58614,1697,1022,808
58615,1713,1022,804
58616,1708,1021,808
58617,1682,1023,806
58618,1700,1023,810
58619,1739,1022,806
58620,1714,1022,798
58621,1710,1019,806
58622,1710,1021,807
58623,1714,1021,799
58624,1717,1016,804
58625,1705,1020,804
58626,1714,1022,799
58627,1730,1016,795
58628,1730,1012,794
58629,1730,1010,793
58630,1721,1010,795
58631,1663,1014,804
58632,1723,1019,798
58633,1713,1015,799
58634,1717,1012,796
58635,1724,1010,794
58636,1726,1010,793
58637,1730,1010,792
58638,1722,1009,792
58639,1717,1010,791
58640,1740,1010,792
58641,1719,1009,791
58642,1737,1009,792
58643,1728,1010,792
58644,1724,1010,792
58645,1733,1010,793
58646,1734,1010,793
58647,1748,1010,793
58648,1727,1010,797
58649,1745,1010,795
58650,1732,1010,794
58651,1740,1010,793
58652,1740,1010,793
58653,1730,1010,793
58654,1739,1010,793
58655,1741,1010,798
58656,1739,1010,795
58657,1735,1010,793
58658,1732,1010,793
58659,1735,1009,793
58660,1732,1010,792
58661,1734,1010,792
58662,1746,1010,792
58663,1746,1010,792
58664,1730,1009,792
58665,1744,1010,793
58666,1746,1010,792
58667,1744,1009,793
58668,1751,1009,792
58669,1743,1009,793
58670,1736,1010,792
58671,1754,1010,796
58672,1731,1010,794
58673,1740,1010,794
58674,1765,1010,793
58675,1745,1010,793
58676,1752,1010,792
58677,1748,1010,793
58678,1746,1009,791
58679,1751,1009,793
58680,1750,1010,792
58681,1777,1010,793
58682,1747,1010,792
58683,1742,1010,793
58684,1710,1010,792
58685,1742,1009,793
58686,1712,1010,792
58687,1785,1010,796
58688,1752,1011,794
58689,1733,1011,794
58690,1755,1010,792
58691,1736,1010,793
58692,1745,1010,792
58693,1735,1010,793
58694,1751,1010,792
58695,1749,1010,793
58696,1770,1010,792
58697,1762,1009,792
58698,1733,1010,792
58699,1733,1009,792
58700,1736,1010,792
58701,1737,1009,792
58702,1735,1010,792
58703,1738,1010,792
58704,1736,1010,792
58705,1743,1010,793
58706,1739,1010,792
58707,1699,1010,792
58708,1723,1010,792
58709,1754,1009,792
58710,1727,1010,792
58711,1763,1010,792
58712,1732,1010,793
58713,1739,1010,792
58714,1737,1010,793
58715,1739,1010,793
58716,1722,1010,792
58717,1731,1010,797
58718,1742,1010,799
58719,1733,1011,795
58720,1707,1014,796
58721,1738,1012,794
58722,1730,1010,793
58723,1725,1010,796
58724,1717,1010,793
58725,1713,1010,792
58726,1724,1009,792
58727,1684,1011,795
58728,1722,1010,794
58729,1718,1010,798
58730,1706,1015,797
58731,1720,1011,795
58732,1726,1011,797
58733,1724,1011,794
58734,1730,1011,798
58735,1723,1010,795
58736,1720,1010,793
58737,1727,1009,793
58738,1719,1010,793
58739,1746,1009,792
58740,1744,1010,793
58741,1723,1009,792
58742,1713,1010,793
58743,1748,1010,792
58744,1736,1010,793
58745,1746,1009,793
58746,1758,1010,793
58747,1766,1010,793
58748,1773,1010,794
58749,1783,1010,794
58750,1778,1010,794
58751,1779,1011,794
58752,1790,1011,794
58753,1781,1010,794
58754,1813,1011,794
58755,1823,1010,794
58756,1853,1011,795
58757,1835,1010,794
58758,1850,1010,794
58759,1834,1011,794
58760,1853,1010,795
58761,1856,1010,794
58762,1879,1010,805
58763,1949,1019,810
58764,1931,1021,813
58765,1931,1023,814
58766,1950,1024,815
58767,1959,1024,816
58768,1963,1038,816
58769,1961,1043,816
58770,2002,1044,817
58771,2045,1045,821
58772,2074,1045,820
58773,2071,1045,825
58774,2089,1046,826
58775,2093,1046,828
58776,2102,1046,828
58777,2093,1047,829
58778,2118,1046,828
58779,2154,1047,829
58780,2107,1047,828
58781,2106,1046,829
58782,2156,1047,829
58783,2191,1047,830
58784,2223,1051,840
58785,2257,1056,846
58786,2266,1058,849
58787,2279,1073,851
58788,2274,1078,851
58789,2260,1080,852
58790,2331,1080,852
58791,2382,1081,857
58792,2427,1082,861
58793,2440,1082,862
58794,2469,1083,863
58795,2447,1082,863
58796,2476,1083,864
58797,2483,1090,864
58798,2539,1093,875
58799,2577,1095,881
58800,2611,1107,884
58801,2637,1113,885
58802,2648,1116,886
58803,2662,1116,887
58804,2677,1117,889
58805,2644,1117,888
58806,2716,1118,894
58807,2782,1118,897
58808,2803,1103,899
58809,2825,1099,899
58810,2835,1098,900
58811,2849,1098,901
58812,2849,1097,901
58813,2856,1098,905
58814,2906,1099,914
58815,2957,1111,918
58816,2981,1118,921
58817,3005,1120,922
58818,3003,1121,923
58819,3001,1121,923
58820,3028,1121,917
58821,3008,1121,909
58822,3071,1105,906
58823,3106,1101,905
58824,3124,1099,904
58825,3136,1099,904
58826,3155,1098,904
58827,3170,1098,905
58828,3169,1098,905
58829,3160,1098,905
58830,3204,1099,905
58831,3224,1099,916
58832,3239,1114,921
58833,3247,1119,923
58834,3268,1121,924
58835,3271,1121,926
58836,3281,1122,926
58837,3273,1122,926
58838,3302,1122,926
58839,3326,1123,926
58840,3320,1123,927
58841,3343,1122,927
58842,3347,1122,927
58843,3365,1123,927
58844,3344,1122,927
58845,3362,1127,928
58846,3243,1126,921
58847,3072,1123,912
58848,3037,1120,910
58849,3005,1116,917
58850,2964,1119,918
58851,2944,1120,920
58852,2937,1121,921
58853,2918,1121,921
58854,3074,1122,911
58855,3176,1110,908
58856,3269,1109,917
58857,3323,1117,923
58858,3350,1120,925
58859,3383,1125,932
58860,3413,1130,933
58861,3447,1132,936
58862,3411,1133,937
58863,3420,1134,938
58864,3405,1133,938
58865,3410,1134,938
58866,3412,1134,938
58867,3406,1134,936
58868,3422,1134,935
58869,3418,1133,936
58870,3382,1134,937
58871,3393,1134,936
58872,3389,1134,936
58873,3386,1134,935
58874,3383,1133,932
58875,3390,1133,934
58876,3356,1133,930
58877,3371,1133,930
58878,3369,1133,928
58879,3359,1133,928
58880,3336,1129,926
58881,3345,1128,928
58882,3332,1126,927
58883,3333,1124,927
58884,3342,1123,927
58885,3332,1122,927
58886,3286,1123,926
58887,3314,1122,927
58888,3295,1123,927
58889,3297,1122,927
58890,3292,1123,927
58891,3277,1123,927
58892,3280,1123,927
58893,3278,1123,926
58894,3285,1122,926
58895,3185,1122,926
58896,3253,1122,926
58897,3230,1121,921
58898,3243,1122,924
58899,3231,1122,925
58900,3239,1122,925
58901,3233,1122,924
58902,3218,1122,921
58903,3216,1122,923
58904,3228,1121,922
58905,3192,1121,917
58906,3183,1121,915
58907,3168,1120,913
58908,3182,1120,910
58909,3178,1106,907
58910,3168,1101,907
58911,3153,1099,905
58912,3149,1099,905
58913,3125,1098,904
58914,3131,1099,905
58915,3125,1098,904
58916,3129,1098,904
58917,3129,1098,904
58918,3112,1099,904
58919,3100,1097,904
58920,3103,1098,903
58921,3079,1098,903
58922,3089,1098,903
58923,3084,1097,904
58924,3075,1099,903
58925,3079,1097,903
58926,3080,1098,903
58927,3049,1097,903
58928,3090,1098,903
58929,3057,1098,903
58930,3079,1098,903
58931,3037,1098,902
58932,3038,1098,903
58933,3036,1098,907
58934,3021,1099,916
58935,3019,1114,920
58936,2992,1119,922
58937,3002,1121,923
58938,3006,1121,923
58939,2997,1122,923
58940,3002,1121,922
58941,3003,1122,923
58942,2985,1122,922
58943,2974,1122,923
58944,2967,1121,921
58945,2975,1122,923
58946,2969,1122,923
58947,2969,1122,923
58948,2927,1121,923
58949,2996,1122,922
58950,2960,1122,922
58951,2943,1122,922
58952,2954,1122,922
58953,2933,1122,922
58954,2944,1121,922
58955,2942,1122,922
58956,2955,1122,922
58957,2956,1122,922
58958,2916,1121,922
58959,2891,1121,922
58960,2892,1122,921
58961,2890,1122,921
58962,2943,1121,921
58963,2855,1122,921
58964,2888,1121,921
58965,2891,1121,921
58966,2875,1121,921
58967,2864,1121,916
58968,2866,1121,911
58969,2862,1109,906
58970,2860,1102,907
58971,2850,1099,904
58972,2849,1098,902
58973,2851,1098,902
58974,2838,1098,901
58975,2828,1097,901
58976,2825,1098,901
58977,2767,1097,901
58978,2810,1097,900
58979,2824,1098,900
58980,2803,1096,899
58981,2822,1098,899
58982,2800,1097,900
58983,2791,1097,900
58984,2808,1097,900
58985,2805,1097,900
58986,2799,1097,899
58987,2797,1097,900
58988,2777,1097,900
58989,2779,1097,899
58990,2775,1097,900
58991,2744,1097,899
58992,2776,1097,899
58993,2757,1097,898
58994,2733,1097,898
58995,2739,1097,898
58996,2738,1097,899
58997,2726,1097,898
58998,2675,1097,898
58999,2747,1097,898
59000,2715,1097,894
59001,2706,1105,893
59002,2698,1114,890
59003,2685,1117,891
59004,2708,1118,889
59005,2702,1117,889
59006,2679,1118,892
59007,2667,1118,893
59008,2676,1119,890
59009,2663,1119,888
59010,2665,1118,888
59011,2661,1118,888
59012,2668,1118,888
59013,2690,1118,888
59014,2653,1117,888
59015,2645,1118,888
59016,2652,1117,887
59017,2654,1119,888
59018,2643,1117,887
59019,2632,1118,887
59020,2630,1117,887
59021,2629,1118,887
59022,2629,1117,886
59023,2623,1118,887
59024,2630,1118,887
59025,2611,1118,887
59026,2667,1118,887
59027,2624,1118,887
59028,2623,1118,887
59029,2620,1118,887
59030,2613,1118,887
59031,2630,1118,887
59032,2618,1117,887
59033,2614,1118,887
59034,2626,1117,887
59035,2625,1117,887
59036,2614,1117,887
59037,2610,1117,886
59038,2611,1117,886
59039,2613,1118,887
59040,2607,1117,887
59041,2618,1117,887
59042,2613,1118,887
59043,2615,1117,886
59044,2611,1118,887
59045,2606,1117,886
59046,2607,1117,887
59047,2615,1117,886
59048,2628,1117,887
59049,2623,1117,887
59050,2611,1117,887
59051,2637,1118,887
59052,2615,1117,888
59053,2622,1118,887
59054,2628,1117,887
59055,2623,1118,887
59056,2648,1117,888
59057,2597,1117,888
59058,2632,1117,887
59059,2656,1117,888
59060,2638,1117,888
59061,2625,1117,888
59062,2653,1118,888
59063,2651,1117,888
59064,2666,1118,891
59065,2658,1117,889
59066,2647,1118,889
59067,2613,1117,889
59068,2663,1118,888
59069,2649,1117,886
59070,2669,1117,889
59071,2665,1118,890
59072,2691,1117,891
59073,2690,1118,891
59074,2667,1117,890
59075,2711,1118,890
59076,2681,1118,894
59077,2689,1119,891
59078,2693,1118,889
59079,2698,1118,889
59080,2715,1117,893
59081,2714,1117,893
59082,2709,1119,896
59083,2709,1106,898
59084,2714,1100,898
59085,2713,1098,896
59086,2725,1100,897
59087,2730,1098,898
59088,2725,1097,898
59089,2735,1097,899
59090,2742,1097,899
59091,2715,1097,899
59092,2740,1098,899
59093,2736,1097,899
59094,2706,1097,899
59095,2738,1097,899
59096,2747,1097,900
59097,2770,1097,900
59098,2768,1097,900
59099,2761,1097,900
59100,2761,1097,900
59101,2763,1097,899
59102,2754,1097,899
59103,2766,1097,900
59104,2767,1097,900
59105,2785,1097,900
59106,2781,1097,901
59107,2786,1098,901
59108,2772,1098,901
59109,2788,1098,901
59110,2776,1098,901
59111,2796,1097,901
59112,2786,1097,901
59113,2793,1098,900
59114,2792,1098,900
59115,2804,1098,901
59116,2777,1098,899
59117,2768,1097,900
59118,2800,1098,901
59119,2778,1097,901
59120,2753,1097,901
59121,2789,1097,900
59122,2796,1097,900
59123,2787,1097,901
59124,2791,1097,900
59125,2783,1097,900
59126,2761,1097,900
59127,2766,1097,900
59128,2715,1097,898
59129,2702,1097,895
59130,2691,1109,893
59131,2703,1116,892
59132,2695,1117,892
59133,2695,1118,890
59134,2702,1118,893
59135,2790,1119,896
59136,2760,1106,898
59137,2771,1100,899
59138,2771,1098,899
59139,2783,1097,899
59140,2790,1098,899
59141,2795,1097,900
59142,2785,1097,900
59143,2780,1097,900
59144,2759,1098,899
59145,2774,1097,900
59146,2783,1097,900
59147,2781,1098,900
59148,2783,1097,900
59149,2783,1098,900
59150,2778,1098,900
59151,2770,1098,900
59152,2782,1097,899
59153,2760,1098,900
59154,2767,1097,899
59155,2759,1097,899
59156,2763,1097,899
59157,2756,1098,899
59158,2732,1097,899
59159,2795,1097,899
59160,2743,1097,898
59161,2731,1097,899
59162,2747,1097,898
59163,2733,1097,898
59164,2726,1097,898
59165,2738,1097,899
59166,2735,1097,899
59167,2727,1097,896
59168,2717,1097,898
59169,2677,1096,897
59170,2722,1097,898
59171,2711,1097,898
59172,2729,1097,898
59173,2718,1097,894
59174,2724,1109,896
59175,2708,1100,895
59176,2715,1113,891
59177,2697,1116,889
59178,2653,1117,888
59179,2705,1117,891
59180,2696,1117,891
59181,2677,1118,895
59182,2670,1118,892
59183,2670,1118,891
59184,2672,1118,890
59185,2659,1118,889
59186,2693,1118,888
59187,2666,1118,888
59188,2652,1117,888
59189,2644,1119,891
59190,2671,1117,888
59191,2637,1117,888
59192,2638,1117,887
59193,2641,1118,887
59194,2627,1117,887
59195,2703,1118,887
59196,2627,1117,887
59197,2634,1118,887
59198,2615,1117,886
59199,2611,1117,887
59200,2605,1118,886
59201,2611,1117,886
59202,2642,1117,886
59203,2599,1117,886
59204,2601,1117,887
59205,2590,1117,886
59206,2586,1118,885
59207,2583,1117,886
59208,2575,1117,885
59209,2574,1117,885
59210,2530,1117,884
59211,2579,1117,886
59212,2583,1117,885
59213,2554,1117,885
59214,2568,1117,885
59215,2544,1117,885
59216,2544,1117,885
59217,2542,1117,885
59218,2547,1117,885
59219,2542,1117,885
59220,2534,1117,885
59221,2534,1117,885
59222,2543,1117,881
59223,2504,1109,881
59224,2516,1111,875
59225,2512,1101,873
59226,2513,1096,875
59227,2510,1096,874
59228,2516,1095,876
59229,2504,1095,871
59230,2540,1094,868
59231,2488,1094,866
59232,2480,1093,866
59233,2499,1093,865
59234,2477,1093,864
59235,2483,1093,864
59236,2492,1093,864
59237,2487,1093,864
59238,2472,1092,864
59239,2477,1091,864
59240,2465,1092,863
59241,2456,1085,863
59242,2457,1085,863
59243,2454,1086,863
59244,2446,1084,863
59245,2451,1086,863
59246,2443,1084,863
59247,2434,1083,863
59248,2417,1086,863
59249,2420,1087,863
59250,2418,1084,863
59251,2450,1087,863
59252,2435,1088,864
59253,2423,1089,863
59254,2417,1088,863
59255,2412,1089,863
59256,2404,1084,863
59257,2401,1083,862
59258,2429,1082,863
59259,2427,1082,862
59260,2392,1082,863
59261,2402,1082,862
59262,2386,1082,862
59263,2407,1082,863
59264,2374,1082,862
59265,2382,1083,862
59266,2368,1082,862
59267,2373,1083,862
59268,2377,1082,862
59269,2380,1083,861
59270,2378,1082,862
59271,2349,1082,857
59272,2351,1082,855
59273,2355,1081,856
59274,2355,1082,855
59275,2363,1081,854
59276,2344,1081,854
59277,2349,1081,853
59278,2362,1081,853
59279,2348,1081,853
59280,2349,1081,852
59281,2350,1080,853
59282,2347,1081,853
59283,2324,1080,853
59284,2334,1081,853
59285,2331,1080,853
59286,2338,1081,852
59287,2326,1081,852
59288,2328,1080,851
59289,2318,1081,852
59290,2317,1081,852
59291,2292,1081,853
59292,2300,1080,853
59293,2303,1080,852
59294,2305,1081,852
59295,2305,1080,852
59296,2307,1081,852
59297,2298,1080,852
59298,2329,1080,852
59299,2271,1080,852
59300,2289,1080,853
59301,2270,1080,852
59302,2274,1081,852
59303,2272,1081,852
59304,2276,1081,852
59305,2275,1080,852
59306,2274,1081,852
59307,2265,1080,852
59308,2265,1081,853
59309,2255,1080,852
59310,2255,1080,852
59311,2246,1081,851
59312,2252,1080,851
59313,2258,1081,851
59314,2272,1080,852
59315,2258,1080,851
59316,2232,1080,851
59317,2240,1080,851
59318,2252,1081,850
59319,2241,1080,851
59320,2240,1080,850
59321,2241,1080,851
59322,2233,1080,851
59323,2224,1081,850
59324,2233,1081,851
59325,2238,1080,851
59326,2228,1081,851
59327,2229,1080,847
59328,2226,1073,849
59329,2224,1078,850
59330,2248,1079,851
59331,2214,1080,849
59332,2224,1080,850
59333,2209,1080,850
59334,2209,1080,846
59335,2186,1067,837
59336,2217,1061,843
59337,2222,1059,844
59338,2220,1058,838
59339,2224,1058,837
59340,2205,1057,838
59341,2199,1057,835
59342,2205,1057,832
59343,2203,1057,836
59344,2192,1056,836
59345,2207,1056,833
59346,2188,1057,833
59347,2200,1056,832
59348,2202,1057,831
59349,2190,1052,831
59350,2192,1049,835
59351,2196,1053,836
59352,2209,1056,833
59353,2223,1057,831
59354,2176,1051,831
59355,2186,1049,831
59356,2194,1047,831
59357,2185,1048,831
59358,2203,1047,830
59359,2192,1048,831
59360,2229,1050,832
59361,2195,1055,833
59362,2194,1053,831
59363,2192,1049,831
59364,2186,1048,831
59365,2146,1047,831
59366,2197,1047,834
59367,2186,1054,833
59368,2191,1055,831
59369,2219,1052,831
59370,2181,1050,831
59371,2176,1048,830
59372,2191,1048,831
59373,2182,1047,830
59374,2222,1047,831
59375,2180,1047,830
59376,2181,1047,830
59377,2210,1047,831
59378,2173,1047,830
59379,2179,1047,830
59380,2188,1047,830
59381,2180,1047,831
59382,2181,1046,830
59383,2193,1047,830
59384,2190,1047,829
59385,2196,1047,830
59386,2180,1047,830
59387,2200,1047,830
59388,2184,1047,830
59389,2179,1047,830
59390,2178,1047,831
59391,2162,1047,830
59392,2195,1047,831
59393,2184,1047,830
59394,2189,1047,830
59395,2195,1047,831
59396,2181,1047,831
59397,2188,1047,830
59398,2176,1047,831
59399,2191,1047,831
59400,2148,1047,831
59401,2161,1051,833
59402,2189,1055,832
59403,2186,1053,831
59404,2182,1050,831
59405,2172,1049,831
59406,2187,1047,830
59407,2191,1048,831
59408,2192,1050,835
59409,2181,1055,832
59410,2177,1053,831
59411,2195,1049,831
59412,2191,1048,831
59413,2193,1048,831
59414,2211,1048,831
59415,2129,1047,830
59416,2183,1047,831
59417,2196,1047,830
59418,2205,1047,831
59419,2186,1047,830
59420,2184,1047,830
59421,2176,1047,830
59422,2179,1047,830
59423,2182,1047,830
59424,2195,1047,831
59425,2161,1050,833
59426,2190,1055,832
59427,2178,1052,831
59428,2187,1049,830
59429,2170,1048,830
59430,2183,1047,831
59431,2177,1048,831
59432,2195,1047,830
59433,2196,1048,831
59434,2175,1047,831
59435,2182,1047,831
59436,2168,1047,831
59437,2179,1047,831
59438,2176,1047,831
59439,2168,1047,831
59440,2176,1047,831
59441,2187,1047,830
59442,2182,1047,830
59443,2204,1047,831
59444,2179,1047,831
59445,2176,1047,831
59446,2166,1047,831
59447,2172,1048,831
59448,2181,1047,831
59449,2180,1047,831
59450,2166,1051,833
59451,2190,1055,832
59452,2178,1053,831
59453,2184,1050,831
59454,2184,1048,830
59455,2187,1051,831
59456,2155,1049,830
59457,2231,1048,830
59458,2180,1048,830
59459,2171,1047,830
59460,2173,1047,830
59461,2173,1047,830
59462,2181,1047,831
59463,2166,1047,831
59464,2181,1047,831
59465,2160,1047,831
59466,2146,1047,831
59467,2175,1047,831
59468,2164,1048,831
59469,2171,1048,831
59470,2156,1047,831
59471,2176,1048,831
59472,2219,1047,831
59473,2156,1047,831
59474,2196,1047,831
59475,2164,1048,831
59476,2160,1047,830
59477,2159,1047,831
59478,2162,1047,830
59479,2159,1047,830
59480,2167,1047,830
59481,2157,1047,830
59482,2196,1047,830
59483,2156,1047,830
59484,2148,1047,830
59485,2158,1047,830
59486,2157,1047,831
59487,2147,1048,831
59488,2143,1047,830
59489,2107,1047,831
59490,2147,1047,830
59491,2150,1047,830
59492,2161,1047,830
59493,2144,1047,830
59494,2160,1047,830
59495,2148,1047,830
59496,2149,1047,829
59497,2134,1047,830
59498,2156,1047,830
59499,2141,1047,830
59500,2139,1047,830
59501,2137,1046,830
59502,2147,1047,831
59503,2125,1047,830
59504,2142,1047,830
59505,2144,1048,831
59506,2133,1047,830
59507,2134,1047,829
59508,2129,1047,830
59509,2133,1047,830
59510,2125,1047,830
59511,2135,1047,830
59512,2138,1047,830
59513,2132,1047,830
59514,2137,1047,830
59515,2129,1047,830
59516,2129,1047,830
59517,2125,1047,829
59518,2105,1047,829
59519,2123,1047,829
59520,2122,1047,829
59521,2127,1047,829
59522,2126,1046,829
59523,2112,1046,829
59524,2114,1047,828
59525,2104,1047,829
59526,2122,1046,830
59527,2108,1047,829
59528,2117,1047,829
59529,2118,1047,829
59530,2112,1047,829
59531,2096,1047,829
59532,2093,1047,829
59533,2097,1047,829
59534,2097,1047,829
59535,2091,1047,829
59536,2111,1047,829
59537,2106,1046,828
59538,2096,1047,828
59539,2096,1047,828
59540,2091,1046,828
59541,2091,1046,828
59542,2089,1047,827
59543,2088,1047,828
59544,2090,1046,828
59545,2099,1047,828
59546,2098,1046,828
59547,2093,1047,828
59548,2096,1047,829
59549,2095,1047,829
59550,2097,1047,829
59551,2088,1047,829
59552,2093,1047,829
59553,2097,1047,829
59554,2086,1046,827
59555,2105,1047,829
59556,2112,1047,829
59557,2114,1047,829
59558,2111,1047,829
59559,2119,1047,829
59560,2116,1047,829
59561,2116,1047,829
59562,2119,1047,829
59563,2140,1047,829
59564,2147,1047,829
59565,2160,1047,830
59566,2163,1047,831
59567,2162,1047,831
59568,2160,1047,830
59569,2168,1047,831
59570,2172,1047,830
59571,2196,1047,831
59572,2228,1051,842
59573,2240,1056,847
59574,2248,1058,849
59575,2253,1074,850
59576,2251,1078,850
59577,2263,1080,851
59578,2270,1080,851
59579,2308,1081,852
59580,2338,1081,854
59581,2343,1081,852
59582,2370,1081,854
59583,2376,1081,859
59584,2371,1082,861
59585,2381,1082,862
59586,2393,1082,862
59587,2446,1082,863
59588,2488,1083,864
59589,2504,1089,864
59590,2520,1092,872
59591,2525,1094,879
59592,2543,1101,882
59593,2538,1111,883
59594,2558,1115,884
59595,2623,1116,885
59596,2663,1117,886
59597,2677,1117,889
59598,2700,1117,889
59599,2698,1117,889
59600,2716,1118,893
59601,2718,1117,891
59602,2739,1118,895
59603,2802,1111,899
59604,2842,1102,900
59605,2879,1099,910
59606,2892,1106,915
59607,2900,1116,914
59608,2902,1119,918
59609,2912,1120,920
59610,2930,1121,921
59611,2992,1121,922
59612,3034,1122,912
59613,3067,1113,908
59614,3061,1103,904
59615,3091,1100,904
59616,3106,1099,903
59617,3109,1098,903
59618,3107,1098,903
59619,3177,1098,904
59620,3253,1098,907
59621,3253,1099,917
59622,3260,1114,921
59623,3263,1119,923
59624,3277,1121,925
59625,3270,1122,925
59626,3291,1123,927
59627,3370,1127,929
59628,3372,1127,927
59629,3411,1128,933
59630,3417,1132,935
59631,3421,1133,938
59632,3401,1134,938
59633,3423,1134,939
59634,3441,1135,939
59635,3484,1135,939
59636,3517,1135,940
59637,3516,1135,940
59638,3540,1135,941
59639,3549,1135,941
59640,3569,1142,943
59641,3546,1140,946
59642,3545,1149,949
59643,3592,1154,955
59644,3600,1157,958
59645,3618,1158,960
59646,3612,1165,961
59647,3602,1167,961
59648,3626,1168,961
59649,3600,1168,962
59650,3657,1169,962
59651,3666,1169,963
59652,3663,1169,963
59653,3680,1169,962
59654,3692,1169,962
59655,3676,1169,963
59656,3684,1168,963
59657,3705,1169,964
59658,3692,1169,963
59659,3701,1169,963
59660,3706,1169,965
59661,3713,1168,964
59662,3709,1169,965
59663,3710,1169,964
59664,3705,1170,965
59665,3696,1169,965
59666,3731,1169,964
59667,3704,1169,964
59668,3709,1169,964
59669,3706,1169,964
59670,3705,1169,964
59671,3713,1169,963
59672,3709,1169,964
59673,3700,1169,964
59674,3702,1169,964
59675,3627,1169,962
59676,3551,1168,961
59677,3509,1164,950
59678,3488,1159,944
59679,3487,1150,942
59680,3478,1139,941
59681,3461,1136,940
59682,3472,1135,940
59683,3545,1135,940
59684,3546,1143,952
59685,3612,1153,956
59686,3628,1157,959
59687,3616,1157,960
59688,3665,1165,961
59689,3633,1168,961
59690,3640,1168,962
59691,3615,1169,962
59692,3600,1168,962
59693,3606,1169,961
59694,3602,1169,962
59695,3588,1168,961
59696,3595,1169,961
59697,3603,1168,961
59698,3591,1169,961
59699,3564,1168,961
59700,3567,1169,956
59701,3548,1162,954
59702,3550,1159,952
59703,3541,1158,948
59704,3452,1157,944
59705,3533,1156,942
59706,3533,1141,942
59707,3508,1137,941
59708,3500,1135,941
59709,3460,1135,940
59710,3476,1135,940
59711,3484,1135,940
59712,3469,1134,940
59713,3466,1135,939
59714,3470,1134,939
59715,3410,1135,939
59716,3380,1134,934
59717,3354,1134,931
59718,3352,1133,929
59719,3347,1133,928
59720,3340,1133,928
59721,3340,1132,928
59722,3330,1127,927
59723,3300,1124,927
59724,3278,1123,927
59725,3284,1122,927
59726,3269,1122,925
59727,3272,1122,927
59728,3229,1122,926
59729,3294,1123,926
59730,3275,1123,926
59731,3250,1122,925
59732,3217,1122,923
59733,3219,1121,924
59734,3207,1121,917
59735,3220,1121,914
59736,3206,1120,909
59737,3217,1112,914
59738,3206,1114,909
59739,3189,1110,913
59740,3176,1110,909
59741,3161,1102,906
59742,3146,1099,905
59743,3148,1098,904
59744,3152,1098,904
59745,3161,1098,905
59746,3157,1098,904
59747,3111,1098,904
59748,3112,1098,903
59749,3115,1098,904
59750,3106,1098,903
59751,3100,1098,903
59752,3107,1098,902
59753,3095,1098,903
59754,3116,1098,902
59755,3081,1097,903
59756,3074,1098,902
59757,3053,1097,903
59758,3132,1098,902
59759,3046,1097,902
59760,3059,1097,902
59761,3054,1097,902
59762,3061,1097,902
59763,3044,1098,904
59764,3017,1098,915
59765,3025,1106,916
59766,3010,1117,920
59767,3016,1120,922
59768,3009,1121,923
59769,3015,1122,918
59770,3025,1120,914
59771,2999,1121,918
59772,2985,1120,921
59773,2973,1121,921
59774,2979,1121,923
59775,2960,1121,922
59776,2965,1121,923
59777,2974,1122,923
59778,3010,1121,923
59779,2869,1121,922
59780,2926,1121,923
59781,2993,1122,922
59782,2980,1122,923
59783,2973,1121,922
59784,2951,1121,922
59785,2935,1121,922
59786,2945,1122,922
59787,2924,1122,922
59788,2926,1121,922
59789,2918,1121,922
59790,2914,1122,922
59791,2899,1122,922
59792,2892,1122,922
59793,2884,1122,921
59794,2867,1121,921
59795,2894,1121,921
59796,2881,1122,918
59797,2866,1121,919
59798,2874,1121,921
59799,2868,1122,922
59800,2844,1121,909
59801,2845,1109,905
59802,2844,1101,903
59803,2832,1099,901
59804,2821,1098,901
59805,2823,1097,901
59806,2834,1098,900
59807,2812,1097,901
59808,2799,1097,900
59809,2792,1097,901
59810,2776,1098,900
59811,2749,1097,900
59812,2766,1097,900
59813,2781,1097,901
59814,2771,1097,900
59815,2761,1097,900
59816,2772,1097,900
59817,2754,1097,900
59818,2748,1097,899
59819,2743,1097,899
59820,2727,1096,898
59821,2738,1097,898
59822,2717,1097,899
59823,2719,1097,898
59824,2682,1097,899
59825,2713,1097,897
59826,2707,1097,897
59827,2707,1097,895
59828,2697,1109,894
59829,2696,1116,891
59830,2703,1117,891
59831,2688,1118,891
59832,2677,1118,893
59833,2680,1119,894
59834,2696,1118,890
59835,2671,1117,889
59836,2671,1118,892
59837,2678,1118,893
59838,2649,1118,892
59839,2662,1118,889
59840,2657,1118,889
59841,2694,1117,888
59842,2631,1117,888
59843,2656,1117,887
59844,2649,1118,888
59845,2657,1117,888
59846,2657,1118,889
59847,2653,1118,888
59848,2644,1117,888
59849,2650,1118,888
59850,2654,1117,888
59851,2641,1118,888
59852,2660,1117,888
59853,2636,1118,888
59854,2645,1117,888
59855,2653,1118,888
59856,2693,1117,887
59857,2685,1118,888
59858,2654,1117,887
59859,2652,1118,888
59860,2685,1117,888
59861,2653,1118,888
59862,2660,1117,891
59863,2662,1118,889
59864,2662,1118,889
59865,2674,1118,890
59866,2677,1117,890
59867,2665,1118,888
59868,2680,1118,893
59869,2678,1119,892
59870,2672,1118,892
59871,2688,1118,890
59872,2686,1118,892
59873,2701,1118,890
59874,2707,1118,890
59875,2729,1118,889
59876,2694,1118,890
59877,2695,1117,890
59878,2653,1118,890
59879,2721,1118,890
59880,2753,1117,895
59881,2714,1118,896
59882,2724,1103,897
59883,2717,1099,898
59884,2713,1097,898
59885,2716,1097,898
59886,2724,1097,898
59887,2731,1098,897
59888,2736,1097,898
59889,2731,1097,899
59890,2739,1097,899
59891,2756,1098,899
59892,2733,1097,899
59893,2754,1098,899
59894,2744,1097,898
59895,2762,1097,899
59896,2758,1097,899
59897,2773,1097,900
59898,2765,1097,899
59899,2784,1097,899
59900,2757,1097,899
59901,2786,1097,900
59902,2759,1097,899
59903,2776,1097,899
59904,2783,1098,900
59905,2788,1097,900
59906,2789,1098,900
59907,2791,1097,900
59908,2814,1098,900
59909,2767,1097,900
59910,2782,1097,900
59911,2792,1097,900
59912,2798,1097,900
59913,2797,1097,900
59914,2813,1097,899
59915,2805,1097,900
59916,2803,1097,900
59917,2802,1097,900
59918,2793,1097,900
59919,2795,1097,900
59920,2781,1097,900
59921,2812,1097,900
59922,2794,1097,900
59923,2779,1097,900
59924,2823,1097,900
59925,2818,1097,900
59926,2821,1098,901
59927,2811,1097,901
59928,2821,1098,900
59929,2800,1098,901
59930,2814,1098,901
59931,2801,1098,900
59932,2816,1098,900
59933,2816,1098,900
59934,2823,1098,901
59935,2832,1098,901
59936,2811,1098,901
59937,2822,1097,900
59938,2818,1097,900
59939,2807,1098,900
59940,2848,1097,901
59941,2806,1098,900
59942,2804,1097,900
59943,2799,1097,900
59944,2817,1097,901
59945,2785,1097,899
59946,2792,1097,901
59947,2798,1097,901
59948,2804,1097,901
59949,2767,1097,900
59950,2800,1097,901
59951,2780,1098,901
59952,2782,1097,900
59953,2770,1098,900
59954,2764,1098,900
59955,2760,1098,900
59956,2785,1098,901
59957,2786,1097,901
59958,2748,1097,900
59959,2781,1098,900
59960,2777,1097,900
59961,2764,1097,899
59962,2764,1097,900
59963,2761,1098,899
59964,2757,1097,900
59965,2750,1097,900
59966,2762,1097,900
59967,2755,1097,899
59968,2746,1097,899
59969,2740,1097,899
59970,2739,1097,899
59971,2732,1097,899
59972,2734,1097,899
59973,2740,1097,898
59974,2753,1097,899
59975,2722,1097,897
59976,2713,1096,895
59977,2711,1102,896
59978,2716,1105,892
59979,2671,1114,890
59980,2695,1117,889
59981,2748,1118,890
59982,2686,1117,892
59983,2682,1118,891
59984,2679,1118,892
59985,2669,1118,891
59986,2635,1118,889
59987,2664,1118,889
59988,2665,1118,888
59989,2673,1117,888
59990,2668,1118,888
59991,2639,1117,887
59992,2555,1117,886
59993,2634,1118,887
59994,2630,1117,887
59995,2640,1117,887
59996,2646,1118,887
59997,2625,1117,887
59998,2620,1117,887
59999,2599,1118,886
60000,2583,1117,886
60001,2576,1117,886
60002,2583,1117,886
60003,2606,1117,886
60004,2558,1117,886
60005,2566,1117,886
60006,2585,1117,885
60007,2579,1117,886
60008,2558,1117,885
60009,2561,1117,885
60010,2531,1117,885
60011,2547,1118,886
60012,2547,1117,886
60013,2550,1117,885
60014,2556,1117,886
60015,2534,1117,886
60016,2534,1117,885
60017,2522,1117,885
60018,2542,1118,887
60019,2511,1116,878
60020,2504,1105,872
60021,2517,1098,875
60022,2515,1096,871
60023,2501,1094,868
60024,2499,1094,866
60025,2485,1093,865
60026,2488,1094,865
60027,2480,1093,865
60028,2491,1093,865
60029,2500,1093,865
60030,2477,1093,865
60031,2464,1093,864
60032,2445,1093,865
60033,2446,1093,864
60034,2441,1093,864
60035,2445,1093,864
60036,2429,1091,863
60037,2432,1088,863
60038,2442,1085,863
60039,2414,1082,862
60040,2417,1086,864
60041,2416,1090,863
60042,2401,1085,863
60043,2388,1083,863
60044,2405,1083,863
60045,2403,1082,863
60046,2400,1083,863
60047,2405,1083,863
60048,2384,1083,862
60049,2285,1082,862
60050,2432,1083,862
60051,2380,1082,861
60052,2354,1083,859
60053,2364,1082,861
60054,2368,1082,860
60055,2354,1081,858
60056,2341,1082,857
60057,2342,1082,855
60058,2346,1081,854
60059,2344,1081,853
60060,2332,1081,853
60061,2308,1081,853
60062,2303,1081,853
60063,2326,1080,853
60064,2324,1081,853
60065,2304,1080,853
60066,2306,1081,852
60067,2308,1080,852
60068,2288,1081,853
60069,2313,1081,852
60070,2268,1081,852
60071,2286,1081,852
60072,2283,1080,852
60073,2282,1081,852
60074,2265,1081,852
60075,2274,1081,852
60076,2258,1081,852
60077,2275,1081,852
60078,2275,1080,852
60079,2269,1081,851
60080,2270,1080,852
60081,2249,1081,851
60082,2242,1080,851
60083,2243,1081,851
60084,2240,1080,851
60085,2258,1081,850
60086,2232,1079,850
60087,2228,1080,851
60088,2216,1080,851
60089,2217,1081,850
60090,2211,1080,848
60091,2231,1077,849
60092,2218,1072,847
60093,2210,1071,846
60094,2210,1062,848
60095,2212,1064,839
60096,2193,1059,835
60097,2189,1057,833
60098,2179,1057,831
60099,2182,1052,831
60100,2179,1049,830
60101,2220,1048,831
60102,2174,1048,831
60103,2178,1047,831
60104,2167,1047,831
60105,2172,1047,831
60106,2166,1048,831
60107,2154,1047,830
60108,2149,1047,831
60109,2156,1047,831
60110,2153,1047,831
60111,2148,1047,830
60112,2147,1047,831
60113,2116,1047,829
60114,2128,1047,830
60115,2125,1047,829
60116,2118,1046,830
60117,2128,1047,829
60118,2079,1046,829
60119,2122,1047,829
60120,2112,1047,829
60121,2133,1046,829
60122,2123,1047,829
60123,2115,1047,829
60124,2094,1047,829
60125,2096,1047,829
60126,2110,1047,829
60127,2093,1047,829
60128,2099,1047,829
60129,2083,1047,828
60130,2087,1047,828
60131,2088,1047,829
60132,2086,1047,828
60133,2075,1047,826
60134,2089,1047,828
60135,2079,1046,828
60136,2111,1047,828
60137,2064,1046,827
60138,2065,1046,828
60139,2076,1046,825
60140,2072,1046,826
60141,2070,1045,824
60142,2055,1046,825
60143,2078,1046,825
60144,2052,1046,822
60145,2036,1046,822
60146,2046,1046,824
60147,2050,1046,823
60148,2057,1046,825
60149,2049,1046,822
60150,2044,1046,825
60151,2022,1046,826
60152,2077,1046,825
60153,2040,1046,827
60154,2035,1047,823
60155,2034,1046,826
60156,2039,1046,826
60157,2043,1047,826
60158,2029,1046,826
60159,2024,1047,827
60160,2025,1046,824
60161,2032,1046,823
60162,2048,1044,823
60163,2060,1045,823
60164,2029,1045,818
60165,2008,1045,821
60166,2016,1045,820
60167,2016,1045,822
60168,2022,1045,822
60169,2019,1046,821
60170,2025,1045,818
60171,2014,1045,819
60172,2019,1045,818
60173,2043,1045,821
60174,2001,1045,820
60175,2005,1045,819
60176,2016,1045,818
60177,2012,1044,818
60178,2005,1045,817
60179,2010,1045,818
60180,1996,1045,817
60181,2008,1044,817
60182,1998,1045,818
60183,2023,1044,817
60184,2002,1045,818
60185,2002,1044,818
60186,2007,1045,818
60187,1997,1045,818
60188,2015,1045,818
60189,1993,1044,818
60190,2045,1045,818
60191,2022,1045,818
60192,1992,1045,818
60193,2009,1045,818
60194,1994,1045,820
60195,2017,1045,818
60196,2011,1045,818
60197,2042,1045,817
60198,2006,1044,818
60199,1997,1045,817
60200,1990,1044,817
60201,2007,1045,817
60202,1995,1044,818
60203,1995,1044,817
60204,1993,1044,817
60205,1999,1045,817
60206,1990,1045,817
60207,2018,1045,818
60208,2008,1044,817
60209,1982,1044,818
60210,1999,1045,817
60211,1988,1044,816
60212,1983,1045,817
60213,1994,1044,817
60214,1993,1045,818
60215,2013,1044,818
60216,1994,1045,818
60217,2019,1045,818
60218,2018,1045,818
60219,1995,1045,818
60220,2016,1045,821
60221,2004,1045,819
60222,2023,1045,819
60223,2018,1045,820
60224,2007,1045,819
60225,1997,1045,818
60226,2001,1045,818
60227,1984,1045,818
60228,1990,1045,818
60229,1984,1045,818
60230,2008,1045,818
60231,1992,1044,818
60232,1995,1045,817
60233,1986,1045,817
60234,1996,1044,817
60235,1995,1045,817
60236,1974,1045,817
60237,2011,1044,817
60238,1975,1045,817
60239,1986,1044,817
60240,1988,1044,817
60241,1988,1044,816
60242,1991,1044,817
60243,1988,1044,817
60244,1987,1044,818
60245,1998,1044,818
60246,1962,1045,817
60247,2001,1045,818
60248,1994,1045,817
60249,1987,1045,817
60250,1995,1045,817
60251,1986,1045,817
60252,1988,1045,818
60253,1996,1044,817
60254,1995,1045,817
60255,1989,1045,817
60256,1979,1045,817
60257,1976,1045,817
60258,1987,1044,816
60259,1986,1044,817
60260,1982,1045,817
60261,1990,1044,816
60262,1977,1044,817
60263,2000,1044,816
60264,1995,1044,817
60265,1988,1044,817
60266,1970,1045,817
60267,1981,1044,817
60268,1971,1045,817
60269,1978,1044,817
60270,1972,1045,817
60271,1982,1045,817
60272,1968,1045,818
60273,1968,1044,816
60274,1981,1045,816
60275,1971,1045,817
60276,1981,1044,817
60277,1982,1045,817
60278,1969,1045,817
60279,1978,1045,817
60280,1966,1044,817
60281,1982,1044,816
60282,1979,1045,816
60283,1974,1045,816
60284,1979,1045,817
60285,1936,1044,816
60286,1976,1044,816
60287,1969,1044,816
60288,1972,1044,816
60289,1947,1044,816
60290,1965,1044,816
60291,1964,1044,816
60292,1957,1045,816
60293,1961,1044,816
60294,1963,1045,816
60295,1956,1044,816
60296,1952,1045,816
60297,1952,1044,816
60298,1957,1045,816
60299,1956,1044,816
60300,1959,1044,816
60301,1944,1044,816
60302,1952,1044,816
60303,1948,1042,816
60304,1937,1043,816
60305,1947,1044,816
60306,1942,1044,817
60307,1937,1044,816
60308,1957,1044,816
60309,1947,1044,816
60310,1954,1044,816
60311,1950,1044,816
60312,1946,1044,816
60313,1942,1045,816
60314,1946,1045,816
60315,1930,1037,816
60316,1938,1043,816
60317,1934,1037,816
60318,1931,1036,815
60319,1918,1031,815
60320,1923,1030,815
60321,1926,1028,815
60322,1981,1026,815
60323,1926,1034,815
60324,1882,1034,815
60325,1892,1037,815
60326,1914,1035,815
60327,1919,1034,816
60328,1915,1041,816
60329,1923,1043,816
60330,1980,1044,815
60331,1920,1040,816
60332,1913,1043,815
60333,1893,1030,816
60334,1910,1040,816
60335,1912,1040,816
60336,1901,1040,815
60337,1895,1036,815
60338,1893,1027,815
60339,1900,1031,815
60340,1874,1033,815
60341,1892,1027,815
60342,1908,1025,814
60343,1890,1024,814
60344,1888,1024,814
60345,1908,1024,815
60346,1886,1024,815
60347,1881,1032,810
60348,1869,1025,807
60349,1872,1023,807
60350,1866,1023,811
60351,1853,1023,806
60352,1873,1022,803
60353,1869,1022,803
60354,1865,1022,799
60355,1870,1017,797
60356,1858,1012,796
60357,1862,1012,796
60358,1874,1014,798
60359,1863,1012,797
60360,1863,1011,795
60361,1847,1011,795
60362,1856,1010,794
60363,1850,1010,795
60364,1844,1011,794
60365,1856,1011,795
60366,1860,1011,794
60367,1843,1011,795
60368,1839,1010,795
60369,1852,1010,795
60370,1839,1011,795
60371,1837,1010,795
60372,1845,1011,795
60373,1842,1010,795
60374,1831,1010,794
60375,1831,1010,794
60376,1846,1010,794
60377,1844,1010,794
60378,1835,1010,794
60379,1840,1010,794
60380,1847,1010,794
60381,1846,1009,799
60382,1859,1011,797
60383,1836,1010,794
60384,1854,1011,795
60385,1843,1011,795
60386,1857,1011,795
60387,1879,1014,802
60388,1873,1018,808
60389,1876,1021,812
60390,1866,1022,811
60391,1917,1023,809
60392,1895,1024,813
60393,1885,1024,814
60394,1887,1024,814
60395,1907,1024,815
60396,1934,1024,815
60397,1948,1024,816
60398,1970,1039,816
60399,1967,1043,816
60400,1973,1044,816
60401,1975,1045,817
60402,1960,1045,817
60403,2009,1045,817
60404,2034,1045,819
60405,2068,1046,820
60406,2060,1045,823
60407,2116,1047,825
60408,2067,1046,827
60409,2070,1047,828
60410,2083,1047,828
60411,2116,1047,829
60412,2165,1047,830
60413,2200,1047,830
60414,2218,1047,835
60415,2216,1053,839
60416,2229,1057,845
60417,2228,1058,848
60418,2235,1071,850
60419,2283,1077,851
60420,2333,1079,852
60421,2374,1081,854
60422,2417,1081,859
60423,2450,1082,861
60424,2414,1082,862
60425,2451,1082,863
60426,2397,1083,864
60427,2463,1085,864
60428,2532,1090,875
60429,2555,1094,880
60430,2540,1099,882
60431,2608,1113,886
60432,2635,1115,886
60433,2647,1117,887
60434,2623,1117,887
60435,2676,1117,890
60436,2726,1118,895
60437,2765,1111,897
60438,2804,1101,899
60439,2793,1099,900
60440,2806,1097,900
60441,2809,1097,900
60442,2830,1097,900
60443,2869,1098,908
60444,2935,1098,915
60445,2958,1114,919
60446,2960,1118,920
60447,2959,1120,923
60448,2986,1121,923
60449,3040,1121,921
60450,3027,1121,920
60451,3049,1121,911
60452,3134,1109,908
60453,3155,1103,906
60454,3151,1099,906
60455,3152,1099,909
60456,3201,1099,909
60457,3265,1099,909
60458,3197,1106,909
60459,3238,1109,918
60460,3270,1117,922
60461,3311,1121,925
60462,3296,1121,926
60463,3307,1122,927
60464,3362,1122,927
60465,3341,1123,927
60466,3332,1123,927
60467,3372,1122,928
60468,3403,1129,934
60469,3403,1132,936
60470,3416,1133,938
60471,3488,1134,939
60472,3451,1135,940
60473,3455,1135,939
60474,3458,1135,939
60475,3465,1134,939
60476,3494,1134,940
60477,3491,1134,939
60478,3533,1135,941
60479,3504,1135,940
60480,3549,1135,941
60481,3533,1135,941
60482,3525,1135,941
60483,3545,1135,941
60484,3564,1142,951
60485,3567,1153,957
60486,3584,1156,954
60487,3584,1157,958
60488,3582,1158,959
60489,3587,1159,960
60490,3587,1165,960
60491,3592,1168,960
60492,3582,1168,962
60493,3580,1168,961
60494,3582,1168,961
60495,3581,1168,961
60496,3575,1169,961
60497,3568,1168,961
60498,3577,1168,957
60499,3529,1162,948
60500,3470,1158,944
60501,3444,1149,942
60502,3379,1139,940
60503,3414,1136,940
60504,3381,1135,938
60505,3390,1135,935
60506,3377,1134,933
60507,3398,1134,936
60508,3455,1134,938
60509,3439,1134,939
60510,3460,1134,939
60511,3471,1135,939
60512,3437,1134,940
60513,3465,1135,939
60514,3465,1134,939
60515,3487,1135,939
60516,3439,1134,939
60517,3433,1134,939
60518,3418,1134,939
60519,3421,1135,938
60520,3370,1134,936
60521,3365,1134,935
60522,3413,1134,937
60523,3394,1134,937
60524,3344,1134,932
60525,3362,1133,930
60526,3341,1133,929
60527,3337,1133,928
60528,3332,1133,928
60529,3328,1129,927
60530,3321,1125,928
60531,3299,1126,927
60532,3284,1124,927
60533,3272,1123,926
60534,3283,1123,926
60535,3262,1122,926
60536,3240,1123,926
60537,3232,1122,926
60538,3254,1122,926
60539,3218,1122,925
60540,3201,1122,915
60541,3190,1121,915
60542,3185,1120,913
60543,3192,1113,908
60544,3171,1103,907
60545,3172,1100,906
60546,3159,1099,906
60547,3156,1098,905
60548,3115,1098,905
60549,3116,1098,904
60550,3100,1099,905
60551,3100,1098,903
60552,3092,1099,903
60553,3092,1098,903
60554,3097,1098,903
60555,3083,1098,902
60556,3058,1098,903
60557,3039,1098,908
60558,3035,1098,904
60559,3028,1098,911
60560,3010,1105,915
60561,3008,1113,919
60562,3021,1118,921
60563,3004,1121,922
60564,2984,1121,923
60565,2977,1121,922
60566,2968,1122,922
60567,2965,1122,922
60568,2949,1122,922
60569,2956,1122,922
60570,2980,1121,922
60571,2994,1122,922
60572,2932,1121,922
60573,2905,1122,922
60574,2911,1121,921
60575,2904,1121,922
60576,2897,1121,922
60577,2898,1122,922
60578,2885,1121,921
60579,2885,1121,921
60580,2859,1121,914
60581,2854,1113,907
60582,2846,1103,904
60583,2841,1099,902
60584,2850,1098,902
60585,2774,1098,901
60586,2832,1098,901
60587,2853,1097,901
60588,2806,1097,901
60589,2804,1098,900
60590,2802,1098,900
60591,2803,1098,901
60592,2781,1098,901
60593,2751,1097,900
60594,2828,1098,900
60595,2837,1097,900
60596,2769,1098,900
60597,2768,1097,900
60598,2750,1097,899
60599,2740,1097,899
60600,2731,1097,899
60601,2733,1097,898
60602,2734,1096,897
60603,2718,1096,897
60604,2715,1097,898
60605,2696,1096,893
60606,2705,1112,891
60607,2701,1116,892
60608,2701,1118,892
60609,2696,1118,892
60610,2715,1119,892
60611,2673,1118,895
60612,2655,1119,892
60613,2640,1118,890
60614,2647,1118,889
60615,2633,1117,888
60616,2632,1117,888
60617,2642,1117,887
60618,2633,1117,887
60619,2622,1117,886
60620,2600,1118,886
60621,2601,1117,886
60622,2588,1117,886
60623,2591,1117,886
60624,2584,1117,886
60625,2585,1118,886
60626,2559,1117,886
60627,2594,1117,886
60628,2551,1117,886
60629,2537,1117,886
60630,2530,1117,886
60631,2528,1117,885
60632,2522,1117,885
60633,2526,1117,885
60634,2521,1116,878
60635,2509,1105,871
60636,2479,1097,867
60637,2447,1095,865
60638,2446,1093,865
60639,2430,1093,864
60640,2434,1093,863
60641,2433,1087,864
60642,2409,1086,863
60643,2392,1084,863
60644,2412,1083,863
60645,2397,1084,863
60646,2378,1083,863
60647,2396,1083,863
60648,2392,1083,861
60649,2365,1082,858
60650,2439,1082,859
60651,2378,1082,861
60652,2373,1082,859
60653,2363,1082,861
60654,2372,1082,858
60655,2359,1082,856
60656,2335,1081,856
60657,2352,1081,855
60658,2364,1080,858
60659,2352,1081,856
60660,2335,1081,854
60661,2345,1080,853
60662,2333,1080,854
60663,2333,1081,853
60664,2325,1081,853
60665,2327,1081,853
60666,2332,1081,852
60667,2327,1080,853
60668,2330,1081,852
60669,2332,1081,853
60670,2325,1081,852
60671,2358,1081,853
60672,2320,1081,852
60673,2329,1081,853
60674,2325,1081,852
60675,2341,1081,854
60676,2359,1081,853
60677,2318,1081,852
60678,2334,1081,853
60679,2330,1081,853
60680,2332,1081,853
60681,2323,1080,852
60682,2329,1080,852
60683,2341,1081,853
60684,2334,1081,853
60685,2327,1081,853
60686,2342,1081,853
60687,2332,1081,853
60688,2342,1081,855
60689,2335,1081,854
60690,2343,1081,854
60691,2343,1081,854
60692,2353,1080,854
60693,2347,1081,854
60694,2343,1081,854
60695,2358,1081,858
60696,2348,1080,855
60697,2384,1081,859
60698,2367,1081,859
60699,2377,1082,859
60700,2388,1081,861
60701,2391,1082,861
60702,2392,1082,862
60703,2389,1082,862
60704,2401,1082,862
60705,2395,1082,862
60706,2394,1082,862
60707,2392,1082,863
60708,2409,1083,863
60709,2423,1083,864
60710,2421,1088,863
60711,2422,1085,864
60712,2401,1090,863
60713,2412,1085,863
60714,2426,1087,864
60715,2425,1091,864
60716,2438,1087,864
60717,2439,1086,864
60718,2461,1087,864
60719,2455,1088,864
60720,2466,1088,864
60721,2476,1088,864
60722,2472,1092,865
60723,2459,1089,863
60724,2479,1085,864
60725,2485,1087,865
60726,2481,1092,865
60727,2499,1092,864
60728,2478,1093,865
60729,2540,1093,865
60730,2495,1093,865
60731,2492,1093,865
60732,2515,1093,865
60733,2510,1093,865
60734,2501,1093,865
60735,2510,1093,866
60736,2512,1093,871
60737,2507,1094,871
60738,2525,1094,871
60739,2508,1094,871
60740,2530,1094,878
60741,2557,1101,878
60742,2529,1104,877
60743,2537,1101,880
60744,2530,1108,883
60745,2536,1114,884
60746,2512,1116,884
60747,2552,1116,880
60748,2537,1116,883
60749,2573,1116,884
60750,2555,1117,884
60751,2550,1117,885
60752,2553,1117,885
60753,2553,1117,885
60754,2559,1117,885
60755,2551,1117,884
60756,2546,1117,885
60757,2575,1117,882
60758,2564,1116,884
60759,2557,1117,885
60760,2560,1117,884
60761,2567,1117,885
60762,2548,1117,885
60763,2558,1117,886
60764,2551,1117,886
60765,2559,1117,885
60766,2564,1117,886
60767,2569,1117,885
60768,2571,1117,886
60769,2552,1117,885
60770,2562,1117,885
60771,2546,1117,885
60772,2552,1117,886
60773,2547,1117,882
60774,2565,1117,883
60775,2562,1116,884
60776,2552,1117,885
60777,2543,1117,886
60778,2560,1117,880
60779,2561,1116,883
60780,2584,1117,883
60781,2567,1117,885
60782,2564,1116,884
60783,2545,1117,885
60784,2553,1117,885
60785,2555,1117,886
60786,2550,1117,885
60787,2531,1117,886
60788,2570,1118,885
60789,2560,1117,885
60790,2547,1117,886
60791,2540,1117,886
60792,2534,1117,886
60793,2534,1117,885
60794,2557,1117,878
60795,2511,1105,875
60796,2447,1098,878
60797,2505,1096,871
60798,2519,1095,878
60799,2513,1102,873
60800,2500,1096,873
60801,2513,1094,868
60802,2504,1094,867
60803,2513,1093,868
60804,2516,1093,873
60805,2498,1094,868
60806,2483,1094,866
60807,2518,1093,868
60808,2501,1094,866
60809,2496,1093,865
60810,2491,1093,865
60811,2484,1093,864
60812,2464,1093,865
60813,2480,1093,864
60814,2484,1093,864
60815,2476,1093,864
60816,2473,1093,864
60817,2459,1092,864
60818,2483,1091,864
60819,2440,1087,864
60820,2462,1088,863
60821,2452,1083,862
60822,2470,1083,864
60823,2443,1086,863
60824,2442,1084,863
60825,2425,1083,864
60826,2418,1085,864
60827,2417,1091,864
60828,2408,1089,863
60829,2413,1085,864
60830,2399,1086,863
60831,2434,1085,863
60832,2389,1083,863
60833,2389,1084,863
60834,2383,1083,863
60835,2374,1082,862
60836,2367,1083,862
60837,2365,1082,862
60838,2375,1082,862
60839,2378,1082,862
60840,2364,1082,858
60841,2354,1081,855
60842,2336,1081,853
60843,2335,1081,853
60844,2339,1081,852
60845,2345,1081,853
60846,2299,1081,853
60847,2336,1080,853
60848,2325,1081,853
60849,2316,1081,852
60850,2307,1081,853
60851,2269,1081,853
60852,2309,1081,853
60853,2301,1081,852
60854,2299,1080,852
60855,2285,1081,852
60856,2281,1080,852
60857,2251,1081,852
60858,2274,1080,852
60859,2265,1080,852
60860,2272,1081,852
60861,2261,1080,848
60862,2264,1077,850
60863,2262,1079,851
60864,2232,1080,851
60865,2231,1080,851
60866,2222,1080,850
60867,2233,1080,851
60868,2191,1072,847
60869,2223,1070,849
60870,2232,1077,850
60871,2218,1079,850
60872,2212,1072,845
60873,2203,1062,837
60874,2195,1059,838
60875,2201,1057,842
60876,2194,1058,836
60877,2175,1057,833
60878,2188,1057,832
60879,2187,1053,831
60880,2171,1049,831
60881,2167,1047,830
60882,2145,1048,830
60883,2149,1047,830
60884,2152,1047,830
60885,2151,1047,830
60886,2149,1048,830
60887,2144,1046,830
60888,2140,1047,831
60889,2126,1047,830
60890,2126,1047,830
60891,2120,1048,830
60892,2121,1048,830
60893,2121,1047,830
60894,2131,1048,831
60895,2120,1047,830
60896,2110,1047,830
60897,2104,1047,829
60898,2107,1047,829
60899,2092,1046,829
60900,2087,1046,828
60901,2086,1046,828
60902,2103,1046,828
60903,2076,1046,828
60904,2084,1046,828
60905,2071,1047,828
60906,2079,1047,827
60907,2063,1046,824
60908,2057,1046,826
60909,2063,1046,826
60910,2064,1046,826
60911,2057,1046,825
60912,2050,1046,824
60913,2045,1046,825
60914,2041,1046,824
60915,2033,1046,822
60916,2040,1046,825
60917,2026,1046,825
60918,2032,1046,827
60919,2028,1046,825
60920,2020,1046,824
60921,2018,1045,820
60922,2014,1045,819
60923,2006,1045,818
60924,2004,1045,818
60925,2003,1044,818
60926,2014,1045,817
60927,2006,1044,818
60928,1998,1045,817
60929,1991,1045,817
60930,1994,1045,817
60931,1979,1045,817
60932,1988,1045,817
60933,1986,1044,817
60934,1990,1045,817
60935,1985,1044,817
60936,1978,1044,817
60937,1967,1044,816
60938,1967,1044,816
60939,1963,1044,816
60940,1964,1037,816
60941,1969,1043,816
60942,1963,1037,816
60943,1961,1035,816
60944,1949,1035,816
60945,1943,1041,816
60946,1946,1037,816
60947,1941,1042,816
60948,1941,1037,816
60949,1946,1042,816
60950,1936,1044,816
60951,1926,1044,816
60952,1931,1038,815
60953,1926,1038,815
60954,1927,1029,815
60955,1924,1026,815
60956,1922,1025,815
60957,1921,1024,815
60958,1911,1025,815
60959,1932,1024,815
60960,1913,1025,815
60961,1921,1024,815
60962,1903,1024,815
60963,1905,1024,815
60964,1910,1024,815
60965,1917,1025,816
60966,1907,1036,816
60967,1906,1032,816
60968,1900,1034,816
60969,1897,1039,814
60970,1894,1028,815
60971,1901,1033,815
60972,1896,1027,815
60973,1915,1032,815
60974,1891,1026,816
60975,1899,1032,815
60976,1883,1026,815
60977,1889,1025,815
60978,1888,1024,815
60979,1869,1024,812
60980,1879,1023,810
60981,1884,1023,809
60982,1873,1023,812
60983,1881,1023,809
60984,1863,1023,805
60985,1865,1022,808
60986,1864,1022,809
60987,1865,1022,805
60988,1878,1023,811
60989,1856,1023,806
60990,1870,1022,805
60991,1883,1022,802
60992,1865,1021,799
60993,1868,1015,796
60994,1855,1012,796
60995,1864,1011,795
60996,1865,1010,795
60997,1847,1011,795
60998,1856,1010,795
60999,1860,1011,794
61000,1863,1010,795
61001,1846,1010,795
61002,1841,1010,795
61003,1849,1010,795
61004,1850,1010,795
61005,1857,1010,794
61006,1853,1010,795
61007,1863,1010,795
61008,1855,1011,795
61009,1866,1010,795
61010,1848,1011,795
61011,1844,1010,795
61012,1846,1011,795
61013,1847,1010,795
61014,1858,1011,795
61015,1834,1010,795
61016,1850,1011,795
61017,1854,1010,795
61018,1835,1010,795
61019,1836,1010,795
61020,1846,1011,795
61021,1853,1011,795
61022,1846,1010,795
61023,1852,1010,795
61024,1835,1010,795
61025,1842,1010,795
61026,1795,1010,795
61027,1840,1010,795
61028,1839,1010,795
61029,1832,1010,795
61030,1853,1010,795
61031,1846,1011,795
61032,1841,1010,795
61033,1835,1011,795
61034,1838,1011,795
61035,1844,1011,795
61036,1843,1010,794
61037,1841,1011,795
61038,1807,1010,794
61039,1841,1011,795
61040,1835,1009,793
61041,1866,1010,795
61042,1839,1010,795
61043,1861,1010,795
61044,1837,1010,795
61045,1839,1011,795
61046,1828,1010,795
61047,1835,1010,795
61048,1840,1010,795
61049,1833,1010,795
61050,1847,1010,795
61051,1852,1010,799
61052,1815,1011,797
61053,1847,1010,796
61054,1844,1010,795
61055,1826,1010,794
61056,1871,1010,794
61057,1839,1010,795
61058,1868,1010,795
61059,1843,1010,795
61060,1851,1010,794
61061,1857,1010,795
61062,1849,1010,794
61063,1832,1010,794
61064,1843,1011,794
61065,1840,1010,794
61066,1825,1010,795
61067,1864,1010,794
61068,1848,1011,795
61069,1842,1010,799
61070,1851,1011,797
61071,1836,1011,795
61072,1842,1011,795
61073,1838,1011,795
61074,1844,1011,795
61075,1857,1011,795
61076,1849,1010,800
61077,1853,1013,797
61078,1847,1011,796
61079,1844,1010,795
61080,1815,1010,795
61081,1841,1010,795
61082,1854,1010,795
61083,1852,1010,795
61084,1850,1010,795
61085,1850,1010,799
61086,1844,1011,797
61087,1852,1010,795
61088,1850,1011,795
61089,1811,1011,795
61090,1849,1011,795
61091,1850,1011,795
61092,1838,1011,795
61093,1851,1010,795
61094,1845,1011,795
61095,1849,1010,795
61096,1835,1010,794
61097,1846,1010,795
61098,1851,1011,795
61099,1850,1010,795
61100,1841,1011,795
61101,1853,1010,794
61102,1847,1011,795
61103,1861,1010,795
61104,1837,1011,795
61105,1838,1011,795
61106,1841,1011,795
61107,1834,1010,795
61108,1830,1010,795
61109,1835,1010,795
61110,1853,1011,795
61111,1844,1010,795
61112,1869,1010,795
61113,1840,1010,796
61114,1831,1011,794
61115,1846,1010,794
61116,1842,1010,794
61117,1842,1010,795
61118,1844,1010,795
61119,1835,1010,794
61120,1835,1010,794
61121,1820,1010,794
61122,1839,1010,794
61123,1835,1010,794
61124,1867,1010,794
61125,1841,1011,795
61126,1835,1010,794
61127,1831,1011,795
61128,1820,1011,795
61129,1834,1011,794
61130,1821,1010,795
61131,1827,1010,795
61132,1822,1010,795
61133,1824,1010,794
61134,1851,1010,793
61135,1828,1010,794
61136,1824,1010,794
61137,1825,1010,794
61138,1821,1010,794
61139,1806,1010,794
61140,1816,1010,794
61141,1830,1011,794
61142,1813,1010,794
61143,1825,1010,794
61144,1810,1010,793
61145,1813,1010,795
61146,1820,1010,794
61147,1803,1010,794
61148,1831,1010,794
61149,1758,1010,794
61150,1801,1010,794
61151,1815,1010,794
61152,1817,1010,794
61153,1809,1010,794
61154,1805,1010,794
61155,1811,1010,794
61156,1801,1010,793
61157,1843,1010,793
61158,1802,1010,794
61159,1794,1010,793
61160,1797,1010,794
61161,1802,1010,793
61162,1810,1010,793
61163,1820,1010,793
61164,1798,1010,793
61165,1803,1010,792
61166,1802,1010,793
61167,1774,1010,793
61168,1797,1010,793
61169,1767,1010,794
61170,1772,1010,794
61171,1792,1011,794
61172,1769,1011,794
61173,1786,1010,794
61174,1793,1011,794
61175,1783,1010,794
61176,1784,1011,794
61177,1781,1010,794
61178,1781,1010,794
61179,1776,1010,794
61180,1785,1010,794
61181,1780,1010,793
61182,1781,1010,794
61183,1779,1010,793
61184,1757,1010,793
61185,1770,1011,793
61186,1761,1010,794
61187,1748,1011,794
61188,1763,1010,793
61189,1749,1010,794
61190,1763,1010,794
61191,1763,1010,793
61192,1771,1010,794
61193,1819,1010,794
61194,1753,1010,793
61195,1746,1010,793
61196,1744,1009,793
61197,1751,1009,794
61198,1756,1009,793
61199,1745,1010,793
61200,1753,1010,793
61201,1750,1009,792
61202,1751,1009,792
61203,1745,1009,793
61204,1743,1010,792
61205,1746,1010,793
61206,1751,1010,792
61207,1754,1010,793
61208,1762,1010,792
61209,1763,1010,793
61210,1768,1010,793
61211,1753,1010,794
61212,1767,1010,792
61213,1763,1010,794
61214,1756,1010,793
61215,1761,1010,794
61216,1787,1010,793
61217,1785,1010,794
61218,1818,1010,793
61219,1789,1010,794
61220,1817,1009,794
61221,1805,1010,794
61222,1800,1009,794
61223,1800,1010,793
61224,1815,1010,794
61225,1840,1010,794
61226,1862,1010,795
61227,1869,1011,794
61228,1869,1010,803
61229,1879,1017,805
61230,1884,1021,810
61231,1875,1022,812
61232,1920,1024,814
61233,1947,1024,815
61234,1969,1025,816
61235,1972,1029,817
61236,1980,1040,816
61237,1988,1043,816
61238,1973,1044,816
61239,1940,1044,817
61240,2032,1045,820
61241,2084,1045,824
61242,2079,1046,827
61243,2100,1047,828
61244,2117,1046,828
61245,2118,1047,829
61246,2128,1047,830
61247,2132,1048,830
61248,2266,1051,841
61249,2316,1056,847
61250,2401,1066,856
61251,2402,1076,859
61252,2451,1080,862
61253,2460,1082,863
61254,2457,1086,864
61255,2485,1089,864
61256,2557,1093,874
61257,2598,1094,881
61258,2644,1110,883
61259,2636,1114,884
61260,2662,1116,887
61261,2639,1117,887
61262,2667,1117,887
61263,2661,1118,888
61264,2735,1118,894
61265,2777,1118,897
61266,2810,1104,899
61267,2820,1099,899
61268,2839,1098,901
61269,2843,1097,900
61270,2852,1097,901
61271,2848,1097,901
61272,2911,1098,912
61273,2930,1111,917
61274,2964,1118,920
61275,2987,1120,921
61276,2995,1121,922
61277,2983,1121,923
61278,3004,1122,923
61279,3015,1121,923
61280,3013,1122,924
61281,3028,1121,923
61282,3002,1121,923
61283,3006,1121,918
61284,3049,1121,910
61285,3076,1110,908
61286,3113,1102,905
61287,3116,1100,905
61288,3130,1098,904
61289,3128,1098,904
61290,3132,1098,904
61291,3140,1099,905
61292,3171,1099,905
61293,3197,1099,911
61294,3197,1109,911
61295,3226,1113,914
61296,3216,1118,920
61297,3246,1121,922
61298,3232,1121,924
61299,3233,1122,925
61300,3267,1122,925
61301,3284,1122,925
61302,3296,1122,926
61303,3295,1122,926
61304,3290,1122,926
61305,3297,1122,927
61306,3290,1122,926
61307,3281,1125,927
61308,3399,1127,928
61309,3319,1131,928
61310,3301,1132,928
61311,3333,1129,927
61312,3340,1124,928
61313,3324,1128,927
61314,3352,1125,927
61315,3280,1124,927
61316,3324,1122,927
61317,3345,1124,927
61318,3362,1122,927
61319,3352,1123,927
61320,3360,1123,927
61321,3337,1122,927
61322,3359,1122,927
61323,3334,1122,927
61324,3338,1122,928
61325,3338,1127,927
61326,3328,1124,927
61327,3329,1123,927
61328,3311,1122,927
61329,3336,1123,927
61330,3333,1124,927
61331,3323,1125,928
61332,3318,1129,927
61333,3236,1125,925
61334,3210,1122,915
61335,3195,1121,920
61336,3185,1121,914
61337,3208,1120,910
61338,3179,1105,907
61339,3204,1100,906
61340,3202,1099,906
61341,3209,1098,905
61342,3219,1099,915
61343,3209,1113,918
61344,3231,1119,918
61345,3236,1120,922
61346,3225,1121,923
61347,3227,1121,924
61348,3201,1122,918
61349,3203,1121,915
61350,3197,1121,916
61351,3211,1120,911
61352,3232,1106,908
61353,3171,1101,907
61354,3193,1099,906
61355,3170,1099,905
61356,3160,1099,905
61357,3148,1098,905
61358,3132,1098,904
61359,3165,1098,903
61360,3097,1097,903
61361,3105,1097,903
61362,3113,1097,903
61363,3104,1098,903
61364,3072,1098,902
61365,3091,1098,903
61366,3059,1098,902
61367,3054,1098,902
61368,3047,1098,902
61369,3023,1098,910
61370,3043,1099,906
61371,3042,1098,904
61372,3024,1099,912
61373,3007,1110,918
61374,3003,1118,921
61375,3002,1120,921
61376,2961,1121,922
61377,2994,1121,923
61378,2981,1122,923
61379,2984,1121,923
61380,2957,1122,922
61381,2918,1121,922
61382,2936,1121,922
61383,2915,1121,922
61384,2921,1121,921
61385,2923,1122,922
61386,2907,1121,922
61387,2927,1122,922
61388,2903,1122,922
61389,2879,1122,921
61390,2873,1122,921
61391,2880,1122,917
61392,2863,1120,916
61393,2862,1120,909
61394,2857,1105,904
61395,2863,1100,907
61396,2838,1099,903
61397,2833,1098,902
61398,2796,1098,901
61399,2823,1098,901
61400,2820,1097,900
61401,2811,1097,900
61402,2824,1097,901
61403,2813,1098,900
61404,2799,1097,900
61405,2790,1097,900
61406,2766,1097,900
61407,2780,1097,900
61408,2782,1097,900
61409,2783,1097,900
61410,2763,1097,899
61411,2765,1097,900
61412,2743,1097,900
61413,2759,1098,899
61414,2735,1097,899
61415,2742,1097,898
61416,2720,1097,899
61417,2737,1097,898
61418,2729,1097,899
61419,2737,1097,898
61420,2715,1097,896
61421,2701,1104,895
61422,2682,1107,895
61423,2711,1115,894
61424,2691,1115,893
61425,2690,1117,891
61426,2691,1119,891
61427,2683,1117,894
61428,2665,1118,894
61429,2676,1118,890
61430,2664,1119,889
61431,2634,1117,887
61432,2653,1117,888
61433,2651,1118,888
61434,2641,1117,888
61435,2645,1118,888
61436,2628,1117,887
61437,2624,1117,887
61438,2603,1117,887
61439,2606,1117,886
61440,2640,1117,887
61441,2598,1117,886
61442,2601,1117,886
61443,2576,1117,886
61444,2589,1117,886
61445,2571,1117,886
61446,2562,1117,885
61447,2541,1116,886
61448,2617,1117,886
61449,2565,1117,886
61450,2555,1117,886
61451,2547,1117,886
61452,2542,1117,885
61453,2539,1117,885
61454,2513,1117,881
61455,2519,1117,879
61456,2515,1112,874
61457,2504,1100,870
61458,2511,1095,866
61459,2515,1094,871
61460,2494,1094,866
61461,2478,1094,866
61462,2475,1093,864
61463,2462,1093,865
61464,2480,1093,864
61465,2462,1093,864
61466,2492,1093,864
61467,2461,1094,864
61468,2453,1093,864
61469,2430,1093,863
61470,2471,1088,864
61471,2399,1088,864
61472,2419,1091,864
61473,2425,1092,863
61474,2421,1090,863
61475,2419,1085,863
61476,2395,1083,863
61477,2386,1083,863
61478,2384,1082,861
61479,2386,1083,863
61480,2368,1082,862
61481,2398,1082,863
61482,2391,1083,862
61483,2392,1082,862
61484,2321,1083,861
61485,2374,1082,860
61486,2358,1082,860
61487,2366,1081,856
61488,2342,1082,855
61489,2361,1082,854
61490,2347,1082,854
61491,2348,1081,854
61492,2388,1081,855
61493,2350,1081,854
61494,2332,1081,854
61495,2347,1080,853
61496,2340,1082,853
61497,2378,1080,853
61498,2344,1081,853
61499,2341,1081,853
61500,2345,1081,853
61501,2352,1080,852
61502,2354,1081,853
61503,2333,1080,854
61504,2340,1081,855
61505,2347,1081,853
61506,2343,1081,852
61507,2333,1081,853
61508,2349,1080,853
61509,2344,1081,853
61510,2359,1081,853
61511,2342,1081,853
61512,2339,1081,853
61513,2358,1081,854
61514,2352,1081,854
61515,2344,1081,854
61516,2355,1080,853
61517,2362,1081,854
61518,2367,1081,854
61519,2376,1081,856
61520,2388,1081,858
61521,2367,1081,860
61522,2426,1081,860
61523,2375,1082,862
61524,2389,1082,862
61525,2367,1082,862
61526,2399,1082,862
61527,2370,1083,863
61528,2397,1082,863
61529,2395,1083,863
61530,2405,1083,863
61531,2377,1083,863
61532,2416,1082,863
61533,2432,1084,864
61534,2435,1087,864
61535,2439,1086,862
61536,2425,1087,863
61537,2442,1084,863
61538,2438,1085,863
61539,2439,1083,863
61540,2459,1083,863
61541,2465,1083,863
61542,2480,1082,864
61543,2453,1086,864
61544,2477,1088,864
61545,2476,1092,864
61546,2477,1093,865
61547,2481,1093,865
61548,2499,1093,865
61549,2517,1094,865
61550,2529,1093,868
61551,2541,1095,878
61552,2511,1095,871
61553,2507,1095,872
61554,2517,1094,875
61555,2527,1095,880
61556,2566,1099,876
61557,2529,1097,878
61558,2590,1096,882
61559,2576,1110,884
61560,2567,1115,884
61561,2545,1116,885
61562,2572,1116,885
61563,2550,1117,885
61564,2571,1118,885
61565,2580,1117,886
61566,2614,1117,887
61567,2584,1117,886
61568,2574,1118,886
61569,2594,1117,887
61570,2601,1117,887
61571,2602,1117,886
61572,2598,1117,886
61573,2646,1117,887
61574,2622,1117,887
61575,2628,1117,887
61576,2621,1118,887
61577,2615,1117,886
61578,2627,1117,887
61579,2634,1117,886
61580,2644,1117,886
61581,2648,1117,887
61582,2655,1117,888
61583,2654,1117,887
61584,2649,1117,888
61585,2648,1118,887
61586,2631,1118,888
61587,2643,1117,887
61588,2600,1117,888
61589,2583,1117,886
61590,2569,1117,886
61591,2544,1116,885
61592,2530,1117,885
61593,2526,1117,885
61594,2523,1117,882
61595,2520,1116,876
61596,2566,1102,881
61597,2603,1112,883
61598,2634,1116,886
61599,2622,1117,885
61600,2648,1117,886
61601,2673,1117,888
61602,2656,1117,887
61603,2670,1117,887
61604,2671,1117,888
61605,2673,1117,888
61606,2694,1117,888
61607,2662,1118,888
61608,2676,1118,891
61609,2684,1118,889
61610,2660,1118,889
61611,2668,1118,889
61612,2664,1117,888
61613,2659,1118,888
61614,2653,1118,888
61615,2654,1118,888
61616,2653,1117,888
61617,2661,1117,888
61618,2617,1117,888
61619,2645,1117,887
61620,2655,1118,888
61621,2644,1117,887
61622,2645,1117,888
61623,2635,1117,888
61624,2651,1118,887
61625,2640,1117,887
61626,2651,1118,887
61627,2645,1117,888
61628,2631,1118,888
61629,2628,1117,888
61630,2610,1118,887
61631,2619,1117,887
61632,2604,1117,887
61633,2620,1117,887
61634,2648,1118,887
61635,2611,1117,887
61636,2598,1118,886
61637,2609,1117,887
61638,2596,1117,886
61639,2597,1117,886
61640,2597,1118,886
61641,2585,1117,886
61642,2568,1117,885
61643,2575,1117,886
61644,2608,1117,886
61645,2561,1117,885
61646,2561,1117,886
61647,2563,1117,885
61648,2555,1117,885
61649,2563,1118,885
61650,2534,1116,884
61651,2578,1117,885
61652,2583,1117,886
61653,2550,1117,885
61654,2551,1117,885
61655,2529,1117,884
61656,2529,1117,885
61657,2528,1117,884
61658,2526,1117,880
61659,2528,1116,883
61660,2516,1116,875
61661,2499,1101,870
61662,2483,1096,867
61663,2483,1094,866
61664,2490,1093,864
61665,2489,1093,865
61666,2492,1093,865
61667,2482,1093,864
61668,2478,1093,864
61669,2464,1094,864
61670,2446,1093,864
61671,2473,1094,864
61672,2456,1093,865
61673,2461,1092,864
61674,2456,1092,864
61675,2450,1092,863
61676,2442,1091,863
61677,2451,1085,863
61678,2408,1085,863
61679,2389,1083,863
61680,2420,1083,864
61681,2337,1086,862
61682,2408,1084,863
61683,2418,1083,863
61684,2414,1083,863
61685,2400,1083,863
61686,2418,1083,863
61687,2377,1083,863
61688,2400,1083,863
61689,2392,1082,863
61690,2399,1083,863
61691,2384,1082,862
61692,2378,1083,863
61693,2377,1082,859
61694,2347,1082,858
61695,2364,1082,855
61696,2360,1081,856
61697,2355,1080,853
61698,2350,1081,853
61699,2296,1080,854
61700,2354,1081,853
61701,2331,1081,853
61702,2328,1081,853
61703,2320,1081,853
61704,2320,1080,852
61705,2334,1081,853
61706,2317,1081,853
61707,2312,1080,852
61708,2306,1081,852
61709,2300,1080,852
61710,2292,1081,852
61711,2284,1080,853
61712,2275,1081,852
61713,2283,1081,852
61714,2289,1081,853
61715,2288,1081,853
61716,2295,1080,852
61717,2271,1081,852
61718,2274,1080,852
61719,2263,1081,852
61720,2254,1081,852
61721,2259,1080,851
61722,2258,1081,851
61723,2263,1081,853
61724,2244,1080,851
61725,2248,1080,851
61726,2268,1080,851
61727,2233,1080,851
61728,2234,1081,851
61729,2234,1080,851
61730,2228,1081,851
61731,2224,1080,851
61732,2222,1081,851
61733,2213,1080,850
61734,2206,1073,844
61735,2198,1062,841
61736,2191,1059,839
61737,2252,1058,836
61738,2209,1058,836
61739,2208,1057,836
61740,2193,1056,836
61741,2195,1056,833
61742,2190,1055,832
61743,2194,1056,831
61744,2180,1049,830
61745,2211,1051,830
61746,2183,1049,830
61747,2161,1048,831
61748,2181,1048,831
61749,2170,1047,831
61750,2160,1048,831
61751,2161,1047,831
61752,2180,1048,831
61753,2157,1047,831
61754,2140,1048,830
61755,2154,1047,831
61756,2137,1047,830
61757,2143,1047,830
61758,2145,1047,830
61759,2144,1047,829
61760,2125,1047,830
61761,2143,1047,830
61762,2134,1047,830
61763,2149,1047,829
61764,2121,1047,830
61765,2123,1047,829
61766,2121,1047,829
61767,2124,1047,829
61768,2119,1047,829
61769,2123,1047,830
61770,2129,1048,830
61771,2068,1047,829
61772,2111,1047,829
61773,2145,1047,829
61774,2084,1048,829
61775,2101,1047,829
61776,2100,1048,829
61777,2106,1047,829
61778,2113,1048,829
61779,2099,1047,829
61780,2072,1047,829
61781,2102,1047,829
61782,2091,1047,829
61783,2098,1047,829
61784,2095,1047,829
61785,2092,1046,829
61786,2102,1047,828
61787,2084,1047,829
61788,2074,1048,828
61789,2079,1047,829
61790,2070,1048,828
61791,2072,1047,828
61792,2072,1047,829
61793,2074,1046,826
61794,2070,1047,828
61795,2067,1047,828
61796,2032,1047,828
61797,2062,1046,826
61798,2059,1047,827
61799,2067,1046,827
61800,2061,1047,826
61801,2055,1046,825
61802,2068,1046,826
61803,2068,1046,825
61804,2029,1046,827
61805,2046,1046,826
61806,2036,1047,825
61807,2045,1046,825
61808,2039,1047,825
61809,2039,1046,827
61810,2054,1046,824
61811,2037,1046,825
61812,2039,1046,826
61813,2012,1046,824
61814,2026,1045,824
61815,1997,1046,822
61816,2019,1045,824
61817,2024,1045,821
61818,2016,1046,819
61819,2014,1044,819
61820,2051,1045,820
61821,2042,1045,819
61822,2009,1045,819
61823,1994,1045,819
61824,2007,1045,818
61825,2006,1045,818
61826,1998,1045,818
61827,2001,1045,818
61828,1997,1045,818
61829,2009,1045,819
61830,1974,1045,818
61831,2022,1045,818
61832,1987,1045,818
61833,1995,1045,818
61834,1997,1044,818
61835,1984,1045,818
61836,2006,1044,818
61837,1987,1045,817
61838,2004,1044,817
61839,1962,1044,817
61840,2038,1044,818
61841,1951,1045,816
61842,1998,1044,817
61843,1994,1045,817
61844,1991,1044,818
61845,1985,1045,817
61846,1960,1044,819
61847,1998,1045,818
61848,2004,1045,818
61849,1992,1044,818
61850,1990,1044,818
61851,1992,1044,818
61852,1983,1045,816
61853,1991,1044,818
61854,1983,1045,817
61855,1982,1044,817
61856,1988,1044,817
61857,1962,1044,817
61858,1973,1045,817
61859,1990,1045,817
61860,1965,1044,817
61861,1987,1044,817
61862,1974,1043,817
61863,1986,1044,817
61864,1980,1045,817
61865,1983,1045,817
61866,1990,1045,817
61867,1990,1045,818
61868,1967,1045,817
61869,1973,1045,817
61870,1975,1045,818
61871,1980,1045,817
61872,1983,1045,818
61873,1967,1045,817
61874,1986,1044,817
61875,1973,1045,817
61876,1963,1044,817
61877,1989,1045,817
61878,1981,1045,816
61879,1978,1044,817
61880,1976,1045,816
61881,1977,1045,817
61882,1935,1045,816
61883,1994,1038,816
61884,1974,1043,817
61885,1958,1044,817
61886,1969,1044,817
61887,1979,1045,817
61888,1979,1045,817
61889,1978,1045,817
61890,1981,1045,818
61891,1974,1044,817
61892,1982,1045,817
61893,1960,1044,816
61894,2011,1044,817
61895,1975,1044,817
61896,1977,1045,816
61897,1959,1045,817
61898,1965,1045,816
61899,1970,1045,817
61900,1975,1045,816
61901,1977,1044,817
61902,1967,1045,817
61903,1968,1045,816
61904,1970,1045,817
61905,1996,1044,817
61906,1969,1045,817
61907,1959,1044,816
61908,1966,1044,816
61909,1968,1044,817
61910,1961,1044,817
61911,1961,1045,817
61912,1972,1044,817
61913,1947,1044,816
61914,1967,1044,817
61915,1967,1044,816
61916,1974,1037,816
61917,1971,1042,817
61918,1963,1043,817
61919,1963,1044,816
61920,1959,1044,816
61921,1975,1044,816
61922,1930,1044,816
61923,1969,1044,816
61924,1954,1044,816
61925,1966,1044,816
61926,1973,1044,817
61927,1964,1044,817
61928,1934,1045,816
61929,1961,1044,816
61930,1973,1045,816
61931,1950,1044,816
61932,1957,1044,816
61933,1949,1044,816
61934,1942,1045,816
61935,1959,1045,816
61936,1955,1044,816
61937,1960,1045,817
61938,1934,1044,816
61939,1983,1045,816
61940,1949,1044,816
61941,1987,1044,816
61942,1970,1045,818
61943,1966,1044,816
61944,1968,1041,816
61945,1965,1043,816
61946,1983,1041,816
61947,1981,1043,817
61948,1965,1044,816
61949,1980,1044,817
61950,1982,1045,816
61951,1995,1045,817
61952,1992,1045,817
61953,2015,1045,818
61954,2011,1044,818
61955,2024,1044,817
61956,2016,1045,818
61957,2021,1045,818
61958,2006,1045,818
61959,2021,1045,817
61960,2034,1045,823
61961,2038,1046,824
61962,2048,1045,822
61963,2067,1045,823
61964,2120,1046,826
61965,2046,1047,827
61966,2080,1046,828
61967,2088,1047,829
61968,2100,1047,829
61969,2094,1047,830
61970,2139,1047,831
61971,2154,1047,830
61972,2168,1048,831
61973,2182,1047,831
61974,2176,1047,831
61975,2170,1047,831
61976,2195,1047,835
61977,2218,1053,843
61978,2264,1056,847
61979,2280,1065,849
61980,2286,1075,850
61981,2291,1079,851
61982,2313,1079,851
61983,2316,1080,852
61984,2303,1080,852
61985,2361,1081,854
61986,2368,1081,859
61987,2426,1082,862
61988,2420,1082,863
61989,2442,1087,864
61990,2414,1088,863
61991,2525,1084,864
61992,2468,1089,864
61993,2514,1092,868
61994,2563,1094,877
61995,2580,1095,881
61996,2582,1110,883
61997,2584,1114,884
61998,2583,1116,885
61999,2605,1117,885
62000,2624,1117,886
62001,2690,1117,887
62002,2712,1117,889
62003,2738,1118,893
62004,2742,1118,896
62005,2755,1107,898
62006,2752,1100,899
62007,2753,1098,898
62008,2808,1097,900
62009,2896,1098,911
62010,2932,1106,917
62011,3023,1117,921
62012,3017,1120,922
62013,3034,1121,917
62014,3047,1121,909
62015,3005,1105,906
62016,3091,1101,904
62017,3113,1100,904
62018,3147,1098,904
62019,3153,1098,904
62020,3183,1099,905
62021,3163,1098,905
62022,3185,1099,908
62023,3210,1098,906
62024,3190,1099,911
62025,3237,1110,918
62026,3253,1117,922
62027,3260,1121,924
62028,3267,1122,926
62029,3277,1122,925
62030,3272,1122,926
62031,3287,1123,926
62032,3296,1122,926
62033,3323,1123,926
62034,3328,1123,927
62035,3340,1123,927
62036,3346,1122,928
62037,3354,1125,927
62038,3337,1123,928
62039,3388,1125,927
62040,3378,1123,928
62041,3377,1126,926
62042,3385,1123,930
62043,3392,1130,930
62044,3362,1132,931
62045,3401,1133,935
62046,3397,1134,934
62047,3281,1134,935
62048,3381,1134,935
62049,3389,1134,937
62050,3392,1134,936
62051,3408,1134,937
62052,3411,1134,939
62053,3414,1134,938
62054,3386,1134,938
62055,3404,1134,938
62056,3419,1135,936
62057,3354,1134,933
62058,3393,1134,936
62059,3392,1134,937
62060,3396,1134,937
62061,3394,1134,937
62062,3395,1134,936
62063,3398,1134,935
62064,3403,1133,931
62065,3364,1133,929
62066,3269,1132,927
62067,3252,1128,927
62068,3228,1124,926
62069,3239,1123,925
62070,3215,1122,919
62071,3207,1121,916
62072,3237,1121,920
62073,3276,1121,923
62074,3281,1122,925
62075,3309,1122,926
62076,3306,1122,927
62077,3295,1122,927
62078,3322,1123,927
62079,3316,1122,927
62080,3303,1122,927
62081,3286,1123,927
62082,3309,1122,927
62083,3257,1123,927
62084,3250,1122,926
62085,3255,1123,927
62086,3263,1122,926
62087,3263,1123,926
62088,3231,1121,924
62089,3222,1123,926
62090,3192,1122,921
62091,3191,1121,915
62092,3221,1121,914
62093,3193,1120,911
62094,3193,1109,913
62095,3191,1114,914
62096,3181,1118,910
62097,3156,1105,907
62098,3151,1101,906
62099,3135,1099,905
62100,3140,1098,905
62101,3131,1098,904
62102,3115,1098,904
62103,3124,1098,905
62104,3100,1098,904
62105,3088,1099,903
62106,3075,1098,903
62107,3063,1098,903
62108,3089,1098,903
62109,3056,1098,903
62110,3045,1098,903
62111,3056,1097,903
62112,3029,1098,903
62113,3015,1098,913
62114,2996,1110,914
62115,2997,1118,918
62116,2986,1119,920
62117,2980,1121,922
62118,2973,1121,922
62119,2973,1122,922
62120,2966,1121,922
62121,2941,1121,922
62122,2925,1121,922
62123,2912,1121,922
62124,2922,1121,921
62125,2920,1122,922
62126,2911,1121,921
62127,2963,1121,922
62128,2892,1121,921
62129,2887,1121,921
62130,2865,1122,921
62131,2836,1122,911
62132,2845,1109,906
62133,2852,1102,903
62134,2853,1099,902
62135,2830,1098,901
62136,2812,1098,902
62137,2817,1098,901
62138,2808,1098,901
62139,2801,1097,901
62140,2788,1097,900
62141,2790,1097,900
62142,2791,1098,900
62143,2780,1097,900
62144,2769,1097,900
62145,2762,1097,899
62146,2716,1097,899
62147,2735,1097,899
62148,2738,1097,899
62149,2724,1097,896
62150,2723,1096,898
62151,2696,1104,896
62152,2713,1099,895
62153,2700,1110,891
62154,2671,1115,891
62155,2639,1117,891
62156,2699,1117,890
62157,2655,1118,889
62158,2674,1117,888
62159,2672,1118,890
62160,2662,1117,889
62161,2647,1119,888
62162,2622,1117,887
62163,2618,1118,887
62164,2613,1117,886
62165,2611,1117,886
62166,2607,1117,886
62167,2608,1117,886
62168,2596,1117,886
62169,2580,1117,886
62170,2557,1117,885
62171,2563,1117,886
62172,2542,1117,886
62173,2504,1117,883
62174,2541,1116,884
62175,2529,1117,885
62176,2535,1117,885
62177,2525,1118,885
62178,2502,1117,875
62179,2500,1101,870
62180,2472,1096,867
62181,2481,1095,866
62182,2508,1093,864
62183,2476,1093,865
62184,2476,1093,865
62185,2456,1093,864
62186,2444,1093,864
62187,2441,1092,864
62188,2433,1093,864
62189,2426,1093,864
62190,2439,1093,864
62191,2426,1092,863
62192,2412,1089,864
62193,2388,1088,863
62194,2379,1084,863
62195,2371,1083,860
62196,2363,1082,861
62197,2380,1082,859
62198,2362,1082,859
62199,2359,1082,856
62200,2330,1081,854
62201,2336,1081,853
62202,2325,1081,852
62203,2319,1080,853
62204,2311,1081,852
62205,2308,1080,852
62206,2304,1081,853
62207,2306,1080,852
62208,2292,1081,854
62209,2289,1081,852
62210,2337,1081,852
62211,2268,1080,852
62212,2262,1081,852
62213,2253,1081,852
62214,2263,1081,852
62215,2259,1080,851
62216,2249,1081,851
62217,2224,1080,851
62218,2239,1081,851
62219,2256,1080,850
62220,2227,1080,851
62221,2218,1080,850
62222,2222,1080,850
62223,2218,1080,850
62224,2223,1080,850
62225,2207,1073,840
62226,2209,1062,839
62227,2163,1059,838
62228,2189,1057,834
62229,2198,1057,832
62230,2196,1057,833
62231,2194,1057,832
62232,2210,1053,831
62233,2218,1049,831
62234,2192,1048,831
62235,2194,1048,831
62236,2200,1047,831
62237,2094,1047,830
62238,2211,1047,830
62239,2203,1047,830
62240,2172,1050,832
62241,2187,1055,832
62242,2187,1052,830
62243,2205,1049,831
62244,2199,1048,831
62245,2199,1048,831
62246,2265,1050,833
62247,2195,1055,836
62248,2208,1056,834
62249,2226,1057,834
62250,2167,1057,836
62251,2205,1057,833
62252,2215,1057,835
62253,2209,1057,833
62254,2211,1057,838
62255,2214,1057,845
62256,2231,1058,847
62257,2228,1066,845
62258,2226,1064,848
62259,2216,1072,850
62260,2264,1077,849
62261,2239,1080,851
62262,2236,1080,851
62263,2231,1080,851
62264,2242,1080,851
62265,2236,1080,850
62266,2240,1080,851
62267,2259,1080,851
62268,2273,1080,852
62269,2305,1081,851
62270,2263,1081,852
62271,2271,1080,851
62272,2269,1080,851
62273,2280,1080,852
62274,2275,1081,852
62275,2265,1080,852
62276,2301,1080,852
62277,2267,1080,852
62278,2290,1080,852
62279,2303,1081,852
62280,2305,1080,851
62281,2313,1080,852
62282,2312,1081,851
62283,2311,1080,853
62284,2328,1081,851
62285,2325,1081,853
62286,2349,1081,853
62287,2340,1081,853
62288,2347,1081,854
62289,2340,1081,853
62290,2333,1081,853
62291,2355,1081,853
62292,2390,1081,857
62293,2374,1081,857
62294,2369,1081,859
62295,2363,1082,861
62296,2382,1082,862
62297,2390,1082,862
62298,2385,1082,862
62299,2385,1082,862
62300,2391,1082,863
62301,2396,1082,862
62302,2396,1082,863
62303,2411,1083,863
62304,2406,1082,863
62305,2408,1083,863
62306,2391,1082,863
62307,2413,1082,862
62308,2412,1086,864
62309,2430,1087,864
62310,2414,1091,863
62311,2435,1087,863
62312,2436,1084,864
62313,2403,1087,864
62314,2426,1086,863
62315,2430,1084,864
62316,2442,1089,863
62317,2432,1084,863
62318,2446,1083,863
62319,2441,1083,862
62320,2432,1082,863
62321,2446,1086,863
62322,2449,1083,862
62323,2463,1083,863
62324,2436,1083,863
62325,2405,1082,863
62326,2391,1083,863
62327,2367,1083,862
62328,2372,1082,863
62329,2363,1083,858
62330,2359,1081,858
62331,2363,1082,858
62332,2365,1082,856
62333,2401,1081,861
62334,2418,1082,862
62335,2432,1082,863
62336,2428,1083,863
62337,2445,1082,863
62338,2450,1082,863
62339,2438,1083,863
62340,2446,1082,863
62341,2430,1082,863
62342,2443,1083,862
62343,2431,1082,863
62344,2424,1083,862
62345,2431,1083,863
62346,2439,1083,863
62347,2435,1083,863
62348,2429,1083,863
62349,2428,1083,863
62350,2423,1083,863
62351,2408,1083,864
62352,2413,1086,863
62353,2424,1085,864
62354,2406,1086,863
62355,2419,1087,863
62356,2416,1086,864
62357,2410,1086,863
62358,2398,1083,863
62359,2397,1083,863
62360,2389,1083,863
62361,2391,1082,863
62362,2395,1082,862
62363,2393,1082,863
62364,2382,1083,862
62365,2366,1082,860
62366,2375,1082,859
62367,2361,1082,858
62368,2355,1082,859
62369,2340,1082,856
62370,2368,1081,856
62371,2355,1081,855
62372,2352,1081,854
62373,2350,1080,854
62374,2328,1081,853
62375,2344,1080,853
62376,2328,1081,853
62377,2331,1080,853
62378,2329,1081,853
62379,2327,1080,852
62380,2336,1081,854
62381,2314,1080,852
62382,2302,1081,852
62383,2298,1081,853
62384,2284,1081,853
62385,2302,1081,853
62386,2290,1081,853
62387,2295,1081,853
62388,2283,1081,853
62389,2267,1081,853
62390,2275,1081,853
62391,2256,1081,853
62392,2257,1081,851
62393,2248,1081,852
62394,2269,1080,851
62395,2258,1081,852
62396,2252,1080,851
62397,2247,1080,852
62398,2246,1080,850
62399,2235,1080,851
62400,2231,1080,850
62401,2227,1080,851
62402,2231,1080,850
62403,2225,1081,846
62404,2224,1069,848
62405,2210,1077,845
62406,2200,1067,838
62407,2202,1060,834
62408,2197,1057,833
62409,2189,1057,832
62410,2182,1053,831
62411,2193,1049,831
62412,2188,1047,831
62413,2172,1048,830
62414,2172,1047,831
62415,2168,1047,830
62416,2154,1047,830
62417,2150,1047,830
62418,2154,1046,830
62419,2147,1047,830
62420,2146,1047,830
62421,2140,1047,830
62422,2132,1047,830
62423,2127,1047,830
62424,2119,1047,830
62425,2120,1047,829
62426,2122,1047,829
62427,2120,1047,829
62428,2118,1047,829
62429,2104,1047,829
62430,2102,1047,828
62431,2098,1047,829
62432,2090,1047,828
62433,2073,1047,828
62434,2085,1047,828
62435,2082,1047,828
62436,2081,1047,828
62437,2070,1046,828
62438,2060,1047,826
62439,2061,1047,824
62440,2048,1046,823
62441,2052,1046,822
62442,2049,1045,820
62443,2043,1045,822
62444,2045,1045,823
62445,2024,1046,825
62446,2036,1046,823
62447,2023,1046,822
62448,2010,1046,819
62449,1981,1045,819
62450,2012,1045,818
62451,2016,1045,818
62452,2012,1045,818
62453,2004,1045,817
62454,1993,1044,817
62455,1972,1045,817
62456,1970,1044,816
62457,2001,1044,817
62458,1979,1045,816
62459,1972,1044,816
62460,1980,1045,816
62461,1980,1044,816
62462,1953,1044,816
62463,1960,1044,816
62464,1941,1045,816
62465,1953,1045,816
62466,1954,1044,816
62467,1950,1045,816
62468,1946,1045,816
62469,1955,1045,816
62470,1935,1045,816
62471,1939,1044,815
62472,1927,1040,815
62473,1922,1039,815
62474,1930,1035,815
62475,1945,1027,815
62476,1930,1025,815
62477,1912,1024,815
62478,1912,1024,816
62479,1899,1031,814
62480,1900,1026,815
62481,1900,1025,815
62482,1918,1024,815
62483,1889,1025,815
62484,1879,1024,815
62485,1890,1025,815
62486,1872,1024,812
62487,1864,1023,806
62488,1858,1023,809
62489,1892,1023,804
62490,1874,1022,810
62491,1868,1022,805
62492,1863,1022,800
62493,1855,1018,797
62494,1847,1013,796
62495,1837,1011,795
62496,1852,1011,795
62497,1835,1010,795
62498,1830,1011,794
62499,1836,1010,795
62500,1837,1010,794
62501,1830,1010,794
62502,1827,1010,794
62503,1851,1010,793
62504,1816,1010,794
62505,1821,1010,794
62506,1820,1010,794
62507,1818,1010,795
62508,1772,1010,794
62509,1818,1010,794
62510,1790,1010,794
62511,1786,1010,794
62512,1803,1010,794
62513,1788,1010,794
62514,1804,1010,793
62515,1782,1010,794
62516,1790,1009,793
62517,1787,1010,794
62518,1762,1010,794
62519,1777,1010,793
62520,1772,1010,794
62521,1770,1010,793
62522,1756,1009,793
62523,1758,1010,793
62524,1762,1010,794
62525,1751,1010,793
62526,1740,1009,792
62527,1749,1010,793
62528,1751,1010,793
62529,1751,1011,793
62530,1740,1010,792
62531,1692,1011,796
62532,1747,1010,794
62533,1738,1011,793
62534,1738,1010,793
62535,1730,1010,793
62536,1714,1010,793
62537,1704,1010,795
62538,1729,1010,794
62539,1726,1009,793
62540,1718,1009,793
62541,1711,1010,795
62542,1712,1010,793
62543,1709,1010,803
62544,1712,1018,802
62545,1705,1019,804
62546,1704,1021,805
62547,1710,1021,805
62548,1710,1022,804
62549,1693,1023,810
62550,1704,1023,811
62551,1699,1023,813
62552,1703,1024,809
62553,1690,1023,810
62554,1687,1023,811
62555,1698,1023,809
62556,1696,1023,811
62557,1700,1023,812
62558,1692,1023,812
62559,1691,1023,813
62560,1675,1023,812
62561,1684,1023,813
62562,1682,1023,813
62563,1688,1024,813
62564,1695,1024,813
62565,1685,1024,813
62566,1674,1024,813
62567,1683,1024,813
62568,1677,1024,813
62569,1679,1024,814
62570,1673,1024,813
62571,1676,1024,813
62572,1675,1024,813
62573,1682,1024,812
62574,1687,1024,813
62575,1674,1024,813
62576,1663,1024,813
62577,1647,1024,813
62578,1669,1023,813
62579,1678,1023,812
62580,1670,1024,812
62581,1680,1023,812
62582,1686,1023,813
62583,1677,1023,812
62584,1668,1023,813
62585,1683,1024,813
62586,1672,1023,813
62587,1682,1024,813
62588,1677,1023,813
62589,1675,1024,813
62590,1678,1023,813
62591,1678,1024,813
62592,1674,1023,812
62593,1696,1024,813
62594,1664,1023,813
62595,1673,1024,812
62596,1674,1023,813
62597,1668,1023,812
62598,1678,1023,812
62599,1673,1023,813
62600,1661,1023,812
62601,1676,1023,812
62602,1670,1024,812
62603,1681,1023,812
62604,1674,1023,813
62605,1669,1024,813
62606,1664,1023,812
62607,1685,1023,812
62608,1672,1023,813
62609,1664,1023,812
62610,1669,1023,812
62611,1667,1023,812
62612,1669,1023,812
62613,1694,1023,812
62614,1660,1023,812
62615,1668,1023,812
62616,1666,1023,812
62617,1669,1023,812
62618,1677,1023,813
62619,1659,1023,812
62620,1691,1023,812
62621,1664,1023,813
62622,1653,1023,812
62623,1626,1023,812
62624,1675,1024,812
62625,1663,1023,813
62626,1658,1024,813
62627,1670,1024,813
62628,1663,1024,813
62629,1655,1023,813
62630,1666,1024,813
62631,1703,1024,814
62632,1668,1025,813
62633,1685,1023,813
62634,1668,1024,813
62635,1673,1023,813
62636,1687,1024,813
62637,1668,1023,813
62638,1671,1024,813
62639,1664,1023,813
62640,1684,1023,812
62641,1688,1023,813
62642,1698,1024,812
62643,1685,1023,813
62644,1680,1024,813
62645,1695,1024,813
62646,1701,1025,813
62647,1717,1024,810
62648,1708,1023,812
62649,1704,1023,807
62650,1711,1023,807
62651,1696,1023,809
62652,1693,1023,807
62653,1715,1022,804
62654,1741,1022,797
62655,1746,1014,795
62656,1744,1011,794
62657,1752,1011,793
62658,1747,1010,798
62659,1792,1010,795
62660,1764,1011,794
62661,1779,1011,793
62662,1833,1010,794
62663,1820,1010,793
62664,1822,1009,794
62665,1830,1011,794
62666,1837,1010,795
62667,1832,1010,795
62668,1831,1011,794
62669,1864,1010,795
62670,1907,1014,805
62671,1907,1020,811
62672,1919,1022,813
62673,1933,1024,814
62674,1920,1023,815
62675,1943,1024,815
62676,1943,1024,816
62677,1981,1039,816
62678,1999,1043,817
62679,2011,1044,818
62680,2055,1044,821
62681,2055,1045,821
62682,2055,1045,822
62683,2041,1046,825
62684,2083,1045,827
62685,2134,1047,829
62686,2168,1050,836
62687,2189,1055,833
62688,2199,1056,832
62689,2196,1057,835
62690,2207,1057,836
62691,2229,1057,844
62692,2211,1058,847
62693,2274,1067,850
62694,2318,1076,851
62695,2374,1079,854
62696,2369,1080,855
62697,2379,1081,858
62698,2376,1081,857
62699,2387,1081,860
62700,2383,1081,862
62701,2432,1083,863
62702,2481,1082,864
62703,2520,1088,865
62704,2536,1091,871
62705,2550,1093,878
62706,2550,1095,882
62707,2573,1103,881
62708,2550,1113,883
62709,2618,1116,885
62710,2662,1117,886
62711,2667,1118,887
62712,2698,1117,887
62713,2684,1117,891
62714,2706,1118,893
62715,2717,1118,893
62716,2707,1118,895
62717,2759,1111,897
62718,2849,1101,898
62719,2798,1098,900
62720,2810,1097,900
62721,2826,1097,900
62722,2846,1097,900
62723,2852,1097,900
62724,2883,1098,904
62725,2884,1099,913
62726,2890,1110,917
62727,2927,1118,920
62728,2917,1120,922
62729,2948,1122,922
62730,2976,1121,922
62731,2950,1122,922
62732,2942,1122,922
62733,2993,1122,923
62734,3005,1122,923
62735,3047,1122,921
62736,3025,1121,916
62737,3018,1121,911
62738,3033,1109,907
62739,3037,1101,909
62740,3044,1100,906
62741,2883,1098,909
62742,2727,1098,905
62743,2741,1098,901
62744,2699,1098,894
62745,2670,1108,890
62746,2658,1115,890
62747,2670,1117,889
62748,2652,1118,889
62749,2821,1118,895
62750,2910,1112,909
62751,2997,1110,916
62752,3033,1118,909
62753,3065,1104,906
62754,3088,1101,905
62755,3109,1099,904
62756,3130,1099,904
62757,3110,1098,904
62758,3118,1099,904
62759,3116,1098,903
62760,3125,1098,903
62761,3104,1098,903
62762,3107,1098,903
62763,3117,1098,904
62764,3105,1098,904
62765,3100,1098,904
62766,3102,1098,903
62767,3098,1098,903
62768,3098,1097,903
62769,3086,1098,903
62770,3092,1098,903
62771,3100,1099,904
62772,3077,1098,903
62773,3073,1099,903
62774,3081,1098,903
62775,3091,1098,903
62776,3083,1098,902
62777,3061,1098,903
62778,3032,1097,906
62779,3027,1098,912
62780,3024,1110,918
62781,2989,1118,920
62782,2984,1120,922
62783,2992,1121,922
62784,2990,1121,923
62785,2991,1122,923
62786,2954,1121,922
62787,2953,1122,922
62788,2893,1122,922
62789,2929,1122,923
62790,2934,1122,922
62791,2922,1121,922
62792,2920,1121,922
62793,2883,1121,921
62794,2905,1121,921
62795,2868,1121,921
62796,2869,1121,921
62797,2847,1121,911
62798,2864,1116,908
62799,2849,1104,905
62800,2849,1100,903
62801,2843,1098,901
62802,2814,1097,901
62803,2812,1098,901
62804,2802,1097,900
62805,2851,1098,901
62806,2791,1098,900
62807,2779,1098,900
62808,2797,1098,901
62809,2768,1097,900
62810,2700,1098,900
62811,2741,1097,899
62812,2753,1097,899
62813,2732,1097,898
62814,2758,1097,898
62815,2731,1097,898
62816,2733,1097,898
62817,2694,1097,893
62818,2701,1112,891
62819,2682,1116,892
62820,2660,1117,889
62821,2670,1118,889
62822,2667,1117,888
62823,2651,1118,888
62824,2661,1117,888
62825,2648,1118,887
62826,2635,1117,887
62827,2616,1118,887
62828,2624,1117,887
62829,2607,1118,887
62830,2615,1117,887
62831,2613,1117,886
62832,2605,1117,887
62833,2604,1117,886
62834,2580,1117,886
62835,2552,1117,885
62836,2566,1117,886
62837,2563,1117,884
62838,2528,1117,886
62839,2535,1116,884
62840,2555,1116,885
62841,2520,1116,884
62842,2533,1116,885
62843,2520,1117,877
62844,2519,1104,879
62845,2516,1105,874
62846,2517,1098,869
62847,2516,1096,869
62848,2516,1094,871
62849,2498,1094,868
62850,2490,1094,866
62851,2480,1094,865
62852,2513,1094,865
62853,2475,1093,864
62854,2460,1094,864
62855,2471,1093,864
62856,2469,1093,864
62857,2480,1093,864
62858,2450,1092,863
62859,2413,1087,863
62860,2428,1084,863
62861,2430,1083,862
62862,2417,1082,863
62863,2428,1083,863
62864,2413,1083,863
62865,2397,1083,863
62866,2388,1083,862
62867,2391,1083,861
62868,2373,1083,861
62869,2408,1082,862
62870,2363,1082,858
62871,2366,1082,861
62872,2359,1082,861
62873,2351,1082,857
62874,2333,1082,855
62875,2329,1081,854
62876,2327,1081,853
62877,2317,1081,853
62878,2289,1081,853
62879,2291,1080,852
62880,2314,1081,852
62881,2290,1080,853
62882,2287,1080,852
62883,2284,1081,853
62884,2273,1080,852
62885,2279,1081,852
62886,2311,1081,852
62887,2273,1080,852
62888,2270,1080,852
62889,2253,1080,851
62890,2267,1080,851
62891,2229,1080,851
62892,2220,1080,851
62893,2223,1080,846
62894,2212,1068,844
62895,2209,1065,847
62896,2211,1061,845
62897,2225,1063,843
62898,2161,1059,840
62899,2175,1058,835
62900,2189,1057,835
62901,2178,1057,833
62902,2175,1056,832
62903,2171,1054,831
62904,2160,1049,831
62905,2156,1048,831
62906,2140,1047,830
62907,2126,1047,831
62908,2130,1047,830
62909,2137,1047,830
62910,2135,1047,830
62911,2142,1047,830
62912,2144,1047,830
62913,2121,1047,830
62914,2109,1047,829
62915,2120,1047,829
62916,2142,1046,829
62917,2080,1047,828
62918,2100,1047,828
62919,2087,1047,829
62920,2103,1047,828
62921,2095,1047,829
62922,2083,1047,828
62923,2082,1047,828
62924,2073,1046,828
62925,2082,1047,826
62926,2081,1046,827
62927,2084,1047,827
62928,2076,1047,828
62929,2080,1047,828
62930,2066,1046,829
62931,2073,1047,826
62932,2076,1047,827
62933,2070,1047,825
62934,2067,1047,827
62935,2078,1046,827
62936,2056,1047,827
62937,2066,1046,827
62938,2048,1046,824
62939,2039,1047,824
62940,2064,1046,826
62941,2075,1047,825
62942,2063,1046,825
62943,2072,1047,828
62944,2060,1047,825
62945,2073,1046,827
62946,2065,1047,828
62947,2075,1047,828
62948,2068,1047,829
62949,2047,1047,828
62950,2077,1047,829
62951,2081,1047,828
62952,2078,1047,828
62953,2085,1046,828
62954,2081,1047,828
62955,2083,1047,828
62956,2079,1046,828
62957,2073,1047,828
62958,2090,1046,828
62959,2097,1046,828
62960,2090,1046,828
62961,2098,1046,829
62962,2113,1047,828
62963,2114,1046,829
62964,2109,1047,828
62965,2114,1046,829
62966,2114,1047,829
62967,2124,1047,829
62968,2121,1047,830
62969,2119,1047,829
62970,2138,1047,830
62971,2137,1047,830
62972,2145,1047,830
62973,2140,1047,830
62974,2137,1047,830
62975,2139,1047,830
62976,2153,1047,830
62977,2155,1047,830
62978,2154,1047,830
62979,2167,1047,831
62980,2175,1047,830
62981,2163,1050,833
62982,2181,1055,831
62983,2170,1051,831
62984,2148,1048,830
62985,2193,1048,830
62986,2191,1047,831
62987,2196,1047,831
62988,2198,1047,831
62989,2200,1047,830
62990,2197,1050,831
62991,2189,1050,830
62992,2204,1048,834
62993,2208,1054,835
62994,2223,1057,844
62995,2209,1058,846
62996,2222,1059,849
62997,2232,1073,850
62998,2229,1078,850
62999,2227,1080,850
63000,2213,1080,850
63001,2240,1080,850
63002,2233,1080,850
63003,2238,1080,850
63004,2246,1080,851
63005,2251,1080,851
63006,2250,1080,852
63007,2242,1080,851
63008,2244,1081,851
63009,2251,1080,851
63010,2241,1080,851
63011,2251,1080,850
63012,2258,1079,852
63013,2253,1081,851
63014,2257,1080,852
63015,2275,1080,851
63016,2274,1080,851
63017,2236,1081,851
63018,2244,1080,851
63019,2267,1081,851
63020,2252,1080,851
63021,2267,1080,851
63022,2260,1080,851
63023,2265,1081,851
63024,2276,1080,852
63025,2247,1081,851
63026,2232,1080,851
63027,2233,1080,850
63028,2230,1081,851
63029,2222,1081,847
63030,2217,1073,845
63031,2224,1066,843
63032,2208,1061,844
63033,2238,1060,847
63034,2233,1066,849
63035,2242,1076,849
63036,2248,1079,851
63037,2260,1080,852
63038,2246,1080,851
63039,2253,1081,850
63040,2273,1080,851
63041,2241,1080,851
63042,2268,1080,851
63043,2248,1080,851
63044,2240,1080,851
63045,2237,1080,850
63046,2239,1080,850
63047,2240,1080,850
63048,2255,1080,850
63049,2226,1080,851
63050,2205,1081,850
63051,2213,1080,851
63052,2218,1080,851
63053,2222,1080,847
63054,2227,1069,845
63055,2210,1065,847
63056,2218,1068,841
63057,2218,1061,842
63058,2196,1059,836
63059,2185,1057,833
63060,2200,1057,832
63061,2187,1053,831
63062,2190,1049,830
63063,2197,1048,830
63064,2183,1048,830
63065,2182,1048,830
63066,2198,1047,830
63067,2168,1048,830
63068,2157,1048,830
63069,2169,1047,830
63070,2156,1047,830
63071,2166,1048,830
63072,2163,1047,831
63073,2158,1048,830
63074,2140,1047,831
63075,2138,1047,830
63076,2141,1047,830
63077,2123,1047,830
63078,2144,1047,830
63079,2133,1047,829
63080,2145,1047,830
63081,2128,1047,830
63082,2121,1046,830
63083,2119,1046,829
63084,2106,1047,830
63085,2141,1047,829
63086,2106,1047,830
63087,2133,1047,829
63088,2110,1047,830
63089,2082,1047,827
63090,2075,1047,829
63091,2072,1047,828
63092,2055,1047,829
63093,2076,1046,829
63094,2083,1047,828
63095,2082,1046,828
63096,2060,1047,827
63097,2052,1046,826
63098,2048,1046,822
63099,2044,1046,823
63100,2044,1045,825
63101,2044,1046,825
63102,2038,1045,826
63103,2042,1046,825
63104,2008,1046,824
63105,2014,1046,824
63106,2012,1045,821
63107,2014,1045,819
63108,2006,1045,818
63109,2004,1045,818
63110,1998,1045,818
63111,1990,1045,818
63112,1994,1045,818
63113,1968,1045,818
63114,2023,1044,817
63115,1992,1045,817
63116,1988,1045,817
63117,1973,1045,816
63118,1979,1045,817
63119,1970,1044,817
63120,1969,1044,817
63121,1964,1044,816
63122,1952,1044,816
63123,1939,1044,816
63124,1941,1044,815
63125,1949,1030,816
63126,1942,1040,816
63127,1935,1037,815
63128,1941,1028,816
63129,1935,1040,816
63130,1921,1036,815
63131,1922,1035,816
63132,1920,1042,816
63133,1903,1044,816
63134,1918,1041,815
63135,1924,1032,816
63136,1907,1031,815
63137,1903,1033,816
63138,1886,1041,815
63139,1896,1036,815
63140,1888,1035,815
63141,1879,1026,814
63142,1887,1025,815
63143,1877,1024,814
63144,1877,1024,815
63145,1873,1023,814
63146,1867,1024,812
63147,1868,1023,803
63148,1866,1022,799
63149,1858,1016,800
63150,1852,1020,797
63151,1874,1017,799
63152,1861,1015,797
63153,1846,1012,796
63154,1834,1012,796
63155,1830,1011,795
63156,1837,1010,795
63157,1837,1010,794
63158,1845,1010,794
63159,1806,1010,795
63160,1821,1010,794
63161,1814,1009,794
63162,1825,1010,796
63163,1818,1010,794
63164,1820,1010,794
63165,1822,1010,794
63166,1817,1010,794
63167,1810,1010,794
63168,1773,1010,794
63169,1810,1010,794
63170,1818,1010,794
63171,1796,1010,794
63172,1793,1010,794
63173,1793,1010,794
63174,1792,1010,794
63175,1786,1009,794
63176,1826,1010,794
63177,1735,1010,793
63178,1798,1009,793
63179,1789,1010,793
63180,1774,1010,793
63181,1777,1010,793
63182,1762,1010,793
63183,1764,1009,793
63184,1770,1010,794
63185,1768,1009,793
63186,1760,1010,793
63187,1758,1010,794
63188,1742,1010,793
63189,1753,1011,793
63190,1748,1010,793
63191,1754,1010,794
63192,1748,1010,792
63193,1739,1010,793
63194,1789,1010,793
63195,1703,1010,792
63196,1736,1010,792
63197,1727,1010,791
63198,1737,1009,792
63199,1731,1010,792
63200,1738,1009,792
63201,1730,1010,792
63202,1716,1009,792
63203,1740,1009,796
63204,1723,1010,794
63205,1709,1011,797
63206,1722,1010,795
63207,1726,1010,793
63208,1739,1010,798
63209,1729,1011,795
63210,1716,1010,801
63211,1712,1016,801
63212,1702,1018,803
63213,1720,1021,802
63214,1713,1016,805
63215,1712,1020,802
63216,1701,1021,808
63217,1696,1022,810
63218,1695,1023,812
63219,1700,1023,812
63220,1702,1023,809
63221,1692,1023,811
63222,1682,1023,812
63223,1687,1023,808
63224,1698,1023,811
63225,1710,1023,812
63226,1682,1024,813
63227,1691,1023,813
63228,1687,1024,814
63229,1685,1024,813
63230,1684,1023,813
63231,1682,1023,813
63232,1680,1024,813
63233,1693,1024,813
63234,1691,1024,813
63235,1681,1024,813
63236,1689,1023,813
63237,1675,1024,813
63238,1646,1023,813
63239,1659,1023,813
63240,1663,1023,813
63241,1669,1024,813
63242,1683,1023,813
63243,1677,1023,813
63244,1680,1023,813
63245,1664,1023,812
63246,1678,1023,812
63247,1675,1023,812
63248,1663,1024,812
63249,1668,1023,813
63250,1652,1024,813
63251,1675,1024,813
63252,1663,1024,812
63253,1674,1024,813
63254,1675,1025,813
63255,1660,1023,813
63256,1671,1024,813
63257,1664,1024,813
63258,1673,1023,812
63259,1661,1024,813
63260,1655,1023,812
63261,1647,1024,812
63262,1665,1023,813
63263,1652,1024,813
63264,1660,1024,813
63265,1663,1024,813
63266,1675,1024,813
63267,1650,1023,813
63268,1612,1024,813
63269,1669,1023,812
63270,1649,1024,813
63271,1655,1023,812
63272,1661,1024,812
63273,1648,1023,812
63274,1652,1025,812
63275,1664,1024,812
63276,1665,1024,813
63277,1662,1024,811
63278,1635,1024,812
63279,1659,1024,812
63280,1648,1024,813
63281,1656,1023,812
63282,1640,1024,812
63283,1658,1023,812
63284,1651,1023,812
63285,1655,1023,812
63286,1657,1023,812
63287,1674,1023,812
63288,1647,1023,812
63289,1648,1023,813
63290,1647,1024,812
63291,1644,1024,812
63292,1647,1024,813
63293,1649,1024,813
63294,1653,1024,813
63295,1585,1024,812
63296,1647,1024,812
63297,1620,1024,812
63298,1641,1024,812
63299,1649,1024,812
63300,1640,1024,812
63301,1643,1024,812
63302,1630,1024,812
63303,1653,1024,812
63304,1644,1024,812
63305,1632,1024,813
63306,1652,1024,812
63307,1626,1024,812
63308,1650,1023,811
63309,1626,1023,813
63310,1645,1024,813
63311,1635,1024,813
63312,1638,1024,813
63313,1635,1023,812
63314,1617,1023,812
63315,1628,1023,813
63316,1596,1024,811
63317,1646,1023,812
63318,1638,1024,812
63319,1638,1024,813
63320,1639,1024,812
63321,1637,1024,811
63322,1630,1024,811
63323,1620,1024,813
63324,1641,1024,813
63325,1641,1024,812
63326,1630,1024,813
63327,1646,1023,812
63328,1654,1024,813
63329,1654,1024,812
63330,1652,1024,813
63331,1652,1024,813
63332,1655,1024,813
63333,1656,1024,813
63334,1671,1024,813
63335,1670,1024,813
63336,1686,1023,813
63337,1648,1024,813
63338,1674,1023,813
63339,1695,1024,813
63340,1681,1023,813
63341,1697,1024,814
63342,1718,1023,811
63343,1724,1023,801
63344,1758,1018,797
63345,1737,1013,795
63346,1734,1011,794
63347,1746,1011,793
63348,1733,1010,793
63349,1750,1011,793
63350,1794,1011,794
63351,1792,1010,793
63352,1813,1010,794
63353,1803,1010,794
63354,1812,1011,794
63355,1805,1009,793
63356,1846,1010,795
63357,1816,1011,795
63358,1875,1010,805
63359,1895,1019,811
63360,1908,1021,813
63361,1910,1023,815
63362,1928,1024,815
63363,1913,1024,816
63364,1934,1029,816
63365,1972,1036,817
63366,1994,1042,818
63367,2021,1044,821
63368,2042,1045,825
63369,2037,1045,824
63370,2058,1046,826
63371,2070,1047,827
63372,2038,1047,829
63373,2114,1047,829
63374,2157,1047,830
63375,2188,1047,830
63376,2194,1047,831
63377,2207,1047,831
63378,2208,1051,841
63379,2201,1056,846
63380,2241,1058,848
63381,2285,1071,851
63382,2311,1077,850
63383,2344,1080,852
63384,2350,1080,854
63385,2368,1081,858
63386,2381,1082,861
63387,2348,1082,860
63388,2388,1082,861
63389,2426,1083,863
63390,2471,1083,864
63391,2504,1089,865
63392,2485,1092,872
63393,2527,1094,876
63394,2531,1095,881
63395,2561,1103,881
63396,2548,1109,883
63397,2597,1114,885
63398,2621,1117,886
63399,2648,1117,887
63400,2718,1118,888
63401,2678,1118,889
63402,2672,1117,891
63403,2680,1118,891
63404,2694,1118,890
63405,2734,1118,894
63406,2757,1119,896
63407,2770,1104,899
63408,2793,1099,899
63409,2795,1099,900
63410,2807,1098,901
63411,2835,1098,901
63412,2820,1098,901
63413,2849,1098,900
63414,2886,1098,911
63415,2896,1106,916
63416,2909,1116,918
63417,2912,1119,920
63418,2919,1121,920
63419,2920,1121,922
63420,2930,1121,921
63421,2948,1121,921
63422,2952,1121,921
63423,2973,1121,922
63424,2973,1121,922
63425,2955,1121,922
63426,2979,1122,922
63427,2987,1122,922
63428,3000,1122,922
63429,2996,1121,922
63430,3004,1122,923
63431,3027,1121,920
63432,2996,1121,918
63433,3014,1121,917
63434,3031,1121,912
63435,3026,1113,916
63436,3031,1118,908
63437,3024,1104,914
63438,3041,1105,907
63439,3035,1101,905
63440,3041,1099,908
63441,3014,1106,907
63442,3040,1100,905
63443,3040,1099,903
63444,3042,1098,903
63445,2996,1098,913
63446,2944,1110,918
63447,2923,1117,919
63448,2865,1120,920
63449,2842,1120,909
63450,2838,1108,905
63451,2828,1101,903
63452,2838,1099,901
63453,2861,1098,901
63454,2916,1098,912
63455,2943,1111,917
63456,2965,1117,919
63457,2975,1120,921
63458,2996,1121,921
63459,2986,1121,923
63460,3025,1121,920
63461,2983,1121,921
63462,2959,1121,922
63463,2976,1121,922
63464,2965,1121,922
63465,2966,1121,923
63466,2965,1122,922
63467,2960,1122,922
63468,2960,1122,922
63469,2954,1121,922
63470,2926,1122,922
63471,2957,1122,922
63472,2913,1122,922
63473,2919,1122,922
63474,2921,1122,922
63475,2926,1122,922
63476,2916,1121,921
63477,2903,1122,922
63478,2874,1121,920
63479,2884,1121,921
63480,2866,1121,912
63481,2869,1120,913
63482,2862,1113,906
63483,2852,1103,904
63484,2861,1100,909
63485,2837,1099,906
63486,2848,1098,902
63487,2823,1098,902
63488,2813,1098,901
63489,2789,1098,901
63490,2803,1097,900
63491,2801,1098,900
63492,2802,1098,901
63493,2789,1097,900
63494,2795,1098,900
63495,2782,1097,900
63496,2753,1098,899
63497,2746,1097,899
63498,2751,1097,899
63499,2744,1097,899
63500,2751,1097,899
63501,2738,1096,898
63502,2721,1096,899
63503,2704,1097,898
63504,2700,1104,893
63505,2687,1114,893
63506,2690,1117,890
63507,2695,1118,889
63508,2698,1117,889
63509,2693,1117,890
63510,2652,1117,889
63511,2643,1118,889
63512,2646,1117,887
63513,2641,1118,888
63514,2648,1117,887
63515,2648,1118,888
63516,2621,1117,887
63517,2632,1118,887
63518,2627,1117,887
63519,2607,1117,887
63520,2613,1117,886
63521,2591,1117,886
63522,2607,1117,886
63523,2608,1117,886
63524,2609,1117,886
63525,2593,1118,886
63526,2583,1117,886
63527,2563,1116,884
63528,2575,1117,886
63529,2567,1117,885
63530,2570,1117,885
63531,2564,1117,885
63532,2571,1117,885
63533,2565,1117,885
63534,2536,1117,885
63535,2539,1117,885
63536,2535,1117,881
63537,2534,1117,883
63538,2529,1116,884
63539,2523,1117,881
63540,2531,1116,883
63541,2439,1109,873
63542,2484,1099,869
63543,2470,1095,866
63544,2472,1093,865
63545,2462,1093,865
63546,2478,1093,864
63547,2459,1093,864
63548,2414,1093,864
63549,2410,1093,864
63550,2433,1093,864
63551,2426,1093,864
63552,2423,1093,864
63553,2412,1089,864
63554,2407,1090,863
63555,2390,1089,863
63556,2398,1088,864
63557,2395,1086,863
63558,2399,1084,863
63559,2395,1083,861
63560,2369,1082,857
63561,2333,1081,858
63562,2365,1081,857
63563,2366,1081,858
63564,2364,1081,857
63565,2346,1081,855
63566,2334,1081,854
63567,2330,1081,853
63568,2350,1081,854
63569,2348,1081,853
63570,2315,1080,853
63571,2322,1081,853
63572,2324,1081,853
63573,2307,1080,852
63574,2284,1080,852
63575,2266,1080,852
63576,2289,1081,853
63577,2282,1080,852
63578,2270,1081,852
63579,2270,1081,852
63580,2270,1080,852
63581,2265,1081,851
63582,2243,1080,851
63583,2253,1080,851
63584,2242,1080,851
63585,2240,1081,851
63586,2237,1081,850
63587,2235,1081,851
63588,2237,1080,850
63589,2254,1081,850
63590,2222,1080,847
63591,2208,1073,846
63592,2203,1063,837
63593,2211,1059,837
63594,2198,1058,834
63595,2194,1056,832
63596,2207,1057,831
63597,2190,1051,831
63598,2174,1049,831
63599,2137,1047,830
63600,2188,1051,832
63601,2176,1051,830
63602,2172,1049,830
63603,2169,1047,830
63604,2150,1047,830
63605,2171,1051,832
63606,2153,1054,832
63607,2152,1056,830
63608,2150,1049,831
63609,2157,1048,830
63610,2124,1048,831
63611,2131,1048,831
63612,2170,1047,830
63613,2184,1048,831
63614,2150,1047,830
63615,2146,1047,830
63616,2147,1047,830
63617,2140,1047,830
63618,2182,1048,830
63619,2142,1046,830
63620,2153,1047,831
63621,2142,1046,830
63622,2136,1047,830
63623,2160,1047,830
63624,2139,1048,830
63625,2142,1047,829
63626,2144,1047,830
63627,2152,1047,830
63628,2155,1047,830
63629,2152,1047,830
63630,2151,1047,830
63631,2156,1047,830
63632,2160,1047,831
63633,2164,1048,830
63634,2165,1047,831
63635,2139,1047,831
63636,2169,1047,831
63637,2177,1047,831
63638,2169,1047,830
63639,2160,1048,831
63640,2178,1047,830
63641,2180,1048,830
63642,2180,1047,835
63643,2175,1052,833
63644,2154,1055,831
63645,2158,1049,831
63646,2198,1048,831
63647,2200,1051,832
63648,2168,1052,831
63649,2191,1048,830
63650,2190,1048,831
63651,2211,1051,833
63652,2191,1055,832
63653,2200,1053,831
63654,2209,1049,835
63655,2207,1054,832
63656,2203,1055,832
63657,2207,1053,831
63658,2194,1052,837
63659,2212,1056,843
63660,2229,1057,847
63661,2200,1065,849
63662,2231,1075,850
63663,2235,1079,850
63664,2223,1080,850
63665,2234,1080,851
63666,2254,1080,850
63667,2249,1080,850
63668,2237,1080,850
63669,2232,1080,850
63670,2235,1080,851
63671,2250,1080,851
63672,2234,1080,851
63673,2251,1080,851
63674,2232,1081,851
63675,2241,1080,851
63676,2252,1080,851
63677,2258,1080,851
63678,2252,1081,851
63679,2257,1080,851
63680,2261,1080,852
63681,2266,1080,852
63682,2265,1080,852
63683,2279,1080,852
63684,2275,1081,852
63685,2266,1080,851
63686,2277,1080,852
63687,2271,1080,852
63688,2240,1080,852
63689,2266,1080,852
63690,2285,1080,852
63691,2240,1080,852
63692,2279,1080,852
63693,2260,1080,852
63694,2290,1081,853
63695,2282,1080,852
63696,2314,1080,852
63697,2271,1080,852
63698,2252,1080,852
63699,2255,1080,850
63700,2275,1080,852
63701,2268,1080,851
63702,2269,1080,852
63703,2279,1079,851
63704,2267,1080,852
63705,2266,1080,852
63706,2252,1080,852
63707,2301,1081,852
63708,2282,1081,852
63709,2265,1080,852
63710,2269,1081,852
63711,2265,1081,852
63712,2263,1081,852
63713,2260,1081,852
63714,2261,1081,852
63715,2277,1081,852
63716,2258,1080,852
63717,2263,1080,851
63718,2242,1081,852
63719,2244,1081,851
63720,2253,1081,851
63721,2241,1080,851
63722,2245,1080,851
63723,2246,1080,851
63724,2235,1080,852
63725,2216,1081,851
63726,2238,1080,850
63727,2234,1080,851
63728,2237,1080,851
63729,2233,1081,851
63730,2228,1080,850
63731,2225,1081,851
63732,2223,1080,851
63733,2223,1081,851
63734,2231,1080,850
63735,2187,1073,848
63736,2205,1067,839
63737,2201,1060,839
63738,2205,1058,835
63739,2202,1057,833
63740,2199,1056,836
63741,2214,1057,833
63742,2131,1056,834
63743,2205,1057,833
63744,2177,1057,831
63745,2193,1050,831
63746,2171,1047,830
63747,2172,1050,831
63748,2195,1048,830
63749,2169,1047,831
63750,2150,1048,830
63751,2165,1047,831
63752,2153,1048,831
63753,2133,1047,830
63754,2143,1047,831
63755,2153,1048,831
63756,2144,1047,830
63757,2148,1047,830
63758,2166,1048,830
63759,2159,1047,829
63760,2129,1047,830
63761,2121,1046,829
63762,2117,1047,829
63763,2099,1046,829
63764,2141,1046,828
63765,2105,1047,829
63766,2113,1047,829
63767,2107,1047,829
63768,2090,1047,829
63769,2075,1047,828
63770,2077,1047,829
63771,2078,1047,828
63772,2061,1047,830
63773,2083,1047,828
63774,2081,1047,829
63775,2081,1047,828
63776,2076,1047,828
63777,2073,1047,828
63778,2054,1047,828
63779,2050,1047,825
63780,2061,1046,826
63781,2025,1046,824
63782,2044,1046,826
63783,2045,1046,825
63784,2046,1046,824
63785,2041,1046,825
63786,2033,1046,826
63787,2026,1047,826
63788,2023,1046,823
63789,2027,1045,822
63790,2028,1046,821
63791,2025,1045,821
63792,2028,1045,820
63793,2017,1044,817
63794,2022,1045,818
63795,2020,1045,818
63796,2019,1045,817
63797,2015,1044,818
63798,2016,1045,818
63799,2016,1045,818
63800,2014,1044,818
63801,2016,1045,818
63802,2016,1044,818
63803,2022,1045,818
63804,2019,1045,818
63805,2013,1045,818
63806,2026,1044,818
63807,2023,1045,818
63808,2022,1045,818
63809,2031,1045,819
63810,2024,1045,818
63811,2017,1045,820
63812,2028,1045,821
63813,2027,1045,821
63814,2034,1046,822
63815,2033,1045,821
63816,2036,1045,822
63817,2030,1046,825
63818,2019,1046,821
63819,2026,1046,823
63820,2011,1045,819
63821,2014,1045,818
63822,2001,1044,818
63823,2000,1045,817
63824,1999,1045,817
63825,1997,1045,817
63826,1966,1044,817
63827,1947,1044,816
63828,1929,1044,816
63829,1924,1044,815
63830,1920,1041,815
63831,1913,1032,816
63832,1913,1041,816
63833,1906,1036,811
63834,1853,1027,803
63835,1823,1023,798
63836,1791,1015,796
63837,1778,1012,795
63838,1758,1011,793
63839,1760,1011,793
63840,1744,1010,793
63841,1737,1009,792
63842,1662,1010,803
63843,1623,1017,807
63844,1586,1020,804
63845,1564,1022,798
63846,1553,1014,794
63847,1543,1011,792
63848,1539,1010,792
63849,1527,1009,791
63850,1442,1009,789
63851,1399,1009,786
63852,1362,1008,782
63853,1345,994,779
63854,1319,989,777
63855,1316,988,777
63856,1314,987,776
63857,1296,987,775
63858,1242,986,767
63859,1207,998,760
63860,1195,1005,757
63861,1172,1006,754
63862,1149,1007,753
63863,1151,1007,753
63864,1152,1007,752
63865,1149,1006,752
63866,1086,1007,752
63867,1127,1006,752
63868,1120,1007,751
63869,1111,1002,752
63870,1107,1005,752
63871,1106,1006,751
63872,1092,1002,748
63873,1115,991,750
63874,1135,988,751
63875,1148,994,752
63876,1170,1003,752
63877,1173,1006,753
63878,1169,1005,753
63879,1183,1007,753
63880,1160,1006,752
63881,1240,1007,752
63882,1255,1007,764
63883,1293,1008,770
63884,1323,992,774
63885,1343,988,774
63886,1346,987,776
63887,1368,987,776
63888,1364,987,777
63889,1377,987,778
63890,1448,988,783
63891,1492,995,787
63892,1532,1005,789
63893,1558,1008,790
63894,1574,1009,791
63895,1575,1009,791
63896,1581,1009,791
63897,1597,1009,801
63898,1695,1016,807
63899,1701,1020,810
63900,1764,1022,800
63901,1750,1018,797
63902,1738,1013,795
63903,1771,1011,793
63904,1755,1010,793
63905,1768,1010,793
63906,1811,1010,794
63907,1834,1011,795
63908,1867,1010,795
63909,1848,1011,800
63910,1868,1013,805
63911,1878,1019,806
63912,1880,1021,806
63913,1896,1022,811
63914,1900,1023,813
63915,1910,1023,814
63916,1896,1024,814
63917,1905,1023,815
63918,1905,1027,814
63919,1921,1025,816
63920,1900,1029,815
63921,1903,1025,815
63922,1802,1024,804
63923,1742,1022,798
63924,1702,1018,806
63925,1674,1021,809
63926,1642,1022,811
63927,1650,1023,812
63928,1658,1023,812
63929,1653,1023,812
63930,1725,1023,801
63931,1771,1022,798
63932,1795,1015,795
63933,1835,1011,795
63934,1828,1011,794
63935,1846,1010,795
63936,1841,1010,795
63937,1807,1011,795
63938,1822,1010,794
63939,1822,1011,795
63940,1809,1010,794
63941,1816,1010,794
63942,1813,1010,794
63943,1815,1010,794
63944,1798,1010,794
63945,1805,1010,793
63946,1808,1010,794
63947,1795,1010,793
63948,1790,1010,793
63949,1791,1010,794
63950,1779,1010,793
63951,1798,1010,794
63952,1782,1011,793
63953,1797,1010,793
63954,1842,1011,795
63955,1878,1011,805
63956,1904,1019,811
63957,1918,1022,813
63958,1931,1023,814
63959,1933,1023,814
63960,1931,1024,815
63961,1917,1023,814
63962,1890,1023,811
63963,1824,1022,802
63964,1796,1022,797
63965,1778,1014,795
63966,1786,1012,795
63967,1774,1011,795
63968,1772,1010,794
63969,1766,1011,793
63970,1684,1010,794
63971,1760,1010,793
63972,1768,1010,794
63973,1763,1010,793
63974,1772,1010,794
63975,1768,1010,793
63976,1777,1009,793
63977,1771,1010,793
63978,1773,1010,794
63979,1772,1010,793
63980,1728,1009,794
63981,1769,1009,792
63982,1747,1010,793
63983,1754,1010,793
63984,1765,1009,793
63985,1768,1010,793
63986,1713,1010,793
63987,1734,1010,793
63988,1768,1009,793
63989,1759,1010,793
63990,1753,1010,793
63991,1758,1010,794
63992,1750,1010,794
63993,1749,1011,793
63994,1754,1010,793
63995,1740,1010,792
63996,1754,1010,793
63997,1741,1010,793
63998,1747,1010,793
63999,1683,1009,792
64000,1744,1010,792
64001,1752,1009,793
64002,1760,1010,793
64003,1735,1010,792
64004,1739,1010,792
64005,1733,1009,793
64006,1754,1010,793
64007,1748,1010,793
64008,1737,1010,793
64009,1754,1010,793
64010,1748,1010,797
64011,1744,1010,794
64012,1735,1010,792
64013,1741,1010,793
64014,1743,1010,792
64015,1736,1009,793
64016,1736,1010,792
64017,1734,1010,793
64018,1735,1010,793
64019,1738,1010,792
64020,1755,1010,796
64021,1734,1010,794
64022,1730,1010,793
64023,1729,1010,793
64024,1729,1010,792
64025,1715,1010,792
64026,1689,1010,795
64027,1723,1010,794
64028,1732,1010,793
64029,1723,1011,793
64030,1725,1010,793
64031,1724,1010,793
64032,1724,1010,793
64033,1722,1010,793
64034,1701,1010,793
64035,1722,1009,792
64036,1727,1009,792
64037,1719,1009,795
64038,1725,1010,794
64039,1725,1010,792
64040,1721,1010,796
64041,1726,1010,803
64042,1718,1016,796
64043,1714,1012,794
64044,1708,1011,795
64045,1711,1011,802
64046,1711,1017,808
64047,1709,1021,802
64048,1681,1021,808
64049,1704,1022,811
64050,1699,1022,813
64051,1712,1023,802
64052,1700,1022,808
64053,1697,1022,811
64054,1701,1022,808
64055,1710,1022,806
64056,1694,1022,805
64057,1715,1023,801
64058,1709,1022,808
64059,1710,1023,811
64060,1706,1023,813
64061,1697,1023,804
64062,1696,1022,804
64063,1701,1022,805
64064,1704,1022,806
64065,1703,1022,806
64066,1721,1022,807
64067,1710,1022,806
64068,1723,1021,799
64069,1725,1016,801
64070,1719,1014,800
64071,1715,1014,800
64072,1713,1016,796
64073,1720,1012,794
64074,1731,1011,794
64075,1749,1010,793
64076,1703,1010,792
64077,1741,1009,793
64078,1739,1010,793
64079,1744,1010,793
64080,1733,1010,793
64081,1751,1010,793
64082,1785,1010,793
64083,1790,1010,793
64084,1793,1010,793
64085,1813,1011,794
64086,1802,1010,794
64087,1808,1010,792
64088,1827,1009,793
64089,1810,1010,793
64090,1842,1010,795
64091,1861,1010,798
64092,1875,1015,803
64093,1870,1019,806
64094,1893,1021,811
64095,1903,1023,813
64096,1894,1023,814
64097,1907,1024,815
64098,1935,1024,815
64099,1969,1031,816
64100,1989,1040,816
64101,1955,1043,817
64102,1995,1043,817
64103,2001,1044,817
64104,2016,1044,818
64105,2015,1044,817
64106,2058,1045,820
64107,2092,1046,826
64108,2115,1046,827
64109,2127,1046,829
64110,2148,1047,829
64111,2155,1047,830
64112,2147,1047,829
64113,2191,1047,830
64114,2210,1051,833
64115,2242,1055,843
64116,2297,1057,847
64117,2277,1065,850
64118,2286,1075,851
64119,2295,1079,851
64120,2311,1080,852
64121,2294,1080,852
64122,2346,1081,853
64123,2402,1081,858
64124,2410,1081,861
64125,2422,1082,862
64126,2435,1082,863
64127,2444,1082,863
64128,2473,1083,863
64129,2436,1086,863
64130,2508,1087,865
64131,2530,1092,874
64132,2571,1094,881
64133,2582,1106,882
64134,2590,1113,884
64135,2592,1115,885
64136,2583,1117,885
64137,2595,1116,884
64138,2621,1117,887
64139,2681,1117,888
64140,2687,1118,890
64141,2710,1118,890
64142,2717,1118,894
64143,2711,1119,896
64144,2718,1107,897
64145,2710,1100,898
64146,2745,1098,899
64147,2800,1098,900
64148,2806,1098,900
64149,2810,1098,901
64150,2822,1098,900
64151,2822,1097,901
64152,2812,1097,901
64153,2802,1097,901
64154,2852,1097,901
64155,2876,1098,903
64156,2887,1098,913
64157,2894,1110,916
64158,2893,1117,919
64159,2904,1119,920
64160,2907,1120,921
64161,2902,1121,921
64162,2906,1121,921
64163,2922,1121,922
64164,2941,1121,922
64165,2937,1121,922
64166,2959,1121,922
64167,2948,1122,922
64168,2949,1121,922
64169,2951,1121,922
64170,2955,1122,922
64171,2968,1122,922
64172,2977,1121,922
64173,2963,1122,923
64174,2971,1122,923
64175,2961,1121,922
64176,2946,1121,922
64177,2975,1122,922
64178,2885,1121,921
64179,2890,1121,911
64180,2802,1109,905
64181,2785,1101,903
64182,2770,1099,901
64183,2741,1098,900
64184,2729,1096,898
64185,2756,1097,899
64186,2807,1097,900
64187,2858,1098,905
64188,2888,1098,910
64189,2963,1106,916
64190,2911,1116,919
64191,2914,1120,921
64192,2934,1121,922
64193,2943,1121,922
64194,2927,1121,922
64195,2923,1121,922
64196,2913,1122,922
64197,2918,1121,922
64198,2882,1121,921
64199,2916,1121,922
64200,2912,1121,921
64201,2898,1121,921
64202,2922,1121,921
64203,2887,1121,921
64204,2883,1122,921
64205,2865,1121,921
64206,2837,1121,910
64207,2855,1109,910
64208,2874,1102,906
64209,2860,1100,907
64210,2844,1099,905
64211,2834,1099,902
64212,2827,1098,901
64213,2798,1097,901
64214,2817,1097,901
64215,2801,1098,900
64216,2781,1097,901
64217,2768,1097,900
64218,2776,1097,901
64219,2769,1097,900
64220,2761,1097,900
64221,2771,1097,899
64222,2758,1097,899
64223,2749,1097,899
64224,2756,1097,899
64225,2746,1097,899
64226,2717,1097,898
64227,2753,1097,898
64228,2690,1097,897
64229,2695,1104,892
64230,2660,1114,890
64231,2682,1117,890
64232,2693,1118,891
64233,2681,1118,891
64234,2671,1118,890
64235,2658,1117,888
64236,2655,1118,888
64237,2636,1117,888
64238,2634,1117,887
64239,2633,1117,887
64240,2636,1117,887
64241,2637,1117,887
64242,2622,1117,886
64243,2620,1118,887
64244,2599,1117,885
64245,2593,1117,886
64246,2585,1117,886
64247,2564,1117,885
64248,2572,1117,885
64249,2579,1117,885
64250,2574,1117,885
64251,2545,1117,886
64252,2545,1117,882
64253,2550,1117,884
64254,2545,1117,885
64255,2519,1117,884
64256,2547,1117,885
64257,2553,1118,886
64258,2493,1110,881
64259,2482,1107,873
64260,2520,1098,869
64261,2503,1095,867
64262,2492,1094,866
64263,2496,1093,865
64264,2494,1093,864
64265,2491,1093,865
64266,2486,1093,865
64267,2463,1093,865
64268,2489,1093,864
64269,2457,1093,864
64270,2457,1093,864
64271,2435,1094,864
64272,2453,1093,863
64273,2457,1088,864
64274,2489,1091,864
64275,2447,1092,864
64276,2458,1089,864
64277,2463,1088,864
64278,2431,1088,863
64279,2423,1088,864
64280,2423,1088,864
64281,2424,1089,864
64282,2428,1092,863
64283,2410,1085,863
64284,2420,1083,863
64285,2385,1082,863
64286,2416,1083,863
64287,2426,1083,863
64288,2392,1083,863
64289,2389,1083,863
64290,2376,1083,863
64291,2374,1083,863
64292,2381,1083,862
64293,2386,1082,862
64294,2368,1082,862
64295,2383,1082,858
64296,2364,1081,855
64297,2353,1082,855
64298,2350,1081,855
64299,2347,1081,854
64300,2350,1081,853
64301,2328,1080,853
64302,2323,1080,853
64303,2290,1080,852
64304,2298,1080,853
64305,2275,1080,852
64306,2272,1080,852
64307,2258,1081,852
64308,2270,1080,853
64309,2258,1080,852
64310,2257,1080,852
64311,2231,1081,850
64312,2201,1080,851
64313,2207,1080,843
64314,2217,1065,843
64315,2176,1060,841
64316,2181,1058,843
64317,2228,1058,846
64318,2198,1059,838
64319,2176,1058,834
64320,2204,1057,833
64321,2180,1056,831
64322,2171,1051,831
64323,2174,1049,830
64324,2165,1047,830
64325,2164,1047,830
64326,2149,1047,830
64327,2140,1047,830
64328,2130,1047,830
64329,2127,1047,830
64330,2127,1047,830
64331,2123,1047,829
64332,2137,1047,830
64333,2132,1047,830
64334,2117,1047,830
64335,2089,1047,829
64336,2096,1046,829
64337,2088,1047,829
64338,2090,1046,829
64339,2101,1046,829
64340,2092,1046,827
64341,2083,1047,829
64342,2085,1046,828
64343,2087,1047,827
64344,2071,1046,828
64345,2058,1047,826
64346,2069,1047,827
64347,2062,1047,826
64348,2056,1046,827
64349,2046,1046,828
64350,2054,1046,825
64351,2058,1047,823
64352,2028,1046,820
64353,2037,1045,822
64354,2048,1046,823
64355,2043,1046,825
64356,2030,1046,825
64357,2040,1046,826
64358,2042,1046,827
64359,2041,1046,827
64360,2036,1046,825
64361,2043,1046,826
64362,2040,1046,825
64363,2035,1046,825
64364,2043,1046,826
64365,2038,1047,823
64366,2025,1046,826
64367,2004,1046,826
64368,2072,1046,826
64369,2045,1046,825
64370,2041,1046,827
64371,2041,1046,826
64372,2063,1046,826
64373,2038,1046,824
64374,2042,1046,825
64375,2044,1045,826
64376,2061,1046,827
64377,2047,1046,828
64378,2059,1047,826
64379,2045,1046,827
64380,2059,1046,826
64381,2031,1046,827
64382,2060,1046,822
64383,2077,1046,825
64384,2070,1046,824
64385,2061,1046,823
64386,2064,1045,824
64387,2064,1046,826
64388,2068,1046,823
64389,2073,1046,823
64390,2097,1046,826
64391,2064,1046,825
64392,2082,1046,826
64393,2090,1046,827
64394,2087,1047,827
64395,2083,1046,828
64396,2089,1047,828
64397,2080,1046,829
64398,2098,1047,828
64399,2098,1047,829
64400,2112,1047,829
64401,2099,1047,828
64402,2109,1047,829
64403,2093,1046,828
64404,2096,1046,829
64405,2108,1047,829
64406,2114,1047,830
64407,2124,1048,829
64408,2110,1047,830
64409,2121,1048,830
64410,2120,1047,830
64411,2123,1047,830
64412,2126,1047,830
64413,2135,1047,830
64414,2137,1047,830
64415,2136,1047,830
64416,2186,1047,830
64417,2124,1047,830
64418,2146,1046,829
64419,2160,1047,830
64420,2134,1047,829
64421,2146,1047,830
64422,2163,1047,829
64423,2170,1047,830
64424,2128,1047,830
64425,2174,1047,830
64426,2152,1047,830
64427,2196,1047,831
64428,2161,1047,831
64429,2167,1048,832
64430,2170,1049,831
64431,2162,1048,831
64432,2160,1048,831
64433,2094,1048,830
64434,2165,1047,831
64435,2173,1048,831
64436,2172,1047,831
64437,2157,1047,831
64438,2179,1047,830
64439,2171,1047,830
64440,2179,1047,831
64441,2180,1047,830
64442,2174,1047,830
64443,2203,1047,831
64444,2178,1047,831
64445,2175,1047,831
64446,2157,1047,831
64447,2170,1047,830
64448,2169,1048,831
64449,2167,1048,831
64450,2176,1046,830
64451,2158,1048,831
64452,2150,1048,831
64453,2161,1047,830
64454,2179,1047,831
64455,2172,1047,830
64456,2153,1047,830
64457,2157,1047,830
64458,2152,1047,830
64459,2100,1047,831
64460,2156,1047,830
64461,2166,1047,831
64462,2164,1047,831
64463,2211,1047,830
64464,2156,1047,831
64465,2152,1047,830
64466,2190,1047,830
64467,2141,1047,830
64468,2148,1047,830
64469,2147,1047,830
64470,2141,1047,830
64471,2140,1047,829
64472,2134,1047,830
64473,2144,1047,829
64474,2127,1047,829
64475,2130,1047,829
64476,2160,1051,830
64477,2138,1048,829
64478,2124,1047,829
64479,2114,1047,828
64480,2120,1047,829
64481,2111,1046,829
64482,2109,1047,829
64483,2113,1047,829
64484,2127,1046,828
64485,2126,1047,829
64486,2081,1048,829
64487,2101,1047,828
64488,2093,1047,829
64489,2080,1047,829
64490,2090,1047,829
64491,2091,1046,829
64492,2086,1047,829
64493,2071,1047,829
64494,2079,1046,828
64495,2074,1047,828
64496,2067,1047,827
64497,2056,1047,826
64498,2049,1046,824
64499,2061,1046,823
64500,2045,1045,826
64501,2055,1046,822
64502,2034,1046,823
64503,2023,1046,825
64504,2031,1046,823
64505,2035,1046,823
64506,2026,1046,823
64507,2027,1045,821
64508,2026,1046,825
64509,2035,1046,822
64510,1997,1046,820
64511,2018,1045,819
64512,1999,1046,819
64513,1996,1045,818
64514,1982,1046,818
64515,2002,1044,817
64516,1993,1046,817
64517,1997,1044,817
64518,2005,1045,817
64519,2012,1045,817
64520,1984,1045,817
64521,1940,1044,816
64522,1965,1045,816
64523,1976,1045,817
64524,1964,1045,816
64525,1954,1044,816
64526,1949,1044,817
64527,1949,1044,815
64528,1936,1040,815
64529,1936,1039,815
64530,1939,1038,815
64531,1923,1036,815
64532,1930,1037,815
64533,1917,1035,816
64534,1913,1041,815
64535,1915,1036,816
64536,1927,1034,815
64537,1924,1034,815
64538,1903,1027,815
64539,1910,1028,815
64540,1906,1025,815
64541,1912,1031,815
64542,1892,1026,815
64543,1886,1032,814
64544,1886,1026,815
64545,1899,1025,812
64546,1891,1023,810
64547,1874,1024,812
64548,1871,1023,812
64549,1875,1023,813
64550,1879,1023,814
64551,1860,1024,804
64552,1829,1022,799
64553,1853,1017,797
64554,1854,1013,797
64555,1881,1015,798
64556,1843,1012,796
64557,1851,1011,796
64558,1848,1010,795
64559,1829,1010,794
64560,1809,1011,794
64561,1827,1010,794
64562,1819,1010,794
64563,1825,1011,794
64564,1823,1011,794
64565,1836,1010,794
64566,1821,1010,794
64567,1815,1010,793
64568,1818,1010,793
64569,1809,1010,794
64570,1816,1010,794
64571,1813,1010,794
64572,1809,1010,793
64573,1816,1010,794
64574,1803,1010,794
64575,1789,1010,793
64576,1796,1010,794
64577,1792,1010,794
64578,1795,1010,793
64579,1779,1010,793
64580,1788,1010,794
64581,1786,1010,794
64582,1793,1010,793
64583,1762,1010,793
64584,1768,1010,793
64585,1776,1010,794
64586,1770,1009,794
64587,1775,1010,794
64588,1764,1011,793
64589,1776,1010,794
64590,1778,1010,793
64591,1764,1010,794
64592,1758,1010,793
64593,1761,1010,793
64594,1759,1010,793
64595,1736,1010,793
64596,1752,1010,793
64597,1754,1010,793
64598,1782,1010,793
64599,1731,1010,792
64600,1729,1009,792
64601,1745,1010,792
64602,1732,1009,792
64603,1748,1010,791
64604,1738,1009,793
64605,1742,1010,792
64606,1732,1009,792
64607,1742,1010,797
64608,1725,1010,798
64609,1737,1012,794
64610,1726,1011,793
64611,1748,1011,793
64612,1729,1011,792
64613,1725,1010,792
64614,1719,1011,797
64615,1723,1010,794
64616,1713,1011,793
64617,1745,1010,793
64618,1685,1011,803
64619,1717,1018,801
64620,1710,1021,808
64621,1716,1021,807
64622,1699,1022,810
64623,1707,1023,812
64624,1694,1024,813
64625,1691,1024,813
64626,1684,1024,813
64627,1718,1024,811
64628,1673,1023,812
64629,1683,1024,812
64630,1693,1024,813
64631,1679,1023,813
64632,1684,1024,813
64633,1683,1023,813
64634,1679,1023,812
64635,1663,1023,813
64636,1667,1023,812
64637,1677,1024,813
64638,1677,1023,813
64639,1670,1024,812
64640,1657,1024,813
64641,1652,1024,813
64642,1658,1024,813
64643,1664,1024,812
64644,1650,1024,812
64645,1657,1024,813
64646,1659,1024,813
64647,1652,1024,813
64648,1659,1024,814
64649,1653,1024,812
64650,1633,1024,812
64651,1644,1024,812
64652,1695,1024,812
64653,1644,1024,812
64654,1630,1024,812
64655,1642,1024,812
64656,1630,1024,812
64657,1633,1024,812
64658,1637,1024,813
64659,1647,1024,812
64660,1626,1024,813
64661,1611,1024,812
64662,1648,1024,812
64663,1624,1023,812
64664,1618,1023,812
64665,1613,1023,811
64666,1621,1023,811
64667,1620,1023,811
64668,1631,1024,811
64669,1622,1023,812
64670,1610,1023,811
64671,1623,1024,812
64672,1682,1024,812
64673,1611,1024,811
64674,1594,1024,811
64675,1632,1024,811
64676,1615,1024,811
64677,1610,1024,811
64678,1618,1024,811
64679,1597,1024,812
64680,1617,1023,811
64681,1592,1024,811
64682,1607,1023,812
64683,1614,1023,811
64684,1555,1022,809
64685,1603,1023,810
64686,1604,1023,811
64687,1613,1023,811
64688,1606,1023,812
64689,1615,1024,811
64690,1610,1023,811
64691,1607,1024,811
64692,1597,1023,811
64693,1610,1024,811
64694,1587,1023,811
64695,1608,1024,812
64696,1609,1024,811
64697,1606,1024,811
64698,1602,1024,811
64699,1604,1023,811
64700,1615,1024,811
64701,1625,1024,811
64702,1618,1023,812
64703,1611,1023,811
64704,1622,1023,812
64705,1615,1023,812
64706,1613,1023,812
64707,1604,1023,812
64708,1619,1023,811
64709,1626,1023,812
64710,1615,1023,812
64711,1617,1023,811
64712,1619,1023,811
64713,1617,1023,812
64714,1609,1023,811
64715,1610,1023,811
64716,1605,1023,811
64717,1623,1023,812
64718,1629,1023,812
64719,1625,1023,812
64720,1635,1024,812
64721,1603,1023,812
64722,1625,1023,812
64723,1624,1023,812
64724,1619,1023,812
64725,1630,1024,811
64726,1672,1023,812
64727,1626,1024,812
64728,1631,1024,812
64729,1635,1024,812
64730,1634,1024,813
64731,1624,1024,813
64732,1625,1024,813
64733,1620,1024,812
64734,1620,1024,813
64735,1613,1024,812
64736,1636,1024,813
64737,1638,1024,813
64738,1631,1024,812
64739,1636,1023,812
64740,1636,1023,813
64741,1638,1023,812
64742,1642,1024,813
64743,1645,1023,813
64744,1613,1024,812
64745,1621,1024,812
64746,1641,1024,813
64747,1636,1023,811
64748,1645,1023,813
64749,1640,1023,812
64750,1632,1023,813
64751,1636,1024,812
64752,1641,1023,812
64753,1631,1023,812
64754,1627,1023,812
64755,1655,1023,812
64756,1631,1023,811
64757,1632,1023,811
64758,1646,1024,811
64759,1632,1023,812
64760,1627,1023,811
64761,1634,1023,812
64762,1627,1023,811
64763,1628,1023,812
64764,1634,1023,811
64765,1638,1023,812
64766,1625,1023,812
64767,1615,1023,811
64768,1612,1023,811
64769,1629,1023,812
64770,1621,1023,812
64771,1625,1024,812
64772,1630,1024,812
64773,1612,1024,812
64774,1635,1024,812
64775,1627,1023,812
64776,1632,1023,812
64777,1627,1024,811
64778,1619,1023,812
64779,1627,1024,812
64780,1593,1023,812
64781,1612,1023,812
64782,1599,1023,812
64783,1621,1023,811
64784,1620,1024,812
64785,1621,1023,812
64786,1627,1023,812
64787,1611,1023,812
64788,1614,1023,811
64789,1621,1023,812
64790,1618,1023,811
64791,1614,1023,811
64792,1605,1023,811
64793,1612,1023,811
64794,1599,1023,810
64795,1638,1023,811
64796,1604,1024,811
64797,1612,1024,811
64798,1596,1023,811
64799,1607,1024,811
64800,1629,1023,811
64801,1571,1023,811
64802,1611,1024,811
64803,1601,1023,811
64804,1608,1023,811
64805,1605,1023,811
64806,1597,1023,811
64807,1604,1024,811
64808,1618,1023,811
64809,1614,1023,811
64810,1579,1023,811
64811,1601,1023,811
64812,1594,1024,811
64813,1589,1023,811
64814,1595,1023,811
64815,1586,1023,811
64816,1602,1023,811
64817,1590,1022,811
64818,1595,1023,811
64819,1585,1023,811
64820,1605,1022,811
64821,1576,1023,811
64822,1598,1023,807
64823,1593,1023,809
64824,1575,1022,809
64825,1586,1023,811
64826,1587,1023,806
64827,1575,1022,805
64828,1590,1022,801
64829,1569,1018,800
64830,1586,1019,805
64831,1560,1021,798
64832,1580,1015,794
64833,1578,1013,793
64834,1567,1010,792
64835,1572,1010,792
64836,1582,1010,796
64837,1576,1010,794
64838,1576,1010,796
64839,1589,1010,799
64840,1580,1013,798
64841,1547,1012,794
64842,1570,1011,793
64843,1574,1010,792
64844,1570,1010,792
64845,1566,1009,791
64846,1573,1009,791
64847,1568,1009,791
64848,1567,1009,791
64849,1565,1010,791
64850,1526,1009,791
64851,1563,1010,790
64852,1563,1009,791
64853,1557,1009,791
64854,1558,1009,791
64855,1570,1010,791
64856,1563,1009,790
64857,1567,1009,791
64858,1543,1010,790
64859,1563,1010,791
64860,1588,1009,791
64861,1551,1010,791
64862,1545,1010,791
64863,1563,1009,790
64864,1565,1009,795
64865,1561,1010,792
64866,1556,1010,792
64867,1566,1009,792
64868,1554,1009,790
64869,1552,1009,790
64870,1543,1009,790
64871,1563,1009,791
64872,1539,1009,790
64873,1548,1009,791
64874,1551,1009,790
64875,1554,1009,791
64876,1556,1009,791
64877,1547,1009,791
64878,1567,1009,791
64879,1547,1009,790
64880,1546,1009,790
64881,1552,1010,790
64882,1543,1009,790
64883,1554,1010,791
64884,1551,1009,794
64885,1555,1010,792
64886,1544,1009,791
64887,1557,1010,792
64888,1554,1009,790
64889,1551,1010,791
64890,1550,1009,791
64891,1575,1010,791
64892,1569,1009,791
64893,1558,1010,791
64894,1568,1009,791
64895,1572,1010,791
64896,1561,1009,791
64897,1575,1010,790
64898,1565,1009,790
64899,1576,1009,793
64900,1615,1010,802
64901,1599,1018,806
64902,1584,1021,809
64903,1593,1022,810
64904,1598,1023,811
64905,1596,1023,811
64906,1618,1023,811
64907,1636,1024,811
64908,1671,1023,812
64909,1648,1024,813
64910,1641,1024,813
64911,1678,1025,813
64912,1663,1024,813
64913,1670,1024,813
64914,1692,1024,814
64915,1725,1024,811
64916,1737,1023,801
64917,1748,1023,797
64918,1796,1015,795
64919,1759,1011,794
64920,1744,1010,793
64921,1755,1010,793
64922,1794,1009,793
64923,1827,1010,793
64924,1847,1010,794
64925,1868,1010,798
64926,1879,1014,802
64927,1888,1019,808
64928,1878,1022,812
64929,1883,1023,813
64930,1947,1024,814
64931,1950,1024,816
64932,1983,1036,816
64933,2009,1043,817
64934,2020,1043,818
64935,2022,1044,818
64936,2025,1045,824
64937,2038,1045,825
64938,2064,1046,827
64939,2084,1046,828
64940,2141,1046,829
64941,2168,1047,829
64942,2180,1046,830
64943,2191,1047,830
64944,2181,1047,830
64945,2192,1047,830
64946,2220,1050,840
64947,2271,1055,846
64948,2308,1065,849
64949,2318,1075,851
64950,2320,1078,853
64951,2346,1080,852
64952,2353,1080,854
64953,2353,1081,853
64954,2384,1081,858
64955,2430,1082,861
64956,2459,1082,863
64957,2479,1082,863
64958,2494,1082,864
64959,2498,1089,864
64960,2506,1091,864
64961,2509,1093,865
64962,2538,1093,875
64963,2570,1094,880
64964,2602,1106,884
64965,2612,1113,885
64966,2617,1115,885
64967,2636,1116,887
64968,2660,1117,887
64969,2646,1117,887
64970,2643,1117,888
64971,2687,1118,889
64972,2716,1118,894
64973,2726,1118,896
64974,2735,1103,898
64975,2744,1099,898
64976,2744,1097,899
64977,2749,1097,898
64978,2769,1097,898
64979,2792,1097,899
64980,2803,1097,899
64981,2797,1097,900
64982,2817,1097,900
64983,2821,1098,900
64984,2832,1097,901
64985,2825,1097,901
64986,2830,1097,901
64987,2857,1097,901
64988,2870,1098,903
64989,2864,1098,909
64990,2870,1100,916
64991,2876,1113,918
64992,2889,1119,920
64993,2883,1120,920
64994,2880,1121,921
64995,2871,1121,921
64996,2898,1122,921
64997,2907,1121,922
64998,2907,1122,921
64999,2872,1121,921
65000,2902,1121,921
65001,2914,1121,921
65002,2895,1122,921
65003,2914,1121,921
65004,2904,1121,921
65005,2929,1121,922
65006,2897,1121,921
65007,2908,1121,922
65008,2918,1122,922
65009,2900,1122,922
65010,2901,1121,921
65011,2833,1121,911
65012,2798,1109,905
65013,2810,1101,902
65014,2771,1099,901
65015,2756,1098,900
65016,2754,1097,899
65017,2757,1097,899
65018,2768,1097,899
65019,2757,1097,900
65020,2796,1097,900
65021,2829,1097,900
65022,2840,1097,900
65023,2829,1097,901
65024,2849,1098,901
65025,2852,1097,901
65026,2833,1098,901
65027,2842,1097,901
65028,2831,1097,901
65029,2841,1098,901
65030,2845,1098,901
65031,2801,1098,901
65032,2812,1098,901
65033,2805,1098,901
65034,2804,1098,901
65035,2770,1098,900
65036,2707,1097,900
65037,2777,1097,900
65038,2781,1097,899
65039,2755,1098,901
65040,2754,1098,899
65041,2750,1097,899
65042,2748,1097,899
65043,2741,1097,899
65044,2723,1097,899
65045,2716,1096,898
65046,2695,1097,895
65047,2660,1112,893
65048,2708,1117,893
65049,2694,1118,891
65050,2701,1118,891
65051,2672,1118,892
65052,2679,1118,890
65053,2661,1118,888
65054,2657,1118,888
65055,2643,1119,888
65056,2643,1117,887
65057,2664,1117,888
65058,2642,1117,888
65059,2627,1117,888
65060,2598,1117,886
65061,2610,1117,887
65062,2606,1118,886
65063,2615,1117,886
65064,2626,1118,886
65065,2597,1117,886
65066,2596,1117,886
65067,2568,1117,885
65068,2531,1116,885
65069,2519,1117,881
65070,2526,1117,875
65071,2515,1101,881
65072,2517,1102,872
65073,2512,1096,869
65074,2507,1095,867
65075,2496,1094,865
65076,2468,1093,865
65077,2498,1094,865
65078,2464,1093,864
65079,2477,1093,865
65080,2472,1093,865
65081,2467,1092,864
65082,2469,1090,864
65083,2443,1092,863
65084,2434,1089,863
65085,2451,1088,864
65086,2447,1092,865
65087,2440,1089,863
65088,2435,1084,863
65089,2473,1083,863
65090,2440,1083,863
65091,2429,1083,864
65092,2429,1085,864
65093,2419,1087,863
65094,2453,1085,863
65095,2424,1085,863
65096,2406,1083,863
65097,2423,1083,863
65098,2399,1083,863
65099,2390,1083,863
65100,2387,1082,863
65101,2382,1083,863
65102,2397,1082,863
65103,2391,1082,863
65104,2383,1083,862
65105,2384,1083,862
65106,2388,1083,863
65107,2367,1082,861
65108,2372,1082,862
65109,2373,1083,858
65110,2362,1082,859
65111,2374,1082,857
65112,2358,1081,855
65113,2359,1081,855
65114,2368,1081,855
65115,2346,1081,854
65116,2390,1081,855
65117,2353,1081,854
65118,2327,1081,853
65119,2334,1081,853
65120,2331,1080,853
65121,2333,1081,852
65122,2330,1081,853
65123,2322,1081,853
65124,2323,1080,853
65125,2271,1081,853
65126,2293,1081,853
65127,2290,1080,853
65128,2289,1081,853
65129,2283,1080,853
65130,2282,1081,852
65131,2267,1080,852
65132,2270,1080,852
65133,2265,1081,852
65134,2262,1081,851
65135,2265,1081,851
65136,2290,1080,851
65137,2258,1080,851
65138,2264,1080,850
65139,2251,1080,851
65140,2224,1080,851
65141,2235,1080,851
65142,2211,1079,851
65143,2228,1081,850
65144,2221,1080,850
65145,2275,1080,850
65146,2208,1080,851
65147,2196,1073,844
65148,2212,1063,838
65149,2187,1059,834
65150,2186,1058,832
65151,2180,1057,835
65152,2186,1057,833
65153,2185,1054,832
65154,2175,1053,831
65155,2176,1050,831
65156,2188,1048,831
65157,2192,1047,830
65158,2167,1047,830
65159,2163,1047,830
65160,2156,1047,831
65161,2161,1047,830
65162,2145,1047,830
65163,2157,1048,830
65164,2156,1047,830
65165,2159,1047,830
65166,2150,1047,831
65167,2125,1047,831
65168,2151,1047,830
65169,2143,1047,830
65170,2133,1047,830
65171,2135,1047,830
65172,2126,1047,830
65173,2130,1048,830
65174,2161,1047,830
65175,2128,1048,830
65176,2146,1047,829
65177,2142,1047,830
65178,2133,1047,829
65179,2120,1047,830
65180,2134,1047,830
65181,2129,1047,830
65182,2138,1047,830
65183,2134,1047,830
65184,2127,1047,829
65185,2115,1046,828
65186,2142,1047,830
65187,2133,1047,830
65188,2139,1047,829
65189,2136,1046,830
65190,2130,1047,830
65191,2135,1047,830
65192,2140,1048,830
65193,2098,1047,830
65194,2165,1047,830
65195,2129,1048,830
65196,2155,1047,830
65197,2133,1047,830
65198,2158,1047,831
65199,2155,1047,830
65200,2157,1046,830
65201,2152,1046,830
65202,2155,1047,830
65203,2154,1047,830
65204,2158,1047,830
65205,2135,1047,830
65206,2170,1047,831
65207,2161,1048,831
65208,2154,1047,830
65209,2173,1047,831
65210,2166,1047,831
65211,2174,1048,832
65212,2173,1050,831
65213,2182,1047,830
65214,2184,1047,831
65215,2152,1047,831
65216,2182,1047,831
65217,2186,1047,830
65218,2184,1047,830
65219,2192,1047,830
65220,2267,1050,833
65221,2191,1055,832
65222,2182,1052,831
65223,2192,1052,833
65224,2201,1056,832
65225,2198,1056,832
65226,2205,1055,835
65227,2212,1054,837
65228,2220,1057,839
65229,2215,1057,842
65230,2237,1058,846
65231,2125,1058,846
65232,2225,1058,843
65233,2203,1058,842
65234,2229,1058,846
65235,2209,1059,845
65236,2199,1061,845
65237,2228,1060,848
65238,2236,1071,850
65239,2233,1076,850
65240,2236,1079,850
65241,2234,1080,850
65242,2228,1080,850
65243,2236,1080,850
65244,2235,1080,850
65245,2243,1079,851
65246,2241,1080,851
65247,2237,1080,851
65248,2241,1080,851
65249,2242,1080,851
65250,2235,1081,851
65251,2251,1081,851
65252,2246,1080,851
65253,2237,1081,850
65254,2243,1080,851
65255,2250,1081,850
65256,2242,1080,851
65257,2240,1080,850
65258,2242,1080,852
65259,2229,1080,850
65260,2225,1080,851
65261,2222,1080,847
65262,2225,1072,848
65263,2215,1074,842
65264,2213,1063,842
65265,2216,1059,842
65266,2216,1059,843
65267,2220,1059,840
65268,2225,1058,846
65269,2234,1059,848
65270,2231,1071,850
65271,2239,1077,851
65272,2238,1079,851
65273,2225,1080,850
65274,2245,1081,851
65275,2236,1080,851
65276,2237,1081,851
65277,2237,1080,851
65278,2231,1080,851
65279,2222,1080,850
65280,2239,1080,851
65281,2231,1080,850
65282,2223,1079,850
65283,2233,1080,850
65284,2229,1080,851
65285,2224,1080,850
65286,2226,1080,850
65287,2222,1080,851
65288,2218,1080,846
65289,2222,1069,848
65290,2216,1073,850
65291,2213,1078,846
65292,2219,1068,848
65293,2218,1077,849
65294,2204,1071,840
65295,2209,1062,838
65296,2196,1059,837
65297,2196,1057,834
65298,2200,1057,832
65299,2192,1053,831
65300,2199,1051,831
65301,2204,1048,831
65302,2194,1047,831
65303,2191,1048,831
65304,2185,1047,831
65305,2197,1051,831
65306,2186,1048,831
65307,2175,1048,830
65308,2179,1047,831
65309,2183,1047,831
65310,2181,1047,831
65311,2170,1047,830
65312,2195,1047,830
65313,2154,1047,830
65314,2144,1047,830
65315,2154,1047,831
65316,2150,1047,830
65317,2141,1047,830
65318,2150,1047,830
65319,2143,1046,830
65320,2133,1047,829
65321,2135,1046,830
65322,2134,1047,830
65323,2129,1047,830
65324,2127,1047,830
65325,2122,1047,830
65326,2123,1047,830
65327,2100,1047,829
65328,2111,1047,829
65329,2106,1047,829
65330,2111,1047,829
65331,2105,1047,829
65332,2099,1047,829
65333,2104,1047,829
65334,2098,1047,829
65335,2090,1046,829
65336,2077,1047,829
65337,2078,1047,828
65338,2064,1047,828
65339,2068,1046,827
65340,2070,1046,827
65341,2067,1046,826
65342,2068,1046,824
65343,2053,1046,825
65344,2037,1046,824
65345,2035,1046,826
65346,2049,1046,826
65347,2035,1046,827
65348,2037,1047,828
65349,2031,1047,826
65350,2028,1047,827
65351,2024,1046,822
65352,2011,1046,822
65353,2025,1046,820
65354,2016,1045,818
65355,2011,1046,818
65356,2012,1045,817
65357,2001,1044,816
65358,2010,1045,818
65359,1990,1044,817
65360,1967,1045,817
65361,1985,1044,816
65362,1986,1044,817
65363,1963,1044,816
65364,1988,1045,817
65365,1981,1044,816
65366,1973,1045,817
65367,1969,1044,816
65368,1961,1045,817
65369,1947,1045,817
65370,1948,1044,816
65371,1948,1045,817
65372,1949,1045,816
65373,1946,1045,816
65374,1951,1044,817
65375,1924,1044,816
65376,1963,1037,816
65377,1936,1036,815
65378,1970,1030,815
65379,1926,1029,814
65380,1907,1025,815
65381,1922,1025,815
65382,1910,1024,815
65383,1909,1025,815
65384,1899,1025,815
65385,1906,1027,816
65386,1907,1036,816
65387,1920,1032,816
65388,1898,1034,816
65389,1903,1031,815
65390,1904,1027,815
65391,1901,1028,815
65392,1828,1026,813
65393,1878,1024,813
65394,1869,1024,807
65395,1874,1023,811
65396,1879,1023,810
65397,1880,1023,812
65398,1876,1024,809
65399,1870,1022,805
65400,1874,1023,802
65401,1860,1022,799
65402,1857,1015,799
65403,1866,1014,798
65404,1850,1011,795
65405,1857,1011,796
65406,1868,1011,795
65407,1844,1011,795
65408,1843,1010,794
65409,1818,1011,795
65410,1828,1010,795
65411,1838,1011,795
65412,1835,1010,794
65413,1819,1011,794
65414,1834,1010,795
65415,1798,1011,794
65416,1832,1010,795
65417,1803,1010,793
65418,1821,1009,794
65419,1818,1010,793
65420,1817,1010,794
65421,1825,1010,793
65422,1812,1010,794
65423,1805,1010,794
65424,1806,1010,793
65425,1807,1010,793
65426,1802,1010,793
65427,1811,1010,794
65428,1801,1010,794
65429,1807,1010,794
65430,1811,1011,795
65431,1798,1010,794
65432,1796,1011,794
65433,1784,1010,794
65434,1786,1011,794
65435,1783,1010,794
65436,1760,1011,794
65437,1788,1010,794
65438,1802,1010,794
65439,1784,1010,794
65440,1770,1010,794
65441,1765,1010,794
65442,1754,1010,793
65443,1776,1011,794
65444,1743,1010,794
65445,1780,1010,794
65446,1775,1010,794
65447,1762,1010,794
65448,1779,1010,794
65449,1769,1011,794
65450,1781,1010,794
65451,1758,1010,793
65452,1768,1010,793
65453,1758,1010,794
65454,1752,1010,794
65455,1765,1010,793
65456,1754,1010,793
65457,1765,1010,793
65458,1774,1010,794
65459,1759,1010,793
65460,1760,1009,793
65461,1763,1010,792
65462,1763,1010,793
65463,1759,1010,792
65464,1757,1010,792
65465,1768,1010,793
65466,1763,1010,793
65467,1750,1010,792
65468,1749,1010,792
65469,1766,1010,793
65470,1733,1010,793
65471,1744,1010,793
65472,1746,1010,793
65473,1749,1010,793
65474,1747,1010,793
65475,1732,1010,793
65476,1721,1010,793
65477,1750,1011,794
65478,1739,1010,793
65479,1750,1010,793
65480,1742,1010,792
65481,1728,1009,791
65482,1759,1009,792
65483,1729,1009,792
65484,1721,1010,792
65485,1726,1009,792
65486,1733,1010,796
65487,1735,1010,794
65488,1735,1010,793
65489,1740,1010,792
65490,1730,1010,792
65491,1728,1010,793
65492,1717,1010,793
65493,1737,1009,792
65494,1722,1011,792
65495,1723,1010,796
65496,1739,1010,794
65497,1728,1010,793
65498,1722,1010,792
65499,1738,1010,793
65500,1740,1009,792
65501,1740,1010,793
65502,1706,1010,795
65503,1716,1010,794
65504,1720,1010,793
65505,1732,1010,793
65506,1707,1010,799
65507,1721,1012,795
65508,1728,1011,797
65509,1709,1014,798
65510,1729,1012,795
65511,1730,1011,793
65512,1726,1011,793
65513,1711,1010,795
65514,1721,1010,793
65515,1718,1010,792
65516,1725,1010,797
65517,1725,1011,794
65518,1737,1010,793
65519,1765,1010,792
65520,1707,1010,792
65521,1731,1010,792
65522,1718,1010,795
65523,1717,1010,793
65524,1735,1010,793
65525,1724,1011,791
65526,1722,1010,792
65527,1723,1010,792
65528,1746,1010,792
65529,1728,1010,791
65530,1723,1010,792
65531,1726,1010,792
65532,1727,1010,793
65533,1733,1010,792
65534,1723,1011,792
65535,1719,1010,792
65536,1712,1011,792
65537,1717,1009,792
65538,1710,1010,799
65539,1723,1012,795
65540,1721,1011,793
65541,1717,1010,793
65542,1720,1009,797
65543,1721,1010,794
65544,1711,1010,798
65545,1732,1012,800
65546,1752,1013,799
65547,1719,1013,799
65548,1711,1017,799
65549,1709,1018,798
65550,1723,1013,795
65551,1714,1012,793
65552,1720,1011,793
65553,1725,1011,796
65554,1709,1014,797
65555,1717,1011,800
65556,1705,1017,799
65557,1717,1014,795
65558,1706,1012,797
65559,1710,1014,806
65560,1710,1020,806
65561,1712,1021,798
65562,1707,1020,801
65563,1725,1018,801
65564,1723,1015,805
65565,1714,1020,807
65566,1715,1021,799
65567,1680,1019,798
65568,1711,1019,798
65569,1714,1013,800
65570,1715,1014,796
65571,1719,1012,799
65572,1715,1011,800
65573,1683,1017,802
65574,1702,1020,799
65575,1704,1019,806
65576,1715,1020,801
65577,1698,1022,800
65578,1704,1021,799
65579,1720,1016,795
65580,1722,1012,802
65581,1714,1014,797
65582,1732,1011,797
65583,1720,1013,795
65584,1724,1011,801
65585,1712,1013,805
65586,1704,1019,803
65587,1723,1021,797
65588,1708,1018,798
65589,1707,1016,798
65590,1716,1012,795
65591,1716,1011,793
65592,1714,1010,793
65593,1705,1010,795
65594,1715,1011,798
65595,1715,1011,800
65596,1710,1016,798
65597,1742,1018,803
65598,1712,1019,805
65599,1695,1021,806
65600,1729,1021,799
65601,1721,1020,798
65602,1688,1017,802
65603,1704,1021,804
65604,1717,1021,798
65605,1716,1014,794
65606,1715,1011,798
65607,1717,1011,795
65608,1722,1009,797
65609,1715,1011,798
65610,1714,1011,800
65611,1698,1017,807
65612,1702,1020,802
65613,1706,1022,808
65614,1707,1023,807
65615,1711,1023,807
65616,1687,1022,810
65617,1689,1023,808
65618,1704,1022,806
65619,1706,1022,810
65620,1698,1022,812
65621,1705,1023,809
65622,1734,1023,808
65623,1688,1022,810
65624,1706,1023,812
65625,1696,1024,813
65626,1700,1024,813
65627,1708,1025,813
65628,1697,1024,814
65629,1692,1025,814
65630,1662,1024,813
65631,1760,1024,811
65632,1697,1023,812
65633,1740,1023,810
65634,1694,1023,811
65635,1703,1023,813
65636,1684,1023,813
65637,1759,1024,811
65638,1690,1023,812
65639,1696,1023,813
65640,1687,1023,813
65641,1681,1024,813
65642,1688,1023,813
65643,1685,1023,813
65644,1681,1023,813
65645,1691,1024,813
65646,1682,1023,814
65647,1680,1024,813
65648,1678,1024,813
65649,1729,1024,814
65650,1677,1024,813
65651,1677,1024,813
65652,1677,1024,814
65653,1719,1024,812
65654,1684,1024,813
65655,1681,1024,813
65656,1676,1024,812
65657,1675,1024,813
65658,1659,1023,812
65659,1679,1023,813
65660,1665,1023,812
65661,1664,1024,812
65662,1675,1023,812
65663,1642,1024,813
65664,1664,1023,813
65665,1658,1024,812
65666,1668,1023,813
65667,1680,1024,812
65668,1664,1023,813
65669,1644,1023,813
65670,1675,1023,812
65671,1662,1023,813
65672,1645,1024,813
65673,1647,1024,813
65674,1656,1024,813
65675,1655,1024,813
65676,1655,1024,813
65677,1653,1023,813
65678,1650,1024,813
65679,1635,1023,812
65680,1650,1024,812
65681,1649,1023,812
65682,1604,1024,812
65683,1640,1023,812
65684,1648,1024,813
65685,1633,1023,812
65686,1655,1023,813
65687,1696,1023,812
65688,1636,1024,812
65689,1631,1023,812
65690,1636,1024,812
65691,1648,1024,812
65692,1626,1024,812
65693,1622,1024,812
65694,1635,1024,812
65695,1646,1023,812
65696,1632,1023,812
65697,1632,1023,812
65698,1636,1023,811
65699,1640,1023,812
65700,1623,1023,811
65701,1634,1023,812
65702,1626,1023,811
65703,1625,1023,812
65704,1622,1023,811
65705,1623,1023,811
65706,1608,1023,811
65707,1618,1023,811
65708,1616,1023,811
65709,1618,1023,811
65710,1615,1023,811
65711,1595,1023,811
65712,1617,1023,811
65713,1607,1023,811
65714,1630,1023,811
65715,1606,1023,811
65716,1609,1023,812
65717,1603,1023,811
65718,1606,1024,811
65719,1617,1024,811
65720,1600,1024,811
65721,1610,1024,811
65722,1603,1023,811
65723,1567,1023,811
65724,1601,1023,811
65725,1600,1023,811
65726,1605,1023,811
65727,1602,1023,811
65728,1612,1023,808
65729,1595,1022,809
65730,1592,1022,810
65731,1590,1023,810
65732,1584,1023,811
65733,1582,1023,810
65734,1592,1022,811
65735,1594,1023,810
65736,1577,1023,808
65737,1591,1023,806
65738,1592,1023,805
65739,1592,1022,808
65740,1578,1022,806
65741,1592,1022,809
65742,1592,1023,809
65743,1583,1022,806
65744,1592,1022,804
65745,1582,1022,803
65746,1575,1022,806
65747,1593,1022,805
65748,1579,1022,796
65749,1582,1014,795
65750,1585,1012,803
65751,1584,1019,807
65752,1578,1021,801
65753,1615,1022,799
65754,1581,1015,798
65755,1568,1018,800
65756,1576,1017,796
65757,1583,1012,793
65758,1572,1011,793
65759,1580,1010,791
65760,1571,1010,792
65761,1527,1010,797
65762,1567,1010,794
65763,1552,1010,792
65764,1573,1009,791
65765,1566,1009,795
65766,1558,1010,793
65767,1564,1010,792
65768,1566,1010,792
65769,1574,1010,791
65770,1563,1010,791
65771,1554,1010,791
65772,1576,1009,791
65773,1565,1010,791
65774,1567,1009,791
65775,1573,1009,794
65776,1568,1010,792
65777,1576,1010,792
65778,1608,1010,791
65779,1586,1010,791
65780,1573,1010,794
65781,1552,1010,797
65782,1574,1011,794
65783,1576,1010,793
65784,1579,1010,795
65785,1575,1010,796
65786,1569,1011,800
65787,1602,1018,805
65788,1600,1021,808
65789,1603,1022,810
65790,1607,1023,811
65791,1596,1023,811
65792,1615,1023,812
65793,1617,1024,811
65794,1639,1023,811
65795,1621,1023,811
65796,1651,1023,812
65797,1657,1024,813
65798,1659,1023,812
65799,1648,1023,812
65800,1659,1023,812
65801,1669,1024,813
65802,1662,1023,813
65803,1684,1024,813
65804,1717,1023,802
65805,1727,1022,797
65806,1739,1015,795
65807,1741,1012,794
65808,1742,1010,793
65809,1744,1010,794
65810,1755,1010,793
65811,1752,1011,794
65812,1814,1010,794
65813,1834,1011,795
65814,1877,1011,795
65815,1861,1010,795
65816,1865,1011,795
65817,1884,1010,795
65818,1876,1010,801
65819,1901,1018,808
65820,1942,1021,812
65821,1975,1023,816
65822,1982,1028,815
65823,1999,1025,816
65824,2003,1039,817
65825,2015,1043,817
65826,2015,1044,818
65827,2096,1046,824
65828,2197,1046,827
65829,2240,1050,839
65830,2278,1056,847
65831,2318,1065,849
65832,2312,1076,851
65833,2324,1079,851
65834,2342,1080,852
65835,2366,1080,858
65836,2431,1082,860
65837,2441,1082,862
65838,2500,1083,864
65839,2461,1086,864
65840,2484,1086,864
65841,2492,1090,864
65842,2481,1088,864
65843,2533,1091,875
65844,2557,1094,881
65845,2571,1106,883
65846,2621,1113,885
65847,2633,1116,886
65848,2661,1117,886
65849,2640,1117,887
65850,2649,1117,887
65851,2677,1117,891
65852,2715,1119,896
65853,2719,1106,897
65854,2741,1100,897
65855,2717,1098,899
65856,2769,1097,898
65857,2770,1097,899
65858,2748,1097,899
65859,2780,1097,900
65860,2821,1097,900
65861,2837,1097,900
65862,2843,1097,900
65863,2849,1097,901
65864,2857,1097,900
65865,2859,1097,901
65866,2861,1097,905
65867,2882,1099,913
65868,2902,1111,918
65869,2892,1118,919
65870,2910,1119,921
65871,2919,1121,921
65872,2914,1121,922
65873,2905,1122,921
65874,2917,1121,921
65875,2933,1121,922
65876,2949,1121,922
65877,2946,1121,922
65878,2946,1121,922
65879,2932,1122,922
65880,2970,1122,922
65881,2960,1121,922
65882,2937,1122,922
65883,2972,1121,922
65884,2965,1121,922
65885,2953,1122,923
65886,2950,1122,922
65887,2961,1123,922
65888,2950,1123,923
65889,2964,1121,922
65890,2980,1122,923
65891,2961,1121,922
65892,2961,1121,922
65893,2953,1121,922
65894,2953,1122,921
65895,2911,1122,922
65896,2940,1121,922
65897,2945,1122,922
65898,2955,1121,922
65899,2918,1121,921
65900,2867,1121,922
65901,2861,1121,914
65902,2828,1113,907
65903,2846,1103,903
65904,2837,1100,903
65905,2837,1098,901
65906,2837,1097,901
65907,2840,1097,900
65908,2862,1098,902
65909,2864,1098,908
65910,2867,1099,907
65911,2875,1098,910
65912,2867,1109,916
65913,2874,1117,915
65914,2855,1119,915
65915,2872,1121,911
65916,2841,1109,906
65917,2820,1101,903
65918,2784,1099,902
65919,2848,1098,901
65920,2829,1098,900
65921,2820,1097,901
65922,2828,1098,901
65923,2810,1097,900
65924,2783,1097,900
65925,2792,1097,900
65926,2773,1097,900
65927,2785,1097,900
65928,2757,1097,900
65929,2775,1098,900
65930,2758,1097,900
65931,2771,1097,900
65932,2736,1098,899
65933,2713,1097,899
65934,2718,1097,898
65935,2725,1097,898
65936,2714,1097,896
65937,2715,1104,894
65938,2716,1114,896
65939,2685,1105,893
65940,2665,1114,894
65941,2667,1117,890
65942,2668,1118,888
65943,2659,1117,888
65944,2649,1117,887
65945,2664,1117,887
65946,2648,1117,888
65947,2643,1117,887
65948,2628,1117,887
65949,2620,1118,887
65950,2611,1117,886
65951,2610,1117,887
65952,2598,1117,886
65953,2605,1117,887
65954,2609,1117,887
65955,2598,1117,886
65956,2573,1117,886
65957,2570,1118,886
65958,2575,1117,885
65959,2557,1117,885
65960,2562,1117,885
65961,2556,1117,885
65962,2547,1117,886
65963,2511,1116,885
65964,2542,1116,883
65965,2526,1116,883
65966,2518,1116,885
65967,2502,1108,872
65968,2515,1099,880
65969,2511,1101,876
65970,2514,1097,872
65971,2505,1095,869
65972,2521,1095,866
65973,2547,1094,868
65974,2481,1094,866
65975,2485,1094,866
65976,2496,1093,864
65977,2473,1093,864
65978,2471,1094,865
65979,2468,1093,864
65980,2462,1093,864
65981,2430,1089,863
65982,2449,1085,864
65983,2452,1087,863
65984,2454,1084,863
65985,2439,1083,863
65986,2447,1083,863
65987,2435,1083,863
65988,2434,1083,863
65989,2425,1083,864
65990,2419,1086,864
65991,2405,1091,864
65992,2417,1092,864
65993,2395,1093,865
65994,2408,1093,864
65995,2400,1088,863
65996,2395,1084,863
65997,2406,1083,863
65998,2388,1083,863
65999,2395,1083,863
66000,2380,1083,863
66001,2390,1082,863
66002,2384,1083,863
66003,2380,1082,862
66004,2379,1082,861
66005,2369,1082,859
66006,2365,1082,856
66007,2366,1081,854
66008,2361,1081,854
66009,2363,1081,854
66010,2355,1081,854
66011,2354,1081,854
66012,2336,1081,852
66013,2305,1081,853
66014,2319,1081,851
66015,2327,1081,853
66016,2317,1081,852
66017,2315,1081,851
66018,2326,1080,852
66019,2307,1081,851
66020,2278,1080,852
66021,2314,1081,851
66022,2293,1080,852
66023,2318,1080,851
66024,2289,1080,852
66025,2281,1080,852
66026,2276,1081,852
66027,2266,1080,852
66028,2262,1081,852
66029,2258,1081,852
66030,2277,1081,852
66031,2243,1080,851
66032,2246,1080,851
66033,2241,1081,851
66034,2241,1081,851
66035,2238,1080,851
66036,2217,1080,851
66037,2224,1080,851
66038,2226,1080,846
66039,2226,1076,841
66040,2209,1063,847
66041,2222,1060,841
66042,2200,1058,846
66043,2201,1059,838
66044,2182,1057,834
66045,2185,1057,832
66046,2176,1053,831
66047,2182,1050,831
66048,2157,1048,834
66049,2161,1055,832
66050,2168,1056,831
66051,2182,1052,831
66052,2170,1049,831
66053,2166,1048,831
66054,2157,1048,831
66055,2164,1047,831
66056,2140,1047,831
66057,2191,1047,830
66058,2142,1047,831
66059,2159,1047,830
66060,2137,1047,830
66061,2128,1046,829
66062,2146,1047,830
66063,2138,1047,830
66064,2137,1047,830
66065,2140,1047,830
66066,2122,1047,830
66067,2148,1048,830
66068,2126,1047,830
66069,2141,1047,830
66070,2137,1048,830
66071,2139,1047,830
66072,2139,1048,830
66073,2140,1047,830
66074,2140,1048,830
66075,2144,1048,830
66076,2115,1047,830
66077,2117,1047,830
66078,2137,1047,830
66079,2140,1047,830
66080,2131,1047,830
66081,2153,1047,829
66082,2146,1046,830
66083,2150,1047,830
66084,2145,1047,829
66085,2143,1047,830
66086,2146,1047,830
66087,2174,1048,831
66088,2141,1047,831
66089,2146,1047,830
66090,2146,1047,830
66091,2144,1048,831
66092,2162,1047,830
66093,2167,1048,831
66094,2150,1047,831
66095,2176,1047,831
66096,2171,1048,831
66097,2172,1047,830
66098,2180,1047,831
66099,2173,1047,830
66100,2195,1047,830
66101,2180,1047,831
66102,2196,1047,830
66103,2157,1047,831
66104,2192,1047,831
66105,2183,1047,831
66106,2187,1047,830
66107,2197,1047,830
66108,2194,1047,831
66109,2192,1048,831
66110,2210,1051,838
66111,2202,1056,834
66112,2209,1057,839
66113,2190,1057,835
66114,2212,1057,843
66115,2213,1057,843
66116,2223,1058,847
66117,2239,1066,849
66118,2233,1075,849
66119,2221,1079,850
66120,2224,1080,850
66121,2235,1080,850
66122,2250,1080,851
66123,2240,1081,851
66124,2241,1080,851
66125,2244,1080,851
66126,2242,1080,851
66127,2244,1080,851
66128,2252,1080,851
66129,2261,1081,851
66130,2244,1080,852
66131,2274,1080,851
66132,2251,1081,852
66133,2253,1081,851
66134,2260,1081,853
66135,2268,1080,851
66136,2273,1081,852
66137,2274,1080,852
66138,2263,1081,852
66139,2261,1080,851
66140,2292,1081,852
66141,2282,1080,852
66142,2267,1081,852
66143,2283,1080,852
66144,2274,1080,851
66145,2285,1080,852
66146,2280,1080,851
66147,2279,1080,852
66148,2281,1080,853
66149,2290,1081,852
66150,2302,1081,852
66151,2304,1080,852
66152,2286,1080,852
66153,2285,1081,852
66154,2291,1080,853
66155,2275,1080,852
66156,2263,1080,852
66157,2260,1080,851
66158,2242,1080,851
66159,2235,1080,851
66160,2238,1080,851
66161,2254,1080,851
66162,2236,1080,851
66163,2255,1080,851
66164,2262,1080,851
66165,2266,1080,851
66166,2251,1081,852
66167,2267,1080,852
66168,2256,1081,853
66169,2269,1080,852
66170,2279,1080,852
66171,2267,1081,852
66172,2280,1081,852
66173,2264,1081,852
66174,2267,1080,851
66175,2267,1081,852
66176,2259,1081,852
66177,2244,1080,852
66178,2268,1081,852
66179,2251,1080,851
66180,2258,1080,851
66181,2254,1080,851
66182,2244,1080,850
66183,2233,1080,851
66184,2255,1080,851
66185,2255,1081,851
66186,2254,1080,849
66187,2220,1081,851
66188,2231,1080,851
66189,2224,1081,851
66190,2229,1081,851
66191,2235,1080,851
66192,2216,1080,851
66193,2235,1080,851
66194,2235,1080,851
66195,2197,1073,843
66196,2214,1063,847
66197,2219,1067,842
66198,2197,1061,838
66199,2216,1059,835
66200,2192,1058,832
66201,2199,1057,832
66202,2195,1056,831
66203,2191,1051,831
66204,2207,1048,831
66205,2186,1048,831
66206,2173,1048,831
66207,2172,1047,830
66208,2159,1048,831
66209,2169,1047,831
66210,2176,1048,831
66211,2143,1047,830
66212,2153,1048,831
66213,2150,1049,830
66214,2192,1048,830
66215,2141,1047,831
66216,2126,1047,829
66217,2152,1047,830
66218,2140,1047,830
66219,2129,1047,830
66220,2127,1047,830
66221,2115,1047,829
66222,2108,1046,829
66223,2112,1047,828
66224,2127,1047,829
66225,2105,1047,829
66226,2114,1047,829
66227,2114,1047,828
66228,2100,1046,829
66229,2131,1046,829
66230,2092,1047,828
66231,2078,1047,829
66232,2068,1048,828
66233,2063,1046,828
66234,2124,1047,829
66235,2082,1046,829
66236,2066,1047,828
66237,2059,1047,824
66238,2059,1047,824
66239,2045,1046,824
66240,2044,1047,824
66241,2047,1046,826
66242,2043,1047,825
66243,2035,1046,824
66244,2035,1046,827
66245,2021,1047,823
66246,2026,1046,825
66247,2020,1046,825
66248,2017,1046,820
66249,2024,1046,824
66250,2021,1045,822
66251,2005,1046,820
66252,2008,1045,818
66253,2003,1046,819
66254,2040,1045,819
66255,1992,1045,818
66256,1988,1045,817
66257,1986,1045,817
66258,1990,1045,817
66259,1982,1044,818
66260,1984,1045,818
66261,1966,1045,817
66262,1965,1044,816
66263,1973,1045,817
66264,1964,1045,816
66265,1971,1045,817
66266,1961,1045,817
66267,1949,1045,816
66268,1961,1038,817
66269,1926,1042,816
66270,1947,1043,816
66271,1929,1044,816
66272,1944,1044,816
66273,1939,1044,817
66274,1945,1038,816
66275,1938,1035,817
66276,1943,1035,816
66277,1930,1034,816
66278,1926,1032,816
66279,1938,1034,816
66280,1922,1034,815
66281,1926,1028,816
66282,1931,1030,815
66283,1921,1026,816
66284,1910,1029,816
66285,1911,1030,816
66286,1933,1033,815
66287,1922,1027,816
66288,1905,1030,816
66289,1883,1030,816
66290,1912,1030,816
66291,1894,1031,816
66292,1896,1031,816
66293,1902,1031,816
66294,1899,1031,817
66295,1871,1033,808
66296,1892,1026,812
66297,1885,1024,814
66298,1903,1024,815
66299,1874,1024,815
66300,1834,1024,813
66301,1878,1023,814
66302,1888,1024,815
66303,1878,1024,815
66304,1868,1024,805
66305,1857,1022,800
66306,1878,1022,801
66307,1855,1018,798
66308,1854,1013,800
66309,1850,1016,797
66310,1862,1012,796
66311,1857,1012,796
66312,1845,1011,796
66313,1841,1012,796
66314,1836,1011,795
66315,1876,1011,795
66316,1840,1011,795
66317,1879,1010,795
66318,1824,1010,795
66319,1836,1011,794
66320,1819,1010,794
66321,1823,1011,794
66322,1822,1010,795
66323,1799,1011,794
66324,1800,1010,794
66325,1815,1010,794
66326,1825,1010,794
66327,1819,1010,794
66328,1798,1010,794
66329,1799,1010,794
66330,1806,1011,794
66331,1786,1010,794
66332,1795,1010,794
66333,1797,1011,794
66334,1818,1011,794
66335,1817,1010,794
66336,1784,1010,794
66337,1840,1010,793
66338,1801,1010,793
66339,1805,1010,793
66340,1769,1010,793
66341,1789,1010,794
66342,1790,1010,793
66343,1775,1010,793
66344,1778,1010,793
66345,1764,1010,794
66346,1793,1011,794
66347,1743,1010,794
66348,1770,1010,794
66349,1765,1010,793
66350,1785,1010,794
66351,1772,1010,794
66352,1775,1010,794
66353,1768,1010,794
66354,1775,1011,794
66355,1754,1009,793
66356,1754,1010,794
66357,1782,1009,793
66358,1744,1010,792
66359,1761,1009,793
66360,1757,1010,793
66361,1754,1009,793
66362,1751,1010,793
66363,1749,1009,792
66364,1764,1010,793
66365,1751,1009,793
66366,1744,1011,793
66367,1758,1010,793
66368,1751,1010,793
66369,1742,1010,793
66370,1742,1010,793
66371,1738,1009,793
66372,1737,1011,793
66373,1749,1010,793
66374,1731,1010,793
66375,1728,1010,793
66376,1743,1009,792
66377,1746,1010,793
66378,1738,1010,792
66379,1743,1010,793
66380,1759,1010,792
66381,1728,1009,793
66382,1744,1010,792
66383,1740,1010,793
66384,1746,1009,792
66385,1755,1010,793
66386,1743,1010,792
66387,1745,1010,793
66388,1738,1010,793
66389,1720,1010,793
66390,1739,1010,793
66391,1732,1010,793
66392,1735,1010,793
66393,1733,1010,793
66394,1743,1010,793
66395,1737,1010,792
66396,1744,1009,793
66397,1741,1010,792
66398,1734,1010,792
66399,1763,1009,792
66400,1713,1010,792
66401,1743,1010,792
66402,1718,1010,792
66403,1747,1009,793
66404,1744,1010,793
66405,1730,1009,791
66406,1744,1010,793
66407,1736,1010,792
66408,1724,1010,792
66409,1744,1010,793
66410,1759,1010,793
66411,1738,1010,793
66412,1739,1010,794
66413,1740,1010,793
66414,1746,1010,793
66415,1744,1010,793
66416,1742,1010,793
66417,1743,1010,792
66418,1739,1010,792
66419,1780,1010,792
66420,1765,1010,793
66421,1729,1010,792
66422,1749,1010,793
66423,1751,1010,793
66424,1747,1010,793
66425,1746,1010,792
66426,1749,1010,793
66427,1753,1010,793
66428,1747,1010,793
66429,1715,1010,793
66430,1741,1010,792
66431,1775,1010,794
66432,1741,1010,792
66433,1747,1010,793
66434,1757,1010,793
66435,1753,1010,793
66436,1756,1010,793
66437,1751,1010,793
66438,1747,1010,792
66439,1773,1010,793
66440,1752,1010,796
66441,1757,1011,795
66442,1748,1010,793
66443,1745,1010,793
66444,1762,1010,793
66445,1747,1010,793
66446,1738,1009,792
66447,1747,1010,793
66448,1751,1010,793
66449,1751,1010,793
66450,1740,1010,793
66451,1746,1010,792
66452,1746,1009,793
66453,1748,1010,792
66454,1749,1010,793
66455,1746,1010,793
66456,1748,1010,793
66457,1746,1010,793
66458,1743,1009,793
66459,1751,1010,792
66460,1754,1010,793
66461,1747,1010,792
66462,1746,1009,793
66463,1752,1010,792
66464,1749,1009,793
66465,1749,1010,792
66466,1747,1010,793
66467,1753,1010,792
66468,1793,1011,796
66469,1748,1010,794
66470,1746,1011,794
66471,1736,1010,794
66472,1749,1010,794
66473,1758,1010,793
66474,1769,1010,793
66475,1749,1010,793
66476,1751,1010,792
66477,1746,1010,793
66478,1753,1009,793
66479,1757,1010,792
66480,1774,1010,793
66481,1741,1010,792
66482,1751,1009,794
66483,1751,1010,793
66484,1747,1009,793
66485,1744,1010,792
66486,1745,1009,793
66487,1746,1010,793
66488,1751,1010,793
66489,1750,1010,792
66490,1741,1009,793
66491,1757,1010,793
66492,1732,1010,793
66493,1715,1010,793
66494,1753,1011,793
66495,1753,1010,793
66496,1748,1011,793
66497,1747,1010,793
66498,1765,1011,793
66499,1750,1009,792
66500,1757,1010,793
66501,1759,1010,793
66502,1741,1011,793
66503,1744,1009,792
66504,1748,1010,793
66505,1747,1009,793
66506,1758,1010,793
66507,1746,1009,793
66508,1726,1011,793
66509,1741,1010,793
66510,1731,1010,793
66511,1750,1010,793
66512,1750,1011,793
66513,1743,1010,793
66514,1742,1010,793
66515,1743,1009,793
66516,1738,1010,793
66517,1738,1009,793
66518,1741,1010,793
66519,1701,1010,795
66520,1743,1011,794
66521,1749,1009,793
66522,1734,1010,793
66523,1741,1010,792
66524,1720,1010,792
66525,1748,1010,792
66526,1745,1010,792
66527,1719,1010,792
66528,1749,1010,792
66529,1722,1010,793
66530,1732,1011,791
66531,1753,1010,792
66532,1732,1010,793
66533,1795,1010,792
66534,1741,1010,792
66535,1721,1010,793
66536,1742,1010,792
66537,1724,1010,792
66538,1728,1010,792
66539,1734,1010,792
66540,1767,1010,793
66541,1727,1009,797
66542,1751,1010,799
66543,1748,1012,795
66544,1726,1011,793
66545,1729,1010,793
66546,1722,1009,792
66547,1725,1010,792
66548,1722,1010,792
66549,1728,1010,791
66550,1730,1010,795
66551,1727,1010,799
66552,1719,1011,795
66553,1720,1010,794
66554,1724,1010,796
66555,1713,1010,794
66556,1724,1011,792
66557,1722,1010,798
66558,1696,1014,797
66559,1691,1015,803
66560,1716,1018,800
66561,1730,1016,796
66562,1706,1012,797
66563,1712,1011,797
66564,1717,1012,803
66565,1717,1019,797
66566,1718,1013,794
66567,1713,1011,797
66568,1685,1015,802
66569,1703,1018,805
66570,1700,1021,806
66571,1698,1022,809
66572,1702,1023,807
66573,1703,1023,810
66574,1704,1022,812
66575,1704,1024,808
66576,1702,1023,807
66577,1739,1022,806
66578,1693,1022,811
66579,1716,1023,809
66580,1698,1023,811
66581,1704,1023,813
66582,1704,1023,808
66583,1700,1023,811
66584,1695,1023,812
66585,1704,1023,813
66586,1695,1023,813
66587,1692,1023,813
66588,1706,1023,810
66589,1692,1023,812
66590,1680,1023,813
66591,1694,1024,813
66592,1690,1025,813
66593,1676,1024,813
66594,1640,1024,813
66595,1676,1023,813
66596,1673,1024,813
66597,1671,1024,813
66598,1679,1024,813
66599,1676,1023,813
66600,1664,1024,813
66601,1672,1023,813
66602,1672,1023,812
66603,1671,1023,814
66604,1676,1024,811
66605,1670,1023,813
66606,1661,1023,812
66607,1687,1023,813
66608,1678,1024,813
66609,1680,1024,813
66610,1674,1024,813
66611,1661,1024,813
66612,1664,1024,813
66613,1663,1024,812
66614,1655,1024,813
66615,1675,1024,812
66616,1666,1023,813
66617,1658,1023,812
66618,1661,1023,813
66619,1662,1024,812
66620,1659,1023,813
66621,1658,1024,812
66622,1664,1023,812
66623,1650,1023,812
66624,1646,1023,811
66625,1648,1023,812
66626,1649,1024,813
66627,1656,1023,812
66628,1655,1024,813
66629,1654,1024,813
66630,1609,1024,813
66631,1605,1024,813
66632,1635,1024,813
66633,1678,1024,813
66634,1647,1023,812
66635,1648,1024,813
66636,1652,1023,812
66637,1654,1024,812
66638,1647,1023,812
66639,1658,1023,812
66640,1655,1023,812
66641,1672,1023,813
66642,1652,1024,813
66643,1662,1023,813
66644,1647,1024,813
66645,1648,1024,813
66646,1654,1024,812
66647,1648,1024,813
66648,1663,1024,813
66649,1656,1023,813
66650,1653,1024,813
66651,1632,1024,813
66652,1669,1023,812
66653,1649,1024,812
66654,1640,1023,813
66655,1637,1024,813
66656,1636,1023,813
66657,1643,1024,812
66658,1657,1023,812
66659,1657,1023,812
66660,1647,1023,813
66661,1645,1024,812
66662,1649,1023,812
66663,1629,1024,812
66664,1635,1024,812
66665,1639,1023,812
66666,1639,1023,813
66667,1645,1024,812
66668,1650,1023,813
66669,1636,1023,812
66670,1643,1023,812
66671,1647,1023,811
66672,1641,1023,812
66673,1637,1023,812
66674,1623,1023,812
66675,1636,1024,812
66676,1633,1024,812
66677,1632,1024,812
66678,1628,1024,812
66679,1634,1024,812
66680,1634,1024,812
66681,1633,1024,812
66682,1625,1023,813
66683,1643,1023,812
66684,1627,1023,811
66685,1641,1023,812
66686,1624,1023,811
66687,1641,1024,812
66688,1594,1023,812
66689,1638,1023,812
66690,1640,1023,812
66691,1629,1024,812
66692,1632,1023,812
66693,1637,1024,812
66694,1634,1023,812
66695,1630,1024,811
66696,1657,1024,813
66697,1660,1024,813
66698,1645,1024,812
66699,1650,1023,812
66700,1640,1023,813
66701,1646,1023,812
66702,1640,1023,811
66703,1659,1023,813
66704,1673,1023,813
66705,1676,1024,812
66706,1695,1024,813
66707,1660,1024,813
66708,1683,1024,813
66709,1680,1024,813
66710,1686,1024,813
66711,1684,1024,813
66712,1722,1024,805
66713,1733,1022,798
66714,1736,1016,795
66715,1743,1012,794
66716,1742,1011,793
66717,1751,1010,793
66718,1746,1010,793
66719,1764,1010,793
66720,1795,1010,793
66721,1806,1010,793
66722,1742,1010,793
66723,1830,1010,794
66724,1826,1011,795
66725,1844,1011,794
66726,1836,1010,795
66727,1856,1010,795
66728,1892,1011,806
66729,1922,1019,810
66730,1939,1022,813
66731,1950,1023,814
66732,1949,1024,814
66733,1953,1031,816
66734,1952,1040,816
66735,1928,1037,816
66736,2021,1042,821
66737,2080,1045,824
66738,2077,1046,826
66739,2075,1047,827
66740,2096,1047,828
66741,2105,1047,828
66742,2109,1046,828
66743,2123,1046,829
66744,2187,1047,829
66745,2213,1051,837
66746,2212,1055,844
66747,2256,1058,848
66748,2269,1070,850
66749,2260,1077,850
66750,2267,1079,852
66751,2287,1081,853
66752,2340,1081,853
66753,2374,1081,856
66754,2440,1081,860
66755,2418,1082,861
66756,2441,1082,862
66757,2413,1082,863
66758,2432,1082,863
66759,2448,1083,863
66760,2505,1083,864
66761,2535,1089,875
66762,2554,1093,881
66763,2569,1106,882
66764,2596,1113,884
66765,2594,1115,884
66766,2587,1116,885
66767,2596,1117,885
66768,2649,1117,886
66769,2674,1117,889
66770,2693,1118,888
66771,2710,1118,892
66772,2716,1118,893
66773,2715,1118,896
66774,2705,1107,896
66775,2732,1100,898
66776,2734,1097,898
66777,2728,1097,899
66778,2730,1097,898
66779,2740,1097,899
66780,2772,1097,899
66781,2802,1097,900
66782,2850,1097,900
66783,2827,1098,900
66784,2851,1097,901
66785,2853,1097,901
66786,2848,1097,901
66787,2865,1097,900
66788,2866,1098,908
66789,2902,1098,915
66790,2904,1113,918
66791,2909,1119,919
66792,2939,1121,920
66793,2913,1121,921
66794,2922,1121,922
66795,2936,1122,922
66796,2937,1121,921
66797,2957,1122,922
66798,2969,1122,922
66799,2970,1122,922
66800,2975,1122,922
66801,2975,1121,922
66802,2978,1121,923
66803,2955,1121,922
66804,2993,1121,923
66805,2992,1121,923
66806,2999,1122,923
66807,3011,1122,924
66808,3004,1122,923
66809,3069,1121,920
66810,3000,1121,923
66811,3001,1122,923
66812,2994,1121,924
66813,3006,1122,923
66814,3010,1122,919
66815,3009,1121,921
66816,3004,1121,922
66817,3014,1122,922
66818,3005,1121,923
66819,3010,1122,923
66820,2996,1121,923
66821,2996,1121,923
66822,2995,1122,925
66823,2993,1122,923
66824,3001,1121,923
66825,2992,1121,922
66826,2996,1121,923
66827,2976,1122,923
66828,2943,1121,923
66829,2930,1122,922
66830,2913,1121,923
66831,2891,1121,921
66832,2894,1121,922
66833,2888,1122,920
66834,2887,1121,921
66835,2885,1122,920
66836,2897,1121,921
66837,2897,1121,921
66838,2907,1121,921
66839,2911,1121,921
66840,2915,1121,922
66841,2917,1122,921
66842,2933,1121,921
66843,2902,1121,920
66844,2890,1121,922
66845,2871,1121,921
66846,2859,1121,918
66847,2870,1121,916
66848,2869,1121,911
66849,2864,1116,908
66850,2858,1105,905
66851,2858,1100,903
66852,2821,1099,902
66853,2827,1098,901
66854,2811,1098,901
66855,2816,1097,900
66856,2804,1097,901
66857,2807,1097,900
66858,2815,1098,900
66859,2805,1098,900
66860,2784,1098,900
66861,2754,1097,900
66862,2761,1097,899
66863,2762,1097,899
66864,2761,1097,899
66865,2755,1097,899
66866,2753,1097,899
66867,2744,1097,898
66868,2734,1097,898
66869,2737,1098,899
66870,2708,1097,897
66871,2703,1096,895
66872,2699,1112,892
66873,2693,1116,893
66874,2705,1118,895
66875,2687,1110,893
66876,2673,1116,891
66877,2653,1117,890
66878,2661,1118,889
66879,2656,1117,888
66880,2646,1117,888
66881,2656,1117,887
66882,2643,1117,887
66883,2631,1117,887
66884,2632,1117,887
66885,2615,1117,887
66886,2592,1118,886
66887,2606,1117,886
66888,2594,1117,886
66889,2596,1117,887
66890,2594,1117,886
66891,2592,1117,886
66892,2577,1117,886
66893,2563,1117,886
66894,2567,1117,886
66895,2559,1118,886
66896,2557,1117,886
66897,2559,1117,886
66898,2556,1117,885
66899,2550,1117,885
66900,2543,1117,885
66901,2527,1117,882
66902,2524,1116,883
66903,2518,1116,879
66904,2529,1113,879
66905,2518,1103,874
66906,2513,1098,877
66907,2516,1096,873
66908,2504,1096,869
66909,2497,1094,867
66910,2492,1094,866
66911,2488,1093,865
66912,2493,1094,865
66913,2490,1093,865
66914,2490,1093,865
66915,2482,1093,865
66916,2489,1093,865
66917,2465,1092,864
66918,2458,1093,864
66919,2458,1090,864
66920,2436,1088,863
66921,2469,1084,863
66922,2467,1083,863
66923,2449,1083,863
66924,2453,1083,863
66925,2409,1083,863
66926,2378,1083,863
66927,2424,1082,863
66928,2431,1083,864
66929,2415,1087,863
66930,2418,1084,864
66931,2425,1090,864
66932,2404,1087,863
66933,2400,1085,863
66934,2394,1084,863
66935,2397,1083,862
66936,2392,1083,863
66937,2378,1082,862
66938,2394,1082,862
66939,2389,1083,863
66940,2365,1082,862
66941,2383,1082,859
66942,2370,1082,857
66943,2341,1081,856
66944,2365,1081,855
66945,2354,1081,854
66946,2356,1081,856
66947,2358,1081,854
66948,2337,1081,854
66949,2335,1081,853
66950,2326,1081,853
66951,2327,1081,853
66952,2323,1081,853
66953,2316,1081,852
66954,2311,1081,852
66955,2317,1081,852
66956,2311,1080,852
66957,2294,1081,852
66958,2284,1080,852
66959,2282,1081,852
66960,2253,1080,852
66961,2294,1081,852
66962,2275,1080,852
66963,2290,1081,852
66964,2282,1080,853
66965,2278,1081,852
66966,2257,1080,852
66967,2264,1081,852
66968,2242,1079,850
66969,2244,1080,852
66970,2255,1080,852
66971,2247,1081,851
66972,2243,1081,851
66973,2233,1081,851
66974,2223,1081,851
66975,2224,1080,851
66976,2219,1081,851
66977,2263,1080,851
66978,2204,1081,851
66979,2213,1080,851
66980,2220,1080,851
66981,2213,1080,850
66982,2218,1080,850
66983,2201,1073,844
66984,2206,1063,842
66985,2204,1059,836
66986,2194,1059,834
66987,2201,1057,833
66988,2156,1057,832
66989,2201,1052,831
66990,2198,1049,831
66991,2188,1048,830
66992,2186,1047,831
66993,2204,1047,830
66994,2186,1047,831
66995,2187,1048,834
66996,2190,1054,832
66997,2174,1055,832
66998,2174,1051,831
66999,2219,1049,831
67000,2188,1047,831
67001,2174,1047,830
67002,2175,1046,830
67003,2187,1047,830
67004,2188,1046,830
67005,2168,1047,830
67006,2185,1047,830
67007,2183,1047,831
67008,2179,1047,830
67009,2178,1047,830
67010,2199,1047,831
67011,2206,1047,834
67012,2183,1054,832
67013,2192,1056,831
67014,2195,1051,832
67015,2179,1050,830
67016,2195,1048,831
67017,2218,1049,830
67018,2198,1047,831
67019,2198,1047,835
67020,2212,1053,836
67021,2208,1056,839
67022,2241,1057,838
67023,2203,1057,841
67024,2210,1057,842
67025,2216,1058,844
67026,2217,1058,847
67027,2211,1066,849
67028,2228,1075,850
67029,2226,1079,850
67030,2228,1079,850
67031,2219,1080,850
67032,2229,1080,851
67033,2241,1081,850
67034,2228,1080,851
67035,2247,1080,850
67036,2170,1080,851
67037,2267,1081,851
67038,2253,1080,851
67039,2266,1080,851
67040,2256,1080,851
67041,2268,1081,852
67042,2257,1081,851
67043,2255,1080,852
67044,2292,1081,852
67045,2285,1080,852
67046,2278,1081,852
67047,2284,1080,851
67048,2285,1081,852
67049,2285,1081,852
67050,2269,1080,852
67051,2278,1081,853
67052,2293,1081,852
67053,2275,1080,852
67054,2290,1080,852
67055,2290,1080,852
67056,2290,1081,853
67057,2304,1081,853
67058,2294,1081,852
67059,2302,1081,853
67060,2302,1080,852
67061,2298,1081,853
67062,2293,1080,852
67063,2313,1081,853
67064,2312,1080,852
67065,2310,1080,852
67066,2309,1080,852
67067,2308,1081,851
67068,2277,1080,852
67069,2287,1081,853
67070,2319,1081,852
67071,2357,1081,853
67072,2329,1081,853
67073,2317,1081,852
67074,2323,1081,853
67075,2282,1081,852
67076,2334,1081,853
67077,2319,1081,852
67078,2315,1081,852
67079,2326,1080,852
67080,2329,1081,853
67081,2328,1080,852
67082,2322,1080,852
67083,2298,1081,853
67084,2354,1080,852
67085,2299,1081,853
67086,2282,1081,852
67087,2283,1081,852
67088,2317,1082,854
67089,2285,1081,852
67090,2287,1081,852
67091,2296,1081,852
67092,2286,1081,853
67093,2302,1081,852
67094,2301,1080,852
67095,2307,1080,852
67096,2304,1080,852
67097,2359,1080,853
67098,2318,1081,852
67099,2299,1081,852
67100,2303,1081,852
67101,2305,1081,852
67102,2311,1081,852
67103,2313,1080,852
67104,2314,1080,852
67105,2254,1081,852
67106,2308,1081,852
67107,2315,1081,851
67108,2302,1080,853
67109,2274,1081,851
67110,2291,1081,853
67111,2294,1081,852
67112,2296,1080,852
67113,2285,1081,852
67114,2309,1081,852
67115,2284,1081,852
67116,2273,1081,852
67117,2264,1081,852
67118,2252,1080,851
67119,2270,1081,851
67120,2283,1080,852
67121,2267,1081,851
67122,2264,1080,852
67123,2268,1081,851
67124,2235,1080,851
67125,2239,1080,851
67126,2260,1080,851
67127,2225,1080,851
67128,2246,1080,851
67129,2234,1080,851
67130,2252,1080,851
67131,2247,1081,850
67132,2239,1080,851
67133,2218,1081,850
67134,2227,1080,851
67135,2262,1081,850
67136,2208,1080,851
67137,2226,1079,850
67138,2226,1080,849
67139,2227,1080,850
67140,2208,1080,845
67141,2211,1068,840
67142,2208,1060,838
67143,2204,1059,834
67144,2195,1057,833
67145,2197,1054,832
67146,2194,1053,836
67147,2189,1054,833
67148,2181,1057,832
67149,2174,1053,832
67150,2165,1056,831
67151,2196,1053,830
67152,2171,1049,831
67153,2169,1048,831
67154,2131,1047,830
67155,2155,1047,831
67156,2156,1048,830
67157,2145,1047,830
67158,2150,1047,830
67159,2138,1048,830
67160,2143,1047,830
67161,2144,1047,829
67162,2139,1047,830
67163,2145,1047,830
67164,2127,1047,830
67165,2106,1047,829
67166,2086,1047,830
67167,2122,1046,830
67168,2121,1047,829
67169,2111,1047,829
67170,2109,1047,830
67171,2099,1047,829
67172,2095,1047,829
67173,2087,1047,828
67174,2082,1047,828
67175,2094,1047,828
67176,2097,1047,828
67177,2099,1046,828
67178,2086,1046,829
67179,2094,1047,828
67180,2077,1046,828
67181,2074,1046,827
67182,2054,1047,828
67183,2047,1046,826
67184,2058,1046,823
67185,2061,1046,821
67186,2058,1045,823
67187,2043,1045,822
67188,2048,1045,822
67189,2043,1046,823
67190,2018,1046,826
67191,2031,1046,824
67192,2040,1046,822
67193,2029,1046,822
67194,2036,1046,825
67195,2034,1045,826
67196,2023,1046,822
67197,2013,1045,819
67198,2006,1045,818
67199,2004,1044,819
67200,1995,1044,817
67201,2028,1045,818
67202,1981,1045,817
67203,1994,1045,817
67204,1992,1045,817
67205,1982,1045,817
67206,1977,1044,817
67207,1934,1045,817
67208,1982,1045,817
67209,1969,1045,817
67210,1977,1045,818
67211,1985,1044,817
67212,1968,1045,817
67213,1975,1045,817
67214,1963,1045,816
67215,1970,1045,816
67216,1953,1044,816
67217,1958,1045,816
67218,1957,1038,816
67219,1968,1042,816
67220,1950,1037,816
67221,1939,1043,815
67222,1935,1033,815
67223,1939,1030,816
67224,1935,1031,815
67225,1932,1036,815
67226,1933,1028,815
67227,1939,1025,815
67228,1920,1025,815
67229,1923,1031,815
67230,1900,1030,815
67231,1917,1029,815
67232,1903,1026,816
67233,1911,1039,816
67234,1888,1035,815
67235,1900,1035,816
67236,1907,1041,816
67237,1900,1037,816
67238,1907,1032,815
67239,1945,1027,812
67240,1885,1024,814
67241,1887,1023,814
67242,1887,1023,815
67243,1883,1024,815
67244,1887,1023,815
67245,1887,1024,815
67246,1882,1024,815
67247,1882,1025,815
67248,1870,1024,812
67249,1859,1024,813
67250,1901,1024,814
67251,1876,1024,814
67252,1879,1024,811
67253,1868,1023,813
67254,1834,1023,807
67255,1864,1022,801
67256,1870,1018,798
67257,1869,1013,796
67258,1881,1015,802
67259,1857,1019,798
67260,1874,1018,803
67261,1853,1020,802
67262,1852,1020,798
67263,1859,1013,801
67264,1874,1017,803
67265,1857,1020,800
67266,1856,1017,796
67267,1872,1013,797
67268,1846,1011,795
67269,1853,1011,795
67270,1843,1011,795
67271,1830,1011,795
67272,1839,1010,795
67273,1842,1011,795
67274,1849,1010,799
67275,1851,1011,797
67276,1844,1010,796
67277,1848,1011,795
67278,1844,1010,795
67279,1841,1011,795
67280,1829,1010,795
67281,1834,1009,794
67282,1820,1010,795
67283,1861,1010,795
67284,1832,1010,795
67285,1838,1011,795
67286,1834,1010,795
67287,1834,1010,795
67288,1832,1010,795
67289,1829,1010,794
67290,1816,1010,795
67291,1830,1010,794
67292,1814,1010,794
67293,1831,1010,795
67294,1830,1010,794
67295,1830,1010,794
67296,1825,1011,795
67297,1817,1010,794
67298,1810,1010,793
67299,1812,1011,794
67300,1823,1010,794
67301,1816,1010,794
67302,1838,1010,794
67303,1818,1010,794
67304,1849,1010,794
67305,1813,1010,794
67306,1794,1010,794
67307,1819,1011,794
67308,1798,1010,794
67309,1817,1010,793
67310,1811,1009,795
67311,1799,1011,794
67312,1807,1010,794
67313,1800,1010,793
67314,1720,1011,794
67315,1805,1010,794
67316,1811,1010,794
67317,1797,1010,793
67318,1802,1009,793
67319,1793,1010,793
67320,1810,1010,793
67321,1806,1009,793
67322,1806,1010,793
67323,1804,1010,794
67324,1801,1010,793
67325,1804,1010,794
67326,1775,1010,794
67327,1801,1010,793
67328,1792,1010,793
67329,1807,1010,793
67330,1806,1010,793
67331,1807,1010,794
67332,1806,1011,794
67333,1804,1010,793
67334,1797,1010,794
67335,1805,1010,794
67336,1808,1010,794
67337,1803,1010,794
67338,1818,1010,794
67339,1800,1010,793
67340,1806,1010,793
67341,1822,1010,793
67342,1787,1010,793
67343,1787,1010,794
67344,1798,1010,793
67345,1793,1010,793
67346,1816,1010,793
67347,1832,1010,794
67348,1803,1010,794
67349,1764,1010,794
67350,1808,1010,794
67351,1795,1009,793
67352,1838,1010,794
67353,1817,1010,794
67354,1792,1011,794
67355,1791,1010,794
67356,1807,1010,793
67357,1804,1010,794
67358,1812,1010,794
67359,1814,1010,792
67360,1797,1010,794
67361,1793,1010,793
67362,1837,1010,793
67363,1809,1010,793
67364,1814,1010,793
67365,1810,1009,793
67366,1808,1010,793
67367,1824,1010,794
67368,1809,1010,794
67369,1810,1010,794
67370,1813,1011,793
67371,1798,1010,794
67372,1812,1010,794
67373,1809,1011,794
67374,1801,1011,794
67375,1815,1010,794
67376,1817,1010,794
67377,1816,1010,793
67378,1811,1010,793
67379,1811,1010,794
67380,1809,1010,794
67381,1796,1010,794
67382,1813,1010,793
67383,1815,1010,794
67384,1816,1010,793
67385,1818,1010,794
67386,1819,1010,794
67387,1823,1010,794
67388,1819,1010,794
67389,1811,1010,794
67390,1809,1010,794
67391,1816,1011,794
67392,1798,1010,794
67393,1809,1011,793
67394,1813,1010,794
67395,1820,1010,793
67396,1840,1010,794
67397,1799,1010,793
67398,1813,1010,793
67399,1806,1010,793
67400,1816,1010,793
67401,1810,1010,794
67402,1807,1010,794
67403,1797,1010,793
67404,1785,1010,793
67405,1791,1009,794
67406,1809,1010,793
67407,1813,1010,794
67408,1808,1010,794
67409,1793,1010,793
67410,1810,1010,794
67411,1806,1010,794
67412,1818,1011,794
67413,1805,1010,794
67414,1808,1010,794
67415,1807,1010,794
67416,1814,1010,794
67417,1810,1011,794
67418,1778,1010,793
67419,1805,1011,794
67420,1784,1010,794
67421,1804,1010,794
67422,1806,1010,793
67423,1780,1010,793
67424,1812,1010,794
67425,1792,1010,793
67426,1802,1010,793
67427,1821,1010,793
67428,1803,1010,793
67429,1790,1011,794
67430,1803,1010,794
67431,1797,1011,794
67432,1782,1011,795
67433,1799,1010,794
67434,1797,1010,794
67435,1752,1009,793
67436,1794,1010,794
67437,1772,1010,793
67438,1795,1010,794
67439,1799,1010,793
67440,1793,1010,793
67441,1783,1010,793
67442,1813,1010,794
67443,1790,1010,793
67444,1799,1010,794
67445,1781,1010,793
67446,1791,1009,793
67447,1768,1010,793
67448,1794,1010,794
67449,1794,1010,794
67450,1797,1010,794
67451,1802,1010,793
67452,1781,1011,793
67453,1808,1010,793
67454,1792,1011,794
67455,1792,1010,794
67456,1767,1010,794
67457,1793,1010,793
67458,1814,1010,794
67459,1789,1010,794
67460,1778,1010,793
67461,1774,1010,794
67462,1796,1010,793
67463,1789,1010,794
67464,1781,1010,793
67465,1777,1010,794
67466,1796,1010,793
67467,1783,1010,794
67468,1773,1010,794
67469,1783,1010,794
67470,1786,1010,794
67471,1787,1010,794
67472,1769,1010,794
67473,1765,1010,794
67474,1767,1010,794
67475,1782,1010,793
67476,1776,1010,794
67477,1801,1010,793
67478,1778,1010,793
67479,1780,1010,793
67480,1779,1010,793
67481,1767,1010,793
67482,1763,1010,794
67483,1748,1010,794
67484,1772,1010,794
67485,1763,1010,793
67486,1764,1010,794
67487,1781,1010,793
67488,1764,1010,794
67489,1768,1010,793
67490,1764,1010,794
67491,1769,1010,793
67492,1773,1010,794
67493,1759,1010,793
67494,1768,1010,794
67495,1771,1010,794
67496,1762,1010,793
67497,1762,1010,792
67498,1773,1010,793
67499,1759,1010,793
67500,1750,1009,793
67501,1756,1010,793
67502,1761,1010,793
67503,1758,1010,793
67504,1757,1010,793
67505,1750,1010,793
67506,1741,1010,793
67507,1762,1010,793
67508,1758,1010,793
67509,1755,1010,793
67510,1755,1010,793
67511,1749,1010,793
67512,1749,1011,793
67513,1743,1010,793
67514,1761,1011,793
67515,1737,1009,793
67516,1744,1010,793
67517,1711,1010,793
67518,1735,1011,793
67519,1741,1009,792
67520,1748,1010,793
67521,1745,1009,792
67522,1800,1009,792
67523,1740,1010,793
67524,1752,1010,793
67525,1731,1010,793
67526,1743,1010,793
67527,1751,1009,792
67528,1734,1010,792
67529,1736,1009,792
67530,1731,1009,792
67531,1736,1009,792
67532,1744,1010,792
67533,1731,1009,792
67534,1724,1010,792
67535,1763,1010,793
67536,1718,1010,792
67537,1723,1010,792
67538,1725,1010,792
67539,1722,1010,792
67540,1736,1009,792
67541,1724,1010,792
67542,1720,1009,792
67543,1723,1010,792
67544,1729,1010,791
67545,1734,1010,792
67546,1704,1010,795
67547,1714,1010,801
67548,1714,1014,796
67549,1720,1012,798
67550,1717,1013,795
67551,1709,1011,801
67552,1671,1017,799
67553,1710,1018,799
67554,1708,1019,803
67555,1701,1020,808
67556,1706,1022,807
67557,1714,1022,804
67558,1720,1021,806
67559,1707,1022,810
67560,1750,1023,801
67561,1712,1018,804
67562,1722,1021,807
67563,1722,1022,810
67564,1704,1022,812
67565,1699,1023,813
67566,1701,1024,813
67567,1697,1024,813
67568,1695,1024,814
67569,1709,1024,814
67570,1689,1024,814
67571,1690,1024,809
67572,1690,1024,812
67573,1720,1024,812
67574,1689,1023,813
67575,1699,1023,814
67576,1695,1024,813
67577,1689,1024,814
67578,1682,1023,811
67579,1680,1023,813
67580,1681,1023,813
67581,1696,1024,813
67582,1677,1023,813
67583,1688,1024,813
67584,1684,1023,813
67585,1690,1023,813
67586,1681,1023,813
67587,1685,1024,812
67588,1676,1024,813
67589,1695,1024,813
67590,1678,1024,812
67591,1678,1024,814
67592,1637,1024,813
67593,1686,1024,812
67594,1672,1023,813
67595,1678,1024,813
67596,1675,1023,813
67597,1676,1023,812
67598,1669,1023,813
67599,1668,1024,812
67600,1671,1023,813
67601,1666,1023,812
67602,1668,1023,812
67603,1668,1023,812
67604,1663,1024,812
67605,1670,1024,812
67606,1665,1023,812
67607,1666,1023,813
67608,1660,1023,813
67609,1677,1023,809
67610,1671,1023,811
67611,1704,1024,812
67612,1687,1023,812
67613,1685,1024,813
67614,1695,1024,813
67615,1694,1024,813
67616,1700,1024,814
67617,1722,1024,806
67618,1728,1023,801
67619,1704,1022,799
67620,1726,1015,795
67621,1724,1012,793
67622,1722,1011,792
67623,1732,1010,793
67624,1744,1010,793
67625,1747,1010,793
67626,1782,1010,793
67627,1740,1010,794
67628,1787,1010,793
67629,1773,1010,794
67630,1799,1010,794
67631,1797,1010,794
67632,1824,1010,794
67633,1853,1010,794
67634,1868,1010,795
67635,1883,1011,802
67636,1889,1016,809
67637,1877,1021,812
67638,1900,1022,813
67639,1925,1023,814
67640,1935,1024,814
67641,1949,1024,815
67642,1985,1024,816
67643,1990,1038,816
67644,2003,1042,817
67645,2010,1044,817
67646,2006,1044,821
67647,2013,1045,821
67648,2045,1046,823
67649,2088,1045,826
67650,2118,1047,828
67651,2142,1047,829
67652,2149,1046,830
67653,2141,1047,830
67654,2171,1048,829
67655,2159,1047,830
67656,2197,1051,834
67657,2241,1055,843
67658,2275,1057,848
67659,2331,1070,850
67660,2308,1077,851
67661,2334,1079,851
67662,2313,1079,851
67663,2310,1080,852
67664,2358,1080,852
67665,2424,1081,858
67666,2437,1081,861
67667,2474,1082,862
67668,2468,1082,863
67669,2476,1086,864
67670,2485,1091,864
67671,2479,1093,865
67672,2537,1093,872
67673,2572,1095,879
67674,2557,1103,883
67675,2617,1112,885
67676,2632,1116,886
67677,2627,1116,886
67678,2643,1116,887
67679,2635,1116,887
67680,2673,1117,891
67681,2710,1118,894
67682,2736,1119,897
67683,2743,1103,897
67684,2746,1099,899
67685,2761,1097,899
67686,2779,1097,899
67687,2789,1097,900
67688,2802,1098,899
67689,2829,1098,901
67690,2829,1097,901
67691,2864,1097,908
67692,2898,1098,914
67693,2870,1114,918
67694,2891,1119,915
67695,2888,1121,918
67696,2912,1121,920
67697,2940,1122,922
67698,2947,1122,923
67699,2959,1121,921
67700,2963,1122,922
67701,3027,1122,922
67702,2957,1121,922
67703,2971,1122,922
67704,2986,1121,922
67705,3006,1121,923
67706,3038,1122,923
67707,3029,1121,921
67708,3028,1121,920
67709,3027,1121,914
67710,3033,1113,913
67711,3028,1108,911
67712,3040,1102,906
67713,3044,1100,904
67714,3047,1099,903
67715,3048,1098,903
67716,3057,1098,903
67717,3082,1098,907
67718,3059,1098,905
67719,3060,1098,903
67720,2998,1098,914
67721,2929,1111,918
67722,2879,1117,919
67723,2853,1119,909
67724,2825,1108,905
67725,2809,1101,902
67726,2818,1099,901
67727,2807,1098,900
67728,2860,1098,901
67729,2945,1098,912
67730,2966,1111,918
67731,3011,1118,920
67732,3032,1120,915
67733,3001,1121,911
67734,3046,1109,906
67735,3039,1102,904
67736,3038,1099,903
67737,3042,1098,908
67738,3033,1098,913
67739,3025,1103,912
67740,3011,1112,909
67741,3021,1103,909
67742,3027,1100,913
67743,3004,1111,919
67744,2998,1117,921
67745,3011,1120,922
67746,2998,1121,923
67747,2990,1121,922
67748,2973,1121,922
67749,3001,1122,922
67750,2977,1122,921
67751,2978,1122,923
67752,2962,1122,923
67753,2952,1122,922
67754,2937,1122,922
67755,2921,1122,922
67756,2939,1122,923
67757,2942,1121,923
67758,2913,1122,922
67759,2917,1122,922
67760,2911,1122,921
67761,2902,1121,921
67762,2878,1121,920
67763,2876,1121,916
67764,2876,1121,913
67765,2861,1120,915
67766,2855,1120,910
67767,2863,1109,909
67768,2848,1105,905
67769,2836,1101,903
67770,2827,1099,901
67771,2807,1099,901
67772,2811,1097,900
67773,2835,1098,901
67774,2807,1098,900
67775,2809,1098,901
67776,2802,1098,901
67777,2798,1098,900
67778,2815,1098,900
67779,2738,1098,900
67780,2799,1098,900
67781,2749,1098,900
67782,2770,1097,899
67783,2773,1098,900
67784,2763,1097,899
67785,2749,1098,899
67786,2744,1097,899
67787,2743,1098,899
67788,2805,1098,898
67789,2722,1098,897
67790,2703,1104,896
67791,2673,1099,895
67792,2703,1110,891
67793,2684,1116,891
67794,2685,1118,891
67795,2703,1118,891
67796,2665,1118,891
67797,2640,1117,888
67798,2644,1117,889
67799,2646,1118,888
67800,2632,1118,888
67801,2637,1118,888
67802,2632,1117,887
67803,2637,1117,887
67804,2630,1117,887
67805,2599,1118,887
67806,2614,1117,887
67807,2586,1117,887
67808,2583,1118,887
67809,2617,1117,886
67810,2588,1118,887
67811,2605,1117,887
67812,2592,1117,886
67813,2559,1117,886
67814,2571,1117,886
67815,2557,1117,886
67816,2561,1117,885
67817,2553,1117,886
67818,2558,1117,886
67819,2557,1117,886
67820,2556,1117,886
67821,2545,1118,886
67822,2534,1117,886
67823,2523,1116,886
67824,2529,1116,885
67825,2517,1117,878
67826,2526,1105,879
67827,2524,1098,883
67828,2537,1104,874
67829,2506,1097,870
67830,2482,1095,867
67831,2502,1095,866
67832,2494,1093,865
67833,2492,1094,866
67834,2484,1093,866
67835,2491,1093,865
67836,2483,1093,866
67837,2478,1093,865
67838,2449,1092,864
67839,2469,1093,864
67840,2428,1093,864
67841,2461,1093,864
67842,2460,1087,864
67843,2464,1086,864
67844,2442,1085,863
67845,2436,1083,864
67846,2438,1086,864
67847,2427,1089,864
67848,2429,1088,864
67849,2421,1087,864
67850,2420,1088,864
67851,2413,1087,865
67852,2402,1091,864
67853,2416,1087,864
67854,2396,1086,864
67855,2397,1089,864
67856,2390,1086,863
67857,2378,1084,862
67858,2404,1083,862
67859,2395,1083,862
67860,2343,1082,862
67861,2362,1082,862
67862,2360,1082,859
67863,2357,1082,859
67864,2352,1081,855
67865,2355,1082,855
67866,2355,1081,854
67867,2354,1081,854
67868,2315,1081,854
67869,2328,1080,853
67870,2330,1081,854
67871,2315,1080,853
67872,2314,1081,854
67873,2321,1080,853
67874,2326,1081,853
67875,2318,1080,853
67876,2315,1080,852
67877,2298,1080,853
67878,2284,1081,852
67879,2347,1081,853
67880,2274,1080,852
67881,2283,1081,852
67882,2278,1080,851
67883,2275,1081,853
67884,2271,1080,851
67885,2282,1081,852
67886,2259,1080,852
67887,2255,1080,852
67888,2251,1080,851
67889,2275,1081,852
67890,2239,1080,851
67891,2252,1080,851
67892,2255,1081,852
67893,2222,1080,851
67894,2247,1080,851
67895,2229,1080,850
67896,2230,1080,850
67897,2228,1080,851
67898,2192,1080,851
67899,2231,1080,850
67900,2209,1080,850
67901,2248,1081,847
67902,2220,1066,845
67903,2210,1064,843
67904,2223,1060,840
67905,2217,1059,846
67906,2206,1059,843
67907,2212,1058,846
67908,2213,1059,846
67909,2211,1059,844
67910,2208,1059,843
67911,2251,1058,839
67912,2196,1057,839
67913,2207,1057,842
67914,2233,1058,842
67915,2211,1058,839
67916,2218,1058,844
67917,2218,1059,848
67918,2200,1074,845
67919,2172,1063,848
67920,2216,1071,846
67921,2155,1062,845
67922,2217,1060,845
67923,2197,1059,845
67924,2208,1059,847
67925,2220,1067,849
67926,2219,1076,850
67927,2224,1079,851
67928,2212,1080,846
67929,2222,1068,848
67930,2212,1076,849
67931,2227,1079,849
67932,2231,1079,850
67933,2235,1080,850
67934,2235,1080,850
67935,2255,1080,851
67936,2255,1081,851
67937,2243,1080,851
67938,2247,1080,851
67939,2222,1080,851
67940,2232,1080,851
67941,2251,1081,851
67942,2256,1081,851
67943,2263,1080,851
67944,2255,1080,851
67945,2256,1080,851
67946,2234,1080,851
67947,2264,1080,852
67948,2278,1081,851
67949,2258,1081,852
67950,2272,1081,852
67951,2284,1081,852
67952,2277,1081,853
67953,2274,1081,853
67954,2281,1081,852
67955,2295,1081,853
67956,2301,1081,853
67957,2287,1081,852
67958,2297,1081,853
67959,2302,1081,852
67960,2315,1081,852
67961,2302,1080,852
67962,2303,1080,852
67963,2291,1081,852
67964,2304,1081,852
67965,2324,1080,852
67966,2315,1081,852
67967,2315,1081,853
67968,2327,1080,853
67969,2318,1080,851
67970,2334,1081,853
67971,2315,1081,853
67972,2340,1081,853
67973,2336,1081,853
67974,2327,1081,853
67975,2330,1080,853
67976,2347,1081,854
67977,2349,1080,853
67978,2353,1081,853
67979,2351,1081,853
67980,2353,1081,853
67981,2360,1081,854
67982,2396,1081,857
67983,2345,1081,854
67984,2361,1081,854
67985,2337,1081,855
67986,2364,1081,855
67987,2365,1081,856
67988,2368,1081,856
67989,2358,1081,857
67990,2366,1081,856
67991,2387,1081,860
67992,2370,1081,861
67993,2369,1082,861
67994,2374,1082,862
67995,2371,1082,861
67996,2366,1082,862
67997,2371,1082,862
67998,2362,1082,860
67999,2385,1082,861
68000,2410,1082,860
68001,2371,1082,861
68002,2355,1082,862
68003,2392,1082,862
68004,2373,1082,862
68005,2373,1082,860
68006,2355,1082,860
68007,2369,1083,861
68008,2371,1083,862
68009,2376,1082,862
68010,2363,1082,861
68011,2371,1082,862
68012,2367,1082,860
68013,2368,1082,857
68014,2357,1082,855
68015,2347,1081,855
68016,2333,1080,852
68017,2343,1080,854
68018,2356,1081,854
68019,2345,1080,853
68020,2353,1081,853
68021,2349,1081,853
68022,2327,1081,853
68023,2336,1081,853
68024,2333,1081,853
68025,2340,1080,853
68026,2336,1080,853
68027,2336,1080,852
68028,2285,1081,853
68029,2342,1080,852
68030,2362,1081,853
68031,2323,1080,853
68032,2322,1081,853
68033,2319,1081,853
68034,2318,1081,853
68035,2324,1080,853
68036,2318,1081,853
68037,2314,1080,852
68038,2308,1081,852
68039,2219,1080,852
68040,2292,1081,852
68041,2279,1080,852
68042,2278,1081,853
68043,2288,1080,852
68044,2293,1081,853
68045,2280,1081,852
68046,2278,1080,853
68047,2318,1081,852
68048,2305,1080,852
68049,2282,1081,852
68050,2268,1080,852
68051,2271,1081,851
68052,2269,1080,852
68053,2254,1081,851
68054,2248,1081,851
68055,2249,1080,851
68056,2272,1081,851
68057,2236,1080,851
68058,2244,1081,852
68059,2227,1080,851
68060,2216,1081,851
68061,2221,1080,850
68062,2222,1080,850
68063,2206,1073,840
68064,2206,1062,843
68065,2190,1060,845
68066,2218,1059,843
68067,2198,1058,844
68068,2199,1058,837
68069,2184,1057,834
68070,2188,1057,832
68071,2172,1056,831
68072,2182,1052,831
68073,2181,1048,831
68074,2169,1048,831
68075,2275,1051,834
68076,2183,1055,832
68077,2135,1053,831
68078,2153,1049,830
68079,2165,1048,831
68080,2153,1047,830
68081,2150,1047,830
68082,2204,1047,830
68083,2160,1046,834
68084,2164,1053,832
68085,2137,1052,830
68086,2136,1048,830
68087,2124,1047,830
68088,2127,1047,830
68089,2144,1048,831
68090,2109,1047,829
68091,2121,1048,829
68092,2122,1047,830
68093,2119,1047,829
68094,2109,1047,830
68095,2136,1047,828
68096,2099,1046,828
68097,2068,1046,829
68098,2094,1047,828
68099,2084,1047,828
68100,2095,1047,828
68101,2080,1047,828
68102,2066,1046,827
68103,2074,1047,826
68104,2053,1046,827
68105,2051,1046,824
68106,2071,1046,824
68107,2075,1045,822
68108,2068,1046,821
68109,2056,1045,823
68110,2032,1045,825
68111,2042,1047,825
68112,2049,1046,823
68113,2039,1046,826
68114,2033,1046,827
68115,2027,1046,825
68116,2035,1046,827
68117,2024,1046,825
68118,2018,1046,821
68119,2021,1045,820
68120,2017,1045,819
68121,2023,1045,818
68122,2026,1045,817
68123,2018,1045,820
68124,2001,1045,819
68125,2004,1045,818
68126,1986,1045,818
68127,1975,1045,818
68128,1981,1045,817
68129,1968,1045,817
68130,1969,1045,816
68131,1975,1045,817
68132,1961,1044,817
68133,1965,1045,816
68134,1988,1044,817
68135,1959,1044,816
68136,1971,1044,817
68137,1949,1044,815
68138,1959,1040,816
68139,1951,1036,816
68140,1952,1035,816
68141,1928,1035,816
68142,1916,1034,815
68143,1961,1035,816
68144,1926,1034,815
68145,1928,1028,815
68146,1931,1025,815
68147,1928,1024,815
68148,1927,1025,815
68149,1925,1024,816
68150,1916,1036,816
68151,1916,1041,816
68152,1897,1044,816
68153,1857,1041,816
68154,1907,1043,816
68155,1893,1044,815
68156,1913,1030,816
68157,1903,1033,815
68158,1908,1034,816
68159,1904,1035,816
68160,1906,1035,816
68161,1905,1041,815
68162,1893,1032,815
68163,1902,1027,815
68164,1886,1025,815
68165,1909,1024,815
68166,1889,1024,815
68167,1883,1024,815
68168,1888,1024,815
68169,1886,1024,814
68170,1841,1024,815
68171,1862,1024,809
68172,1864,1024,813
68173,1880,1023,814
68174,1875,1024,814
68175,1876,1024,810
68176,1872,1024,813
68177,1872,1023,810
68178,1878,1023,812
68179,1868,1023,811
68180,1880,1023,809
68181,1864,1023,810
68182,1869,1022,802
68183,1872,1022,801
68184,1864,1018,798
68185,1863,1013,797
68186,1867,1011,796
68187,1861,1011,795
68188,1854,1010,795
68189,1858,1010,796
68190,1848,1011,796
68191,1842,1010,795
68192,1844,1011,795
68193,1853,1010,796
68194,1853,1011,795
68195,1840,1011,795
68196,1853,1010,795
68197,1840,1010,795
68198,1844,1010,795
68199,1852,1011,794
68200,1860,1010,795
68201,1842,1011,794
68202,1839,1010,795
68203,1841,1010,795
68204,1838,1011,795
68205,1837,1010,794
68206,1838,1011,795
68207,1832,1010,794
68208,1864,1010,794
68209,1823,1010,794
68210,1841,1010,795
68211,1798,1010,795
68212,1831,1010,794
68213,1827,1011,795
68214,1847,1010,794
68215,1830,1010,795
68216,1826,1010,794
68217,1827,1010,795
68218,1848,1010,794
68219,1833,1011,794
68220,1820,1010,794
68221,1815,1010,794
68222,1825,1010,794
68223,1819,1010,794
68224,1814,1010,794
68225,1830,1010,794
68226,1817,1011,794
68227,1821,1010,794
68228,1841,1010,794
68229,1830,1009,794
68230,1829,1011,795
68231,1823,1010,794
68232,1825,1010,794
68233,1826,1010,795
68234,1826,1010,794
68235,1808,1010,793
68236,1819,1010,795
68237,1823,1010,794
68238,1807,1010,794
68239,1816,1010,793
68240,1808,1010,794
68241,1818,1010,794
68242,1824,1011,794
68243,1832,1010,794
68244,1829,1010,794
68245,1824,1010,794
68246,1826,1010,794
68247,1828,1010,795
68248,1833,1010,794
68249,1830,1011,795
68250,1843,1010,794
68251,1830,1010,795
68252,1822,1010,794
68253,1847,1010,794
68254,1824,1010,795
68255,1826,1010,794
68256,1827,1010,794
68257,1823,1010,794
68258,1813,1010,793
68259,1827,1010,794
68260,1830,1010,794
68261,1810,1010,795
68262,1827,1011,794
68263,1825,1010,793
68264,1821,1010,793
68265,1810,1009,794
68266,1823,1010,794
68267,1818,1011,794
68268,1868,1010,795
68269,1819,1010,794
68270,1830,1011,795
68271,1826,1010,795
68272,1813,1010,794
68273,1817,1010,794
68274,1833,1010,794
68275,1829,1011,795
68276,1833,1010,794
68277,1823,1011,795
68278,1762,1010,794
68279,1824,1011,794
68280,1816,1010,795
68281,1798,1010,794
68282,1816,1010,793
68283,1831,1010,795
68284,1825,1010,794
68285,1831,1010,793
68286,1835,1010,794
68287,1826,1010,794
68288,1803,1011,794
68289,1838,1010,795
68290,1820,1011,794
68291,1831,1010,794
68292,1829,1010,795
68293,1849,1010,795
68294,1845,1010,794
68295,1824,1010,795
68296,1837,1011,794
68297,1833,1011,795
68298,1824,1010,794
68299,1833,1010,794
68300,1825,1010,794
68301,1829,1010,794
68302,1838,1010,794
68303,1833,1010,794
68304,1832,1011,794
68305,1823,1010,794
68306,1830,1010,794
68307,1834,1010,795
68308,1885,1011,795
68309,1824,1011,795
68310,1822,1010,795
68311,1807,1011,794
68312,1840,1011,795
68313,1836,1011,794
68314,1834,1010,794
68315,1835,1010,794
68316,1836,1010,794
68317,1828,1010,794
68318,1887,1011,794
68319,1822,1010,795
68320,1823,1010,794
68321,1841,1010,795
68322,1843,1011,795
68323,1832,1010,795
68324,1844,1011,794
68325,1850,1010,794
68326,1838,1010,794
68327,1838,1010,794
68328,1828,1010,795
68329,1826,1010,794
68330,1828,1010,794
68331,1824,1010,795
68332,1845,1010,794
68333,1847,1010,794
68334,1832,1011,795
68335,1839,1010,794
68336,1836,1010,794
68337,1834,1011,795
68338,1822,1011,795
68339,1838,1010,794
68340,1828,1010,795
68341,1799,1010,793
68342,1838,1010,794
68343,1835,1010,795
68344,1826,1010,794
68345,1820,1010,794
68346,1846,1010,794
68347,1863,1010,794
68348,1830,1010,794
68349,1824,1010,794
68350,1828,1010,794
68351,1819,1010,795
68352,1827,1010,795
68353,1826,1010,794
68354,1820,1010,794
68355,1841,1011,796
68356,1824,1011,795
68357,1840,1010,794
68358,1830,1010,795
68359,1825,1010,794
68360,1820,1010,794
68361,1821,1009,794
68362,1821,1010,794
68363,1818,1009,794
68364,1812,1010,794
68365,1773,1009,794
68366,1816,1010,794
68367,1810,1010,794
68368,1806,1010,793
68369,1817,1010,794
68370,1809,1010,794
68371,1819,1010,794
68372,1814,1010,794
68373,1807,1010,794
68374,1819,1010,794
68375,1813,1010,794
68376,1804,1010,794
68377,1808,1010,793
68378,1795,1010,793
68379,1793,1010,794
68380,1806,1010,793
68381,1809,1010,793
68382,1822,1010,794
68383,1796,1010,794
68384,1790,1010,793
68385,1805,1010,794
68386,1798,1010,793
68387,1788,1010,793
68388,1799,1009,794
68389,1799,1010,793
68390,1802,1010,794
68391,1804,1011,794
68392,1802,1010,794
68393,1800,1010,794
68394,1794,1011,794
68395,1794,1010,793
68396,1793,1010,794
68397,1788,1010,794
68398,1792,1010,793
68399,1794,1009,793
68400,1795,1010,793
68401,1784,1010,794
68402,1787,1010,794
68403,1794,1010,794
68404,1785,1010,793
68405,1790,1010,794
68406,1782,1009,794
68407,1773,1010,792
68408,1789,1009,794
68409,1788,1010,794
68410,1776,1010,794
68411,1783,1010,794
68412,1759,1011,794
68413,1784,1010,794
68414,1780,1010,795
68415,1786,1010,794
68416,1792,1011,794
68417,1779,1010,794
68418,1777,1010,795
68419,1777,1010,794
68420,1779,1010,794
68421,1780,1010,794
68422,1782,1010,792
68423,1777,1010,794
68424,1774,1010,793
68425,1774,1010,794
68426,1775,1010,793
68427,1768,1010,794
68428,1770,1009,793
68429,1769,1010,793
68430,1774,1010,793
68431,1753,1010,794
68432,1772,1010,793
68433,1764,1010,794
68434,1767,1011,793
68435,1767,1011,793
68436,1766,1010,793
68437,1765,1010,793
68438,1759,1010,793
68439,1769,1010,793
68440,1755,1010,793
68441,1757,1010,793
68442,1757,1010,793
68443,1752,1010,793
68444,1752,1010,793
68445,1755,1010,792
68446,1762,1009,793
68447,1755,1010,792
68448,1755,1010,793
68449,1748,1011,793
68450,1750,1010,793
68451,1741,1010,793
68452,1735,1010,793
68453,1744,1010,793
68454,1742,1010,792
68455,1743,1010,793
68456,1737,1010,793
68457,1744,1010,793
68458,1732,1010,793
68459,1733,1010,792
68460,1736,1010,792
68461,1719,1009,792
68462,1732,1010,792
68463,1735,1009,792
68464,1739,1010,791
68465,1728,1010,792
68466,1736,1010,792
68467,1712,1010,792
68468,1724,1010,792
68469,1724,1010,792
68470,1725,1009,792
68471,1725,1010,792
68472,1716,1009,797
68473,1719,1010,794
68474,1715,1010,793
68475,1720,1010,792
68476,1701,1010,795
68477,1741,1010,802
68478,1709,1017,799
68479,1708,1018,806
68480,1716,1022,800
68481,1707,1021,806
68482,1707,1022,805
68483,1709,1022,806
68484,1707,1023,810
68485,1716,1022,809
68486,1694,1022,811
68487,1708,1023,808
68488,1708,1022,811
68489,1703,1023,812
68490,1712,1024,810
68491,1693,1024,812
68492,1684,1024,813
68493,1710,1024,805
68494,1706,1023,806
68495,1698,1023,810
68496,1705,1023,809
68497,1710,1023,802
68498,1722,1022,806
68499,1724,1022,798
68500,1710,1019,799
68501,1704,1018,798
68502,1723,1013,794
68503,1713,1011,793
68504,1730,1010,792
68505,1740,1010,793
68506,1743,1010,792
68507,1753,1010,793
68508,1762,1010,793
68509,1759,1010,793
68510,1762,1010,794
68511,1769,1010,793
68512,1798,1010,793
68513,1789,1010,793
68514,1821,1010,793
68515,1817,1010,793
68516,1821,1010,794
68517,1829,1010,794
68518,1842,1011,794
68519,1830,1010,794
68520,1810,1010,795
68521,1875,1010,805
68522,1885,1019,810
68523,1950,1021,813
68524,1887,1023,814
68525,1926,1023,815
68526,1918,1024,814
68527,1940,1032,816
68528,1943,1033,814
68529,1985,1027,816
68530,2009,1036,818
68531,2023,1042,817
68532,2044,1044,822
68533,2077,1045,822
68534,2051,1045,824
68535,2056,1046,822
68536,2054,1045,824
68537,2112,1046,826
68538,2152,1046,828
68539,2197,1047,829
68540,2186,1047,830
68541,2194,1047,830
68542,2195,1048,830
68543,2214,1050,833
68544,2216,1055,838
68545,2276,1057,845
68546,2311,1059,849
68547,2334,1074,851
68548,2372,1078,852
68549,2354,1079,853
68550,2361,1080,854
68551,2366,1081,856
68552,2367,1081,856
68553,2432,1082,860
68554,2469,1082,863
68555,2482,1083,864
68556,2500,1085,865
68557,2517,1091,867
68558,2510,1093,873
68559,2528,1094,880
68560,2507,1106,882
68561,2600,1113,884
68562,2616,1116,885
68563,2683,1117,887
68564,2663,1117,887
68565,2675,1117,891
68566,2677,1118,893
68567,2708,1118,891
68568,2693,1118,889
68569,2723,1119,895
68570,2762,1119,897
68571,2796,1104,899
68572,2804,1100,900
68573,2811,1098,900
68574,2832,1098,900
68575,2833,1097,901
68576,2833,1098,900
68577,2859,1098,905
68578,2889,1098,913
68579,2916,1111,916
68580,2917,1117,920
68581,2935,1120,921
68582,2946,1121,922
68583,2930,1121,921
68584,2928,1120,922
68585,2965,1121,922
68586,2993,1121,923
68587,3005,1122,922
68588,3013,1122,923
68589,3016,1122,924
68590,3025,1122,916
68591,3024,1121,909
68592,3020,1113,913
68593,3048,1108,908
68594,3068,1102,906
68595,3066,1099,904
68596,3082,1099,904
68597,3055,1098,903
68598,3073,1098,902
68599,3072,1097,903
68600,3076,1098,903
68601,3087,1098,903
68602,3101,1098,902
68603,3083,1097,903
68604,3102,1098,902
68605,3106,1098,903
68606,3107,1098,902
68607,3103,1097,903
68608,3118,1098,903
68609,3104,1098,904
68610,3102,1098,903
68611,3114,1098,904
68612,3097,1098,903
68613,3092,1099,904
68614,3113,1098,903
68615,3154,1098,904
68616,3101,1098,903
68617,3024,1098,907
68618,2965,1098,914
68619,2972,1114,919
68620,2959,1119,920
68621,2953,1121,922
68622,2939,1121,922
68623,2928,1121,922
68624,2923,1121,922
68625,2985,1122,923
68626,2996,1120,921
68627,3022,1122,920
68628,3035,1121,911
68629,3043,1109,907
68630,3046,1102,904
68631,3054,1099,903
68632,3048,1099,903
68633,3040,1098,903
68634,3033,1098,903
68635,3030,1098,903
68636,3033,1098,913
68637,3009,1111,919
68638,3030,1118,910
68639,3025,1108,911
68640,3024,1102,910
68641,2997,1109,917
68642,2961,1117,920
68643,2978,1120,921
68644,2970,1121,922
68645,2956,1121,922
68646,2968,1122,922
68647,2962,1121,922
68648,2944,1121,922
68649,2972,1121,922
68650,2928,1122,922
68651,2908,1121,922
68652,2876,1122,922
68653,2913,1121,922
68654,2900,1122,922
68655,2905,1122,922
68656,2907,1121,921
68657,2876,1122,921
68658,2887,1121,920
68659,2860,1121,915
68660,2830,1120,908
68661,2871,1106,907
68662,2854,1100,904
68663,2837,1099,907
68664,2837,1098,904
68665,2873,1098,902
68666,2810,1097,901
68667,2807,1098,901
68668,2808,1098,901
68669,2797,1098,900
68670,2812,1098,901
68671,2797,1098,900
68672,2798,1097,901
68673,2729,1096,898
68674,2767,1097,900
68675,2747,1097,899
68676,2740,1097,899
68677,2732,1097,899
68678,2738,1097,899
68679,2735,1097,898
68680,2715,1097,898
68681,2734,1097,898
68682,2705,1097,896
68683,2698,1104,895
68684,2699,1114,891
68685,2693,1116,889
68686,2678,1117,894
68687,2697,1118,894
68688,2684,1111,893
68689,2664,1113,891
68690,2651,1116,889
68691,2654,1117,889
68692,2642,1118,888
68693,2647,1117,888
68694,2541,1118,888
68695,2637,1117,888
68696,2620,1118,888
68697,2632,1117,887
68698,2622,1118,887
68699,2623,1118,888
68700,2614,1118,886
68701,2590,1117,886
68702,2602,1117,886
68703,2606,1117,886
68704,2594,1118,886
68705,2573,1117,886
68706,2570,1117,886
68707,2567,1117,885
68708,2573,1117,885
68709,2562,1117,885
68710,2552,1118,886
68711,2557,1117,886
68712,2557,1118,883
68713,2537,1116,884
68714,2532,1117,885
68715,2547,1117,885
68716,2538,1117,884
68717,2520,1117,880
68718,2503,1109,873
68719,2504,1099,868
68720,2520,1094,875
68721,2501,1094,869
68722,2489,1094,867
68723,2498,1093,865
68724,2490,1093,864
68725,2481,1093,865
68726,2476,1093,864
68727,2484,1093,865
68728,2466,1093,864
68729,2470,1093,864
68730,2457,1093,863
68731,2444,1086,863
68732,2446,1088,863
68733,2459,1085,864
68734,2443,1087,863
68735,2482,1085,864
68736,2439,1087,863
68737,2429,1086,863
68738,2403,1085,863
68739,2409,1084,863
68740,2425,1084,863
68741,2404,1083,863
68742,2373,1082,863
68743,2423,1082,863
68744,2398,1083,862
68745,2385,1083,862
68746,2377,1087,863
68747,2373,1085,860
68748,2349,1083,858
68749,2373,1082,857
68750,2363,1082,857
68751,2370,1082,856
68752,2361,1082,857
68753,2370,1081,855
68754,2337,1082,854
68755,2341,1081,853
68756,2334,1082,853
68757,2314,1081,853
68758,2363,1081,852
68759,2334,1080,853
68760,2319,1081,853
68761,2311,1080,852
68762,2306,1081,853
68763,2302,1080,852
68764,2305,1080,853
68765,2276,1080,852
68766,2299,1080,852
68767,2291,1080,852
68768,2276,1080,852
68769,2288,1080,853
68770,2327,1081,853
68771,2284,1080,853
68772,2262,1081,853
68773,2272,1081,852
68774,2277,1080,852
68775,2257,1081,852
68776,2270,1080,852
68777,2275,1081,852
68778,2268,1081,852
68779,2260,1080,852
68780,2259,1080,852
68781,2263,1080,851
68782,2262,1080,851
68783,2255,1080,850
68784,2209,1080,850
68785,2249,1080,851
68786,2252,1080,851
68787,2254,1081,851
68788,2244,1080,851
68789,2240,1080,851
68790,2235,1080,851
68791,2240,1081,851
68792,2227,1081,851
68793,2242,1081,851
68794,2229,1081,851
68795,2239,1081,847
68796,2242,1076,850
68797,2249,1078,849
68798,2234,1080,850
68799,2217,1080,850
68800,2243,1080,850
68801,2251,1080,851
68802,2253,1080,850
68803,2235,1080,851
68804,2232,1080,850
68805,2242,1080,851
68806,2247,1080,851
68807,2250,1080,851
68808,2237,1081,851
68809,2224,1080,851
68810,2237,1080,850
68811,2236,1081,852
68812,2261,1081,852
68813,2252,1081,852
68814,2265,1081,852
68815,2259,1081,851
68816,2262,1080,852
68817,2275,1080,851
68818,2272,1080,852
68819,2268,1080,852
68820,2245,1080,851
68821,2269,1080,852
68822,2288,1080,852
68823,2298,1080,852
68824,2290,1081,852
68825,2300,1080,852
68826,2286,1080,852
68827,2287,1081,853
68828,2294,1081,852
68829,2299,1081,853
68830,2308,1081,853
68831,2306,1080,853
68832,2335,1080,853
68833,2333,1080,852
68834,2318,1081,853
68835,2306,1080,853
68836,2312,1081,853
68837,2325,1080,853
68838,2331,1081,853
68839,2330,1080,853
68840,2399,1081,855
68841,2355,1080,853
68842,2352,1081,854
68843,2346,1081,853
68844,2368,1080,853
68845,2356,1080,853
68846,2345,1081,854
68847,2359,1081,855
68848,2361,1081,857
68849,2359,1081,858
68850,2374,1082,859
68851,2374,1082,858
68852,2360,1082,858
68853,2385,1082,860
68854,2379,1083,862
68855,2391,1082,862
68856,2394,1083,863
68857,2385,1082,863
68858,2385,1083,863
68859,2376,1082,863
68860,2384,1083,862
68861,2393,1082,862
68862,2386,1082,862
68863,2426,1082,863
68864,2399,1082,863
68865,2396,1082,863
68866,2414,1082,862
68867,2394,1083,863
68868,2421,1082,862
68869,2447,1083,863
68870,2419,1086,863
68871,2412,1084,864
68872,2403,1087,863
68873,2400,1084,864
68874,2413,1090,863
68875,2390,1088,864
68876,2437,1086,862
68877,2423,1084,863
68878,2434,1083,863
68879,2413,1083,863
68880,2413,1083,863
68881,2403,1083,864
68882,2400,1084,863
68883,2421,1083,863
68884,2411,1083,863
68885,2415,1082,863
68886,2408,1082,863
68887,2396,1083,863
68888,2403,1082,863
68889,2391,1083,862
68890,2405,1082,863
68891,2417,1083,863
68892,2405,1082,861
68893,2394,1081,863
68894,2392,1083,863
68895,2383,1082,863
68896,2395,1083,863
68897,2390,1082,862
68898,2379,1082,862
68899,2403,1083,863
68900,2394,1082,862
68901,2381,1083,863
68902,2369,1083,861
68903,2381,1082,861
68904,2372,1082,862
68905,2378,1082,861
68906,2375,1082,862
68907,2366,1082,860
68908,2356,1082,857
68909,2349,1081,858
68910,2354,1081,855
68911,2349,1081,855
68912,2341,1081,853
68913,2344,1081,854
68914,2355,1081,853
68915,2349,1081,854
68916,2346,1081,854
68917,2341,1081,853
68918,2334,1081,854
68919,2332,1080,852
68920,2341,1080,853
68921,2331,1081,852
68922,2324,1080,852
68923,2330,1080,853
68924,2334,1080,852
68925,2319,1080,852
68926,2315,1081,852
68927,2308,1081,852
68928,2303,1081,852
68929,2323,1081,852
68930,2297,1080,852
68931,2298,1081,853
68932,2287,1080,853
68933,2286,1081,853
68934,2281,1081,852
68935,2283,1080,852
68936,2240,1081,851
68937,2268,1081,852
68938,2272,1080,852
68939,2261,1080,851
68940,2264,1080,852
68941,2261,1080,851
68942,2253,1080,851
68943,2247,1080,851
68944,2224,1080,851
68945,2205,1080,851
68946,2247,1080,851
68947,2231,1080,851
68948,2213,1081,851
68949,2237,1080,851
68950,2224,1080,850
68951,2199,1080,850
68952,2222,1080,850
68953,2214,1080,847
68954,2209,1073,841
68955,2221,1062,846
68956,2205,1060,842
68957,2218,1058,836
68958,2193,1058,838
68959,2186,1057,834
68960,2194,1057,832
68961,2186,1056,831
68962,2204,1051,831
68963,2187,1048,831
68964,2183,1047,831
68965,2187,1047,831
68966,2172,1048,830
68967,2157,1047,831
68968,2157,1048,830
68969,2180,1046,831
68970,2128,1047,830
68971,2150,1047,831
68972,2183,1047,830
68973,2140,1047,831
68974,2118,1047,829
68975,2136,1047,830
68976,2128,1047,830
68977,2129,1047,830
68978,2123,1047,829
68979,2117,1047,829
68980,2124,1047,829
68981,2132,1047,829
68982,2111,1047,829
68983,2099,1047,829
68984,2088,1047,829
68985,2091,1047,829
68986,2078,1047,828
68987,2088,1047,828
68988,2094,1047,829
68989,2080,1047,828
68990,2076,1047,829
68991,2075,1047,828
68992,2082,1047,828
68993,2062,1047,827
68994,2055,1047,825
68995,2068,1047,827
68996,2058,1046,826
68997,2060,1046,827
68998,2038,1046,827
68999,2049,1046,826
69000,2047,1046,827
69001,2025,1046,827
69002,2032,1047,824
69003,2049,1046,827
69004,2030,1046,824
69005,2038,1046,826
69006,2025,1046,823
69007,2021,1046,820
69008,2000,1045,819
69009,2027,1045,820
69010,2014,1045,821
69011,1966,1046,819
69012,2020,1046,820
69013,2018,1045,820
69014,2000,1044,820
69015,2002,1045,818
69016,1989,1044,817
69017,2009,1044,817
69018,1994,1044,818
69019,1991,1044,817
69020,1984,1044,817
69021,1987,1045,817
69022,1978,1045,817
69023,1969,1045,817
69024,2008,1044,817
69025,1955,1044,816
69026,1956,1044,817
69027,1963,1044,817
69028,1965,1045,816
69029,1949,1044,816
69030,1962,1044,816
69031,1958,1045,816
69032,1943,1044,816
69033,1938,1044,816
69034,1939,1044,816
69035,1914,1044,816
69036,1938,1044,816
69037,1906,1045,815
69038,1932,1037,815
69039,1929,1028,815
69040,1923,1029,815
69041,1921,1026,815
69042,1922,1025,815
69043,1929,1025,815
69044,1914,1024,815
69045,1914,1025,815
69046,1898,1027,816
69047,1912,1029,815
69048,1905,1035,816
69049,1907,1041,815
69050,1886,1033,815
69051,1905,1027,812
69052,1907,1025,814
69053,1871,1024,814
69054,1839,1024,812
69055,1894,1024,813
69056,1886,1024,815
69057,1888,1024,815
69058,1888,1025,815
69059,1886,1024,815
69060,1868,1024,812
69061,1890,1024,814
69062,1825,1023,809
69063,1877,1023,812
69064,1875,1023,805
69065,1873,1022,807
69066,1874,1022,808
69067,1882,1022,811
69068,1848,1023,806
69069,1852,1023,801
69070,1867,1021,797
69071,1891,1018,800
69072,1860,1017,797
69073,1857,1013,796
69074,1872,1015,798
69075,1867,1013,796
69076,1858,1011,800
69077,1851,1014,801
69078,1868,1017,802
69079,1837,1019,802
69080,1852,1021,798
69081,1856,1014,797
69082,1849,1011,796
69083,1850,1010,795
69084,1860,1010,795
69085,1855,1010,795
69086,1837,1010,794
69087,1820,1010,795
69088,1840,1010,795
69089,1843,1011,795
69090,1846,1010,796
69091,1846,1011,795
69092,1835,1010,795
69093,1844,1010,795
69094,1843,1010,798
69095,1825,1011,796
69096,1848,1011,795
69097,1828,1010,795
69098,1847,1010,795
69099,1847,1010,795
69100,1839,1010,795
69101,1841,1010,794
69102,1838,1010,798
69103,1827,1011,795
69104,1837,1010,794
69105,1835,1011,795
69106,1838,1010,794
69107,1832,1010,794
69108,1832,1011,795
69109,1831,1010,795
69110,1830,1010,795
69111,1828,1010,793
69112,1831,1010,794
69113,1807,1010,794
69114,1829,1011,794
69115,1814,1010,795
69116,1819,1010,794
69117,1828,1011,794
69118,1832,1011,794
69119,1839,1011,794
69120,1839,1010,794
69121,1831,1010,794
69122,1786,1010,794
69123,1830,1010,794
69124,1827,1010,794
69125,1838,1010,794
69126,1840,1010,794
69127,1823,1010,794
69128,1824,1010,795
69129,1828,1010,794
69130,1813,1009,794
69131,1835,1010,795
69132,1796,1010,794
69133,1842,1010,795
69134,1830,1010,795
69135,1833,1010,794
69136,1835,1010,795
69137,1839,1012,795
69138,1839,1011,794
69139,1826,1010,794
69140,1845,1010,794
69141,1844,1010,794
69142,1853,1010,794
69143,1841,1010,794
69144,1836,1010,795
69145,1837,1010,794
69146,1828,1010,794
69147,1839,1011,795
69148,1841,1011,795
69149,1836,1011,795
69150,1848,1010,795
69151,1842,1010,795
69152,1844,1010,795
69153,1849,1010,794
69154,1844,1010,795
69155,1835,1010,795
69156,1842,1011,795
69157,1864,1011,794
69158,1828,1010,794
69159,1860,1010,795
69160,1857,1010,795
69161,1817,1011,795
69162,1832,1011,795
69163,1845,1010,795
69164,1848,1010,795
69165,1846,1010,794
69166,1844,1010,794
69167,1844,1010,794
69168,1852,1010,795
69169,1846,1010,795
69170,1845,1011,795
69171,1839,1010,795
69172,1861,1010,795
69173,1847,1011,795
69174,1816,1011,795
69175,1843,1010,795
69176,1850,1010,795
69177,1854,1010,794
69178,1865,1010,795
69179,1833,1010,795
69180,1848,1010,794
69181,1843,1010,794
69182,1853,1011,795
69183,1852,1010,795
69184,1859,1011,795
69185,1842,1010,795
69186,1856,1010,794
69187,1848,1011,795
69188,1850,1010,795
69189,1837,1011,795
69190,1851,1010,796
69191,1844,1010,794
69192,1850,1011,795
69193,1851,1010,795
69194,1856,1011,795
69195,1848,1010,795
69196,1835,1011,795
69197,1804,1010,794
69198,1851,1010,794
69199,1850,1010,795
69200,1835,1010,794
69201,1848,1011,795
69202,1839,1011,795
69203,1848,1011,795
69204,1795,1011,795
69205,1853,1010,795
69206,1835,1011,795
69207,1835,1010,795
69208,1846,1011,795
69209,1844,1010,795
69210,1849,1011,795
69211,1889,1011,798
69212,1845,1011,796
69213,1852,1011,796
69214,1857,1014,798
69215,1841,1012,796
69216,1842,1011,794
69217,1820,1011,795
69218,1848,1011,794
69219,1842,1010,795
69220,1851,1010,794
69221,1853,1010,795
69222,1845,1010,795
69223,1837,1011,795
69224,1824,1010,795
69225,1878,1011,797
69226,1832,1011,796
69227,1853,1010,795
69228,1841,1011,795
69229,1825,1010,795
69230,1839,1010,795
69231,1850,1010,795
69232,1850,1011,795
69233,1849,1010,795
69234,1854,1011,795
69235,1850,1010,795
69236,1858,1011,794
69237,1822,1010,795
69238,1835,1010,794
69239,1849,1010,795
69240,1830,1011,794
69241,1837,1010,794
69242,1844,1010,794
69243,1850,1010,795
69244,1850,1010,794
69245,1836,1010,794
69246,1829,1010,793
69247,1845,1010,795
69248,1840,1011,794
69249,1842,1010,794
69250,1837,1011,795
69251,1817,1011,795
69252,1839,1010,794
69253,1839,1011,795
69254,1825,1010,794
69255,1854,1011,794
69256,1825,1010,794
69257,1828,1010,794
69258,1822,1010,794
69259,1819,1011,794
69260,1828,1010,794
69261,1826,1011,794
69262,1819,1011,794
69263,1788,1010,794
69264,1818,1010,795
69265,1812,1010,794
69266,1812,1011,794
69267,1823,1010,794
69268,1823,1011,794
69269,1819,1011,794
69270,1826,1010,795
69271,1823,1010,794
69272,1832,1011,794
69273,1807,1010,794
69274,1804,1010,794
69275,1815,1010,793
69276,1816,1010,794
69277,1808,1010,794
69278,1814,1010,793
69279,1810,1010,794
69280,1818,1010,793
69281,1797,1010,794
69282,1807,1010,794
69283,1829,1010,792
69284,1810,1010,794
69285,1796,1010,794
69286,1801,1011,794
69287,1807,1010,794
69288,1792,1011,793
69289,1799,1011,794
69290,1798,1011,794
69291,1835,1010,794
69292,1789,1010,794
69293,1793,1010,794
69294,1798,1011,793
69295,1777,1011,794
69296,1779,1010,793
69297,1776,1011,793
69298,1784,1010,794
69299,1748,1010,794
69300,1768,1010,794
69301,1766,1010,794
69302,1768,1010,794
69303,1784,1010,793
69304,1779,1010,793
69305,1770,1009,793
69306,1769,1010,793
69307,1755,1010,794
69308,1775,1010,793
69309,1770,1010,795
69310,1761,1011,794
69311,1763,1010,793
69312,1769,1010,794
69313,1761,1010,793
69314,1766,1010,793
69315,1767,1011,794
69316,1781,1010,794
69317,1768,1010,793
69318,1751,1010,794
69319,1751,1010,793
69320,1754,1010,793
69321,1751,1010,793
69322,1740,1011,793
69323,1755,1010,793
69324,1765,1010,793
69325,1762,1010,793
69326,1746,1010,793
69327,1749,1010,793
69328,1748,1010,793
69329,1746,1010,793
69330,1735,1010,792
69331,1739,1010,793
69332,1739,1010,793
69333,1738,1010,793
69334,1738,1010,793
69335,1737,1010,793
69336,1739,1010,793
69337,1736,1009,792
69338,1730,1009,792
69339,1732,1010,792
69340,1745,1010,792
69341,1738,1009,792
69342,1723,1010,793
69343,1729,1010,793
69344,1731,1010,793
69345,1725,1010,792
69346,1724,1010,800
69347,1737,1012,797
69348,1743,1011,794
69349,1651,1011,800
69350,1715,1015,796
69351,1714,1012,798
69352,1733,1011,795
69353,1728,1011,794
69354,1719,1011,799
69355,1730,1011,796
69356,1757,1011,795
69357,1734,1011,793
69358,1737,1010,793
69359,1715,1010,792
69360,1734,1009,793
69361,1726,1010,792
69362,1754,1009,793
69363,1750,1010,792
69364,1757,1010,793
69365,1743,1009,793
69366,1754,1010,793
69367,1760,1009,793
69368,1756,1010,794
69369,1753,1010,793
69370,1782,1011,794
69371,1784,1010,793
69372,1799,1012,794
69373,1797,1011,794
69374,1816,1011,794
69375,1781,1011,794
69376,1820,1011,794
69377,1796,1010,793
69378,1840,1010,795
69379,1848,1010,795
69380,1866,1010,795
69381,1865,1010,803
69382,1871,1017,806
69383,1882,1021,811
69384,1869,1022,812
69385,1901,1023,814
69386,1940,1024,814
69387,1958,1024,815
69388,1964,1027,816
69389,1978,1039,817
69390,1989,1043,816
69391,1986,1044,817
69392,2008,1045,817
69393,2014,1045,818
69394,2074,1045,821
69395,2071,1045,826
69396,2111,1046,827
69397,2102,1046,829
69398,2116,1047,829
69399,2133,1046,829
69400,2130,1047,830
69401,2156,1047,830
69402,2213,1047,834
69403,2246,1054,843
69404,2290,1057,846
69405,2253,1058,849
69406,2273,1073,850
69407,2270,1078,851
69408,2289,1080,851
69409,2313,1079,852
69410,2347,1081,853
69411,2387,1081,858
69412,2446,1082,861
69413,2416,1082,862
69414,2433,1083,862
69415,2442,1083,863
69416,2449,1083,863
69417,2473,1083,864
69418,2545,1089,871
69419,2466,1093,878
69420,2585,1101,882
69421,2592,1112,884
69422,2599,1115,886
69423,2610,1116,885
69424,2613,1116,886
69425,2637,1117,886
69426,2669,1117,889
69427,2724,1117,894
69428,2735,1119,896
69429,2767,1106,897
69430,2757,1100,899
69431,2754,1098,899
69432,2762,1098,899
69433,2795,1098,900
69434,2840,1097,900
69435,2845,1098,901
69436,2874,1098,908
69437,2878,1099,914
69438,2898,1113,918
69439,2906,1119,919
69440,2910,1121,920
69441,2925,1120,921
69442,2960,1121,921
69443,2978,1121,922
69444,2977,1122,922
69445,3014,1122,918
69446,3000,1121,921
69447,3001,1121,922
69448,3003,1121,923
69449,3020,1121,920
69450,3055,1121,911
69451,3079,1109,906
69452,3076,1102,904
69453,3085,1099,904
69454,3100,1099,903
69455,3045,1098,902
69456,3089,1098,904
69457,3070,1098,904
69458,3117,1098,903
69459,3100,1098,904
69460,3135,1098,904
69461,3143,1098,904
69462,3142,1098,904
69463,3137,1098,904
69464,3162,1098,904
69465,3171,1099,904
69466,3149,1098,905
69467,3156,1098,905
69468,3158,1098,905
69469,3164,1098,905
69470,3161,1098,905
69471,3148,1098,904
69472,3166,1098,905
69473,3157,1098,905
69474,3183,1099,906
69475,3158,1098,905
69476,3181,1099,906
69477,3183,1098,905
69478,3164,1098,905
69479,3161,1098,905
69480,3181,1099,905
69481,3171,1098,905
69482,3091,1098,904
69483,2998,1098,906
69484,3011,1098,911
69485,3005,1106,917
69486,2992,1115,920
69487,2987,1119,921
69488,2992,1121,921
69489,3003,1121,923
69490,3078,1122,912
69491,3057,1114,906
69492,3063,1103,905
69493,3095,1100,904
69494,3104,1099,903
69495,3107,1099,903
69496,3098,1099,903
69497,3102,1098,902
69498,3067,1098,902
69499,3088,1097,903
69500,3089,1098,903
69501,3061,1097,903
69502,3051,1097,902
69503,3059,1098,902
69504,3064,1098,903
69505,3058,1098,903
69506,3066,1098,902
69507,3036,1098,907
69508,3024,1098,913
69509,3012,1110,918
69510,2966,1118,921
69511,3000,1120,922
69512,3002,1121,923
69513,2989,1121,923
69514,2971,1122,922
69515,2960,1121,923
69516,2928,1122,923
69517,2942,1121,922
69518,2958,1122,922
69519,2952,1122,922
69520,2947,1121,922
69521,2918,1122,922
69522,2916,1121,922
69523,2894,1122,922
69524,2893,1121,921
69525,2891,1121,920
69526,2889,1121,921
69527,2852,1121,918
69528,2903,1122,920
69529,2858,1121,914
69530,2838,1113,907
69531,2817,1102,904
69532,2833,1099,902
69533,2812,1098,901
69534,2825,1098,901
69535,2832,1098,901
69536,2828,1098,900
69537,2814,1097,901
69538,2785,1098,900
69539,2771,1098,900
69540,2780,1097,900
69541,2771,1098,900
69542,2753,1097,900
69543,2754,1097,899
69544,2778,1096,900
69545,2755,1097,899
69546,2738,1097,899
69547,2732,1097,898
69548,2720,1097,898
69549,2746,1096,894
69550,2745,1106,897
69551,2688,1106,892
69552,2720,1115,894
69553,2712,1117,891
69554,2683,1118,892
69555,2667,1118,893
69556,2670,1118,890
69557,2665,1118,890
69558,2644,1118,889
69559,2667,1118,888
69560,2661,1117,888
69561,2644,1118,888
69562,2637,1118,887
69563,2615,1117,887
69564,2625,1117,887
69565,2616,1117,886
69566,2651,1117,887
69567,2613,1117,886
69568,2596,1117,886
69569,2603,1117,886
69570,2582,1117,886
69571,2583,1117,886
69572,2582,1117,886
69573,2581,1118,886
69574,2568,1117,886
69575,2582,1119,887
69576,2543,1117,886
69577,2594,1117,886
69578,2542,1117,886
69579,2544,1117,886
69580,2542,1117,882
69581,2535,1117,883
69582,2539,1117,885
69583,2541,1116,885
69584,2524,1116,885
69585,2525,1117,881
69586,2533,1116,878
69587,2461,1104,872
69588,2507,1098,868
69589,2494,1095,867
69590,2494,1094,866
69591,2504,1093,865
69592,2498,1093,865
69593,2486,1094,866
69594,2462,1094,865
69595,2467,1093,864
69596,2515,1089,864
69597,2451,1092,864
69598,2453,1092,863
69599,2472,1090,863
69600,2439,1087,863
69601,2446,1084,863
69602,2436,1084,863
69603,2423,1083,863
69604,2416,1083,863
69605,2420,1082,863
69606,2400,1083,863
69607,2458,1082,863
69608,2409,1082,863
69609,2402,1083,863
69610,2386,1083,863
69611,2377,1083,862
69612,2380,1083,862
69613,2372,1082,862
69614,2374,1082,860
69615,2368,1082,858
69616,2361,1081,856
69617,2371,1082,860
69618,2346,1081,856
69619,2329,1081,854
69620,2337,1081,854
69621,2340,1081,853
69622,2333,1081,853
69623,2332,1081,852
69624,2364,1080,853
69625,2341,1081,852
69626,2317,1080,852
69627,2289,1081,852
69628,2304,1080,853
69629,2293,1081,853
69630,2281,1081,853
69631,2305,1081,853
69632,2295,1080,853
69633,2287,1081,852
69634,2275,1081,852
69635,2242,1080,853
69636,2264,1081,852
69637,2243,1081,852
69638,2268,1080,851
69639,2266,1081,851
69640,2263,1081,852
69641,2264,1081,851
69642,2236,1080,851
69643,2241,1080,850
69644,2242,1080,851
69645,2243,1080,851
69646,2235,1080,851
69647,2237,1080,851
69648,2237,1080,851
69649,2216,1080,851
69650,2239,1080,850
69651,2232,1081,851
69652,2215,1081,847
69653,2212,1073,849
69654,2231,1077,850
69655,2226,1080,849
69656,2209,1080,851
69657,2214,1081,851
69658,2232,1080,850
69659,2225,1080,851
69660,2240,1080,850
69661,2286,1080,851
69662,2236,1080,851
69663,2244,1080,851
69664,2229,1080,851
69665,2245,1080,850
69666,2239,1080,851
69667,2246,1080,851
69668,2247,1081,851
69669,2258,1081,852
69670,2262,1081,851
69671,2204,1080,851
69672,2256,1081,851
69673,2252,1080,851
69674,2251,1080,850
69675,2255,1081,852
69676,2260,1081,852
69677,2273,1081,852
69678,2261,1081,852
69679,2283,1080,852
69680,2284,1080,852
69681,2272,1080,851
69682,2282,1080,852
69683,2306,1080,852
69684,2293,1081,852
69685,2287,1080,851
69686,2289,1080,852
69687,2292,1081,852
69688,2301,1081,852
69689,2302,1081,853
69690,2305,1081,852
69691,2318,1080,852
69692,2306,1081,853
69693,2319,1080,852
69694,2328,1081,853
69695,2330,1080,853
69696,2306,1082,853
69697,2355,1080,853
69698,2319,1080,853
69699,2349,1080,853
69700,2333,1081,853
69701,2342,1082,852
69702,2341,1081,853
69703,2350,1081,853
69704,2362,1080,855
69705,2354,1081,855
69706,2369,1081,855
69707,2363,1081,857
69708,2369,1082,856
69709,2365,1081,856
69710,2371,1082,859
69711,2378,1082,861
69712,2377,1082,862
69713,2371,1082,862
69714,2365,1082,862
69715,2376,1083,862
69716,2386,1083,863
69717,2385,1083,863
69718,2372,1083,862
69719,2397,1082,862
69720,2392,1083,863
69721,2374,1081,861
69722,2381,1083,862
69723,2365,1082,862
69724,2377,1082,862
69725,2403,1082,863
69726,2411,1082,862
69727,2406,1082,863
69728,2400,1083,863
69729,2397,1082,863
69730,2404,1083,863
69731,2410,1083,863
69732,2404,1082,864
69733,2422,1085,862
69734,2408,1083,863
69735,2417,1086,862
69736,2410,1087,863
69737,2401,1084,863
69738,2375,1083,863
69739,2381,1082,863
69740,2447,1083,863
69741,2389,1082,863
69742,2404,1083,863
69743,2405,1083,863
69744,2410,1082,863
69745,2409,1082,862
69746,2401,1083,863
69747,2415,1087,864
69748,2384,1087,862
69749,2416,1084,863
69750,2378,1083,863
69751,2389,1083,862
69752,2399,1083,863
69753,2400,1082,863
69754,2392,1082,863
69755,2394,1083,862
69756,2397,1083,862
69757,2434,1082,861
69758,2402,1082,862
69759,2402,1082,862
69760,2372,1082,862
69761,2386,1082,862
69762,2378,1082,862
69763,2385,1083,861
69764,2378,1082,861
69765,2367,1082,861
69766,2375,1082,862
69767,2374,1081,862
69768,2359,1081,858
69769,2351,1081,860
69770,2372,1082,859
69771,2372,1082,861
69772,2368,1082,861
69773,2367,1082,859
69774,2362,1082,856
69775,2348,1082,857
69776,2336,1081,855
69777,2346,1081,856
69778,2335,1082,856
69779,2341,1081,854
69780,2329,1081,854
69781,2347,1080,854
69782,2345,1081,853
69783,2321,1080,853
69784,2335,1081,852
69785,2320,1080,853
69786,2321,1080,853
69787,2311,1081,852
69788,2319,1080,852
69789,2329,1080,852
69790,2361,1080,853
69791,2306,1080,852
69792,2293,1080,852
69793,2295,1080,853
69794,2310,1081,853
69795,2296,1080,853
69796,2307,1081,852
69797,2283,1080,852
69798,2291,1081,852
69799,2294,1080,852
69800,2268,1080,852
69801,2275,1081,852
69802,2266,1080,851
69803,2268,1081,852
69804,2270,1080,852
69805,2272,1080,852
69806,2266,1081,851
69807,2258,1080,851
69808,2208,1080,851
69809,2223,1080,850
69810,2227,1080,851
69811,2244,1080,851
69812,2231,1080,851
69813,2230,1080,850
69814,2216,1081,846
69815,2217,1068,848
69816,2198,1066,847
69817,2223,1061,846
69818,2222,1060,845
69819,2223,1059,844
69820,2201,1058,841
69821,2186,1059,836
69822,2192,1057,838
69823,2189,1057,834
69824,2185,1057,832
69825,2190,1056,831
69826,2183,1050,831
69827,2176,1047,833
69828,2137,1053,832
69829,2165,1055,830
69830,2164,1052,830
69831,2164,1049,830
69832,2155,1047,830
69833,2139,1047,831
69834,2128,1048,830
69835,2151,1047,830
69836,2131,1047,830
69837,2144,1047,830
69838,2143,1047,830
69839,2133,1047,830
69840,2129,1047,830
69841,2126,1048,830
69842,2125,1047,829
69843,2106,1047,829
69844,2112,1047,829
69845,2124,1047,829
69846,2064,1046,828
69847,2085,1047,829
69848,2097,1047,829
69849,2091,1047,829
69850,2097,1046,829
69851,2089,1046,828
69852,2092,1046,829
69853,2080,1047,828
69854,2074,1047,828
69855,2069,1047,829
69856,2071,1047,828
69857,2068,1047,827
69858,2063,1046,824
69859,2062,1046,823
69860,2060,1045,822
69861,2065,1045,825
69862,2042,1046,826
69863,2038,1046,827
69864,2038,1046,826
69865,2038,1046,825
69866,2036,1046,826
69867,2035,1046,827
69868,2033,1046,827
69869,2029,1046,827
69870,2015,1046,824
69871,2014,1046,821
69872,2010,1045,819
69873,2003,1045,819
69874,2000,1045,819
69875,2007,1045,817
69876,2003,1044,818
69877,2008,1044,817
69878,1982,1044,817
69879,1996,1045,817
69880,1987,1045,817
69881,1979,1044,817
69882,1987,1044,817
69883,1991,1044,817
69884,1973,1044,817
69885,1985,1045,816
69886,1973,1044,816
69887,1970,1045,817
69888,1970,1045,817
69889,1960,1045,817
69890,1959,1045,816
69891,1962,1045,817
69892,1944,1044,816
69893,1946,1037,815
69894,1953,1035,817
69895,1948,1042,816
69896,1937,1044,816
69897,1942,1044,816
69898,1937,1044,816
69899,1934,1044,816
69900,1936,1041,816
69901,1935,1040,815
69902,1925,1035,815
69903,1927,1028,815
69904,1921,1025,815
69905,1922,1024,815
69906,1917,1024,815
69907,1914,1024,816
69908,1922,1031,816
69909,1915,1033,815
69910,1911,1027,816
69911,1906,1039,815
69912,1899,1032,815
69913,1893,1034,815
69914,1895,1037,815
69915,1897,1029,816
69916,1896,1037,815
69917,1901,1028,815
69918,1900,1026,815
69919,1873,1025,816
69920,1882,1028,815
69921,1887,1025,814
69922,1883,1024,814
69923,1888,1024,815
69924,1884,1024,814
69925,1871,1024,814
69926,1872,1024,815
69927,1869,1024,805
69928,1871,1023,800
69929,1871,1018,805
69930,1872,1021,806
69931,1864,1022,801
69932,1867,1018,798
69933,1862,1013,797
69934,1857,1011,796
69935,1860,1011,796
69936,1863,1010,795
69937,1865,1010,795
69938,1854,1010,795
69939,1863,1010,795
69940,1848,1010,795
69941,1855,1010,794
69942,1848,1010,795
69943,1849,1010,795
69944,1848,1010,795
69945,1848,1010,794
69946,1834,1011,795
69947,1848,1010,795
69948,1855,1010,794
69949,1844,1011,795
69950,1849,1010,795
69951,1839,1010,795
69952,1836,1010,795
69953,1836,1011,795
69954,1836,1010,794
69955,1846,1010,794
69956,1847,1010,795
69957,1832,1010,795
69958,1836,1011,795
69959,1832,1010,794
69960,1830,1011,795
69961,1833,1010,794
69962,1832,1011,794
69963,1828,1010,794
69964,1833,1011,795
69965,1842,1010,794
69966,1845,1011,795
69967,1837,1011,794
69968,1829,1010,794
69969,1836,1010,794
69970,1828,1011,794
69971,1829,1010,794
69972,1827,1011,794
69973,1825,1010,794
69974,1824,1011,794
69975,1822,1011,794
69976,1837,1010,795
69977,1842,1010,794
69978,1828,1010,794
69979,1817,1011,793
69980,1831,1010,794
69981,1831,1010,794
69982,1836,1010,794
69983,1815,1010,794
69984,1824,1010,794
69985,1830,1010,794
69986,1834,1010,794
69987,1814,1010,794
69988,1821,1011,794
69989,1833,1010,795
69990,1834,1011,795
69991,1832,1010,794
69992,1831,1010,794
69993,1819,1010,794
69994,1830,1010,794
69995,1816,1010,794
69996,1777,1010,794
69997,1833,1010,795
69998,1820,1011,794
69999,1826,1010,794
70000,1851,1010,794
70001,1830,1011,794
70002,1841,1010,794
70003,1837,1010,795
70004,1857,1010,794
70005,1838,1010,795
70006,1831,1010,794
70007,1837,1010,794
70008,1835,1010,794
70009,1860,1010,795
70010,1850,1010,794
70011,1822,1010,794
70012,1831,1010,795
70013,1846,1011,795
70014,1840,1010,795
70015,1845,1011,794
70016,1744,1011,795
70017,1839,1011,794
70018,1823,1010,794
70019,1838,1010,794
70020,1832,1010,794
70021,1841,1010,794
70022,1844,1010,795
70023,1842,1010,795
70024,1843,1009,795
70025,1834,1010,795
70026,1845,1010,795
70027,1833,1011,795
70028,1825,1010,795
70029,1854,1010,794
70030,1834,1010,795
70031,1836,1011,795
70032,1834,1011,795
70033,1837,1011,796
70034,1828,1011,795
70035,1839,1011,795
70036,1855,1010,795
70037,1857,1010,795
70038,1849,1010,795
70039,1845,1010,795
70040,1860,1010,795
70041,1837,1010,794
70042,1861,1010,798
70043,1857,1011,796
70044,1858,1010,796
70045,1836,1010,794
70046,1846,1010,795
70047,1849,1010,795
70048,1846,1010,795
70049,1859,1010,795
70050,1856,1010,795
70051,1841,1011,795
70052,1853,1010,795
70053,1884,1010,795
70054,1881,1010,795
70055,1857,1011,795
70056,1847,1011,795
70057,1859,1011,795
70058,1856,1011,795
70059,1854,1010,795
70060,1842,1011,798
70061,1850,1011,796
70062,1849,1011,796
70063,1843,1011,795
70064,1849,1010,795
70065,1844,1010,794
70066,1844,1010,795
70067,1853,1011,795
70068,1846,1010,795
70069,1841,1010,795
70070,1841,1010,795
70071,1847,1010,794
70072,1853,1011,794
70073,1849,1010,794
70074,1854,1011,794
70075,1865,1011,794
70076,1847,1010,795
70077,1853,1011,794
70078,1854,1010,795
70079,1864,1010,794
70080,1839,1010,794
70081,1846,1010,794
70082,1852,1010,794
70083,1858,1010,794
70084,1844,1010,794
70085,1835,1010,794
70086,1843,1010,794
70087,1846,1010,794
70088,1841,1010,794
70089,1833,1011,794
70090,1838,1010,794
70091,1844,1010,794
70092,1840,1010,795
70093,1806,1010,795
70094,1833,1010,795
70095,1838,1010,794
70096,1838,1010,795
70097,1834,1010,795
70098,1874,1010,795
70099,1844,1010,794
70100,1832,1010,794
70101,1840,1010,795
70102,1833,1010,795
70103,1824,1010,794
70104,1830,1011,794
70105,1841,1010,794
70106,1830,1010,794
70107,1830,1010,795
70108,1833,1011,795
70109,1812,1010,794
70110,1819,1010,795
70111,1827,1010,794
70112,1814,1011,794
70113,1821,1010,794
70114,1820,1009,794
70115,1836,1010,795
70116,1825,1010,795
70117,1818,1010,794
70118,1824,1010,794
70119,1838,1010,794
70120,1819,1010,794
70121,1823,1010,794
70122,1819,1010,794
70123,1821,1010,794
70124,1816,1010,794
70125,1803,1009,794
70126,1809,1010,794
70127,1814,1010,794
70128,1816,1010,793
70129,1826,1010,793
70130,1834,1011,794
70131,1814,1010,794
70132,1801,1010,794
70133,1806,1010,794
70134,1802,1010,794
70135,1807,1009,794
70136,1808,1010,794
70137,1814,1010,794
70138,1821,1010,794
70139,1831,1010,794
70140,1780,1010,794
70141,1827,1010,793
70142,1800,1010,793
70143,1786,1010,793
70144,1802,1011,794
70145,1782,1010,793
70146,1786,1010,794
70147,1794,1009,793
70148,1799,1010,793
70149,1784,1010,794
70150,1779,1010,793
70151,1794,1010,794
70152,1790,1010,793
70153,1782,1010,794
70154,1784,1010,794
70155,1779,1011,794
70156,1789,1010,794
70157,1784,1010,793
70158,1782,1009,794
70159,1776,1010,793
70160,1742,1010,793
70161,1734,1010,793
70162,1757,1010,793
70163,1772,1010,793
70164,1787,1010,794
70165,1776,1010,794
70166,1775,1010,794
70167,1777,1010,794
70168,1762,1010,794
70169,1759,1010,793
70170,1769,1010,793
70171,1768,1010,793
70172,1745,1010,792
70173,1736,1010,793
70174,1768,1010,793
70175,1750,1010,793
70176,1760,1010,793
70177,1752,1010,793
70178,1771,1010,793
70179,1799,1009,793
70180,1770,1010,793
70181,1764,1010,793
70182,1774,1010,794
70183,1778,1010,793
70184,1780,1010,793
70185,1786,1009,794
70186,1771,1010,793
70187,1778,1009,794
70188,1782,1010,794
70189,1776,1010,794
70190,1788,1010,793
70191,1786,1010,794
70192,1782,1010,794
70193,1812,1010,794
70194,1811,1010,794
70195,1811,1010,794
70196,1799,1010,794
70197,1815,1010,793
70198,1825,1010,793
70199,1848,1011,794
70200,1852,1010,794
70201,1850,1010,795
70202,1858,1011,794
70203,1855,1011,795
70204,1880,1011,797
70205,1869,1010,799
70206,1900,1017,808
70207,1914,1021,811
70208,1917,1023,814
70209,1930,1024,815
70210,1907,1024,815
70211,1943,1031,816
70212,1937,1040,816
70213,1961,1040,816
70214,1970,1043,816
70215,2020,1045,819
70216,2038,1045,821
70217,2063,1046,821
70218,2062,1045,823
70219,2072,1046,823
70220,2063,1045,826
70221,2058,1046,826
70222,2118,1046,828
70223,2164,1047,829
70224,2186,1046,829
70225,2196,1047,830
70226,2180,1047,830
70227,2202,1047,831
70228,2205,1048,831
70229,2214,1050,834
70230,2265,1055,843
70231,2308,1058,848
70232,2359,1071,851
70233,2330,1077,851
70234,2354,1079,854
70235,2352,1080,857
70236,2368,1081,858
70237,2364,1081,856
70238,2422,1081,860
70239,2438,1082,862
70240,2468,1082,863
70241,2497,1082,864
70242,2494,1090,865
70243,2524,1092,865
70244,2534,1093,871
70245,2523,1094,873
70246,2588,1094,879
70247,2632,1103,883
70248,2643,1112,885
70249,2653,1116,887
70250,2671,1117,889
70251,2675,1117,889
70252,2685,1117,893
70253,2679,1118,893
70254,2724,1118,895
70255,2769,1111,898
70256,2784,1102,899
70257,2798,1099,900
70258,2803,1098,900
70259,2803,1098,901
70260,2808,1097,900
70261,2812,1097,900
70262,2852,1098,907
70263,2893,1098,915
70264,2897,1114,919
70265,2913,1118,919
70266,2935,1121,921
70267,2923,1121,921
70268,2929,1122,922
70269,2933,1122,923
70270,2933,1122,922
70271,2935,1122,922
70272,2921,1121,922
70273,2938,1122,922
70274,2948,1121,922
70275,2991,1122,922
70276,3001,1121,923
70277,3007,1122,923
70278,3041,1121,921
70279,3030,1121,911
70280,3021,1116,914
70281,3028,1109,913
70282,3043,1106,907
70283,3064,1101,905
70284,3072,1099,903
70285,3085,1098,903
70286,3085,1098,903
70287,3085,1098,903
70288,3107,1098,903
70289,3082,1098,903
70290,3102,1098,903
70291,3118,1098,904
70292,3130,1098,903
70293,3132,1098,904
70294,3124,1098,904
70295,3129,1098,905
70296,3131,1098,903
70297,3158,1098,905
70298,3131,1098,904
70299,3138,1098,904
70300,3138,1097,904
70301,3148,1098,904
70302,3139,1098,904
70303,3140,1098,904
70304,3144,1097,904
70305,3132,1098,903
70306,3115,1097,904
70307,3143,1098,904
70308,3151,1098,904
70309,3131,1098,904
70310,3128,1098,905
70311,3160,1098,903
70312,3138,1098,904
70313,3142,1098,904
70314,3089,1098,903
70315,3054,1098,903
70316,3005,1098,914
70317,3000,1110,918
70318,3008,1118,921
70319,2996,1120,922
70320,2965,1121,922
70321,2988,1122,922
70322,3017,1122,923
70323,3036,1122,912
70324,3046,1113,907
70325,3049,1103,905
70326,3041,1100,904
70327,3072,1099,903
70328,3073,1098,903
70329,3068,1098,903
70330,3060,1097,902
70331,3016,1098,913
70332,3031,1110,908
70333,3027,1102,910
70334,3042,1100,911
70335,3019,1106,909
70336,3024,1101,914
70337,3009,1111,919
70338,3015,1118,921
70339,2991,1120,922
70340,2987,1121,922
70341,2958,1121,922
70342,2985,1122,923
70343,2965,1122,923
70344,2965,1122,922
70345,2979,1122,923
70346,2952,1121,923
70347,2917,1121,922
70348,2953,1121,922
70349,2931,1121,922
70350,2912,1122,922
70351,2911,1122,922
70352,2912,1121,922
70353,2900,1122,922
70354,2888,1121,921
70355,2871,1123,917
70356,2869,1121,916
70357,2884,1122,919
70358,2853,1121,909
70359,2843,1105,904
70360,2837,1100,902
70361,2849,1098,902
70362,2828,1098,901
70363,2820,1097,901
70364,2801,1097,901
70365,2794,1097,900
70366,2805,1097,900
70367,2790,1097,900
70368,2786,1097,900
70369,2779,1097,900
70370,2767,1097,899
70371,2745,1097,900
70372,2746,1097,899
70373,2745,1098,899
70374,2738,1097,899
70375,2742,1097,899
70376,2732,1098,899
70377,2733,1097,897
70378,2703,1104,895
70379,2694,1114,892
70380,2697,1117,889
70381,2697,1117,889
70382,2691,1117,889
70383,2696,1118,893
70384,2677,1118,893
70385,2683,1118,894
70386,2668,1118,891
70387,2652,1118,889
70388,2647,1118,888
70389,2642,1118,888
70390,2641,1118,887
70391,2635,1117,887
70392,2627,1118,888
70393,2610,1117,887
70394,2638,1117,887
70395,2616,1117,887
70396,2609,1117,886
70397,2609,1117,887
70398,2592,1118,885
70399,2598,1117,886
70400,2584,1117,885
70401,2592,1117,886
70402,2582,1117,886
70403,2544,1117,886
70404,2578,1117,886
70405,2549,1117,885
70406,2515,1117,885
70407,2552,1117,885
70408,2555,1117,886
70409,2553,1117,885
70410,2505,1117,879
70411,2498,1102,876
70412,2482,1097,870
70413,2489,1095,867
70414,2476,1094,865
70415,2460,1094,865
70416,2472,1093,865
70417,2475,1094,865
70418,2463,1093,864
70419,2456,1093,864
70420,2444,1093,864
70421,2437,1089,864
70422,2445,1088,863
70423,2432,1086,863
70424,2474,1085,864
70425,2420,1085,862
70426,2415,1083,863
70427,2405,1082,863
70428,2404,1083,862
70429,2396,1082,863
70430,2379,1083,863
70431,2381,1083,861
70432,2383,1082,863
70433,2390,1082,862
70434,2362,1082,862
70435,2352,1082,859
70436,2353,1082,857
70437,2343,1082,856
70438,2345,1082,855
70439,2315,1081,854
70440,2348,1081,854
70441,2351,1081,853
70442,2344,1080,853
70443,2323,1081,853
70444,2324,1080,852
70445,2312,1081,852
70446,2287,1080,852
70447,2306,1081,852
70448,2308,1080,852
70449,2311,1081,852
70450,2288,1080,853
70451,2285,1081,853
70452,2267,1081,852
70453,2276,1081,852
70454,2258,1080,853
70455,2259,1080,851
70456,2265,1080,850
70457,2267,1081,852
70458,2255,1081,851
70459,2222,1081,851
70460,2248,1080,851
70461,2242,1080,850
70462,2245,1080,851
70463,2237,1080,851
70464,2238,1080,851
70465,2298,1080,850
70466,2227,1080,851
70467,2228,1079,850
70468,2226,1080,851
70469,2223,1080,850
70470,2179,1073,847
70471,2225,1070,842
70472,2216,1062,846
70473,2195,1060,848
70474,2231,1074,850
70475,2224,1078,850
70476,2215,1080,846
70477,2208,1068,848
70478,2221,1066,847
70479,2215,1069,849
70480,2237,1076,842
70481,2220,1064,840
70482,2207,1059,839
70483,2219,1058,845
70484,2199,1059,848
70485,2216,1070,844
70486,2203,1065,848
70487,2218,1072,848
70488,2227,1077,849
70489,2217,1079,850
70490,2237,1080,846
70491,2255,1068,848
70492,2211,1077,849
70493,2230,1079,850
70494,2218,1080,850
70495,2217,1080,851
70496,2240,1080,851
70497,2189,1073,848
70498,2243,1075,850
70499,2266,1079,850
70500,2252,1080,851
70501,2242,1080,851
70502,2245,1080,851
70503,2241,1080,850
70504,2256,1080,851
70505,2241,1081,851
70506,2327,1081,852
70507,2269,1080,851
70508,2254,1080,851
70509,2269,1081,851
70510,2270,1080,852
70511,2261,1081,851
70512,2266,1080,852
70513,2271,1081,852
70514,2286,1081,852
70515,2291,1080,853
70516,2274,1081,853
70517,2298,1080,853
70518,2304,1081,853
70519,2304,1080,853
70520,2292,1081,852
70521,2306,1080,853
70522,2315,1080,851
70523,2339,1081,852
70524,2316,1080,852
70525,2337,1081,853
70526,2324,1080,852
70527,2320,1081,853
70528,2321,1080,852
70529,2320,1081,855
70530,2330,1080,853
70531,2334,1081,853
70532,2343,1080,853
70533,2348,1080,853
70534,2339,1082,854
70535,2327,1080,852
70536,2354,1081,853
70537,2348,1080,853
70538,2363,1081,853
70539,2347,1081,854
70540,2356,1081,854
70541,2366,1081,857
70542,2374,1081,859
70543,2360,1082,860
70544,2361,1081,859
70545,2367,1082,858
70546,2368,1081,860
70547,2364,1082,861
70548,2390,1082,862
70549,2402,1082,862
70550,2361,1081,860
70551,2389,1082,861
70552,2390,1082,862
70553,2381,1082,862
70554,2396,1082,863
70555,2390,1083,863
70556,2393,1082,863
70557,2403,1083,863
70558,2381,1083,863
70559,2388,1083,863
70560,2400,1082,863
70561,2422,1083,863
70562,2416,1082,862
70563,2420,1083,863
70564,2389,1083,863
70565,2393,1083,862
70566,2413,1082,863
70567,2415,1082,863
70568,2406,1082,863
70569,2393,1083,862
70570,2396,1082,863
70571,2414,1083,862
70572,2402,1083,863
70573,2413,1083,862
70574,2382,1082,863
70575,2408,1083,863
70576,2395,1087,863
70577,2395,1085,863
70578,2394,1084,863
70579,2404,1082,863
70580,2405,1083,863
70581,2385,1082,863
70582,2391,1083,863
70583,2390,1082,862
70584,2393,1083,863
70585,2389,1082,863
70586,2393,1082,863
70587,2386,1082,862
70588,2398,1083,862
70589,2386,1083,863
70590,2385,1083,860
70591,2390,1082,862
70592,2392,1083,862
70593,2422,1082,861
70594,2400,1082,862
70595,2366,1082,862
70596,2364,1082,859
70597,2364,1082,858
70598,2373,1082,858
70599,2355,1081,859
70600,2365,1081,858
70601,2368,1082,859
70602,2328,1081,856
70603,2365,1081,855
70604,2352,1081,855
70605,2358,1081,853
70606,2344,1081,853
70607,2348,1081,852
70608,2347,1081,853
70609,2342,1081,854
70610,2338,1081,853
70611,2325,1080,853
70612,2217,1081,852
70613,2319,1080,853
70614,2306,1081,853
70615,2330,1081,852
70616,2313,1081,852
70617,2277,1081,853
70618,2295,1080,852
70619,2287,1081,852
70620,2284,1080,852
70621,2291,1081,853
70622,2283,1080,853
70623,2281,1081,852
70624,2309,1080,852
70625,2282,1080,851
70626,2265,1080,852
70627,2271,1081,851
70628,2262,1080,851
70629,2258,1080,851
70630,2249,1081,852
70631,2240,1081,851
70632,2230,1081,852
70633,2286,1080,851
70634,2248,1081,851
70635,2218,1080,851
70636,2226,1081,851
70637,2233,1080,851
70638,2232,1080,851
70639,2222,1080,850
70640,2217,1080,847
70641,2224,1068,844
70642,2208,1065,844
70643,2204,1060,845
70644,2182,1059,837
70645,2189,1058,834
70646,2206,1057,833
70647,2190,1056,832
70648,2203,1053,831
70649,2191,1049,831
70650,2184,1048,830
70651,2172,1047,831
70652,2164,1047,830
70653,2150,1047,830
70654,2165,1047,830
70655,2157,1047,831
70656,2164,1047,830
70657,2160,1047,830
70658,2154,1047,830
70659,2148,1046,830
70660,2142,1047,829
70661,2201,1047,830
70662,2121,1046,829
70663,2123,1047,830
70664,2139,1047,829
70665,2130,1047,830
70666,2110,1047,829
70667,2103,1047,830
70668,2104,1047,829
70669,2113,1047,829
70670,2093,1047,829
70671,2098,1047,829
70672,2119,1047,830
70673,2103,1047,829
70674,2091,1047,829
70675,2074,1046,827
70676,2086,1046,829
70677,2083,1047,828
70678,2080,1047,829
70679,2074,1047,828
70680,2088,1046,828
70681,2082,1047,828
70682,2073,1047,824
70683,2058,1046,822
70684,2049,1046,822
70685,2036,1045,825
70686,2053,1046,826
70687,2052,1046,826
70688,2036,1046,826
70689,2042,1046,825
70690,2039,1047,827
70691,2022,1046,822
70692,2023,1046,824
70693,2021,1045,824
70694,2023,1046,825
70695,2018,1046,821
70696,2015,1046,820
70697,2004,1045,819
70698,2006,1045,818
70699,2014,1045,818
70700,1993,1045,818
70701,1992,1045,818
70702,1980,1045,818
70703,1991,1045,818
70704,1982,1045,818
70705,1994,1044,817
70706,2000,1044,817
70707,1969,1044,817
70708,1984,1044,817
70709,1972,1045,817
70710,1966,1044,816
70711,1967,1044,816
70712,1959,1045,816
70713,1970,1045,817
70714,1977,1045,816
70715,1966,1044,817
70716,1956,1045,816
70717,1948,1045,817
70718,1941,1045,815
70719,1946,1033,815
70720,1952,1027,816
70721,1950,1033,816
70722,1896,1034,815
70723,1985,1034,816
70724,1931,1034,815
70725,1912,1037,815
70726,1929,1028,815
70727,1922,1026,815
70728,1925,1032,816
70729,1927,1031,815
70730,1922,1026,816
70731,1917,1039,816
70732,1923,1043,815
70733,1890,1039,815
70734,1889,1029,815
70735,1888,1032,815
70736,1903,1033,815
70737,1917,1034,815
70738,1904,1034,815
70739,1890,1034,815
70740,1883,1027,815
70741,1884,1025,815
70742,1893,1024,815
70743,1882,1024,814
70744,1887,1025,815
70745,1885,1024,815
70746,1878,1025,815
70747,1868,1024,812
70748,1865,1024,814
70749,1863,1024,804
70750,1858,1022,800
70751,1829,1018,796
70752,1881,1017,798
70753,1856,1015,797
70754,1852,1012,796
70755,1851,1012,796
70756,1855,1011,795
70757,1868,1010,795
70758,1856,1010,795
70759,1859,1011,795
70760,1855,1010,795
70761,1835,1011,795
70762,1837,1011,794
70763,1842,1010,795
70764,1826,1010,795
70765,1867,1010,794
70766,1866,1010,794
70767,1829,1010,794
70768,1838,1010,794
70769,1840,1009,794
70770,1835,1010,794
70771,1834,1010,795
70772,1831,1011,794
70773,1830,1010,794
70774,1838,1010,794
70775,1830,1010,794
70776,1820,1011,794
70777,1832,1010,794
70778,1823,1011,794
70779,1834,1010,794
70780,1824,1010,794
70781,1823,1010,794
70782,1815,1010,794
70783,1825,1011,794
70784,1831,1010,794
70785,1822,1011,794
70786,1823,1010,794
70787,1827,1011,794
70788,1815,1010,794
70789,1819,1010,795
70790,1816,1010,794
70791,1784,1011,794
70792,1848,1010,794
70793,1817,1010,794
70794,1824,1011,794
70795,1823,1010,794
70796,1811,1011,794
70797,1818,1011,794
70798,1831,1010,793
70799,1816,1010,794
70800,1813,1010,794
70801,1804,1010,794
70802,1816,1010,794
70803,1796,1010,794
70804,1812,1010,794
70805,1810,1010,793
70806,1813,1010,794
70807,1820,1010,793
70808,1862,1010,794
70809,1815,1010,794
70810,1815,1010,793
70811,1823,1010,794
70812,1820,1011,794
70813,1809,1010,794
70814,1817,1011,795
70815,1808,1010,795
70816,1839,1011,794
70817,1823,1010,794
70818,1824,1011,794
70819,1817,1010,794
70820,1824,1011,794
70821,1816,1010,794
70822,1856,1010,794
70823,1818,1010,794
70824,1815,1010,794
70825,1824,1010,794
70826,1827,1010,794
70827,1833,1010,794
70828,1829,1011,794
70829,1827,1011,795
70830,1826,1011,794
70831,1826,1011,794
70832,1848,1011,794
70833,1834,1010,794
70834,1815,1010,794
70835,1823,1011,795
70836,1828,1010,794
70837,1820,1011,795
70838,1822,1010,795
70839,1823,1011,794
70840,1827,1011,795
70841,1823,1011,795
70842,1833,1011,795
70843,1872,1010,794
70844,1824,1011,794
70845,1819,1010,794
70846,1821,1010,794
70847,1827,1010,793
70848,1859,1010,795
70849,1827,1010,794
70850,1827,1010,795
70851,1827,1010,795
70852,1833,1010,795
70853,1814,1011,794
70854,1836,1010,794
70855,1837,1011,795
70856,1827,1011,795
70857,1836,1011,795
70858,1861,1010,795
70859,1805,1011,795
70860,1818,1010,795
70861,1831,1011,795
70862,1836,1010,795
70863,1840,1011,795
70864,1863,1010,795
70865,1860,1010,795
70866,1819,1010,795
70867,1824,1010,794
70868,1844,1010,795
70869,1843,1010,795
70870,1848,1010,795
70871,1831,1010,795
70872,1801,1011,795
70873,1750,1010,795
70874,1839,1011,795
70875,1843,1010,796
70876,1847,1010,795
70877,1841,1011,795
70878,1839,1010,800
70879,1835,1013,797
70880,1882,1011,796
70881,1832,1011,795
70882,1823,1011,795
70883,1838,1010,795
70884,1836,1010,795
70885,1834,1010,795
70886,1834,1010,795
70887,1847,1010,794
70888,1855,1010,795
70889,1841,1010,795
70890,1829,1010,795
70891,1840,1010,795
70892,1840,1011,794
70893,1827,1010,795
70894,1836,1010,794
70895,1841,1010,795
70896,1833,1011,795
70897,1836,1010,794
70898,1820,1010,795
70899,1854,1011,795
70900,1837,1010,795
70901,1839,1011,795
70902,1831,1011,795
70903,1839,1010,795
70904,1833,1010,795
70905,1839,1010,794
70906,1818,1010,795
70907,1819,1010,795
70908,1852,1010,794
70909,1850,1010,794
70910,1818,1010,795
70911,1841,1010,794
70912,1833,1010,795
70913,1832,1010,794
70914,1842,1010,795
70915,1824,1011,798
70916,1818,1011,796
70917,1846,1011,795
70918,1816,1010,794
70919,1826,1010,794
70920,1827,1010,795
70921,1825,1010,794
70922,1844,1010,794
70923,1830,1010,794
70924,1824,1010,795
70925,1829,1010,793
70926,1813,1010,794
70927,1830,1010,793
70928,1816,1010,794
70929,1831,1010,794
70930,1828,1011,794
70931,1831,1010,794
70932,1819,1011,794
70933,1827,1010,794
70934,1822,1011,794
70935,1820,1010,794
70936,1823,1011,795
70937,1814,1010,794
70938,1821,1010,794
70939,1862,1010,794
70940,1812,1010,794
70941,1794,1009,793
70942,1823,1009,794
70943,1809,1010,795
70944,1818,1010,794
70945,1798,1011,794
70946,1811,1010,794
70947,1801,1010,794
70948,1814,1010,793
70949,1814,1010,794
70950,1799,1010,793
70951,1804,1010,794
70952,1800,1010,793
70953,1804,1011,794
70954,1794,1010,793
70955,1846,1010,794
70956,1815,1010,793
70957,1798,1010,794
70958,1799,1010,793
70959,1797,1010,794
70960,1790,1010,793
70961,1792,1010,794
70962,1779,1010,793
70963,1793,1010,794
70964,1785,1010,793
70965,1760,1009,794
70966,1788,1009,793
70967,1796,1010,795
70968,1786,1010,793
70969,1772,1010,794
70970,1774,1010,794
70971,1783,1011,794
70972,1791,1009,794
70973,1778,1010,794
70974,1768,1010,794
70975,1784,1010,793
70976,1784,1010,794
70977,1781,1010,794
70978,1782,1010,793
70979,1776,1010,793
70980,1775,1010,793
70981,1763,1010,793
70982,1773,1010,794
70983,1777,1010,793
70984,1763,1010,793
70985,1793,1010,793
70986,1759,1010,793
70987,1787,1010,794
70988,1776,1010,793
70989,1779,1009,793
70990,1775,1010,794
70991,1784,1010,794
70992,1788,1010,794
70993,1799,1010,793
70994,1797,1010,793
70995,1770,1010,794
70996,1785,1010,793
70997,1801,1010,794
70998,1805,1011,794
70999,1817,1010,794
71000,1814,1010,793
71001,1842,1010,794
71002,1834,1010,793
71003,1827,1010,795
71004,1835,1010,794
71005,1837,1010,794
71006,1849,1010,795
71007,1877,1011,801
71008,1870,1017,806
71009,1886,1020,810
71010,1889,1023,813
71011,1886,1024,814
71012,1902,1024,814
71013,1909,1025,815
71014,1934,1032,816
71015,1952,1034,816
71016,1968,1041,816
71017,1984,1044,817
71018,1982,1044,817
71019,1973,1044,817
71020,2018,1045,817
71021,1994,1045,817
71022,2020,1044,818
71023,2083,1044,823
71024,2083,1045,825
71025,2122,1045,827
71026,2089,1046,828
71027,2117,1046,829
71028,2124,1046,829
71029,2119,1047,829
71030,2142,1046,830
71031,2190,1047,830
71032,2258,1050,837
71033,2242,1056,844
71034,2260,1058,849
71035,2265,1070,850
71036,2254,1077,851
71037,2264,1080,851
71038,2288,1080,852
71039,2351,1081,853
71040,2368,1080,858
71041,2386,1082,860
71042,2425,1082,862
71043,2414,1082,862
71044,2412,1082,863
71045,2418,1082,863
71046,2461,1082,863
71047,2497,1086,864
71048,2539,1090,875
71049,2551,1094,881
71050,2553,1109,883
71051,2567,1115,884
71052,2588,1116,885
71053,2490,1117,886
71054,2604,1117,887
71055,2684,1117,887
71056,2695,1117,888
71057,2695,1117,892
71058,2734,1118,893
71059,2731,1118,895
71060,2736,1111,897
71061,2740,1101,899
71062,2780,1099,899
71063,2804,1097,899
71064,2837,1098,900
71065,2842,1097,901
71066,2853,1097,899
71067,2872,1098,904
71068,2865,1098,907
71069,2874,1099,915
71070,2941,1114,918
71071,2906,1119,920
71072,2955,1121,922
71073,2963,1121,922
71074,2974,1122,923
71075,2986,1121,923
71076,2981,1122,923
71077,2983,1122,923
71078,3004,1122,923
71079,3038,1121,912
71080,3052,1113,907
71081,3035,1103,904
71082,3041,1099,903
71083,3084,1099,903
71084,3075,1098,903
71085,3075,1098,902
71086,3093,1098,902
71087,3109,1098,902
71088,3124,1097,903
71089,3127,1098,904
71090,3141,1098,904
71091,3140,1098,904
71092,3148,1098,904
71093,3147,1098,905
71094,3145,1098,905
71095,3161,1098,905
71096,3150,1099,905
71097,3167,1098,904
71098,3195,1098,904
71099,3181,1099,905
71100,3178,1098,905
71101,3164,1098,905
71102,3181,1098,905
71103,3172,1098,905
71104,3161,1098,905
71105,3176,1098,905
71106,3162,1098,905
71107,3170,1098,904
71108,3181,1098,906
71109,3173,1098,904
71110,3153,1098,905
71111,3095,1098,904
71112,3042,1098,903
71113,3005,1097,912
71114,2989,1111,919
71115,2989,1118,921
71116,2978,1120,921
71117,3017,1121,922
71118,2979,1121,923
71119,3051,1121,912
71120,3080,1113,907
71121,3098,1103,904
71122,3088,1100,904
71123,3122,1098,904
71124,3175,1099,904
71125,3070,1098,904
71126,3107,1098,904
71127,3125,1098,904
71128,3102,1098,903
71129,3103,1098,903
71130,3097,1098,903
71131,3084,1098,903
71132,3099,1098,903
71133,3089,1098,903
71134,3087,1098,906
71135,3065,1098,904
71136,3050,1098,904
71137,3049,1098,903
71138,3039,1097,903
71139,3028,1098,904
71140,3040,1099,906
71141,3044,1098,903
71142,3025,1098,911
71143,2994,1106,917
71144,2999,1116,920
71145,2982,1120,922
71146,2982,1121,923
71147,2980,1121,922
71148,2980,1122,922
71149,2986,1121,923
71150,2941,1122,922
71151,2960,1122,922
71152,2936,1121,923
71153,2931,1122,922
71154,2935,1122,922
71155,2918,1122,922
71156,2916,1121,923
71157,2920,1121,922
71158,2907,1121,922
71159,2895,1122,921
71160,2865,1120,913
71161,2871,1121,917
71162,2870,1120,915
71163,2856,1120,908
71164,2856,1105,904
71165,2844,1101,902
71166,2848,1099,902
71167,2822,1097,902
71168,2831,1097,901
71169,2817,1097,900
71170,2790,1097,901
71171,2803,1097,900
71172,2820,1097,900
71173,2798,1098,900
71174,2794,1097,901
71175,2773,1097,900
71176,2817,1098,899
71177,2751,1097,899
71178,2739,1097,899
71179,2750,1098,899
71180,2742,1097,899
71181,2756,1097,899
71182,2735,1097,899
71183,2696,1097,893
71184,2675,1111,892
71185,2664,1116,891
71186,2672,1118,893
71187,2657,1118,889
71188,2660,1117,888
71189,2628,1117,887
71190,2633,1117,888
71191,2638,1118,887
71192,2617,1118,887
71193,2623,1117,887
71194,2611,1118,887
71195,2609,1118,887
71196,2606,1118,887
71197,2614,1117,886
71198,2589,1117,887
71199,2591,1117,886
71200,2580,1117,885
71201,2576,1116,886
71202,2581,1117,885
71203,2561,1117,886
71204,2579,1117,884
71205,2569,1117,886
71206,2550,1117,885
71207,2536,1117,885
71208,2537,1117,881
71209,2538,1116,883
71210,2502,1109,882
71211,2520,1114,883
71212,2530,1116,881
71213,2542,1106,880
71214,2519,1103,880
71215,2508,1102,872
71216,2484,1097,869
71217,2470,1095,866
71218,2473,1094,865
71219,2482,1093,865
71220,2496,1094,865
71221,2461,1092,864
71222,2472,1093,864
71223,2471,1092,864
71224,2451,1093,864
71225,2448,1089,863
71226,2439,1085,863
71227,2444,1083,863
71228,2435,1083,863
71229,2432,1082,863
71230,2423,1082,863
71231,2429,1082,863
71232,2406,1083,863
71233,2394,1087,864
71234,2400,1088,863
71235,2398,1084,863
71236,2387,1084,863
71237,2378,1083,863
71238,2383,1083,863
71239,2361,1083,859
71240,2342,1082,858
71241,2359,1082,858
71242,2355,1081,855
71243,2341,1081,854
71244,2351,1081,854
71245,2344,1081,853
71246,2339,1081,853
71247,2329,1081,853
71248,2289,1080,853
71249,2361,1081,853
71250,2315,1081,853
71251,2294,1081,853
71252,2326,1081,853
71253,2297,1081,853
71254,2308,1080,853
71255,2286,1081,852
71256,2283,1080,852
71257,2284,1081,852
71258,2275,1080,852
71259,2294,1080,852
71260,2247,1080,852
71261,2266,1080,852
71262,2264,1080,852
71263,2264,1080,852
71264,2262,1081,851
71265,2265,1081,851
71266,2241,1080,852
71267,2239,1081,851
71268,2253,1081,852
71269,2230,1080,851
71270,2232,1080,851
71271,2254,1080,851
71272,2243,1081,851
71273,2259,1080,851
71274,2249,1080,851
71275,2237,1081,851
71276,2247,1081,851
71277,2243,1081,851
71278,2250,1080,851
71279,2249,1080,851
71280,2243,1080,851
71281,2273,1081,851
71282,2235,1081,851
71283,2226,1080,851
71284,2235,1080,851
71285,2237,1080,845
71286,2231,1075,848
71287,2238,1078,850
71288,2241,1079,850
71289,2213,1080,851
71290,2228,1080,850
71291,2237,1080,851
71292,2242,1080,851
71293,2227,1081,851
71294,2237,1080,851
71295,2243,1081,850
71296,2228,1080,850
71297,2243,1080,851
71298,2249,1081,852
71299,2220,1080,850
71300,2249,1081,851
71301,2249,1080,850
71302,2246,1080,851
71303,2257,1080,851
71304,2275,1080,851
71305,2255,1080,852
71306,2243,1080,852
71307,2254,1080,851
71308,2281,1080,852
71309,2270,1081,851
71310,2280,1081,851
71311,2262,1081,852
71312,2277,1080,852
71313,2279,1081,852
71314,2273,1081,852
71315,2241,1081,853
71316,2270,1081,852
71317,2295,1081,853
71318,2295,1080,853
71319,2302,1081,852
71320,2298,1080,853
71321,2283,1080,852
71322,2303,1080,852
71323,2315,1081,852
71324,2315,1081,853
71325,2317,1080,853
71326,2299,1080,852
71327,2337,1081,853
71328,2329,1081,852
71329,2339,1081,853
71330,2325,1080,852
71331,2342,1081,853
71332,2327,1080,852
71333,2340,1081,854
71334,2320,1081,853
71335,2306,1081,853
71336,2358,1081,855
71337,2334,1081,854
71338,2351,1080,853
71339,2346,1081,853
71340,2355,1081,854
71341,2366,1081,857
71342,2371,1081,859
71343,2371,1081,861
71344,2371,1082,860
71345,2370,1082,859
71346,2359,1082,859
71347,2369,1082,859
71348,2375,1082,861
71349,2358,1083,862
71350,2381,1083,862
71351,2385,1082,863
71352,2392,1082,862
71353,2391,1083,862
71354,2410,1082,862
71355,2401,1082,863
71356,2393,1082,863
71357,2364,1083,863
71358,2400,1084,864
71359,2394,1086,863
71360,2389,1084,862
71361,2403,1083,863
71362,2398,1083,863
71363,2397,1083,863
71364,2399,1082,862
71365,2412,1082,862
71366,2388,1082,862
71367,2418,1082,862
71368,2402,1082,862
71369,2407,1083,863
71370,2397,1082,863
71371,2412,1086,863
71372,2413,1084,863
71373,2416,1083,863
71374,2436,1083,863
71375,2404,1083,863
71376,2385,1083,863
71377,2417,1082,862
71378,2374,1083,863
71379,2369,1083,862
71380,2400,1082,863
71381,2396,1082,863
71382,2407,1083,863
71383,2391,1082,862
71384,2400,1083,863
71385,2415,1082,863
71386,2393,1083,863
71387,2401,1082,863
71388,2377,1082,863
71389,2415,1082,863
71390,2388,1082,863
71391,2391,1082,863
71392,2365,1083,862
71393,2402,1083,863
71394,2382,1083,862
71395,2378,1083,863
71396,2372,1082,861
71397,2382,1082,862
71398,2374,1082,862
71399,2371,1082,862
71400,2371,1082,862
71401,2382,1082,861
71402,2368,1082,862
71403,2370,1083,860
71404,2352,1082,859
71405,2372,1083,860
71406,2361,1081,856
71407,2358,1082,854
71408,2362,1081,854
71409,2347,1081,853
71410,2330,1081,854
71411,2338,1080,853
71412,2332,1081,854
71413,2325,1080,853
71414,2325,1081,853
71415,2325,1081,854
71416,2337,1081,853
71417,2328,1081,853
71418,2329,1081,853
71419,2319,1081,852
71420,2305,1080,852
71421,2294,1081,852
71422,2307,1080,852
71423,2301,1080,853
71424,2291,1081,852
71425,2299,1080,852
71426,2287,1080,852
71427,2287,1080,852
71428,2274,1079,852
71429,2261,1080,852
71430,2277,1081,852
71431,2264,1080,851
71432,2269,1081,851
71433,2262,1080,852
71434,2264,1081,851
71435,2257,1080,852
71436,2250,1080,851
71437,2242,1080,852
71438,2238,1080,851
71439,2227,1080,851
71440,2233,1080,851
71441,2239,1080,851
71442,2239,1081,851
71443,2219,1080,850
71444,2215,1080,850
71445,2211,1080,843
71446,2210,1065,843
71447,2195,1060,836
71448,2201,1058,834
71449,2205,1057,835
71450,2196,1057,833
71451,2189,1057,832
71452,2182,1057,832
71453,2182,1053,831
71454,2176,1049,831
71455,2172,1048,831
71456,2170,1048,831
71457,2169,1047,830
71458,2166,1047,831
71459,2141,1047,830
71460,2143,1047,830
71461,2146,1047,830
71462,2142,1047,830
71463,2118,1047,829
71464,2125,1046,830
71465,2129,1047,830
71466,2138,1047,830
71467,2118,1047,830
71468,2122,1046,829
71469,2112,1047,829
71470,2099,1046,829
71471,2109,1047,829
71472,2109,1047,829
71473,2102,1047,828
71474,2007,1046,828
71475,2100,1047,828
71476,2085,1047,828
71477,2091,1047,828
71478,2069,1047,828
71479,2076,1047,828
71480,2073,1046,828
71481,2076,1047,828
71482,2070,1046,828
71483,2052,1047,828
71484,2061,1047,823
71485,2039,1046,824
71486,2041,1046,823
71487,2039,1046,824
71488,2030,1046,824
71489,2047,1046,824
71490,2048,1045,823
71491,2040,1045,823
71492,2033,1046,823
71493,2034,1045,824
71494,2026,1046,822
71495,2024,1045,821
71496,2025,1045,820
71497,2023,1045,818
71498,2023,1045,818
71499,2017,1045,819
71500,2006,1045,818
71501,2002,1045,818
71502,2001,1045,818
71503,1989,1044,817
71504,1992,1043,816
71505,1999,1044,817
71506,1995,1044,817
71507,1985,1044,817
71508,1916,1045,817
71509,1968,1044,817
71510,1977,1045,817
71511,1962,1044,816
71512,1968,1045,817
71513,1976,1044,817
71514,1972,1045,817
71515,1963,1044,816
71516,1956,1045,816
71517,1953,1044,816
71518,1947,1044,817
71519,1941,1044,816
71520,1942,1044,815
71521,1951,1040,815
71522,1953,1039,815
71523,1932,1035,815
71524,1916,1035,815
71525,1925,1027,815
71526,1925,1025,815
71527,1918,1024,815
71528,1931,1024,815
71529,1926,1024,816
71530,1923,1035,815
71531,1914,1035,816
71532,1938,1031,816
71533,1904,1037,816
71534,1906,1042,815
71535,1917,1037,816
71536,1896,1042,815
71537,1912,1040,816
71538,1905,1043,815
71539,1894,1030,815
71540,1896,1026,815
71541,1876,1025,815
71542,1881,1024,815
71543,1872,1024,814
71544,1870,1023,812
71545,1875,1023,813
71546,1880,1024,814
71547,1876,1024,814
71548,1865,1024,812
71549,1870,1023,803
71550,1872,1022,802
71551,1831,1018,797
71552,1844,1016,799
71553,1873,1019,802
71554,1846,1020,799
71555,1876,1019,799
71556,1860,1015,797
71557,1817,1013,795
71558,1856,1011,795
71559,1862,1010,795
71560,1850,1010,795
71561,1851,1010,795
71562,1845,1010,794
71563,1850,1011,794
71564,1849,1010,795
71565,1843,1010,794
71566,1854,1010,798
71567,1806,1011,795
71568,1828,1010,795
71569,1838,1010,794
71570,1840,1010,795
71571,1819,1011,794
71572,1840,1010,795
71573,1806,1010,794
71574,1829,1010,794
71575,1821,1011,795
71576,1832,1010,795
71577,1864,1011,796
71578,1825,1011,794
71579,1834,1010,794
71580,1823,1009,794
71581,1817,1010,794
71582,1825,1010,794
71583,1844,1010,794
71584,1837,1010,793
71585,1806,1010,794
71586,1822,1010,794
71587,1828,1010,794
71588,1828,1010,794
71589,1836,1010,794
71590,1826,1011,794
71591,1818,1010,794
71592,1825,1010,794
71593,1806,1011,795
71594,1833,1010,794
71595,1822,1011,795
71596,1811,1010,794
71597,1813,1011,794
71598,1812,1010,794
71599,1826,1010,794
71600,1815,1010,794
71601,1827,1010,794
71602,1789,1010,794
71603,1812,1010,795
71604,1823,1010,794
71605,1816,1010,795
71606,1817,1010,793
71607,1785,1010,793
71608,1819,1010,794
71609,1808,1010,794
71610,1815,1010,794
71611,1817,1011,793
71612,1818,1010,794
71613,1811,1011,794
71614,1817,1010,795
71615,1822,1010,794
71616,1806,1010,794
71617,1827,1010,794
71618,1815,1010,794
71619,1811,1010,794
71620,1836,1010,794
71621,1811,1010,794
71622,1822,1009,794
71623,1835,1010,794
71624,1822,1010,795
71625,1818,1010,793
71626,1823,1010,794
71627,1825,1010,794
71628,1830,1010,794
71629,1823,1010,794
71630,1828,1010,794
71631,1824,1011,794
71632,1823,1010,795
71633,1820,1010,795
71634,1825,1010,795
71635,1827,1011,794
71636,1834,1011,795
71637,1815,1010,794
71638,1827,1010,795
71639,1854,1011,794
71640,1832,1010,795
71641,1831,1011,794
71642,1834,1010,795
71643,1821,1010,794
71644,1843,1010,794
71645,1833,1010,794
71646,1841,1010,794
71647,1834,1010,794
71648,1831,1010,795
71649,1835,1011,794
71650,1833,1010,794
71651,1835,1010,794
71652,1822,1010,794
71653,1839,1010,795
71654,1842,1010,794
71655,1842,1011,795
71656,1840,1011,794
71657,1825,1011,795
71658,1854,1010,794
71659,1835,1011,795
71660,1838,1010,794
71661,1841,1010,795
71662,1843,1010,794
71663,1847,1009,795
71664,1841,1010,795
71665,1837,1010,795
71666,1852,1010,795
71667,1843,1010,794
71668,1848,1011,795
71669,1844,1010,795
71670,1842,1011,795
71671,1843,1010,799
71672,1842,1011,798
71673,1875,1011,796
71674,1842,1011,796
71675,1847,1010,795
71676,1874,1011,794
71677,1850,1010,795
71678,1866,1010,795
71679,1869,1011,794
71680,1843,1009,795
71681,1856,1011,794
71682,1852,1011,795
71683,1847,1010,794
71684,1855,1010,794
71685,1848,1010,795
71686,1865,1010,794
71687,1848,1010,795
71688,1849,1010,795
71689,1857,1010,795
71690,1839,1010,795
71691,1848,1010,795
71692,1850,1010,795
71693,1844,1010,795
71694,1846,1011,795
71695,1845,1010,794
71696,1879,1010,795
71697,1853,1010,795
71698,1852,1011,795
71699,1846,1010,795
71700,1839,1010,795
71701,1823,1010,795
71702,1838,1010,795
71703,1838,1010,795
71704,1847,1010,795
71705,1874,1010,794
71706,1852,1010,795
71707,1836,1010,795
71708,1831,1010,794
71709,1836,1011,795
71710,1834,1010,795
71711,1844,1010,795
71712,1832,1010,795
71713,1833,1010,794
71714,1844,1010,795
71715,1821,1010,795
71716,1844,1011,795
71717,1830,1010,795
71718,1834,1011,795
71719,1832,1010,795
71720,1850,1011,794
71721,1819,1010,795
71722,1842,1010,794
71723,1809,1010,793
71724,1822,1010,794
71725,1815,1010,794
71726,1823,1010,794
71727,1806,1010,794
71728,1823,1010,793
71729,1794,1010,794
71730,1839,1010,794
71731,1851,1011,794
71732,1812,1010,794
71733,1828,1010,794
71734,1825,1010,795
71735,1813,1011,794
71736,1812,1010,794
71737,1828,1010,794
71738,1804,1010,793
71739,1813,1010,794
71740,1820,1010,793
71741,1810,1010,794
71742,1809,1010,794
71743,1814,1010,794
71744,1803,1010,794
71745,1809,1010,793
71746,1809,1010,794
71747,1769,1010,794
71748,1797,1010,793
71749,1759,1010,794
71750,1800,1010,793
71751,1797,1011,794
71752,1791,1010,794
71753,1798,1010,794
71754,1794,1010,793
71755,1788,1011,794
71756,1795,1010,793
71757,1786,1011,794
71758,1775,1011,794
71759,1770,1010,794
71760,1785,1010,794
71761,1811,1010,794
71762,1800,1010,794
71763,1777,1010,793
71764,1779,1010,794
71765,1771,1010,794
71766,1773,1010,793
71767,1774,1009,794
71768,1784,1009,793
71769,1775,1010,794
71770,1776,1010,793
71771,1787,1010,794
71772,1776,1010,794
71773,1781,1010,794
71774,1772,1010,794
71775,1762,1010,793
71776,1748,1010,794
71777,1767,1010,794
71778,1768,1010,793
71779,1775,1010,793
71780,1765,1010,793
71781,1734,1010,792
71782,1766,1010,794
71783,1762,1010,792
71784,1749,1009,794
71785,1777,1010,793
71786,1687,1009,793
71787,1783,1010,793
71788,1769,1010,794
71789,1772,1010,793
71790,1787,1010,794
71791,1786,1010,793
71792,1792,1010,794
71793,1805,1010,793
71794,1812,1010,794
71795,1803,1010,793
71796,1820,1010,795
71797,1795,1010,794
71798,1814,1010,794
71799,1836,1010,794
71800,1836,1011,794
71801,1839,1010,794
71802,1753,1010,795
71803,1838,1010,795
71804,1867,1010,795
71805,1921,1010,798
71806,1860,1011,796
71807,1850,1011,804
71808,1923,1018,809
71809,1925,1022,813
71810,1941,1023,814
71811,1946,1024,815
71812,1945,1031,815
71813,1944,1036,816
71814,1942,1039,816
71815,1989,1043,816
71816,2017,1044,817
71817,2032,1044,818
71818,2027,1045,823
71819,2058,1046,822
71820,2099,1045,824
71821,2065,1046,824
71822,2055,1046,826
71823,2108,1046,827
71824,2145,1047,829
71825,2167,1047,829
71826,2179,1047,829
71827,2190,1047,830
71828,2194,1047,831
71829,2178,1047,830
71830,2208,1051,833
71831,2256,1055,843
71832,2295,1057,848
71833,2270,1070,850
71834,2305,1077,852
71835,2342,1080,852
71836,2348,1080,853
71837,2360,1081,852
71838,2358,1080,853
71839,2405,1081,858
71840,2422,1081,861
71841,2469,1082,862
71842,2509,1083,863
71843,2509,1086,869
71844,2518,1091,870
71845,2499,1092,867
71846,2527,1094,876
71847,2575,1095,881
71848,2611,1110,884
71849,2639,1114,885
71850,2660,1116,887
71851,2660,1117,887
71852,2669,1118,890
71853,2688,1117,889
71854,2670,1118,889
71855,2712,1118,894
71856,2773,1119,897
71857,2784,1103,898
71858,2835,1099,899
71859,2834,1097,901
71860,2808,1098,900
71861,2820,1098,900
71862,2820,1098,901
71863,2866,1098,903
71864,2885,1098,912
71865,2867,1110,916
71866,2947,1117,919
71867,2978,1120,920
71868,2932,1120,921
71869,2932,1121,922
71870,2944,1121,922
71871,2974,1122,923
71872,3001,1122,923
71873,3014,1122,923
71874,3025,1122,915
71875,3029,1121,908
71876,3037,1106,905
71877,3038,1101,904
71878,3034,1099,903
71879,3060,1098,902
71880,3082,1098,902
71881,3085,1098,903
71882,3095,1098,903
71883,3098,1098,903
71884,3107,1098,903
71885,3135,1097,903
71886,3111,1097,902
71887,3102,1098,903
71888,3177,1098,903
71889,3131,1098,904
71890,3143,1098,905
71891,3125,1098,903
71892,3167,1098,905
71893,3149,1098,904
71894,3143,1099,904
71895,3157,1098,904
71896,3142,1098,905
71897,3155,1099,905
71898,3153,1098,905
71899,3163,1098,905
71900,3150,1098,905
71901,3164,1098,905
71902,3177,1099,905
71903,3157,1098,905
71904,3142,1098,905
71905,3159,1098,905
71906,3147,1099,905
71907,3152,1098,904
71908,3145,1099,905
71909,3143,1097,905
71910,3156,1099,905
71911,3109,1098,904
71912,3072,1098,904
71913,3057,1097,903
71914,2999,1098,914
71915,3021,1110,919
71916,3011,1118,922
71917,3024,1120,922
71918,3004,1122,923
71919,3011,1122,924
71920,3065,1122,913
71921,3043,1113,907
71922,3071,1103,906
71923,3060,1099,904
71924,3075,1099,902
71925,3098,1098,902
71926,3076,1097,903
71927,3063,1098,903
71928,3035,1098,903
71929,3018,1098,905
71930,3037,1098,903
71931,3032,1098,903
71932,3032,1098,903
71933,3033,1098,914
71934,3032,1103,907
71935,2998,1101,916
71936,2953,1115,919
71937,2949,1119,921
71938,2939,1121,921
71939,2930,1121,922
71940,2892,1122,921
71941,2910,1122,922
71942,2926,1121,921
71943,2903,1122,921
71944,2886,1121,921
71945,2870,1122,916
71946,2889,1121,914
71947,2871,1121,909
71948,2862,1108,905
71949,2865,1102,906
71950,2836,1099,904
71951,2842,1098,902
71952,2861,1097,902
71953,2816,1098,901
71954,2800,1098,901
71955,2808,1097,901
71956,2803,1098,901
71957,2788,1098,900
71958,2794,1098,901
71959,2784,1098,900
71960,2820,1097,900
71961,2773,1098,900
71962,2751,1097,899
71963,2747,1098,899
71964,2759,1097,899
71965,2746,1097,899
71966,2758,1097,899
71967,2729,1097,898
71968,2712,1097,900
71969,2701,1104,896
71970,2707,1099,897
71971,2725,1097,896
71972,2683,1097,893
71973,2702,1112,891
71974,2700,1115,893
71975,2689,1118,891
71976,2667,1118,891
71977,2668,1118,890
71978,2655,1118,888
71979,2661,1118,889
71980,2645,1118,888
71981,2658,1117,888
71982,2656,1117,888
71983,2644,1117,887
71984,2635,1117,887
71985,2631,1116,887
71986,2623,1117,887
71987,2625,1117,886
71988,2630,1117,886
71989,2609,1116,886
71990,2611,1117,887
71991,2607,1117,887
71992,2596,1117,886
71993,2584,1117,886
71994,2578,1117,885
71995,2586,1118,886
71996,2585,1117,886
71997,2598,1117,886
71998,2575,1117,886
71999,2563,1117,885
72000,2545,1117,885
72001,2548,1117,885
72002,2540,1117,885
72003,2538,1117,885
72004,2533,1117,881
72005,2526,1117,882
72006,2534,1116,884
72007,2517,1117,879
72008,2508,1104,872
72009,2506,1098,869
72010,2468,1095,866
72011,2520,1094,866
72012,2484,1094,866
72013,2489,1093,865
72014,2481,1093,866
72015,2495,1094,865
72016,2464,1092,865
72017,2463,1092,864
72018,2443,1093,864
72019,2458,1091,864
72020,2501,1092,863
72021,2453,1085,864
72022,2449,1087,863
72023,2444,1085,863
72024,2427,1084,864
72025,2407,1085,863
72026,2414,1085,863
72027,2411,1083,863
72028,2415,1083,863
72029,2406,1083,863
72030,2437,1083,863
72031,2393,1082,863
72032,2361,1083,863
72033,2365,1082,860
72034,2372,1083,861
72035,2321,1083,858
72036,2358,1082,857
72037,2366,1081,855
72038,2361,1082,855
72039,2335,1081,854
72040,2336,1081,853
72041,2334,1080,853
72042,2328,1081,853
72043,2320,1080,852
72044,2320,1081,853
72045,2318,1080,852
72046,2325,1081,853
72047,2296,1080,852
72048,2299,1081,852
72049,2298,1080,853
72050,2294,1081,853
72051,2295,1082,852
72052,2286,1080,853
72053,2287,1081,852
72054,2292,1081,852
72055,2281,1080,853
72056,2266,1081,853
72057,2268,1081,852
72058,2257,1080,852
72059,2273,1081,852
72060,2268,1080,851
72061,2264,1081,852
72062,2259,1081,852
72063,2256,1081,851
72064,2251,1080,851
72065,2241,1081,851
72066,2243,1080,851
72067,2242,1080,851
72068,2235,1081,851
72069,2255,1081,851
72070,2244,1080,851
72071,2214,1080,851
72072,2246,1081,851
72073,2230,1081,851
72074,2240,1081,851
72075,2255,1081,851
72076,2229,1081,851
72077,2233,1080,851
72078,2229,1081,851
72079,2228,1080,851
72080,2240,1080,851
72081,2251,1080,851
72082,2224,1081,850
72083,2266,1080,850
72084,2226,1081,850
72085,2201,1072,848
72086,2232,1075,850
72087,2233,1078,850
72088,2240,1080,850
72089,2238,1080,850
72090,2244,1080,851
72091,2251,1081,851
72092,2238,1081,851
72093,2235,1080,851
72094,2285,1080,852
72095,2243,1081,852
72096,2255,1080,852
72097,2274,1081,852
72098,2263,1080,852
72099,2269,1081,851
72100,2269,1080,852
72101,2255,1081,852
72102,2265,1080,852
72103,2269,1081,852
72104,2266,1081,852
72105,2325,1080,852
72106,2291,1080,852
72107,2290,1080,852
72108,2282,1080,852
72109,2281,1080,852
72110,2285,1080,852
72111,2288,1080,852
72112,2306,1081,852
72113,2315,1080,852
72114,2290,1080,851
72115,2309,1081,852
72116,2301,1081,853
72117,2314,1081,852
72118,2308,1081,852
72119,2319,1081,852
72120,2314,1081,853
72121,2334,1081,853
72122,2334,1081,853
72123,2343,1080,853
72124,2364,1080,853
72125,2362,1080,852
72126,2323,1080,852
72127,2347,1080,853
72128,2344,1081,852
72129,2343,1080,853
72130,2345,1081,853
72131,2357,1081,853
72132,2341,1081,854
72133,2358,1081,854
72134,2351,1081,855
72135,2318,1081,854
72136,2352,1081,855
72137,2384,1081,855
72138,2365,1082,856
72139,2360,1081,856
72140,2369,1081,856
72141,2379,1081,859
72142,2372,1082,860
72143,2370,1082,861
72144,2364,1082,862
72145,2389,1082,863
72146,2387,1082,862
72147,2362,1083,862
72148,2372,1082,862
72149,2377,1082,862
72150,2378,1082,862
72151,2382,1083,862
72152,2374,1082,860
72153,2385,1082,859
72154,2401,1081,861
72155,2419,1082,862
72156,2374,1083,862
72157,2374,1082,863
72158,2380,1083,863
72159,2350,1082,861
72160,2375,1083,862
72161,2379,1082,861
72162,2382,1082,863
72163,2374,1082,862
72164,2395,1082,862
72165,2375,1082,862
72166,2388,1082,862
72167,2388,1083,862
72168,2371,1083,862
72169,2391,1082,863
72170,2372,1082,861
72171,2380,1082,860
72172,2322,1082,860
72173,2366,1082,859
72174,2382,1082,860
72175,2371,1082,861
72176,2351,1082,859
72177,2348,1082,856
72178,2372,1081,856
72179,2371,1081,856
72180,2322,1081,855
72181,2336,1081,854
72182,2361,1081,855
72183,2370,1081,854
72184,2353,1080,853
72185,2336,1081,853
72186,2346,1081,853
72187,2346,1082,855
72188,2341,1081,852
72189,2346,1081,853
72190,2345,1081,853
72191,2298,1081,853
72192,2372,1080,853
72193,2312,1081,853
72194,2326,1081,852
72195,2314,1081,852
72196,2318,1080,852
72197,2308,1082,853
72198,2287,1081,852
72199,2316,1080,852
72200,2312,1080,852
72201,2281,1081,853
72202,2291,1080,852
72203,2309,1081,853
72204,2301,1080,852
72205,2301,1080,852
72206,2285,1080,852
72207,2294,1080,852
72208,2248,1080,852
72209,2271,1080,852
72210,2290,1081,852
72211,2281,1080,852
72212,2258,1081,853
72213,2275,1080,852
72214,2278,1081,852
72215,2241,1080,852
72216,2250,1080,851
72217,2244,1080,852
72218,2237,1080,851
72219,2238,1081,851
72220,2231,1080,852
72221,2235,1081,851
72222,2241,1080,850
72223,2232,1080,851
72224,2232,1080,851
72225,2211,1080,850
72226,2233,1079,846
72227,2210,1068,843
72228,2191,1061,841
72229,2187,1058,843
72230,2209,1059,847
72231,2205,1059,839
72232,2205,1058,835
72233,2195,1057,833
72234,2199,1057,832
72235,2183,1054,831
72236,2182,1049,831
72237,2162,1051,833
72238,2175,1055,832
72239,2173,1052,832
72240,2169,1051,831
72241,2153,1048,830
72242,2161,1048,831
72243,2151,1047,830
72244,2163,1047,830
72245,2152,1047,830
72246,2158,1047,829
72247,2109,1046,830
72248,2125,1047,830
72249,2129,1047,830
72250,2123,1047,830
72251,2120,1047,829
72252,2124,1047,830
72253,2133,1047,830
72254,2112,1047,829
72255,2125,1048,830
72256,2105,1047,830
72257,2107,1047,829
72258,2113,1047,829
72259,2106,1047,829
72260,2105,1046,829
72261,2101,1047,829
72262,2102,1046,829
72263,2095,1047,829
72264,2088,1047,829
72265,2073,1047,828
72266,2075,1047,828
72267,2094,1046,828
72268,2078,1047,828
72269,2065,1047,827
72270,2076,1046,827
72271,2087,1046,828
72272,2077,1047,826
72273,2060,1046,825
72274,2070,1047,827
72275,2062,1047,827
72276,2054,1047,824
72277,2048,1047,823
72278,2059,1046,824
72279,2051,1046,825
72280,2048,1046,823
72281,2050,1046,822
72282,2032,1046,825
72283,2018,1045,824
72284,2008,1047,825
72285,2030,1045,821
72286,2030,1045,822
72287,2028,1045,820
72288,2020,1045,820
72289,2023,1045,821
72290,2000,1045,822
72291,1992,1046,822
72292,2032,1045,821
72293,2015,1046,819
72294,2001,1045,819
72295,1968,1045,818
72296,1995,1044,818
72297,1983,1045,817
72298,1987,1044,817
72299,1998,1045,817
72300,2006,1045,818
72301,1969,1044,818
72302,1969,1045,817
72303,1968,1044,816
72304,1969,1044,816
72305,1964,1044,816
72306,1977,1044,816
72307,1965,1044,816
72308,1961,1045,816
72309,1956,1044,816
72310,1972,1044,816
72311,1928,1045,816
72312,1951,1044,816
72313,1972,1045,817
72314,1947,1044,816
72315,1944,1045,816
72316,1942,1044,816
72317,1935,1044,816
72318,1933,1041,815
72319,1929,1039,815
72320,1935,1036,815
72321,1921,1035,815
72322,1929,1034,814
72323,1930,1027,815
72324,1921,1025,815
72325,1912,1028,815
72326,1909,1025,815
72327,1912,1034,815
72328,1906,1034,815
72329,1906,1038,815
72330,1902,1035,815
72331,1910,1038,815
72332,1888,1032,816
72333,1857,1033,810
72334,1893,1026,813
72335,1887,1025,814
72336,1883,1025,814
72337,1883,1024,815
72338,1892,1024,815
72339,1879,1024,815
72340,1880,1027,807
72341,1905,1024,803
72342,1861,1023,807
72343,1874,1023,811
72344,1864,1023,806
72345,1863,1023,804
72346,1878,1022,806
72347,1861,1022,801
72348,1868,1022,798
72349,1864,1014,796
72350,1869,1012,799
72351,1901,1016,799
72352,1876,1014,797
72353,1848,1012,796
72354,1858,1011,795
72355,1844,1010,796
72356,1850,1011,795
72357,1854,1010,795
72358,1847,1010,795
72359,1835,1011,795
72360,1857,1010,795
72361,1880,1011,795
72362,1822,1010,795
72363,1845,1011,795
72364,1841,1011,795
72365,1843,1010,794
72366,1844,1010,794
72367,1835,1010,794
72368,1833,1011,795
72369,1837,1010,795
72370,1837,1011,795
72371,1829,1010,795
72372,1836,1010,794
72373,1865,1010,795
72374,1837,1010,794
72375,1820,1011,794
72376,1846,1011,793
72377,1836,1011,794
72378,1835,1010,794
72379,1831,1010,795
72380,1816,1011,793
72381,1833,1010,795
72382,1838,1011,794
72383,1841,1011,794
72384,1821,1010,795
72385,1818,1010,794
72386,1822,1010,794
72387,1829,1010,793
72388,1811,1010,794
72389,1826,1011,794
72390,1812,1011,794
72391,1839,1011,794
72392,1818,1011,794
72393,1813,1011,794
72394,1827,1011,794
72395,1816,1011,794
72396,1823,1010,794
72397,1826,1011,795
72398,1817,1010,794
72399,1812,1010,794
72400,1821,1010,794
72401,1822,1010,794
72402,1810,1011,794
72403,1814,1010,794
72404,1806,1011,794
72405,1831,1010,794
72406,1830,1012,795
72407,1826,1010,794
72408,1811,1011,794
72409,1818,1010,794
72410,1839,1011,794
72411,1824,1010,795
72412,1848,1010,794
72413,1786,1010,795
72414,1818,1010,795
72415,1816,1011,795
72416,1820,1010,795
72417,1842,1011,795
72418,1824,1010,799
72419,1793,1011,796
72420,1812,1010,795
72421,1817,1011,794
72422,1841,1011,795
72423,1809,1010,795
72424,1819,1010,795
72425,1839,1010,794
72426,1829,1010,794
72427,1817,1010,794
72428,1831,1010,794
72429,1827,1010,795
72430,1827,1010,794
72431,1820,1011,795
72432,1835,1011,795
72433,1817,1011,794
72434,1840,1010,795
72435,1829,1011,795
72436,1824,1011,795
72437,1818,1010,795
72438,1831,1010,794
72439,1812,1010,795
72440,1826,1010,795
72441,1827,1011,795
72442,1821,1010,795
72443,1835,1010,795
72444,1831,1011,794
72445,1823,1010,794
72446,1826,1011,795
72447,1835,1010,794
72448,1816,1011,794
72449,1827,1011,795
72450,1824,1011,794
72451,1833,1010,795
72452,1826,1009,795
72453,1845,1011,795
72454,1817,1011,795
72455,1828,1011,795
72456,1822,1011,795
72457,1845,1010,795
72458,1831,1011,795
72459,1832,1010,795
72460,1823,1010,794
72461,1832,1011,795
72462,1835,1011,795
72463,1837,1010,795
72464,1821,1010,795
72465,1828,1010,794
72466,1851,1010,795
72467,1821,1010,795
72468,1835,1010,794
72469,1843,1010,795
72470,1839,1010,794
72471,1832,1010,795
72472,1833,1010,794
72473,1833,1010,795
72474,1821,1010,794
72475,1824,1010,794
72476,1834,1011,795
72477,1783,1011,795
72478,1838,1011,796
72479,1831,1010,794
72480,1823,1011,794
72481,1836,1010,794
72482,1836,1010,794
72483,1835,1010,795
72484,1821,1011,794
72485,1839,1010,794
72486,1829,1010,795
72487,1833,1010,794
72488,1831,1009,794
72489,1831,1010,794
72490,1860,1010,795
72491,1835,1010,794
72492,1827,1010,795
72493,1825,1011,795
72494,1825,1011,795
72495,1822,1010,794
72496,1830,1010,794
72497,1835,1010,794
72498,1826,1010,794
72499,1818,1010,795
72500,1832,1010,794
72501,1838,1010,794
72502,1824,1010,794
72503,1833,1010,794
72504,1824,1010,794
72505,1823,1010,793
72506,1832,1010,794
72507,1830,1010,795
72508,1811,1010,794
72509,1834,1011,794
72510,1822,1010,794
72511,1854,1010,794
72512,1809,1010,794
72513,1819,1010,794
72514,1809,1010,794
72515,1820,1010,794
72516,1881,1011,794
72517,1820,1010,794
72518,1818,1011,795
72519,1820,1011,795
72520,1804,1010,794
72521,1819,1010,793
72522,1814,1010,794
72523,1819,1010,793
72524,1813,1010,793
72525,1820,1010,794
72526,1808,1010,794
72527,1810,1010,794
72528,1773,1010,793
72529,1830,1010,793
72530,1798,1010,794
72531,1807,1010,794
72532,1791,1011,794
72533,1810,1010,793
72534,1799,1010,794
72535,1797,1010,794
72536,1810,1010,794
72537,1800,1011,794
72538,1804,1010,794
72539,1804,1010,794
72540,1802,1010,793
72541,1818,1010,793
72542,1798,1010,793
72543,1794,1010,793
72544,1804,1010,794
72545,1803,1010,793
72546,1797,1010,793
72547,1796,1011,794
72548,1779,1011,794
72549,1784,1010,794
72550,1783,1010,793
72551,1797,1010,793
72552,1781,1009,792
72553,1798,1010,794
72554,1787,1010,794
72555,1788,1010,794
72556,1793,1010,794
72557,1792,1010,794
72558,1788,1010,794
72559,1778,1010,794
72560,1770,1010,793
72561,1800,1010,793
72562,1793,1010,794
72563,1786,1010,793
72564,1802,1010,793
72565,1803,1010,794
72566,1798,1010,794
72567,1811,1010,793
72568,1812,1010,793
72569,1811,1010,794
72570,1808,1010,794
72571,1825,1010,794
72572,1851,1010,794
72573,1831,1010,795
72574,1847,1010,795
72575,1848,1011,795
72576,1834,1010,795
72577,1848,1011,795
72578,1851,1011,797
72579,1860,1011,795
72580,1885,1014,805
72581,1902,1020,810
72582,1909,1022,812
72583,1918,1023,814
72584,1919,1024,814
72585,1917,1024,815
72586,1917,1024,815
72587,1920,1025,815
72588,1972,1025,816
72589,1984,1038,816
72590,1997,1043,817
72591,2013,1043,817
72592,2007,1044,817
72593,2009,1044,818
72594,2028,1045,818
72595,2037,1045,822
72596,2082,1046,825
72597,2109,1046,827
72598,2120,1046,828
72599,2121,1046,828
72600,2138,1047,830
72601,2144,1047,830
72602,2162,1047,830
72603,2158,1047,830
72604,2213,1051,838
72605,2244,1055,844
72606,2255,1058,848
72607,2260,1070,850
72608,2296,1077,851
72609,2268,1079,851
72610,2294,1080,852
72611,2333,1080,852
72612,2365,1081,852
72613,2389,1081,858
72614,2417,1082,861
72615,2425,1082,862
72616,2436,1083,862
72617,2430,1083,863
72618,2430,1083,862
72619,2405,1083,864
72620,2490,1090,865
72621,2507,1092,875
72622,2564,1094,880
72623,2570,1107,882
72624,2595,1113,884
72625,2625,1117,886
72626,2600,1117,886
72627,2620,1117,886
72628,2665,1117,887
72629,2679,1117,889
72630,2727,1118,891
72631,2722,1118,895
72632,2742,1111,897
72633,2738,1102,898
72634,2735,1098,898
72635,2777,1098,899
72636,2805,1098,900
72637,2836,1098,900
72638,2826,1097,901
72639,2859,1098,900
72640,2882,1097,908
72641,2861,1098,909
72642,2853,1099,912
72643,2897,1110,917
72644,2929,1117,920
72645,2943,1120,920
72646,2956,1120,920
72647,2976,1121,922
72648,2986,1122,922
72649,2969,1121,923
72650,2946,1121,923
72651,3012,1122,923
72652,3075,1122,912
72653,3116,1113,908
72654,3140,1103,906
72655,3149,1100,905
72656,3165,1098,905
72657,3169,1099,904
72658,3192,1099,911
72659,3190,1109,910
72660,3213,1105,908
72661,3226,1101,909
72662,3224,1107,913
72663,3229,1109,916
72664,3231,1117,921
72665,3226,1121,923
72666,3228,1121,923
72667,3238,1122,925
72668,3309,1123,925
72669,3255,1122,925
72670,3240,1122,926
72671,3287,1122,926
72672,3264,1122,926
72673,3266,1122,926
72674,3266,1122,925
72675,3224,1123,921
72676,3135,1121,912
72677,3079,1113,907
72678,3032,1103,909
72679,3008,1107,916
72680,3003,1116,920
72681,3011,1120,922
72682,2989,1120,922
72683,3022,1121,917
72684,3094,1121,910
72685,3169,1109,908
72686,3193,1102,914
72687,3229,1112,919
72688,3274,1119,922
72689,3259,1121,924
72690,3243,1121,925
72691,3215,1122,925
72692,3230,1122,925
72693,3217,1122,918
72694,3203,1121,919
72695,3214,1120,912
72696,3212,1113,908
72697,3211,1103,907
72698,3216,1100,914
72699,3244,1104,913
72700,3163,1108,909
72701,3133,1101,906
72702,3131,1100,905
72703,3123,1098,904
72704,3109,1098,904
72705,3115,1097,904
72706,3130,1098,904
72707,3111,1098,903
72708,3033,1098,902
72709,3058,1098,902
72710,3047,1098,902
72711,3035,1098,903
72712,3039,1098,902
72713,3039,1098,903
72714,3046,1097,902
72715,3011,1098,909
72716,3000,1105,916
72717,3003,1116,920
72718,2982,1119,922
72719,2980,1121,922
72720,2966,1120,923
72721,2952,1122,923
72722,2961,1122,922
72723,2937,1121,923
72724,2923,1121,921
72725,2922,1121,922
72726,2920,1121,922
72727,2913,1121,921
72728,2909,1121,921
72729,2908,1122,922
72730,2944,1122,921
72731,2895,1122,921
72732,2886,1121,921
72733,2883,1121,921
72734,2857,1121,911
72735,2859,1109,905
72736,2853,1102,903
72737,2846,1099,902
72738,2850,1098,901
72739,2840,1097,902
72740,2782,1098,901
72741,2819,1098,900
72742,2797,1098,901
72743,2799,1097,900
72744,2792,1097,900
72745,2792,1098,901
72746,2798,1097,900
72747,2786,1098,900
72748,2779,1097,900
72749,2735,1097,899
72750,2756,1097,900
72751,2731,1097,899
72752,2754,1097,900
72753,2749,1097,899
72754,2746,1097,900
72755,2738,1097,899
72756,2729,1097,899
72757,2719,1097,898
72758,2692,1097,897
72759,2705,1105,895
72760,2690,1114,893
72761,2707,1117,892
72762,2701,1118,894
72763,2693,1118,890
72764,2688,1117,891
72765,2669,1117,889
72766,2675,1117,890
72767,2667,1117,889
72768,2697,1118,887
72769,2679,1117,887
72770,2662,1117,888
72771,2642,1117,887
72772,2656,1118,889
72773,2650,1117,889
72774,2656,1117,888
72775,2649,1117,888
72776,2633,1118,887
72777,2620,1118,888
72778,2658,1118,887
72779,2639,1117,887
72780,2614,1117,887
72781,2611,1117,886
72782,2617,1117,887
72783,2612,1117,887
72784,2594,1117,886
72785,2593,1117,886
72786,2582,1117,886
72787,2577,1117,885
72788,2574,1117,885
72789,2558,1117,885
72790,2576,1117,885
72791,2566,1117,885
72792,2552,1117,885
72793,2544,1117,886
72794,2541,1117,881
72795,2507,1109,880
72796,2514,1111,879
72797,2543,1108,884
72798,2534,1113,877
72799,2518,1100,874
72800,2501,1096,869
72801,2505,1095,867
72802,2491,1093,867
72803,2486,1093,864
72804,2438,1092,864
72805,2459,1093,864
72806,2471,1093,864
72807,2488,1093,864
72808,2454,1090,864
72809,2455,1088,863
72810,2431,1088,863
72811,2438,1084,863
72812,2432,1084,862
72813,2437,1083,863
72814,2441,1088,863
72815,2423,1084,863
72816,2411,1083,863
72817,2418,1083,863
72818,2385,1082,862
72819,2383,1083,862
72820,2372,1083,862
72821,2378,1082,861
72822,2357,1082,859
72823,2370,1082,859
72824,2350,1082,858
72825,2344,1081,855
72826,2343,1081,854
72827,2337,1081,853
72828,2328,1081,853
72829,2328,1080,853
72830,2327,1081,853
72831,2327,1080,853
72832,2324,1080,852
72833,2303,1080,852
72834,2309,1081,852
72835,2305,1081,852
72836,2288,1081,853
72837,2289,1081,853
72838,2298,1080,852
72839,2301,1081,852
72840,2233,1080,852
72841,2275,1081,852
72842,2275,1081,852
72843,2279,1080,851
72844,2281,1081,853
72845,2257,1080,851
72846,2272,1081,852
72847,2264,1081,852
72848,2263,1081,852
72849,2298,1080,852
72850,2268,1081,852
72851,2247,1080,851
72852,2245,1081,852
72853,2253,1080,851
72854,2251,1081,851
72855,2259,1080,851
72856,2257,1081,852
72857,2253,1081,851
72858,2248,1081,851
72859,2259,1081,852
72860,2263,1081,852
72861,2263,1081,852
72862,2241,1081,852
72863,2256,1080,851
72864,2287,1080,851
72865,2251,1080,851
72866,2276,1080,851
72867,2269,1080,851
72868,2261,1081,851
72869,2240,1080,851
72870,2247,1080,851
72871,2267,1081,852
72872,2273,1081,852
72873,2274,1080,852
72874,2220,1081,852
72875,2303,1080,852
72876,2275,1080,853
72877,2288,1080,852
72878,2277,1081,853
72879,2282,1080,852
72880,2287,1081,852
72881,2283,1081,853
72882,2269,1080,852
72883,2295,1081,853
72884,2301,1081,852
72885,2328,1081,852
72886,2296,1080,853
72887,2300,1080,852
72888,2317,1080,852
72889,2325,1080,852
72890,2329,1081,852
72891,2348,1081,852
72892,2336,1080,853
72893,2328,1081,852
72894,2328,1081,852
72895,2330,1081,853
72896,2344,1081,852
72897,2350,1081,853
72898,2343,1081,853
72899,2353,1081,853
72900,2350,1080,853
72901,2353,1081,853
72902,2351,1080,853
72903,2357,1080,854
72904,2383,1080,855
72905,2364,1081,857
72906,2352,1081,857
72907,2365,1081,857
72908,2370,1082,858
72909,2377,1081,860
72910,2372,1082,861
72911,2373,1082,862
72912,2379,1082,860
72913,2386,1082,862
72914,2379,1082,862
72915,2424,1082,862
72916,2373,1082,862
72917,2364,1083,861
72918,2389,1083,862
72919,2384,1083,863
72920,2407,1082,863
72921,2396,1082,863
72922,2383,1083,863
72923,2404,1082,863
72924,2368,1083,863
72925,2386,1083,862
72926,2395,1083,862
72927,2394,1083,862
72928,2403,1083,863
72929,2395,1082,862
72930,2401,1082,863
72931,2405,1083,863
72932,2392,1083,863
72933,2381,1083,863
72934,2407,1083,863
72935,2405,1082,862
72936,2400,1082,863
72937,2398,1083,862
72938,2394,1083,863
72939,2403,1083,862
72940,2396,1083,863
72941,2399,1082,863
72942,2403,1083,863
72943,2390,1081,861
72944,2401,1082,862
72945,2399,1082,862
72946,2391,1082,862
72947,2383,1082,862
72948,2380,1082,862
72949,2375,1082,862
72950,2379,1082,862
72951,2396,1083,862
72952,2366,1082,862
72953,2385,1083,863
72954,2373,1083,863
72955,2376,1083,862
72956,2369,1082,862
72957,2388,1082,862
72958,2377,1082,862
72959,2368,1082,860
72960,2361,1082,858
72961,2358,1082,857
72962,2358,1082,857
72963,2351,1081,855
72964,2401,1081,855
72965,2353,1081,854
72966,2360,1081,854
72967,2350,1080,853
72968,2334,1081,853
72969,2329,1080,856
72970,2307,1081,855
72971,2378,1081,853
72972,2320,1081,854
72973,2325,1081,852
72974,2327,1081,853
72975,2326,1080,853
72976,2316,1081,853
72977,2309,1080,852
72978,2301,1080,852
72979,2302,1081,852
72980,2294,1080,852
72981,2305,1081,851
72982,2297,1080,852
72983,2294,1080,853
72984,2287,1080,852
72985,2276,1081,853
72986,2279,1080,852
72987,2272,1081,852
72988,2272,1081,852
72989,2276,1081,852
72990,2260,1080,851
72991,2267,1080,852
72992,2226,1080,852
72993,2252,1080,851
72994,2241,1080,851
72995,2245,1081,851
72996,2243,1081,851
72997,2243,1080,851
72998,2249,1080,851
72999,2233,1080,851
73000,2226,1080,846
73001,2230,1068,845
73002,2214,1062,848
73003,2202,1065,840
73004,2208,1060,845
73005,2199,1058,840
73006,2205,1058,843
73007,2215,1058,842
73008,2195,1058,836
73009,2191,1058,834
73010,2183,1056,832
73011,2186,1054,831
73012,2183,1050,831
73013,2172,1048,831
73014,2184,1047,831
73015,2185,1047,830
73016,2163,1051,830
73017,2146,1049,831
73018,2148,1048,831
73019,2146,1047,830
73020,2152,1047,829
73021,2151,1047,830
73022,2152,1048,830
73023,2133,1047,830
73024,2124,1047,830
73025,2129,1047,830
73026,2114,1047,829
73027,2116,1047,829
73028,2112,1046,829
73029,2119,1047,829
73030,2097,1047,829
73031,2112,1047,829
73032,2104,1047,830
73033,2074,1047,828
73034,2094,1048,829
73035,2082,1047,829
73036,2085,1047,829
73037,2079,1047,828
73038,2080,1046,828
73039,2080,1047,828
73040,2067,1047,828
73041,2054,1047,828
73042,2050,1047,825
73043,2054,1046,825
73044,2050,1046,825
73045,2048,1046,821
73046,2051,1045,820
73047,2054,1045,823
73048,2033,1045,826
73049,2033,1045,827
73050,2023,1046,825
73051,1999,1046,821
73052,2012,1045,820
73053,2016,1045,818
73054,2009,1045,818
73055,2010,1045,818
73056,2000,1045,818
73057,1995,1045,817
73058,1983,1045,818
73059,1988,1044,817
73060,1965,1045,817
73061,1979,1044,817
73062,1987,1044,817
73063,1987,1044,818
73064,1969,1044,816
73065,1959,1045,817
73066,1957,1044,816
73067,1954,1037,816
73068,1947,1042,816
73069,1952,1044,816
73070,1951,1037,816
73071,1948,1042,815
73072,1937,1029,816
73073,1927,1040,815
73074,1932,1036,815
73075,1920,1028,815
73076,1919,1033,816
73077,1921,1034,815
73078,1913,1031,816
73079,1919,1041,816
73080,1916,1043,816
73081,1905,1044,815
73082,1897,1040,815
73083,1901,1029,815
73084,1894,1025,814
73085,1891,1024,814
73086,1891,1024,815
73087,1886,1024,814
73088,1868,1024,812
73089,1882,1024,805
73090,1875,1023,807
73091,1872,1023,804
73092,1874,1023,805
73093,1860,1022,800
73094,1868,1018,798
73095,1858,1013,797
73096,1862,1012,796
73097,1831,1010,795
73098,1841,1011,795
73099,1844,1010,795
73100,1844,1010,795
73101,1852,1010,795
73102,1852,1010,794
73103,1846,1010,795
73104,1836,1010,794
73105,1821,1010,794
73106,1841,1010,794
73107,1827,1010,794
73108,1830,1010,794
73109,1812,1010,794
73110,1830,1010,795
73111,1829,1011,793
73112,1807,1010,794
73113,1813,1010,794
73114,1817,1011,794
73115,1779,1010,793
73116,1808,1011,794
73117,1809,1010,794
73118,1804,1010,793
73119,1805,1010,794
73120,1795,1010,793
73121,1743,1010,793
73122,1796,1010,794
73123,1785,1010,793
73124,1780,1010,793
73125,1795,1010,793
73126,1785,1010,794
73127,1790,1010,794
73128,1774,1010,794
73129,1752,1010,793
73130,1775,1010,793
73131,1789,1010,794
73132,1784,1009,794
73133,1776,1010,794
73134,1788,1010,794
73135,1779,1010,794
73136,1762,1010,794
73137,1769,1010,794
73138,1774,1010,794
73139,1773,1011,794
73140,1761,1010,794
73141,1778,1010,793
73142,1776,1010,793
73143,1800,1010,793
73144,1773,1010,793
73145,1758,1010,794
73146,1754,1010,794
73147,1765,1010,793
73148,1769,1010,793
73149,1766,1009,793
73150,1770,1010,794
73151,1767,1010,793
73152,1774,1010,793
73153,1771,1010,793
73154,1771,1010,793
73155,1765,1010,794
73156,1768,1010,794
73157,1763,1010,793
73158,1761,1009,793
73159,1743,1010,793
73160,1770,1010,793
73161,1763,1010,793
73162,1753,1010,793
73163,1765,1010,793
73164,1757,1010,793
73165,1754,1009,793
73166,1756,1010,793
73167,1754,1010,794
73168,1764,1010,792
73169,1759,1010,793
73170,1751,1010,793
73171,1758,1010,793
73172,1798,1010,793
73173,1765,1010,792
73174,1761,1010,794
73175,1764,1010,794
73176,1762,1010,794
73177,1765,1010,794
73178,1767,1011,794
73179,1753,1010,792
73180,1755,1010,793
73181,1757,1009,793
73182,1774,1010,793
73183,1757,1010,793
73184,1754,1010,793
73185,1747,1010,793
73186,1778,1010,793
73187,1764,1010,794
73188,1769,1010,794
73189,1755,1010,793
73190,1760,1009,793
73191,1782,1010,792
73192,1773,1010,793
73193,1773,1010,793
73194,1761,1011,794
73195,1763,1010,793
73196,1764,1010,793
73197,1766,1010,793
73198,1748,1011,793
73199,1754,1010,793
73200,1789,1010,793
73201,1756,1010,794
73202,1750,1010,794
73203,1754,1009,793
73204,1772,1010,793
73205,1771,1010,794
73206,1754,1010,793
73207,1772,1010,793
73208,1766,1010,793
73209,1761,1010,793
73210,1780,1010,794
73211,1762,1009,793
73212,1758,1010,793
73213,1764,1010,794
73214,1777,1010,793
73215,1771,1010,794
73216,1773,1010,794
73217,1761,1010,793
73218,1770,1010,794
73219,1774,1010,793
73220,1758,1010,793
73221,1764,1010,793
73222,1805,1010,794
73223,1761,1010,793
73224,1728,1010,793
73225,1773,1010,793
73226,1766,1010,793
73227,1768,1009,793
73228,1763,1010,793
73229,1759,1010,794
73230,1760,1010,793
73231,1760,1010,794
73232,1737,1010,794
73233,1763,1010,793
73234,1776,1010,794
73235,1792,1010,794
73236,1772,1010,794
73237,1767,1010,794
73238,1783,1010,794
73239,1772,1010,794
73240,1772,1011,793
73241,1782,1010,794
73242,1761,1010,793
73243,1770,1010,794
73244,1777,1010,793
73245,1805,1010,794
73246,1770,1010,793
73247,1766,1010,793
73248,1775,1009,793
73249,1771,1010,794
73250,1775,1010,794
73251,1781,1009,794
73252,1773,1010,794
73253,1794,1009,793
73254,1761,1010,793
73255,1764,1010,794
73256,1767,1010,793
73257,1768,1010,793
73258,1764,1009,793
73259,1754,1010,793
73260,1777,1010,793
73261,1776,1010,793
73262,1742,1010,793
73263,1766,1009,793
73264,1763,1010,793
73265,1764,1010,793
73266,1766,1010,793
73267,1739,1010,793
73268,1757,1009,793
73269,1776,1009,793
73270,1747,1010,793
73271,1763,1010,793
73272,1773,1010,793
73273,1767,1011,793
73274,1771,1011,794
73275,1763,1010,793
73276,1773,1010,793
73277,1759,1010,794
73278,1767,1010,794
73279,1769,1010,793
73280,1769,1010,793
73281,1758,1010,794
73282,1772,1010,794
73283,1775,1010,794
73284,1760,1010,793
73285,1764,1009,793
73286,1768,1010,794
73287,1763,1010,793
73288,1779,1010,792
73289,1760,1010,794
73290,1761,1009,793
73291,1770,1010,793
73292,1760,1009,793
73293,1760,1010,793
73294,1755,1010,793
73295,1759,1010,793
73296,1763,1009,794
73297,1755,1010,793
73298,1753,1010,793
73299,1763,1010,793
73300,1754,1010,793
73301,1763,1010,794
73302,1756,1010,792
73303,1756,1010,793
73304,1758,1009,793
73305,1765,1010,794
73306,1759,1010,793
73307,1773,1010,793
73308,1734,1009,793
73309,1756,1010,793
73310,1749,1010,793
73311,1781,1010,793
73312,1757,1010,793
73313,1749,1010,792
73314,1747,1010,793
73315,1753,1009,793
73316,1698,1009,793
73317,1751,1010,793
73318,1752,1010,794
73319,1743,1009,793
73320,1743,1010,793
73321,1772,1010,793
73322,1741,1010,792
73323,1739,1010,792
73324,1739,1009,792
73325,1738,1010,792
73326,1745,1009,792
73327,1750,1009,792
73328,1740,1010,792
73329,1735,1010,793
73330,1721,1010,793
73331,1722,1010,792
73332,1729,1010,792
73333,1736,1010,797
73334,1721,1010,794
73335,1717,1010,794
73336,1726,1010,797
73337,1720,1011,794
73338,1733,1010,793
73339,1705,1010,800
73340,1733,1013,796
73341,1714,1011,799
73342,1723,1011,795
73343,1711,1011,800
73344,1711,1018,799
73345,1723,1015,795
73346,1722,1012,794
73347,1717,1010,800
73348,1715,1013,795
73349,1701,1015,801
73350,1719,1015,796
73351,1726,1012,794
73352,1716,1010,797
73353,1648,1011,794
73354,1714,1010,793
73355,1712,1010,798
73356,1709,1014,797
73357,1726,1012,795
73358,1729,1011,798
73359,1718,1011,795
73360,1738,1010,797
73361,1734,1011,795
73362,1730,1011,794
73363,1725,1010,793
73364,1744,1010,792
73365,1756,1010,792
73366,1762,1010,793
73367,1765,1009,793
73368,1755,1010,793
73369,1774,1009,793
73370,1760,1010,793
73371,1763,1010,793
73372,1786,1010,794
73373,1806,1010,794
73374,1817,1010,794
73375,1831,1010,794
73376,1823,1010,794
73377,1819,1010,794
73378,1828,1010,794
73379,1821,1010,795
73380,1861,1011,799
73381,1875,1014,807
73382,1923,1020,812
73383,1922,1023,814
73384,1922,1023,815
73385,1914,1023,815
73386,1921,1024,815
73387,1927,1024,815
73388,1970,1025,816
73389,2008,1038,817
73390,2015,1043,821
73391,2040,1045,822
73392,2049,1045,822
73393,2058,1046,825
73394,2076,1045,822
73395,2059,1046,822
73396,2117,1045,826
73397,2151,1046,828
73398,2168,1047,829
73399,2193,1047,830
73400,2196,1047,830
73401,2206,1048,834
73402,2253,1054,842
73403,2190,1056,844
73404,2265,1058,848
73405,2322,1070,850
73406,2354,1077,851
73407,2387,1080,858
73408,2384,1080,859
73409,2393,1082,860
73410,2385,1082,861
73411,2408,1082,862
73412,2455,1083,863
73413,2523,1083,864
73414,2540,1090,876
73415,2544,1093,881
73416,2572,1107,883
73417,2574,1113,885
73418,2582,1116,885
73419,2584,1117,886
73420,2644,1117,886
73421,2707,1117,887
73422,2732,1118,893
73423,2750,1118,896
73424,2753,1106,898
73425,2760,1099,898
73426,2768,1097,899
73427,2768,1097,899
73428,2814,1097,900
73429,2860,1098,905
73430,2888,1098,913
73431,2897,1111,918
73432,2923,1118,920
73433,2930,1120,921
73434,2919,1121,922
73435,2931,1121,922
73436,2979,1122,922
73437,3018,1121,923
73438,3006,1122,916
73439,3054,1121,909
73440,3048,1106,906
73441,3129,1101,905
73442,3055,1100,904
73443,3078,1098,902
73444,3093,1098,903
73445,3146,1098,904
73446,3163,1098,904
73447,3127,1098,904
73448,3174,1098,904
73449,3167,1098,905
73450,3149,1098,905
73451,3189,1099,907
73452,3215,1098,911
73453,3231,1107,917
73454,3246,1116,923
73455,3244,1120,923
73456,3247,1121,925
73457,3260,1122,925
73458,3243,1123,926
73459,3273,1122,926
73460,3268,1123,926
73461,3278,1122,926
73462,3296,1122,927
73463,3273,1123,927
73464,3312,1122,927
73465,3298,1123,926
73466,3273,1123,926
73467,3297,1122,927
73468,3229,1122,925
73469,3163,1122,915
73470,3139,1120,909
73471,3114,1105,906
73472,3085,1100,904
73473,3075,1099,903
73474,3064,1098,903
73475,3066,1098,903
73476,3135,1098,904
73477,3169,1098,905
73478,3188,1099,912
73479,3194,1111,915
73480,3221,1117,920
73481,3238,1120,923
73482,3247,1121,924
73483,3247,1123,925
73484,3227,1122,925
73485,3220,1122,920
73486,3175,1121,923
73487,3211,1121,913
73488,3204,1120,912
73489,3249,1120,911
73490,3200,1108,908
73491,3197,1102,909
73492,3141,1100,911
73493,3176,1102,907
73494,3161,1100,906
73495,3151,1100,906
73496,3134,1099,905
73497,3145,1098,905
73498,3154,1098,905
73499,3136,1098,904
73500,3124,1098,904
73501,3118,1098,905
73502,3092,1098,903
73503,3082,1098,903
73504,3078,1098,903
73505,3081,1098,902
73506,3072,1097,901
73507,3063,1098,902
73508,3055,1097,903
73509,3028,1098,911
73510,3016,1106,917
73511,3007,1116,921
73512,3007,1119,921
73513,3003,1121,923
73514,2988,1121,923
73515,2994,1122,923
73516,2981,1121,923
73517,2960,1122,922
73518,2944,1122,922
73519,2936,1121,923
73520,2944,1121,923
73521,2931,1121,923
73522,2930,1121,922
73523,2932,1121,922
73524,2916,1121,922
73525,2896,1122,921
73526,2899,1121,922
73527,2871,1121,921
73528,2875,1121,920
73529,2864,1121,916
73530,2862,1121,912
73531,2874,1117,917
73532,2852,1119,909
73533,2821,1105,905
73534,2799,1100,903
73535,2811,1099,902
73536,2851,1098,901
73537,2816,1098,901
73538,2790,1097,900
73539,2793,1097,900
73540,2792,1098,900
73541,2787,1097,900
73542,2775,1097,900
73543,2771,1097,899
73544,2775,1097,900
73545,2765,1097,900
73546,2754,1097,899
73547,2775,1098,900
73548,2742,1098,900
73549,2743,1097,899
73550,2722,1097,899
73551,2735,1097,898
73552,2722,1097,898
73553,2701,1103,892
73554,2722,1114,896
73555,2709,1102,897
73556,2706,1099,896
73557,2741,1097,896
73558,2676,1100,893
73559,2690,1113,891
73560,2685,1117,890
73561,2683,1118,892
73562,2724,1118,892
73563,2701,1118,893
73564,2671,1118,891
73565,2660,1117,889
73566,2662,1117,888
73567,2649,1117,889
73568,2651,1117,888
73569,2645,1118,888
73570,2624,1117,887
73571,2658,1117,887
73572,2630,1117,887
73573,2583,1117,886
73574,2617,1117,887
73575,2618,1118,886
73576,2621,1117,887
73577,2595,1117,887
73578,2604,1118,887
73579,2591,1117,886
73580,2599,1118,886
73581,2577,1117,886
73582,2576,1117,886
73583,2559,1117,885
73584,2576,1117,886
73585,2568,1116,886
73586,2553,1117,885
73587,2581,1117,885
73588,2548,1117,885
73589,2549,1117,886
73590,2545,1117,885
73591,2501,1116,882
73592,2522,1116,883
73593,2519,1117,881
73594,2515,1117,876
73595,2518,1101,873
73596,2488,1097,869
73597,2498,1095,867
73598,2459,1094,866
73599,2491,1094,865
73600,2465,1089,863
73601,2469,1090,864
73602,2480,1091,864
73603,2460,1093,864
73604,2454,1093,863
73605,2349,1087,863
73606,2429,1084,863
73607,2423,1083,863
73608,2428,1083,863
73609,2420,1083,863
73610,2418,1083,863
73611,2423,1086,863
73612,2415,1089,863
73613,2396,1086,862
73614,2394,1083,863
73615,2414,1083,863
73616,2378,1082,863
73617,2383,1083,862
73618,2375,1082,863
73619,2382,1083,860
73620,2334,1082,858
73621,2378,1082,856
73622,2345,1082,856
73623,2319,1081,854
73624,2345,1082,854
73625,2345,1080,853
73626,2350,1081,858
73627,2347,1080,854
73628,2362,1081,853
73629,2336,1081,853
73630,2318,1081,853
73631,2321,1080,853
73632,2330,1081,852
73633,2308,1081,853
73634,2319,1081,852
73635,2282,1081,853
73636,2327,1081,853
73637,2323,1081,853
73638,2293,1080,853
73639,2288,1081,852
73640,2302,1081,852
73641,2304,1081,852
73642,2295,1082,852
73643,2298,1081,853
73644,2306,1080,852
73645,2326,1081,853
73646,2296,1081,853
73647,2292,1080,852
73648,2296,1080,853
73649,2292,1080,852
73650,2301,1080,852
73651,2305,1080,852
73652,2289,1081,853
73653,2278,1081,852
73654,2315,1081,852
73655,2288,1081,853
73656,2308,1081,852
73657,2296,1081,852
73658,2290,1081,853
73659,2263,1081,852
73660,2306,1081,853
73661,2294,1081,853
73662,2322,1081,853
73663,2319,1081,852
73664,2306,1081,852
73665,2296,1080,852
73666,2285,1080,852
73667,2315,1080,852
73668,2312,1080,853
73669,2325,1080,852
73670,2325,1080,852
73671,2337,1081,853
73672,2348,1081,853
73673,2344,1081,854
73674,2335,1081,853
73675,2328,1080,852
73676,2345,1080,853
73677,2347,1080,854
73678,2358,1081,854
73679,2358,1081,854
73680,2342,1081,854
73681,2359,1081,856
73682,2361,1081,854
73683,2360,1082,856
73684,2365,1082,856
73685,2373,1081,859
73686,2363,1081,859
73687,2455,1081,860
73688,2391,1081,861
73689,2367,1082,862
73690,2379,1082,863
73691,2385,1082,862
73692,2389,1082,863
73693,2398,1083,862
73694,2449,1082,863
73695,2427,1083,863
73696,2407,1083,863
73697,2405,1083,863
73698,2401,1083,863
73699,2391,1083,863
73700,2405,1083,863
73701,2422,1082,863
73702,2433,1083,863
73703,2399,1082,863
73704,2410,1083,863
73705,2428,1086,864
73706,2425,1087,863
73707,2426,1084,863
73708,2400,1087,863
73709,2437,1083,863
73710,2443,1083,863
73711,2444,1083,863
73712,2442,1082,863
73713,2439,1083,863
73714,2432,1082,863
73715,2438,1087,863
73716,2463,1083,863
73717,2447,1089,863
73718,2444,1084,863
73719,2448,1083,863
73720,2464,1087,864
73721,2437,1087,863
73722,2448,1084,863
73723,2455,1088,864
73724,2425,1088,864
73725,2454,1090,863
73726,2470,1089,863
73727,2447,1085,864
73728,2454,1087,862
73729,2449,1084,864
73730,2441,1085,863
73731,2449,1084,864
73732,2436,1090,863
73733,2441,1085,864
73734,2445,1087,863
73735,2446,1085,863
73736,2446,1086,863
73737,2445,1084,863
73738,2446,1087,864
73739,2451,1090,864
73740,2438,1091,863
73741,2428,1086,863
73742,2430,1087,863
73743,2445,1087,863
73744,2431,1087,863
73745,2433,1084,863
73746,2488,1085,863
73747,2473,1083,863
73748,2437,1083,863
73749,2421,1083,863
73750,2423,1083,863
73751,2425,1083,863
73752,2425,1086,864
73753,2435,1090,863
73754,2417,1088,863
73755,2408,1085,863
73756,2398,1084,863
73757,2399,1086,863
73758,2416,1087,863
73759,2400,1084,863
73760,2409,1086,863
73761,2394,1083,863
73762,2400,1083,863
73763,2398,1083,862
73764,2403,1083,863
73765,2390,1083,863
73766,2385,1082,862
73767,2376,1082,862
73768,2366,1083,859
73769,2386,1081,860
73770,2399,1082,861
73771,2391,1082,861
73772,2348,1081,856
73773,2378,1082,860
73774,2371,1082,859
73775,2379,1082,859
73776,2370,1082,859
73777,2364,1082,856
73778,2317,1082,855
73779,2408,1081,855
73780,2348,1081,854
73781,2386,1081,855
73782,2345,1081,854
73783,2346,1081,853
73784,2342,1081,853
73785,2329,1081,853
73786,2327,1081,853
73787,2292,1080,852
73788,2333,1081,852
73789,2305,1080,852
73790,2323,1081,852
73791,2318,1081,852
73792,2317,1081,852
73793,2310,1081,852
73794,2355,1081,852
73795,2291,1081,852
73796,2312,1081,853
73797,2258,1080,852
73798,2284,1080,852
73799,2291,1081,853
73800,2270,1081,852
73801,2279,1080,852
73802,2271,1081,851
73803,2264,1081,852
73804,2265,1080,851
73805,2260,1081,851
73806,2248,1080,851
73807,2259,1081,851
73808,2237,1081,851
73809,2232,1081,851
73810,2237,1081,851
73811,2223,1081,847
73812,2224,1068,848
73813,2223,1077,850
73814,2210,1080,850
73815,2213,1081,850
73816,2213,1080,851
73817,2202,1073,840
73818,2195,1063,835
73819,2156,1058,832
73820,2178,1057,831
73821,2189,1055,831
73822,2186,1051,831
73823,2186,1049,831
73824,2198,1048,831
73825,2207,1048,830
73826,2159,1047,830
73827,2164,1047,830
73828,2157,1047,831
73829,2140,1047,831
73830,2152,1048,830
73831,2145,1047,829
73832,2086,1047,830
73833,2147,1047,830
73834,2110,1047,830
73835,2107,1047,830
73836,2111,1047,830
73837,2119,1047,829
73838,2121,1047,830
73839,2112,1048,830
73840,2105,1047,830
73841,2119,1047,829
73842,2093,1047,829
73843,2079,1047,829
73844,2083,1047,828
73845,2097,1047,829
73846,2082,1047,829
73847,2079,1047,828
73848,2077,1047,829
73849,2070,1047,829
73850,2069,1047,826
73851,2042,1046,827
73852,2052,1046,827
73853,2021,1046,825
73854,2056,1046,825
73855,2036,1046,823
73856,2055,1046,826
73857,2032,1046,826
73858,2029,1046,825
73859,2039,1046,824
73860,2026,1046,822
73861,1991,1046,820
73862,2029,1045,822
73863,2025,1046,820
73864,2013,1046,818
73865,2009,1045,819
73866,1935,1045,817
73867,1971,1045,818
73868,1981,1045,818
73869,2031,1045,817
73870,1992,1045,818
73871,1978,1044,817
73872,1991,1045,817
73873,1979,1044,817
73874,1967,1045,817
73875,1973,1045,818
73876,1978,1044,818
73877,1942,1045,816
73878,1974,1045,816
73879,1960,1045,817
73880,1964,1045,817
73881,1956,1045,817
73882,1971,1044,817
73883,1951,1044,816
73884,1932,1044,816
73885,1924,1044,816
73886,1952,1035,815
73887,1938,1027,816
73888,1950,1032,816
73889,1932,1031,815
73890,1928,1026,816
73891,1924,1029,815
73892,1922,1033,816
73893,1908,1034,816
73894,1928,1032,815
73895,1918,1026,816
73896,1914,1030,816
73897,1902,1033,816
73898,1907,1041,816
73899,1907,1034,816
73900,1900,1031,815
73901,1902,1029,815
73902,1908,1026,815
73903,1898,1025,815
73904,1892,1024,815
73905,1891,1024,814
73906,1890,1024,814
73907,1878,1024,815
73908,1872,1024,815
73909,1867,1024,815
73910,1880,1025,815
73911,1852,1024,815
73912,1871,1024,812
73913,1875,1024,809
73914,1875,1023,805
73915,1866,1022,800
73916,1851,1017,797
73917,1887,1016,802
73918,1885,1020,800
73919,1866,1021,798
73920,1854,1014,796
73921,1867,1012,796
73922,1854,1011,795
73923,1862,1011,795
73924,1811,1010,795
73925,1847,1010,795
73926,1849,1010,799
73927,1842,1011,797
73928,1842,1011,796
73929,1838,1010,794
73930,1835,1010,794
73931,1836,1009,794
73932,1833,1010,794
73933,1828,1011,794
73934,1814,1011,794
73935,1826,1010,794
73936,1823,1011,794
73937,1826,1010,795
73938,1815,1011,794
73939,1829,1010,795
73940,1815,1011,795
73941,1805,1010,794
73942,1800,1010,794
73943,1858,1009,794
73944,1818,1010,793
73945,1801,1010,794
73946,1816,1010,794
73947,1804,1010,794
73948,1816,1010,794
73949,1806,1010,794
73950,1808,1010,794
73951,1810,1010,794
73952,1802,1010,794
73953,1793,1009,794
73954,1802,1010,794
73955,1806,1010,794
73956,1804,1010,793
73957,1786,1010,794
73958,1803,1010,794
73959,1803,1010,794
73960,1752,1010,793
73961,1797,1011,793
73962,1790,1010,794
73963,1790,1010,793
73964,1800,1010,794
73965,1808,1010,793
73966,1795,1010,793
73967,1786,1010,794
73968,1800,1010,794
73969,1800,1010,793
73970,1830,1010,793
73971,1757,1011,794
73972,1777,1010,794
73973,1787,1011,794
73974,1787,1011,794
73975,1794,1010,794
73976,1795,1010,794
73977,1807,1010,794
73978,1819,1010,794
73979,1821,1011,793
73980,1796,1010,793
73981,1802,1010,793
73982,1793,1010,793
73983,1782,1011,794
73984,1805,1010,794
73985,1797,1010,794
73986,1803,1010,794
73987,1799,1010,793
73988,1794,1009,793
73989,1783,1010,794
73990,1796,1010,793
73991,1803,1010,793
73992,1804,1010,794
73993,1805,1010,793
73994,1799,1010,794
73995,1800,1010,794
73996,1800,1010,794
73997,1841,1011,794
73998,1806,1010,794
73999,1781,1010,794
74000,1797,1010,794
74001,1808,1010,793
74002,1816,1010,793
74003,1808,1010,793
74004,1814,1010,794
74005,1814,1010,794
74006,1814,1010,794
74007,1786,1010,794
74008,1796,1010,794
74009,1809,1010,794
74010,1811,1010,794
74011,1826,1010,793
74012,1805,1010,793
74013,1828,1010,794
74014,1808,1010,794
74015,1822,1010,794
74016,1815,1010,794
74017,1813,1011,794
74018,1812,1011,794
74019,1822,1011,795
74020,1842,1010,794
74021,1761,1010,794
74022,1813,1010,794
74023,1821,1010,794
74024,1811,1010,794
74025,1821,1009,794
74026,1795,1010,793
74027,1819,1010,794
74028,1812,1010,794
74029,1860,1011,794
74030,1819,1010,794
74031,1813,1010,794
74032,1820,1011,794
74033,1806,1010,795
74034,1818,1011,795
74035,1816,1010,794
74036,1835,1010,795
74037,1801,1010,794
74038,1816,1010,793
74039,1814,1010,794
74040,1825,1010,794
74041,1815,1010,795
74042,1827,1010,794
74043,1812,1010,794
74044,1804,1010,794
74045,1821,1010,794
74046,1821,1010,794
74047,1828,1010,793
74048,1820,1009,794
74049,1823,1009,794
74050,1795,1010,793
74051,1797,1010,794
74052,1796,1010,795
74053,1806,1010,793
74054,1811,1010,794
74055,1822,1010,794
74056,1817,1011,794
74057,1826,1010,794
74058,1821,1011,795
74059,1804,1010,794
74060,1826,1011,794
74061,1833,1010,794
74062,1823,1010,794
74063,1817,1010,794
74064,1821,1010,795
74065,1825,1011,794
74066,1823,1010,794
74067,1806,1011,793
74068,1796,1010,794
74069,1800,1010,793
74070,1809,1010,794
74071,1812,1010,794
74072,1810,1010,793
74073,1815,1010,794
74074,1806,1010,794
74075,1822,1010,794
74076,1783,1010,794
74077,1810,1010,794
74078,1801,1011,794
74079,1798,1010,794
74080,1810,1011,793
74081,1802,1010,794
74082,1808,1010,794
74083,1800,1010,793
74084,1804,1010,794
74085,1793,1010,793
74086,1790,1010,794
74087,1799,1010,794
74088,1796,1010,794
74089,1805,1010,793
74090,1792,1010,793
74091,1794,1010,793
74092,1792,1009,793
74093,1801,1010,794
74094,1782,1010,793
74095,1794,1010,794
74096,1796,1010,793
74097,1798,1010,793
74098,1794,1010,794
74099,1787,1011,794
74100,1794,1011,794
74101,1785,1010,794
74102,1790,1010,794
74103,1793,1010,793
74104,1784,1010,793
74105,1788,1009,794
74106,1752,1010,794
74107,1770,1010,794
74108,1781,1010,793
74109,1760,1010,794
74110,1767,1010,793
74111,1777,1011,794
74112,1780,1010,793
74113,1773,1009,793
74114,1777,1009,794
74115,1760,1010,793
74116,1763,1010,793
74117,1770,1010,794
74118,1749,1010,793
74119,1758,1011,793
74120,1752,1010,793
74121,1749,1011,793
74122,1745,1011,793
74123,1749,1010,793
74124,1722,1010,792
74125,1751,1010,793
74126,1738,1009,793
74127,1742,1010,792
74128,1742,1010,793
74129,1745,1010,792
74130,1733,1010,796
74131,1738,1010,794
74132,1737,1010,793
74133,1734,1010,793
74134,1732,1010,793
74135,1735,1011,792
74136,1737,1010,793
74137,1721,1010,792
74138,1731,1010,793
74139,1727,1010,792
74140,1723,1009,792
74141,1724,1010,793
74142,1729,1010,792
74143,1696,1010,795
74144,1710,1010,800
74145,1724,1014,795
74146,1716,1011,797
74147,1718,1011,797
74148,1706,1016,801
74149,1709,1020,808
74150,1692,1022,811
74151,1709,1023,812
74152,1719,1023,806
74153,1714,1022,804
74154,1703,1022,808
74155,1698,1023,812
74156,1697,1024,807
74157,1689,1023,806
74158,1691,1023,806
74159,1688,1022,806
74160,1695,1022,809
74161,1721,1022,808
74162,1709,1023,811
74163,1700,1023,812
74164,1709,1023,810
74165,1696,1022,811
74166,1712,1023,809
74167,1699,1023,812
74168,1703,1023,812
74169,1635,1024,808
74170,1724,1023,800
74171,1746,1017,799
74172,1714,1014,800
74173,1720,1014,795
74174,1718,1012,793
74175,1719,1010,793
74176,1714,1011,801
74177,1737,1013,797
74178,1729,1012,795
74179,1734,1010,793
74180,1744,1011,793
74181,1752,1010,793
74182,1751,1010,793
74183,1753,1010,793
74184,1761,1009,792
74185,1778,1010,793
74186,1790,1010,793
74187,1797,1010,794
74188,1807,1009,793
74189,1809,1010,793
74190,1824,1010,794
74191,1816,1010,794
74192,1819,1010,794
74193,1866,1010,795
74194,1923,1010,802
74195,1891,1017,808
74196,1876,1021,812
74197,1936,1023,813
74198,1904,1024,815
74199,1918,1024,815
74200,1927,1024,815
74201,1969,1025,816
74202,1996,1039,817
74203,2022,1043,819
74204,2021,1045,822
74205,2036,1045,825
74206,2044,1046,826
74207,2039,1045,827
74208,2057,1046,827
74209,2116,1047,828
74210,2145,1047,828
74211,2162,1047,830
74212,2190,1047,830
74213,2192,1047,831
74214,2207,1047,831
74215,2182,1047,831
74216,2225,1051,841
74217,2271,1056,847
74218,2324,1065,849
74219,2350,1076,851
74220,2354,1079,855
74221,2377,1080,856
74222,2388,1081,859
74223,2376,1081,860
74224,2422,1082,862
74225,2560,1087,874
74226,2629,1093,881
74227,2663,1106,888
74228,2711,1114,893
74229,2725,1117,895
74230,2773,1111,897
74231,2752,1101,898
74232,2777,1098,899
74233,2849,1097,900
74234,2866,1098,903
74235,2889,1098,912
74236,2899,1110,918
74237,2897,1118,920
74238,2922,1120,920
74239,2923,1121,921
74240,2964,1121,922
74241,2978,1122,922
74242,3024,1122,922
74243,3034,1121,918
74244,3061,1120,909
74245,3051,1105,906
74246,3068,1101,905
74247,3064,1098,903
74248,3118,1098,903
74249,3123,1098,904
74250,3101,1098,903
74251,3152,1098,904
74252,3156,1098,905
74253,3157,1099,905
74254,3178,1099,905
74255,3175,1098,905
74256,3186,1099,911
74257,3195,1109,914
74258,3227,1117,916
74259,3230,1119,922
74260,3233,1121,923
74261,3232,1122,924
74262,3260,1122,925
74263,3239,1122,925
74264,3226,1122,925
74265,3087,1121,913
74266,2999,1120,918
74267,2869,1120,920
74268,2889,1121,921
74269,2873,1121,913
74270,2853,1113,907
74271,2829,1103,904
74272,2835,1100,902
74273,2826,1098,901
74274,2821,1098,901
74275,2818,1098,901
74276,2875,1098,906
74277,3001,1099,912
74278,3129,1104,908
74279,3191,1107,912
74280,3236,1116,919
74281,3266,1119,923
74282,3318,1121,925
74283,3310,1122,927
74284,3283,1122,926
74285,3301,1123,926
74286,3297,1122,926
74287,3297,1122,926
74288,3288,1122,927
74289,3290,1122,926
74290,3300,1122,926
74291,3293,1122,927
74292,3288,1123,926
74293,3272,1122,927
74294,3245,1123,927
74295,3258,1122,926
74296,3265,1122,926
74297,3249,1122,926
74298,3257,1123,926
74299,3276,1123,926
74300,3268,1122,926
74301,3259,1122,925
74302,3250,1122,925
74303,3233,1122,924
74304,3215,1121,914
74305,3224,1121,915
74306,3217,1120,913
74307,3217,1120,911
74308,3214,1109,908
74309,3182,1102,907
74310,3134,1100,906
74311,3181,1099,905
74312,3157,1099,905
74313,3147,1098,905
74314,3150,1099,905
74315,3153,1098,905
74316,3151,1098,905
74317,3126,1098,904
74318,3091,1098,904
74319,3084,1098,903
74320,3102,1098,903
74321,3086,1098,903
74322,3091,1098,903
74323,3091,1098,903
74324,3085,1098,903
74325,3064,1098,903
74326,3064,1097,903
74327,3018,1098,905
74328,3025,1097,903
74329,3030,1098,910
74330,3036,1099,907
74331,3008,1099,915
74332,3017,1114,920
74333,2992,1119,921
74334,2982,1120,923
74335,2987,1121,922
74336,2970,1121,922
74337,2960,1121,923
74338,2959,1122,922
74339,2952,1122,923
74340,2940,1122,922
74341,2927,1122,922
74342,2912,1122,922
74343,2898,1121,922
74344,2899,1122,921
74345,2876,1122,921
74346,2871,1121,921
74347,2884,1121,921
74348,2898,1122,921
74349,2871,1121,921
74350,2871,1121,921
74351,2849,1121,910
74352,2845,1109,906
74353,2848,1102,903
74354,2850,1099,902
74355,2843,1099,902
74356,2833,1098,901
74357,2822,1097,901
74358,2821,1097,900
74359,2803,1098,900
74360,2806,1098,901
74361,2804,1097,900
74362,2776,1097,900
74363,2793,1097,900
74364,2784,1097,900
74365,2810,1097,900
74366,2761,1097,899
74367,2762,1098,899
74368,2748,1098,899
74369,2749,1097,899
74370,2739,1097,899
74371,2755,1097,899
74372,2739,1097,899
74373,2730,1097,899
74374,2730,1097,898
74375,2716,1097,896
74376,2715,1097,897
74377,2714,1097,898
74378,2707,1097,898
74379,2695,1097,897
74380,2701,1104,893
74381,2696,1114,891
74382,2685,1117,889
74383,2669,1117,890
74384,2677,1118,890
74385,2665,1118,889
74386,2671,1117,889
74387,2666,1118,888
74388,2656,1117,888
74389,2636,1117,888
74390,2632,1117,886
74391,2635,1117,887
74392,2626,1117,886
74393,2630,1117,887
74394,2617,1117,887
74395,2610,1118,887
74396,2631,1117,887
74397,2602,1117,887
74398,2580,1117,886
74399,2580,1117,886
74400,2576,1117,886
74401,2573,1117,885
74402,2574,1117,885
74403,2569,1118,885
74404,2564,1117,886
74405,2551,1117,885
74406,2538,1117,885
74407,2516,1117,884
74408,2526,1117,881
74409,2519,1116,876
74410,2521,1101,879
74411,2518,1104,875
74412,2520,1098,876
74413,2489,1095,870
74414,2487,1095,867
74415,2473,1093,866
74416,2469,1093,864
74417,2469,1093,865
74418,2467,1093,864
74419,2462,1093,864
74420,2459,1093,864
74421,2439,1093,863
74422,2429,1085,864
74423,2417,1090,863
74424,2415,1085,864
74425,2407,1086,863
74426,2398,1083,863
74427,2410,1083,863
74428,2402,1083,862
74429,2378,1082,862
74430,2374,1083,863
74431,2375,1082,861
74432,2374,1083,861
74433,2359,1082,857
74434,2358,1082,858
74435,2343,1081,856
74436,2364,1081,856
74437,2344,1081,855
74438,2324,1081,853
74439,2326,1081,854
74440,2325,1080,853
74441,2325,1081,853
74442,2323,1081,852
74443,2328,1080,853
74444,2322,1081,853
74445,2307,1080,852
74446,2303,1080,852
74447,2298,1080,851
74448,2297,1080,852
74449,2300,1081,852
74450,2290,1080,852
74451,2290,1081,852
74452,2292,1081,852
74453,2296,1081,852
74454,2279,1081,852
74455,2289,1081,853
74456,2281,1081,852
74457,2284,1081,852
74458,2265,1081,852
74459,2277,1081,852
74460,2281,1081,852
74461,2276,1081,851
74462,2278,1080,852
74463,2271,1081,851
74464,2292,1080,852
74465,2271,1081,852
74466,2268,1081,852
74467,2276,1080,852
74468,2300,1081,852
74469,2283,1080,852
74470,2276,1081,853
74471,2289,1080,853
74472,2279,1081,852
74473,2281,1080,852
74474,2270,1081,853
74475,2291,1080,852
74476,2271,1080,851
74477,2292,1080,853
74478,2298,1081,852
74479,2295,1080,853
74480,2299,1081,852
74481,2297,1081,853
74482,2301,1080,853
74483,2298,1081,853
74484,2300,1081,852
74485,2311,1081,852
74486,2319,1080,852
74487,2315,1080,853
74488,2320,1080,852
74489,2317,1080,852
74490,2306,1080,852
74491,2311,1081,853
74492,2320,1080,852
74493,2350,1081,853
74494,2330,1081,853
74495,2314,1081,852
74496,2345,1080,853
74497,2338,1081,853
74498,2333,1081,852
74499,2354,1081,852
74500,2341,1081,853
74501,2331,1081,853
74502,2374,1081,859
74503,2359,1081,855
74504,2375,1081,857
74505,2358,1081,855
74506,2379,1081,857
74507,2363,1081,857
74508,2373,1081,858
74509,2389,1082,860
74510,2390,1082,861
74511,2419,1082,862
74512,2362,1082,861
74513,2398,1082,862
74514,2384,1082,862
74515,2426,1082,863
74516,2394,1083,861
74517,2398,1083,862
74518,2413,1082,863
74519,2411,1083,863
74520,2406,1082,863
74521,2469,1083,862
74522,2394,1083,863
74523,2389,1082,862
74524,2391,1083,863
74525,2413,1082,863
74526,2398,1082,863
74527,2435,1083,863
74528,2412,1082,863
74529,2403,1083,863
74530,2409,1082,863
74531,2404,1082,863
74532,2417,1082,863
74533,2417,1083,863
74534,2421,1084,863
74535,2416,1084,863
74536,2411,1085,863
74537,2415,1083,863
74538,2419,1086,863
74539,2426,1089,863
74540,2416,1088,863
74541,2419,1084,864
74542,2415,1085,863
74543,2417,1085,863
74544,2417,1083,863
74545,2407,1083,863
74546,2368,1083,863
74547,2399,1083,863
74548,2408,1083,863
74549,2433,1086,864
74550,2425,1088,863
74551,2404,1084,863
74552,2404,1083,863
74553,2376,1083,863
74554,2406,1083,863
74555,2411,1083,863
74556,2400,1083,863
74557,2392,1083,863
74558,2406,1082,863
74559,2394,1083,863
74560,2394,1082,863
74561,2399,1083,863
74562,2396,1082,863
74563,2392,1082,862
74564,2406,1083,863
74565,2396,1082,863
74566,2368,1082,863
74567,2370,1082,862
74568,2385,1082,862
74569,2393,1082,861
74570,2378,1081,861
74571,2368,1082,862
74572,2365,1082,860
74573,2336,1082,857
74574,2393,1082,858
74575,2350,1082,856
74576,2371,1082,856
74577,2333,1082,855
74578,2349,1081,854
74579,2364,1081,854
74580,2356,1081,854
74581,2339,1081,853
74582,2320,1080,852
74583,2326,1080,853
74584,2329,1081,852
74585,2315,1081,853
74586,2325,1081,853
74587,2310,1081,852
74588,2327,1080,853
74589,2304,1080,852
74590,2304,1080,852
74591,2298,1080,852
74592,2264,1080,852
74593,2297,1080,853
74594,2338,1081,853
74595,2300,1080,852
74596,2305,1081,853
74597,2287,1081,852
74598,2271,1081,853
74599,2259,1081,852
74600,2248,1081,853
74601,2277,1080,851
74602,2252,1080,852
74603,2257,1080,852
74604,2262,1080,851
74605,2262,1080,852
74606,2237,1080,850
74607,2249,1080,851
74608,2228,1080,851
74609,2262,1080,850
74610,2233,1080,851
74611,2228,1081,851
74612,2237,1080,851
74613,2211,1080,851
74614,2218,1080,847
74615,2217,1073,849
74616,2208,1078,845
74617,2185,1068,838
74618,2209,1061,845
74619,2205,1059,837
74620,2208,1058,837
74621,2177,1057,833
74622,2186,1057,832
74623,2183,1053,831
74624,2178,1051,830
74625,2146,1048,831
74626,2170,1047,830
74627,2167,1047,830
74628,2176,1047,831
74629,2162,1047,831
74630,2137,1047,830
74631,2167,1048,830
74632,2144,1047,831
74633,2143,1047,830
74634,2156,1047,830
74635,2118,1047,829
74636,2138,1047,830
74637,2113,1047,830
74638,2132,1047,829
74639,2119,1048,830
74640,2112,1047,829
74641,2110,1047,830
74642,2109,1047,829
74643,2109,1047,829
74644,2103,1047,829
74645,2103,1047,829
74646,2081,1047,829
74647,2072,1047,827
74648,2071,1045,826
74649,2075,1047,828
74650,2059,1046,827
74651,2077,1046,827
74652,2067,1047,828
74653,2073,1046,825
74654,2059,1046,825
74655,2049,1046,824
74656,2045,1045,824
74657,2045,1046,824
74658,2055,1045,825
74659,2076,1047,827
74660,1976,1047,827
74661,2050,1046,824
74662,2035,1046,823
74663,2020,1045,821
74664,1979,1045,821
74665,2012,1045,819
74666,2020,1045,819
74667,2013,1045,817
74668,1984,1044,818
74669,1997,1045,817
74670,1995,1044,817
74671,1987,1045,817
74672,1982,1044,817
74673,1974,1045,817
74674,1992,1045,819
74675,1989,1045,817
74676,1992,1045,817
74677,2024,1045,817
74678,1974,1045,817
74679,1965,1045,817
74680,1985,1044,816
74681,1969,1044,816
74682,1958,1044,816
74683,1960,1044,816
74684,1952,1045,816
74685,1934,1041,816
74686,1956,1043,816
74687,1911,1034,816
74688,1929,1034,815
74689,1931,1030,815
74690,1935,1026,815
74691,1926,1035,815
74692,1942,1028,816
74693,1914,1030,816
74694,1913,1040,816
74695,1913,1036,815
74696,1936,1035,816
74697,1909,1041,816
74698,1920,1043,816
74699,1901,1044,815
74700,1900,1039,815
74701,1889,1036,815
74702,1892,1028,815
74703,1928,1025,815
74704,1878,1025,815
74705,1887,1024,815
74706,1931,1024,812
74707,1894,1024,810
74708,1880,1023,812
74709,1871,1023,808
74710,1885,1023,807
74711,1863,1022,808
74712,1864,1022,802
74713,1846,1021,798
74714,1867,1014,799
74715,1856,1014,798
74716,1867,1012,796
74717,1845,1011,796
74718,1832,1011,796
74719,1841,1011,795
74720,1841,1010,795
74721,1856,1012,795
74722,1832,1011,795
74723,1862,1010,794
74724,1850,1010,794
74725,1836,1010,794
74726,1825,1010,794
74727,1805,1009,794
74728,1817,1009,793
74729,1860,1010,794
74730,1830,1010,794
74731,1828,1010,794
74732,1826,1010,794
74733,1813,1010,794
74734,1822,1010,794
74735,1821,1011,794
74736,1796,1010,795
74737,1807,1011,794
74738,1806,1010,795
74739,1803,1010,794
74740,1791,1011,794
74741,1801,1010,793
74742,1797,1010,793
74743,1795,1010,793
74744,1817,1009,793
74745,1797,1010,794
74746,1782,1010,793
74747,1801,1011,793
74748,1796,1010,794
74749,1788,1010,793
74750,1789,1010,793
74751,1779,1010,793
74752,1798,1010,794
74753,1832,1009,793
74754,1785,1010,794
74755,1779,1010,793
74756,1773,1010,793
74757,1778,1010,794
74758,1785,1010,794
74759,1776,1010,794
74760,1779,1010,794
74761,1765,1010,794
74762,1773,1010,794
74763,1792,1010,794
74764,1774,1010,794
74765,1777,1010,793
74766,1782,1010,793
74767,1766,1010,793
74768,1782,1010,794
74769,1765,1009,793
74770,1776,1010,794
74771,1774,1010,794
74772,1767,1011,793
74773,1775,1010,793
74774,1774,1010,794
74775,1772,1010,794
74776,1774,1010,793
74777,1751,1010,794
74778,1782,1011,793
74779,1752,1010,793
74780,1772,1010,794
74781,1765,1010,794
74782,1771,1010,793
74783,1750,1010,794
74784,1736,1010,793
74785,1749,1010,794
74786,1774,1010,793
74787,1762,1010,793
74788,1770,1009,793
74789,1766,1010,793
74790,1760,1009,794
74791,1758,1010,793
74792,1745,1009,793
74793,1752,1010,793
74794,1766,1010,793
74795,1762,1010,793
74796,1757,1010,793
74797,1760,1010,793
74798,1765,1010,793
74799,1753,1010,793
74800,1770,1011,793
74801,1751,1010,794
74802,1761,1010,794
74803,1750,1010,793
74804,1766,1011,793
74805,1771,1010,793
74806,1768,1010,793
74807,1769,1010,793
74808,1722,1009,792
74809,1760,1010,793
74810,1761,1010,792
74811,1767,1010,794
74812,1765,1009,793
74813,1771,1010,793
74814,1761,1010,793
74815,1802,1010,794
74816,1762,1010,793
74817,1760,1011,793
74818,1748,1010,793
74819,1759,1010,794
74820,1774,1010,792
74821,1771,1009,794
74822,1750,1010,793
74823,1762,1010,793
74824,1762,1010,793
74825,1761,1010,793
74826,1761,1009,793
74827,1767,1010,792
74828,1765,1009,793
74829,1756,1009,793
74830,1763,1010,793
74831,1752,1010,793
74832,1762,1009,793
74833,1769,1010,793
74834,1766,1009,793
74835,1770,1011,793
74836,1766,1009,793
74837,1765,1010,793
74838,1757,1010,793
74839,1761,1010,794
74840,1780,1010,794
74841,1764,1010,793
74842,1765,1010,793
74843,1772,1010,793
74844,1776,1010,793
74845,1770,1010,793
74846,1776,1010,794
74847,1771,1010,793
74848,1780,1010,793
74849,1778,1010,793
74850,1771,1010,794
74851,1784,1010,793
74852,1777,1010,793
74853,1768,1010,793
74854,1770,1010,793
74855,1776,1010,794
74856,1774,1010,794
74857,1733,1010,793
74858,1775,1010,793
74859,1770,1010,793
74860,1773,1010,793
74861,1779,1010,793
74862,1759,1010,794
74863,1767,1010,794
74864,1769,1010,794
74865,1773,1010,793
74866,1784,1010,794
74867,1765,1009,792
74868,1780,1008,793
74869,1786,1009,794
74870,1774,1010,793
74871,1776,1010,794
74872,1773,1010,794
74873,1783,1010,794
74874,1754,1010,794
74875,1744,1010,794
74876,1772,1010,794
74877,1786,1011,794
74878,1794,1010,794
74879,1779,1010,795
74880,1798,1010,794
74881,1792,1011,793
74882,1790,1011,794
74883,1774,1010,794
74884,1794,1010,794
74885,1784,1010,794
74886,1797,1010,794
74887,1785,1010,794
74888,1800,1010,793
74889,1783,1009,793
74890,1802,1010,794
74891,1783,1010,793
74892,1785,1009,794
74893,1777,1010,795
74894,1788,1010,794
74895,1793,1010,794
74896,1786,1010,794
74897,1787,1010,794
74898,1791,1010,794
74899,1780,1011,794
74900,1782,1010,794
74901,1783,1010,794
74902,1781,1010,794
74903,1791,1010,794
74904,1779,1010,793
74905,1782,1010,793
74906,1787,1010,793
74907,1773,1010,794
74908,1794,1010,793
74909,1794,1010,794
74910,1790,1009,794
74911,1793,1010,793
74912,1796,1009,794
74913,1773,1010,793
74914,1770,1010,793
74915,1784,1010,794
74916,1809,1010,794
74917,1793,1010,794
74918,1777,1010,794
74919,1782,1010,794
74920,1778,1010,794
74921,1769,1011,794
74922,1779,1010,794
74923,1777,1010,794
74924,1777,1010,794
74925,1776,1009,794
74926,1775,1010,794
74927,1783,1010,794
74928,1780,1010,793
74929,1784,1010,793
74930,1773,1010,793
74931,1754,1010,793
74932,1773,1010,793
74933,1764,1010,794
74934,1760,1010,793
74935,1758,1011,794
74936,1746,1010,794
74937,1764,1010,794
74938,1770,1010,793
74939,1763,1010,794
74940,1766,1010,794
74941,1767,1010,793
74942,1760,1010,793
74943,1784,1011,794
74944,1776,1010,793
74945,1757,1010,794
74946,1764,1010,792
74947,1762,1010,793
74948,1754,1009,792
74949,1757,1009,792
74950,1749,1009,792
74951,1753,1010,792
74952,1756,1010,792
74953,1752,1010,792
74954,1749,1010,793
74955,1746,1010,793
74956,1727,1010,793
74957,1665,1010,794
74958,1744,1009,793
74959,1733,1010,793
74960,1740,1010,793
74961,1710,1010,795
74962,1734,1010,794
74963,1732,1010,793
74964,1737,1009,793
74965,1734,1010,792
74966,1719,1009,792
74967,1732,1010,792
74968,1736,1009,792
74969,1733,1010,792
74970,1725,1009,792
74971,1727,1010,792
74972,1718,1010,792
74973,1713,1010,792
74974,1715,1010,792
74975,1709,1011,795
74976,1720,1010,793
74977,1723,1010,797
74978,1716,1011,794
74979,1715,1011,796
74980,1714,1010,794
74981,1715,1011,798
74982,1716,1011,795
74983,1714,1011,797
74984,1693,1014,806
74985,1716,1020,807
74986,1708,1022,810
74987,1715,1023,810
74988,1709,1023,812
74989,1692,1023,813
74990,1704,1024,814
74991,1701,1023,813
74992,1727,1023,810
74993,1701,1023,811
74994,1694,1023,812
74995,1696,1023,813
74996,1686,1024,813
74997,1694,1023,813
74998,1685,1024,813
74999,1698,1024,813
75000,1682,1024,813
75001,1687,1024,813
75002,1682,1023,813
75003,1681,1024,813
75004,1674,1024,813
75005,1679,1024,813
75006,1680,1024,813
75007,1680,1024,813
75008,1657,1023,812
75009,1656,1023,813
75010,1662,1023,813
75011,1663,1024,813
75012,1683,1024,813
75013,1668,1023,813
75014,1663,1024,813
75015,1660,1023,812
75016,1656,1024,813
75017,1665,1023,812
75018,1679,1023,813
75019,1645,1023,812
75020,1655,1023,812
75021,1649,1023,813
75022,1654,1024,812
75023,1659,1023,812
75024,1649,1023,812
75025,1650,1024,812
75026,1651,1023,813
75027,1642,1024,812
75028,1635,1023,812
75029,1635,1024,812
75030,1634,1024,812
75031,1643,1024,812
75032,1627,1023,812
75033,1682,1024,812
75034,1663,1024,812
75035,1630,1024,812
75036,1616,1024,812
75037,1644,1024,812
75038,1646,1024,812
75039,1627,1023,811
75040,1645,1023,813
75041,1635,1024,812
75042,1636,1023,813
75043,1664,1023,813
75044,1659,1023,813
75045,1658,1024,813
75046,1654,1023,813
75047,1663,1024,812
75048,1664,1023,812
75049,1670,1023,812
75050,1646,1023,812
75051,1648,1024,813
75052,1668,1023,813
75053,1686,1024,813
75054,1700,1023,809
75055,1710,1023,811
75056,1708,1023,808
75057,1724,1023,799
75058,1727,1016,796
75059,1770,1013,795
75060,1776,1011,794
75061,1765,1011,794
75062,1782,1011,794
75063,1777,1010,794
75064,1785,1010,793
75065,1816,1010,794
75066,1849,1010,794
75067,1859,1011,795
75068,1848,1010,799
75069,1896,1015,808
75070,1881,1020,811
75071,1900,1022,813
75072,1897,1023,814
75073,1932,1024,815
75074,1956,1024,816
75075,2004,1038,817
75076,2027,1043,817
75077,2031,1044,820
75078,2048,1045,821
75079,2024,1045,822
75080,2041,1045,825
75081,2104,1046,827
75082,2141,1046,828
75083,2186,1047,828
75084,2196,1046,830
75085,2202,1047,830
75086,2188,1046,833
75087,2224,1052,839
75088,2267,1056,844
75089,2285,1058,848
75090,2349,1073,850
75091,2381,1079,857
75092,2395,1080,860
75093,2406,1081,861
75094,2431,1082,862
75095,2436,1082,863
75096,2434,1082,863
75097,2486,1083,864
75098,2547,1091,875
75099,2578,1094,881
75100,2602,1106,883
75101,2609,1114,885
75102,2647,1116,886
75103,2634,1117,886
75104,2645,1117,887
75105,2689,1117,889
75106,2751,1118,894
75107,2779,1111,897
75108,2803,1101,898
75109,2819,1099,899
75110,2804,1098,899
75111,2822,1097,900
75112,2824,1098,902
75113,2890,1098,911
75114,2939,1106,917
75115,2973,1117,920
75116,2921,1120,922
75117,2999,1121,922
75118,3024,1121,921
75119,3027,1121,922
75120,3005,1121,920
75121,3059,1121,910
75122,3105,1109,906
75123,3139,1102,905
75124,3153,1100,905
75125,3148,1099,904
75126,3157,1098,905
75127,3159,1098,904
75128,3170,1098,905
75129,3210,1098,904
75130,3233,1098,915
75131,3255,1114,921
75132,3271,1119,923
75133,3257,1120,924
75134,3301,1122,926
75135,3268,1122,926
75136,3320,1123,927
75137,3322,1122,927
75138,3325,1123,927
75139,3339,1122,927
75140,3352,1126,927
75141,3356,1124,927
75142,3364,1126,927
75143,3363,1127,928
75144,3353,1131,927
75145,3386,1129,930
75146,3388,1132,933
75147,3408,1133,937
75148,3408,1133,936
75149,3395,1134,935
75150,3403,1133,936
75151,3405,1134,937
75152,3417,1134,938
75153,3454,1134,938
75154,3447,1134,938
75155,3420,1135,939
75156,3418,1135,939
75157,3414,1135,939
75158,3430,1135,939
75159,3451,1135,941
75160,3457,1135,939
75161,3368,1134,932
75162,3271,1133,929
75163,3223,1132,926
75164,3205,1125,918
75165,3183,1122,911
75166,3161,1109,908
75167,3166,1102,906
75168,3157,1099,909
75169,3211,1099,911
75170,3270,1106,919
75171,3299,1117,923
75172,3351,1120,925
75173,3360,1122,926
75174,3354,1123,927
75175,3374,1126,928
75176,3367,1131,930
75177,3368,1132,929
75178,3353,1132,928
75179,3357,1132,927
75180,3331,1126,926
75181,3345,1127,928
75182,3340,1131,927
75183,3340,1125,927
75184,3338,1123,927
75185,3329,1123,927
75186,3302,1122,927
75187,3296,1122,926
75188,3272,1122,926
75189,3287,1123,926
75190,3281,1122,926
75191,3289,1122,926
75192,3289,1122,926
75193,3250,1122,925
75194,3237,1122,925
75195,3228,1122,925
75196,3220,1122,920
75197,3202,1121,916
75198,3205,1121,911
75199,3179,1109,908
75200,3200,1102,914
75201,3198,1112,914
75202,3166,1114,909
75203,3162,1104,907
75204,3192,1100,906
75205,3075,1099,905
75206,3127,1099,906
75207,3185,1099,904
75208,3136,1098,904
75209,3121,1098,903
75210,3102,1098,903
75211,3085,1097,902
75212,3086,1098,902
75213,3078,1098,902
75214,3023,1098,902
75215,3114,1098,903
75216,3086,1098,903
75217,3048,1098,903
75218,3037,1099,903
75219,3013,1098,910
75220,3015,1105,912
75221,3012,1116,919
75222,3023,1119,920
75223,3003,1121,922
75224,3005,1122,922
75225,2996,1122,922
75226,2988,1121,922
75227,2963,1121,922
75228,2958,1121,922
75229,2940,1122,922
75230,2957,1122,922
75231,2938,1122,922
75232,2948,1121,922
75233,2940,1122,922
75234,2923,1122,922
75235,2898,1122,922
75236,2908,1121,922
75237,2892,1122,922
75238,2905,1122,921
75239,2895,1123,921
75240,2805,1121,921
75241,2891,1122,921
75242,2891,1121,918
75243,2883,1121,915
75244,2858,1120,916
75245,2850,1121,907
75246,2859,1105,904
75247,2858,1101,902
75248,2859,1099,901
75249,2844,1098,901
75250,2837,1098,901
75251,2875,1098,900
75252,2790,1098,901
75253,2777,1099,901
75254,2816,1098,900
75255,2818,1098,900
75256,2815,1098,901
75257,2816,1097,900
75258,2784,1097,900
75259,2795,1097,902
75260,2769,1098,901
75261,2782,1098,900
75262,2764,1098,900
75263,2782,1097,900
75264,2791,1098,900
75265,2779,1098,901
75266,2786,1098,900
75267,2775,1098,900
75268,2756,1097,900
75269,2768,1098,900
75270,2768,1097,900
75271,2737,1097,899
75272,2752,1097,899
75273,2743,1098,900
75274,2748,1097,899
75275,2746,1098,899
75276,2740,1097,900
75277,2714,1098,899
75278,2727,1097,899
75279,2750,1097,898
75280,2719,1097,898
75281,2701,1097,897
75282,2696,1104,897
75283,2707,1099,895
75284,2702,1109,895
75285,2688,1116,893
75286,2680,1117,896
75287,2655,1113,892
75288,2643,1117,892
75289,2665,1117,890
75290,2656,1118,889
75291,2661,1117,889
75292,2663,1118,889
75293,2640,1117,888
75294,2633,1117,888
75295,2621,1117,888
75296,2614,1117,887
75297,2610,1118,887
75298,2580,1117,887
75299,2603,1117,887
75300,2613,1118,887
75301,2607,1117,887
75302,2585,1117,886
75303,2563,1117,886
75304,2571,1117,885
75305,2545,1116,885
75306,2491,1117,886
75307,2603,1117,886
75308,2554,1117,885
75309,2561,1117,885
75310,2533,1117,885
75311,2515,1117,885
75312,2520,1117,885
75313,2509,1117,880
75314,2517,1106,872
75315,2556,1098,872
75316,2516,1096,874
75317,2476,1095,869
75318,2470,1094,866
75319,2489,1094,867
75320,2467,1093,865
75321,2467,1093,865
75322,2462,1093,864
75323,2463,1090,864
75324,2477,1086,865
75325,2451,1088,864
75326,2469,1086,864
75327,2429,1087,864
75328,2432,1086,863
75329,2413,1084,863
75330,2429,1082,864
75331,2436,1089,864
75332,2331,1088,863
75333,2440,1085,863
75334,2388,1083,863
75335,2394,1083,863
75336,2404,1083,863
75337,2389,1083,863
75338,2384,1082,863
75339,2395,1083,863
75340,2394,1083,863
75341,2382,1083,863
75342,2365,1083,862
75343,2381,1083,862
75344,2380,1083,862
75345,2376,1083,862
75346,2371,1082,862
75347,2376,1083,862
75348,2393,1082,863
75349,2382,1082,862
75350,2364,1082,861
75351,2403,1082,862
75352,2365,1082,861
75353,2353,1082,859
75354,2373,1082,858
75355,2358,1081,856
75356,2369,1082,859
75357,2369,1081,858
75358,2359,1082,856
75359,2356,1081,857
75360,2353,1082,859
75361,2366,1082,856
75362,2347,1082,857
75363,2361,1082,857
75364,2367,1081,858
75365,2382,1082,861
75366,2379,1082,859
75367,2378,1082,861
75368,2372,1083,861
75369,2359,1082,860
75370,2368,1082,862
75371,2374,1082,861
75372,2361,1082,862
75373,2376,1082,860
75374,2391,1083,861
75375,2387,1082,862
75376,2380,1083,863
75377,2385,1082,862
75378,2406,1087,864
75379,2395,1087,863
75380,2381,1084,863
75381,2386,1083,863
75382,2389,1083,863
75383,2398,1083,863
75384,2401,1082,862
75385,2398,1083,863
75386,2397,1082,863
75387,2454,1083,863
75388,2405,1083,863
75389,2409,1083,863
75390,2401,1083,863
75391,2417,1083,863
75392,2427,1086,863
75393,2417,1088,863
75394,2430,1088,863
75395,2420,1089,863
75396,2411,1088,863
75397,2409,1084,864
75398,2427,1090,863
75399,2415,1086,863
75400,2434,1084,863
75401,2414,1088,863
75402,2437,1084,863
75403,2434,1084,863
75404,2443,1083,864
75405,2450,1085,863
75406,2442,1083,863
75407,2438,1083,863
75408,2442,1083,863
75409,2445,1082,863
75410,2447,1083,863
75411,2438,1083,863
75412,2406,1086,863
75413,2445,1083,863
75414,2473,1083,863
75415,2453,1086,863
75416,2452,1087,863
75417,2450,1084,863
75418,2442,1087,863
75419,2447,1085,864
75420,2448,1091,864
75421,2440,1089,864
75422,2453,1087,863
75423,2452,1089,863
75424,2444,1085,863
75425,2452,1088,865
75426,2444,1088,863
75427,2456,1084,864
75428,2449,1085,863
75429,2396,1083,863
75430,2454,1083,863
75431,2433,1085,863
75432,2443,1083,863
75433,2390,1083,863
75434,2443,1086,863
75435,2440,1083,863
75436,2435,1086,863
75437,2424,1087,864
75438,2447,1091,863
75439,2421,1085,863
75440,2420,1084,863
75441,2465,1083,864
75442,2415,1085,863
75443,2414,1085,863
75444,2416,1084,863
75445,2415,1083,864
75446,2372,1086,863
75447,2433,1084,863
75448,2403,1083,863
75449,2385,1082,863
75450,2408,1083,863
75451,2390,1083,863
75452,2384,1083,863
75453,2397,1082,863
75454,2386,1083,863
75455,2402,1082,863
75456,2390,1083,862
75457,2399,1083,862
75458,2381,1082,862
75459,2389,1083,863
75460,2367,1082,862
75461,2365,1082,862
75462,2369,1082,859
75463,2368,1082,857
75464,2354,1081,855
75465,2350,1081,854
75466,2362,1081,854
75467,2347,1081,852
75468,2350,1080,852
75469,2345,1080,853
75470,2329,1080,853
75471,2339,1080,853
75472,2330,1081,853
75473,2335,1081,853
75474,2325,1081,853
75475,2330,1080,853
75476,2330,1081,852
75477,2311,1080,851
75478,2306,1080,852
75479,2244,1081,853
75480,2288,1081,853
75481,2291,1081,853
75482,2308,1081,853
75483,2294,1080,852
75484,2290,1080,852
75485,2284,1080,852
75486,2267,1080,851
75487,2270,1080,852
75488,2268,1080,851
75489,2268,1080,851
75490,2260,1080,851
75491,2293,1081,852
75492,2256,1080,851
75493,2265,1081,851
75494,2238,1081,851
75495,2231,1080,851
75496,2227,1080,851
75497,2239,1080,851
75498,2203,1073,849
75499,2226,1078,846
75500,2234,1066,848
75501,2235,1075,849
75502,2204,1071,840
75503,2190,1062,836
75504,2186,1058,833
75505,2186,1057,831
75506,2185,1052,835
75507,2192,1055,832
75508,2194,1055,831
75509,2177,1051,830
75510,2167,1048,830
75511,2158,1047,830
75512,2161,1047,830
75513,2144,1047,831
75514,2154,1047,830
75515,2155,1047,830
75516,2145,1047,830
75517,2144,1047,830
75518,2114,1047,830
75519,2134,1048,830
75520,2125,1047,829
75521,2129,1047,830
75522,2112,1047,830
75523,2120,1047,830
75524,2072,1047,829
75525,2030,1047,829
75526,2082,1047,829
75527,2122,1046,829
75528,2095,1047,828
75529,2092,1047,828
75530,2088,1047,828
75531,2086,1047,828
75532,2086,1046,828
75533,2074,1047,828
75534,2099,1046,828
75535,2052,1047,829
75536,2064,1046,824
75537,2051,1046,821
75538,2064,1046,823
75539,2050,1046,825
75540,2047,1046,825
75541,2047,1046,824
75542,2072,1046,824
75543,2028,1046,823
75544,2037,1046,822
75545,2007,1045,821
75546,2057,1045,819
75547,2018,1045,821
75548,2021,1045,819
75549,2015,1045,818
75550,2022,1045,822
75551,2007,1045,818
75552,2000,1045,818
75553,1989,1045,818
75554,1993,1045,817
75555,1993,1044,817
75556,2000,1045,817
75557,1987,1045,817
75558,1980,1045,817
75559,1966,1044,817
75560,1936,1045,817
75561,1991,1045,817
75562,1953,1044,816
75563,1966,1045,817
75564,1964,1045,816
75565,1965,1044,816
75566,1945,1045,817
75567,1932,1044,816
75568,1941,1041,816
75569,1939,1043,815
75570,1931,1030,815
75571,1922,1025,815
75572,1942,1025,815
75573,1901,1032,815
75574,1910,1026,815
75575,1881,1032,815
75576,1905,1027,815
75577,1906,1025,811
75578,1835,1025,814
75579,1919,1024,814
75580,1907,1025,815
75581,1902,1024,815
75582,1897,1024,815
75583,1891,1024,815
75584,1878,1025,812
75585,1876,1024,813
75586,1869,1024,814
75587,1874,1024,814
75588,1913,1024,811
75589,1871,1024,814
75590,1865,1023,804
75591,1863,1023,799
75592,1858,1016,797
75593,1855,1013,796
75594,1850,1012,796
75595,1863,1010,795
75596,1844,1010,795
75597,1904,1015,798
75598,1823,1012,796
75599,1846,1011,795
75600,1826,1010,795
75601,1833,1011,795
75602,1828,1010,794
75603,1832,1010,795
75604,1823,1010,794
75605,1811,1010,794
75606,1812,1010,794
75607,1783,1010,794
75608,1823,1010,794
75609,1819,1010,794
75610,1827,1011,793
75611,1810,1011,794
75612,1817,1010,794
75613,1824,1010,794
75614,1807,1010,794
75615,1795,1011,794
75616,1799,1010,794
75617,1831,1010,793
75618,1801,1010,793
75619,1799,1010,794
75620,1802,1010,793
75621,1788,1010,794
75622,1790,1010,794
75623,1782,1010,794
75624,1792,1010,794
75625,1826,1010,794
75626,1773,1010,793
75627,1797,1011,794
75628,1784,1010,794
75629,1785,1010,793
75630,1777,1010,794
75631,1783,1010,794
75632,1764,1010,793
75633,1767,1010,794
75634,1774,1010,794
75635,1768,1009,794
75636,1797,1010,794
75637,1771,1010,794
75638,1764,1010,793
75639,1763,1010,794
75640,1765,1010,792
75641,1766,1010,793
75642,1762,1010,793
75643,1764,1010,793
75644,1770,1011,794
75645,1759,1010,793
75646,1780,1010,793
75647,1764,1009,793
75648,1736,1010,793
75649,1748,1009,792
75650,1749,1010,792
75651,1751,1010,793
75652,1752,1010,792
75653,1749,1010,793
75654,1741,1010,792
75655,1752,1010,793
75656,1748,1010,793
75657,1748,1010,793
75658,1756,1010,794
75659,1749,1010,793
75660,1738,1011,793
75661,1746,1010,793
75662,1744,1010,792
75663,1740,1010,793
75664,1746,1009,792
75665,1726,1009,792
75666,1745,1010,793
75667,1714,1009,793
75668,1740,1010,793
75669,1735,1009,792
75670,1739,1010,792
75671,1740,1009,792
75672,1737,1010,792
75673,1743,1010,793
75674,1735,1010,793
75675,1741,1009,793
75676,1738,1009,793
75677,1709,1010,795
75678,1739,1010,794
75679,1726,1010,794
75680,1736,1011,793
75681,1735,1010,793
75682,1734,1010,792
75683,1758,1010,793
75684,1698,1010,795
75685,1737,1011,794
75686,1746,1010,793
75687,1743,1010,793
75688,1746,1010,793
75689,1741,1010,792
75690,1732,1009,793
75691,1746,1010,792
75692,1754,1010,792
75693,1751,1010,793
75694,1741,1010,793
75695,1741,1009,792
75696,1729,1010,791
75697,1736,1010,793
75698,1738,1010,796
75699,1738,1011,794
75700,1718,1010,794
75701,1721,1010,793
75702,1745,1010,793
75703,1740,1010,792
75704,1737,1010,793
75705,1752,1009,792
75706,1742,1009,792
75707,1779,1009,792
75708,1736,1010,791
75709,1749,1009,792
75710,1743,1010,792
75711,1747,1010,792
75712,1741,1010,792
75713,1747,1010,792
75714,1746,1010,792
75715,1742,1010,793
75716,1728,1010,792
75717,1729,1010,793
75718,1747,1010,793
75719,1740,1010,793
75720,1737,1009,793
75721,1730,1010,792
75722,1747,1009,794
75723,1745,1011,792
75724,1733,1010,792
75725,1760,1009,792
75726,1751,1009,793
75727,1748,1010,793
75728,1745,1009,793
75729,1749,1010,792
75730,1751,1009,793
75731,1737,1010,792
75732,1748,1010,793
75733,1751,1010,792
75734,1750,1010,793
75735,1757,1010,792
75736,1749,1009,793
75737,1755,1010,792
75738,1753,1010,793
75739,1763,1010,793
75740,1765,1010,793
75741,1771,1010,792
75742,1743,1010,793
75743,1744,1010,792
75744,1743,1010,793
75745,1750,1010,793
75746,1742,1010,793
75747,1747,1010,793
75748,1659,1010,792
75749,1737,1010,792
75750,1762,1010,792
75751,1746,1010,793
75752,1721,1010,793
75753,1735,1010,793
75754,1728,1010,793
75755,1719,1010,792
75756,1738,1010,792
75757,1732,1010,793
75758,1754,1009,792
75759,1736,1009,792
75760,1742,1010,792
75761,1726,1010,793
75762,1734,1009,792
75763,1727,1010,793
75764,1735,1010,793
75765,1741,1010,792
75766,1736,1009,792
75767,1740,1009,792
75768,1704,1010,799
75769,1756,1012,796
75770,1725,1011,794
75771,1725,1010,793
75772,1738,1009,793
75773,1716,1010,791
75774,1729,1010,792
75775,1733,1009,792
75776,1721,1009,792
75777,1732,1010,792
75778,1730,1010,792
75779,1739,1009,792
75780,1727,1010,792
75781,1709,1010,795
75782,1735,1011,793
75783,1734,1010,793
75784,1728,1010,792
75785,1730,1010,796
75786,1725,1011,798
75787,1714,1011,795
75788,1728,1010,793
75789,1734,1010,796
75790,1718,1010,797
75791,1716,1011,795
75792,1721,1011,793
75793,1717,1010,793
75794,1720,1010,792
75795,1711,1010,795
75796,1716,1010,794
75797,1710,1010,799
75798,1729,1012,799
75799,1709,1017,798
75800,1714,1014,795
75801,1715,1012,793
75802,1716,1011,796
75803,1721,1011,794
75804,1693,1010,800
75805,1728,1014,795
75806,1711,1015,800
75807,1710,1019,802
75808,1704,1022,800
75809,1722,1018,801
75810,1709,1019,799
75811,1701,1019,806
75812,1716,1020,803
75813,1713,1021,802
75814,1716,1019,805
75815,1701,1021,804
75816,1721,1022,802
75817,1717,1018,800
75818,1725,1017,796
75819,1716,1012,797
75820,1701,1015,801
75821,1703,1020,803
75822,1711,1021,803
75823,1725,1021,806
75824,1707,1022,806
75825,1704,1022,805
75826,1701,1022,801
75827,1702,1022,803
75828,1703,1022,808
75829,1701,1022,811
75830,1705,1023,812
75831,1708,1024,813
75832,1704,1023,813
75833,1701,1024,813
75834,1704,1024,809
75835,1700,1024,811
75836,1700,1023,813
75837,1699,1024,812
75838,1686,1024,813
75839,1694,1024,814
75840,1694,1024,813
75841,1691,1024,813
75842,1689,1024,814
75843,1694,1024,814
75844,1690,1024,814
75845,1685,1024,813
75846,1687,1023,813
75847,1685,1023,813
75848,1679,1023,812
75849,1693,1024,812
75850,1683,1023,814
75851,1680,1023,813
75852,1679,1023,813
75853,1679,1024,812
75854,1674,1023,812
75855,1682,1023,813
75856,1678,1023,813
75857,1676,1023,813
75858,1673,1024,813
75859,1677,1024,813
75860,1673,1024,813
75861,1673,1024,813
75862,1676,1023,812
75863,1675,1024,813
75864,1669,1024,812
75865,1672,1024,813
75866,1663,1023,812
75867,1664,1023,811
75868,1658,1023,811
75869,1666,1023,812
75870,1660,1023,813
75871,1666,1023,813
75872,1671,1024,813
75873,1663,1023,812
75874,1659,1023,812
75875,1657,1023,813
75876,1658,1023,813
75877,1657,1024,813
75878,1655,1024,813
75879,1649,1024,813
75880,1649,1024,813
75881,1657,1024,813
75882,1645,1024,812
75883,1632,1024,812
75884,1649,1024,812
75885,1641,1024,812
75886,1640,1023,812
75887,1653,1024,812
75888,1649,1023,812
75889,1639,1023,812
75890,1641,1023,813
75891,1635,1023,812
75892,1636,1023,812
75893,1625,1023,812
75894,1631,1024,812
75895,1633,1024,812
75896,1630,1023,811
75897,1626,1023,812
75898,1626,1023,812
75899,1618,1024,811
75900,1625,1024,812
75901,1625,1024,812
75902,1630,1023,811
75903,1627,1024,812
75904,1627,1023,811
75905,1622,1023,811
75906,1620,1023,811
75907,1622,1023,811
75908,1615,1023,811
75909,1615,1023,811
75910,1615,1023,812
75911,1615,1023,811
75912,1615,1023,812
75913,1616,1023,811
75914,1614,1023,812
75915,1605,1023,810
75916,1609,1023,811
75917,1616,1023,811
75918,1614,1023,811
75919,1591,1023,811
75920,1606,1024,811
75921,1598,1024,811
75922,1606,1024,811
75923,1591,1023,811
75924,1613,1023,811
75925,1608,1024,812
75926,1608,1023,812
75927,1602,1023,811
75928,1614,1023,811
75929,1606,1023,810
75930,1605,1023,811
75931,1600,1023,810
75932,1599,1023,811
75933,1597,1023,811
75934,1592,1023,807
75935,1586,1023,809
75936,1595,1023,809
75937,1597,1023,810
75938,1594,1023,811
75939,1594,1023,810
75940,1584,1023,810
75941,1581,1024,809
75942,1593,1023,809
75943,1605,1023,810
75944,1596,1023,811
75945,1588,1023,811
75946,1563,1023,808
75947,1577,1022,809
75948,1602,1022,806
75949,1578,1022,803
75950,1589,1022,799
75951,1574,1019,797
75952,1587,1017,797
75953,1587,1016,801
75954,1578,1015,796
75955,1598,1012,801
75956,1588,1017,803
75957,1547,1021,797
75958,1582,1018,801
75959,1585,1018,803
75960,1575,1021,804
75961,1567,1021,800
75962,1571,1017,795
75963,1588,1016,800
75964,1588,1018,806
75965,1602,1021,808
75966,1587,1021,809
75967,1597,1022,810
75968,1596,1023,810
75969,1598,1023,810
75970,1602,1023,811
75971,1624,1023,811
75972,1619,1023,811
75973,1621,1024,812
75974,1616,1024,812
75975,1626,1024,811
75976,1625,1024,812
75977,1614,1024,812
75978,1646,1024,812
75979,1667,1025,813
75980,1672,1024,813
75981,1694,1024,813
75982,1687,1023,812
75983,1691,1024,813
75984,1693,1023,813
75985,1710,1024,814
75986,1736,1023,802
75987,1755,1022,798
75988,1782,1014,796
75989,1686,1012,794
75990,1780,1010,794
75991,1793,1011,794
75992,1778,1010,794
75993,1789,1010,794
75994,1850,1010,795
75995,1883,1011,804
75996,1913,1019,809
75997,1913,1021,813
75998,1911,1023,815
75999,1924,1024,815
76000,1943,1024,815
76001,1944,1032,816
76002,1983,1041,816
76003,2032,1044,823
76004,2069,1045,825
76005,2079,1046,827
76006,2082,1046,828
76007,2103,1046,827
76008,2102,1046,828
76009,2094,1046,827
76010,2180,1046,829
76011,2208,1050,840
76012,2249,1055,846
76013,2271,1058,848
76014,2320,1073,850
76015,2299,1078,852
76016,2288,1080,852
76017,2301,1080,852
76018,2378,1081,858
76019,2384,1081,861
76020,2461,1081,863
76021,2496,1086,863
76022,2493,1083,864
76023,2493,1090,865
76024,2539,1092,865
76025,2507,1093,865
76026,2572,1093,876
76027,2628,1095,881
76028,2662,1109,886
76029,2692,1115,887
76030,2703,1116,890
76031,2696,1117,889
76032,2715,1118,893
76033,2711,1118,896
76034,2755,1106,898
76035,2868,1101,902
76036,2853,1098,905
76037,2882,1098,913
76038,2917,1111,917
76039,2911,1117,920
76040,2923,1119,919
76041,2922,1121,922
76042,2975,1121,922
76043,3028,1121,915
76044,3051,1121,908
76045,3070,1106,905
76046,3082,1101,904
76047,3091,1099,904
76048,3080,1098,903
76049,3085,1098,903
76050,3135,1098,904
76051,3187,1098,905
76052,3220,1098,911
76053,3211,1102,912
76054,3248,1111,919
76055,3221,1118,921
76056,3224,1120,923
76057,3227,1121,924
76058,3281,1122,925
76059,3306,1122,926
76060,3326,1122,927
76061,3324,1122,927
76062,3322,1122,927
76063,3338,1123,926
76064,3339,1122,926
76065,3334,1122,927
76066,3366,1122,928
76067,3397,1129,931
76068,3402,1132,932
76069,3401,1132,933
76070,3410,1134,935
76071,3414,1134,937
76072,3411,1134,937
76073,3411,1134,938
76074,3428,1135,938
76075,3428,1134,939
76076,3443,1135,939
76077,3442,1135,940
76078,3457,1135,939
76079,3446,1135,940
76080,3436,1135,939
76081,3435,1135,939
76082,3452,1135,940
76083,3449,1134,939
76084,3462,1135,940
76085,3439,1135,939
76086,3455,1134,939
76087,3409,1134,938
76088,3457,1135,940
76089,3432,1135,939
76090,3348,1134,933
76091,3302,1133,929
76092,3269,1132,928
76093,3230,1129,926
76094,3229,1124,919
76095,3217,1121,912
76096,3202,1113,908
76097,3195,1110,909
76098,3286,1110,918
76099,3323,1117,923
76100,3361,1121,925
76101,3345,1122,927
76102,3366,1122,927
76103,3380,1122,928
76104,3373,1128,928
76105,3378,1131,931
76106,3382,1132,931
76107,3358,1133,929
76108,3351,1132,928
76109,3346,1133,928
76110,3358,1129,928
76111,3328,1127,927
76112,3341,1124,927
76113,3347,1124,929
76114,3322,1127,927
76115,3311,1126,927
76116,3290,1127,927
76117,3273,1123,927
76118,3292,1123,926
76119,3280,1123,927
76120,3270,1122,926
76121,3264,1122,925
76122,3251,1122,926
76123,3237,1122,921
76124,3209,1121,917
76125,3175,1121,917
76126,3216,1121,918
76127,3227,1120,911
76128,3204,1109,911
76129,3215,1105,912
76130,3169,1108,911
76131,3147,1105,908
76132,3150,1101,906
76133,3128,1100,906
76134,3136,1098,903
76135,3137,1099,905
76136,3136,1098,904
76137,3127,1098,904
76138,3109,1098,903
76139,3105,1098,903
76140,3071,1098,903
76141,3076,1098,903
76142,3069,1098,903
76143,3088,1098,902
76144,3070,1098,903
76145,3063,1098,902
76146,3016,1097,905
76147,3024,1098,914
76148,3018,1113,920
76149,3006,1119,922
76150,2998,1120,922
76151,2994,1121,923
76152,3002,1122,923
76153,2979,1121,922
76154,2984,1122,923
76155,2954,1121,922
76156,2932,1121,922
76157,2947,1121,923
76158,2891,1122,923
76159,2934,1122,922
76160,2955,1122,923
76161,2937,1122,922
76162,2911,1121,922
76163,2891,1122,922
76164,2893,1121,917
76165,2892,1121,919
76166,2889,1121,920
76167,2890,1121,920
76168,2883,1121,920
76169,2876,1121,921
76170,2865,1121,913
76171,2853,1113,907
76172,2846,1103,904
76173,2842,1099,902
76174,2837,1098,901
76175,2843,1098,901
76176,2840,1098,901
76177,2835,1097,901
76178,2805,1098,901
76179,2802,1098,901
76180,2786,1098,900
76181,2790,1097,900
76182,2791,1098,900
76183,2794,1097,901
76184,2840,1097,901
76185,2771,1097,900
76186,2787,1097,900
76187,2748,1097,900
76188,2755,1097,900
76189,2745,1097,899
76190,2735,1097,899
76191,2726,1097,898
76192,2727,1097,899
76193,2760,1097,899
76194,2737,1097,899
76195,2733,1097,898
76196,2685,1097,898
76197,2707,1097,898
76198,2716,1097,898
76199,2721,1097,898
76200,2699,1097,895
76201,2720,1102,894
76202,2694,1110,891
76203,2676,1116,890
76204,2690,1117,892
76205,2658,1118,894
76206,2666,1119,891
76207,2681,1118,893
76208,2663,1119,890
76209,2674,1117,891
76210,2629,1118,889
76211,2669,1118,888
76212,2623,1117,886
76213,2619,1118,887
76214,2623,1117,886
76215,2642,1118,887
76216,2632,1117,887
76217,2628,1117,887
76218,2594,1117,887
76219,2599,1117,886
76220,2583,1117,886
76221,2584,1117,885
76222,2581,1117,886
76223,2580,1117,885
76224,2576,1117,886
76225,2568,1117,885
76226,2546,1117,885
76227,2512,1117,885
76228,2520,1117,881
76229,2523,1117,875
76230,2521,1102,877
76231,2504,1097,871
76232,2519,1095,875
76233,2541,1095,870
76234,2481,1094,867
76235,2492,1093,866
76236,2476,1093,865
76237,2455,1093,864
76238,2463,1093,864
76239,2485,1093,865
76240,2471,1093,864
76241,2467,1093,864
76242,2442,1093,864
76243,2448,1092,864
76244,2437,1092,863
76245,2421,1085,863
76246,2443,1083,862
76247,2440,1083,863
76248,2415,1083,863
76249,2421,1083,863
76250,2426,1083,863
76251,2402,1082,863
76252,2405,1083,863
76253,2405,1083,863
76254,2405,1083,863
76255,2397,1083,863
76256,2384,1082,862
76257,2388,1083,863
76258,2380,1083,863
76259,2395,1082,862
76260,2373,1082,863
76261,2393,1083,861
76262,2373,1083,860
76263,2383,1082,861
76264,2379,1082,861
76265,2376,1082,862
76266,2378,1082,862
76267,2382,1082,860
76268,2374,1082,860
76269,2357,1082,861
76270,2377,1082,860
76271,2369,1083,859
76272,2376,1082,861
76273,2372,1082,861
76274,2374,1082,862
76275,2368,1082,860
76276,2367,1082,861
76277,2367,1082,859
76278,2374,1082,861
76279,2361,1082,859
76280,2375,1082,858
76281,2291,1082,860
76282,2365,1082,861
76283,2383,1082,861
76284,2363,1082,860
76285,2377,1082,862
76286,2377,1082,862
76287,2434,1082,862
76288,2385,1082,863
76289,2384,1082,862
76290,2367,1082,863
76291,2381,1082,862
76292,2387,1082,863
76293,2384,1082,860
76294,2399,1082,862
76295,2394,1083,862
76296,2387,1082,863
76297,2402,1083,862
76298,2394,1083,863
76299,2402,1083,863
76300,2403,1083,863
76301,2390,1082,863
76302,2409,1083,863
76303,2421,1083,863
76304,2400,1083,863
76305,2411,1083,863
76306,2400,1082,862
76307,2424,1086,864
76308,2419,1087,864
76309,2415,1086,863
76310,2433,1085,863
76311,2433,1084,863
76312,2427,1086,863
76313,2444,1085,863
76314,2460,1083,864
76315,2449,1090,863
76316,2432,1090,863
76317,2443,1088,863
76318,2487,1087,864
76319,2448,1091,864
76320,2465,1092,864
76321,2462,1089,864
76322,2471,1092,864
76323,2457,1092,863
76324,2467,1091,864
76325,2472,1092,864
76326,2479,1093,864
76327,2466,1093,865
76328,2475,1093,864
76329,2489,1093,864
76330,2484,1093,864
76331,2486,1093,865
76332,2464,1094,865
76333,2480,1093,865
76334,2477,1093,865
76335,2490,1093,864
76336,2481,1093,865
76337,2493,1093,865
76338,2498,1093,865
76339,2490,1093,864
76340,2493,1093,864
76341,2505,1093,865
76342,2480,1093,864
76343,2493,1093,864
76344,2468,1093,865
76345,2484,1093,865
76346,2496,1093,865
76347,2500,1093,865
76348,2483,1093,865
76349,2555,1093,868
76350,2485,1094,866
76351,2487,1093,865
76352,2500,1093,865
76353,2492,1089,864
76354,2480,1092,865
76355,2496,1092,864
76356,2501,1093,865
76357,2526,1093,865
76358,2494,1093,864
76359,2459,1093,868
76360,2497,1093,866
76361,2485,1094,865
76362,2500,1093,865
76363,2486,1093,865
76364,2488,1093,865
76365,2503,1093,864
76366,2495,1092,864
76367,2483,1093,864
76368,2525,1093,864
76369,2489,1093,864
76370,2489,1092,864
76371,2489,1093,864
76372,2512,1092,864
76373,2468,1093,864
76374,2481,1093,864
76375,2472,1093,864
76376,2469,1093,864
76377,2502,1093,864
76378,2468,1093,865
76379,2485,1093,865
76380,2476,1093,864
76381,2466,1093,864
76382,2454,1093,864
76383,2456,1092,864
76384,2453,1093,864
76385,2450,1091,864
76386,2455,1092,863
76387,2456,1085,863
76388,2454,1083,864
76389,2438,1087,864
76390,2447,1086,864
76391,2446,1086,863
76392,2431,1083,864
76393,2432,1085,863
76394,2454,1082,863
76395,2428,1087,863
76396,2418,1087,863
76397,2438,1084,863
76398,2417,1087,864
76399,2402,1091,864
76400,2396,1088,863
76401,2410,1084,863
76402,2404,1085,863
76403,2435,1083,862
76404,2398,1083,863
76405,2397,1082,863
76406,2393,1083,863
76407,2397,1082,863
76408,2379,1083,862
76409,2371,1082,862
76410,2374,1083,860
76411,2369,1082,859
76412,2376,1082,862
76413,2375,1082,861
76414,2365,1082,861
76415,2359,1081,857
76416,2408,1081,858
76417,2333,1081,855
76418,2323,1081,854
76419,2372,1081,853
76420,2337,1080,853
76421,2360,1081,853
76422,2329,1081,852
76423,2318,1080,853
76424,2313,1081,852
76425,2298,1081,852
76426,2295,1081,853
76427,2301,1081,852
76428,2311,1081,852
76429,2304,1081,852
76430,2272,1080,852
76431,2299,1080,851
76432,2282,1080,852
76433,2240,1080,851
76434,2238,1081,852
76435,2267,1081,852
76436,2266,1081,851
76437,2283,1081,852
76438,2250,1081,852
76439,2246,1080,851
76440,2244,1081,852
76441,2265,1080,851
76442,2237,1081,851
76443,2228,1080,851
76444,2180,1081,850
76445,2170,1081,850
76446,2225,1080,846
76447,2219,1068,845
76448,2208,1062,844
76449,2204,1059,837
76450,2197,1057,834
76451,2205,1057,832
76452,2193,1056,832
76453,2229,1056,833
76454,2175,1056,832
76455,2172,1056,831
76456,2174,1051,831
76457,2110,1049,830
76458,2158,1048,831
76459,2174,1047,830
76460,2149,1047,830
76461,2134,1047,830
76462,2099,1047,830
76463,2136,1047,830
76464,2080,1047,830
76465,2124,1047,829
76466,2123,1047,829
76467,2115,1047,830
76468,2145,1047,830
76469,2114,1047,830
76470,2104,1047,829
76471,2106,1047,829
76472,2099,1047,829
76473,2094,1047,830
76474,2089,1047,829
76475,2083,1047,829
76476,2090,1047,829
76477,2084,1048,828
76478,2071,1046,827
76479,2056,1047,829
76480,2054,1046,825
76481,2062,1046,824
76482,2062,1046,822
76483,2062,1045,823
76484,2043,1046,825
76485,2050,1046,824
76486,2046,1046,823
76487,2036,1046,824
76488,2036,1046,823
76489,2032,1046,826
76490,2023,1046,822
76491,2027,1046,824
76492,2017,1045,821
76493,2023,1045,820
76494,2020,1045,819
76495,2000,1045,818
76496,1995,1045,818
76497,1999,1045,817
76498,2013,1045,817
76499,1999,1045,818
76500,1999,1045,817
76501,1995,1045,818
76502,1985,1045,817
76503,1980,1045,818
76504,1981,1045,818
76505,1969,1045,817
76506,1978,1044,817
76507,1984,1045,817
76508,1966,1045,817
76509,1964,1044,816
76510,1957,1044,816
76511,1957,1044,816
76512,1985,1045,816
76513,1944,1044,816
76514,1947,1044,816
76515,1952,1044,816
76516,1946,1044,816
76517,1950,1045,815
76518,1923,1040,816
76519,1909,1040,816
76520,1911,1040,816
76521,1919,1043,815
76522,1919,1033,815
76523,1914,1027,815
76524,1908,1028,815
76525,1900,1025,815
76526,1904,1024,815
76527,1895,1024,815
76528,1895,1024,815
76529,1877,1024,815
76530,1886,1024,815
76531,1895,1024,815
76532,1860,1024,815
76533,1909,1024,815
76534,1896,1025,815
76535,1890,1024,815
76536,1862,1024,815
76537,1870,1024,809
76538,1874,1023,813
76539,1869,1023,803
76540,1909,1022,806
76541,1854,1022,803
76542,1859,1022,799
76543,1863,1015,797
76544,1867,1012,801
76545,1860,1013,800
76546,1851,1015,798
76547,1864,1012,804
76548,1855,1019,799
76549,1861,1015,797
76550,1856,1012,796
76551,1844,1011,796
76552,1849,1011,795
76553,1838,1011,794
76554,1853,1010,794
76555,1833,1010,794
76556,1831,1010,794
76557,1849,1010,794
76558,1839,1010,795
76559,1845,1010,794
76560,1840,1011,795
76561,1831,1010,795
76562,1840,1011,795
76563,1844,1010,794
76564,1849,1010,795
76565,1838,1010,794
76566,1837,1011,794
76567,1828,1010,794
76568,1827,1010,794
76569,1833,1010,794
76570,1852,1011,794
76571,1821,1010,794
76572,1833,1010,794
76573,1833,1011,794
76574,1823,1010,795
76575,1819,1011,795
76576,1812,1011,795
76577,1842,1010,794
76578,1819,1010,794
76579,1836,1010,794
76580,1811,1010,794
76581,1822,1010,794
76582,1822,1010,794
76583,1819,1011,794
76584,1827,1010,794
76585,1825,1011,794
76586,1815,1011,794
76587,1818,1010,794
76588,1824,1010,794
76589,1819,1010,794
76590,1810,1010,794
76591,1835,1010,793
76592,1818,1009,794
76593,1830,1011,794
76594,1824,1010,793
76595,1825,1010,794
76596,1821,1010,794
76597,1806,1010,794
76598,1825,1011,795
76599,1817,1010,794
76600,1799,1011,794
76601,1822,1010,794
76602,1805,1010,794
76603,1817,1010,793
76604,1803,1010,794
76605,1806,1010,794
76606,1818,1010,793
76607,1821,1010,794
76608,1817,1010,794
76609,1817,1010,794
76610,1820,1010,794
76611,1816,1010,793
76612,1813,1010,794
76613,1823,1010,793
76614,1850,1010,793
76615,1810,1010,794
76616,1827,1009,794
76617,1815,1010,793
76618,1821,1010,794
76619,1810,1010,794
76620,1820,1011,794
76621,1811,1011,794
76622,1829,1010,794
76623,1845,1010,794
76624,1830,1010,794
76625,1829,1010,794
76626,1814,1010,794
76627,1814,1010,794
76628,1810,1010,794
76629,1823,1010,794
76630,1825,1010,794
76631,1827,1010,794
76632,1834,1010,794
76633,1840,1010,794
76634,1827,1010,794
76635,1825,1010,794
76636,1826,1010,794
76637,1819,1010,794
76638,1822,1010,794
76639,1815,1010,794
76640,1827,1010,794
76641,1821,1010,794
76642,1844,1010,794
76643,1845,1010,794
76644,1825,1010,794
76645,1808,1010,795
76646,1830,1011,794
76647,1806,1010,794
76648,1826,1010,794
76649,1837,1011,794
76650,1827,1009,793
76651,1843,1010,795
76652,1839,1010,794
76653,1841,1010,795
76654,1840,1010,794
76655,1816,1010,795
76656,1829,1010,794
76657,1815,1011,795
76658,1826,1010,795
76659,1827,1010,794
76660,1833,1010,794
76661,1833,1011,795
76662,1832,1010,794
76663,1829,1011,794
76664,1826,1011,794
76665,1844,1011,794
76666,1828,1010,795
76667,1827,1010,794
76668,1829,1010,795
76669,1834,1010,794
76670,1828,1010,795
76671,1828,1010,794
76672,1763,1010,794
76673,1839,1010,793
76674,1792,1010,794
76675,1805,1010,794
76676,1835,1010,795
76677,1823,1010,794
76678,1837,1010,794
76679,1814,1010,795
76680,1825,1010,794
76681,1828,1010,794
76682,1825,1010,794
76683,1826,1010,794
76684,1815,1010,794
76685,1776,1010,794
76686,1829,1010,794
76687,1818,1010,794
76688,1821,1010,794
76689,1818,1009,794
76690,1817,1010,794
76691,1820,1010,794
76692,1791,1011,794
76693,1811,1010,794
76694,1808,1010,794
76695,1813,1010,794
76696,1811,1010,794
76697,1806,1010,794
76698,1840,1010,794
76699,1805,1011,794
76700,1809,1010,794
76701,1819,1011,794
76702,1814,1010,794
76703,1760,1011,794
76704,1824,1011,795
76705,1799,1010,794
76706,1805,1010,795
76707,1806,1010,794
76708,1810,1010,794
76709,1808,1009,793
76710,1807,1010,793
76711,1775,1010,794
76712,1803,1010,793
76713,1772,1011,794
76714,1796,1010,793
76715,1784,1010,794
76716,1786,1010,793
76717,1800,1010,794
76718,1774,1010,793
76719,1785,1010,794
76720,1795,1009,794
76721,1795,1011,794
76722,1766,1010,794
76723,1823,1011,795
76724,1805,1011,794
76725,1801,1010,794
76726,1771,1010,794
76727,1778,1010,793
76728,1766,1010,794
76729,1768,1010,794
76730,1785,1010,794
76731,1765,1010,793
76732,1772,1010,793
76733,1769,1010,794
76734,1772,1010,793
76735,1779,1011,794
76736,1765,1010,793
76737,1763,1010,794
76738,1759,1010,793
76739,1763,1011,793
76740,1766,1010,793
76741,1759,1011,794
76742,1748,1010,794
76743,1753,1010,793
76744,1739,1009,792
76745,1758,1010,793
76746,1741,1010,792
76747,1754,1010,793
76748,1753,1010,792
76749,1768,1010,793
76750,1741,1010,792
76751,1750,1010,792
76752,1742,1010,793
76753,1743,1010,792
76754,1736,1010,793
76755,1737,1010,792
76756,1739,1010,792
76757,1732,1011,793
76758,1732,1010,792
76759,1745,1010,792
76760,1729,1010,792
76761,1730,1010,792
76762,1725,1009,792
76763,1724,1010,793
76764,1720,1010,792
76765,1730,1010,797
76766,1722,1010,798
76767,1719,1012,795
76768,1731,1010,794
76769,1734,1010,796
76770,1745,1011,795
76771,1714,1010,796
76772,1721,1011,794
76773,1710,1010,796
76774,1716,1011,798
76775,1693,1014,803
76776,1707,1019,804
76777,1686,1021,805
76778,1706,1022,810
76779,1709,1022,808
76780,1696,1023,811
76781,1706,1023,813
76782,1705,1024,813
76783,1698,1024,813
76784,1696,1024,814
76785,1699,1024,813
76786,1680,1024,814
76787,1743,1024,813
76788,1693,1024,813
76789,1669,1024,813
76790,1693,1024,812
76791,1683,1024,813
76792,1678,1024,812
76793,1688,1024,813
76794,1681,1024,813
76795,1667,1024,812
76796,1679,1023,813
76797,1676,1024,813
76798,1661,1024,813
76799,1653,1024,812
76800,1666,1024,813
76801,1651,1024,813
76802,1670,1024,812
76803,1661,1024,813
76804,1657,1023,812
76805,1663,1024,813
76806,1650,1023,812
76807,1650,1024,813
76808,1664,1023,812
76809,1642,1023,812
76810,1656,1023,812
76811,1626,1023,812
76812,1663,1023,812
76813,1644,1023,812
76814,1645,1023,812
76815,1647,1023,813
76816,1642,1023,812
76817,1657,1024,812
76818,1603,1024,812
76819,1637,1024,813
76820,1652,1024,813
76821,1635,1024,812
76822,1637,1023,811
76823,1634,1023,812
76824,1633,1023,813
76825,1648,1023,812
76826,1640,1023,812
76827,1644,1023,812
76828,1642,1024,812
76829,1648,1024,812
76830,1654,1024,812
76831,1639,1024,812
76832,1649,1024,813
76833,1651,1024,812
76834,1670,1024,813
76835,1672,1024,812
76836,1678,1024,812
76837,1667,1024,812
76838,1668,1024,812
76839,1658,1024,813
76840,1662,1024,813
76841,1679,1024,813
76842,1674,1024,813
76843,1705,1024,810
76844,1718,1023,800
76845,1709,1022,799
76846,1732,1016,795
76847,1743,1012,794
76848,1729,1011,792
76849,1735,1010,793
76850,1753,1010,793
76851,1784,1010,793
76852,1799,1010,794
76853,1817,1010,793
76854,1820,1011,794
76855,1805,1010,794
76856,1825,1010,794
76857,1856,1011,794
76858,1853,1011,795
76859,1903,1014,805
76860,1931,1020,811
76861,1925,1022,813
76862,1949,1023,815
76863,1959,1024,815
76864,1949,1031,816
76865,1966,1040,816
76866,1997,1043,816
76867,2055,1044,818
76868,2083,1045,823
76869,2057,1045,825
76870,2099,1046,828
76871,2117,1047,828
76872,2119,1046,829
76873,2128,1047,829
76874,2162,1047,830
76875,2219,1051,841
76876,2276,1056,847
76877,2272,1065,850
76878,2314,1076,851
76879,2319,1080,852
76880,2304,1080,852
76881,2308,1081,852
76882,2360,1081,853
76883,2408,1081,858
76884,2434,1081,860
76885,2471,1082,862
76886,2487,1082,863
76887,2506,1082,864
76888,2496,1090,864
76889,2476,1092,864
76890,2530,1093,875
76891,2596,1095,881
76892,2631,1107,884
76893,2659,1114,886
76894,2668,1116,891
76895,2686,1118,893
76896,2696,1118,892
76897,2683,1119,891
76898,2710,1119,894
76899,2792,1112,898
76900,2821,1102,900
76901,2829,1099,900
76902,2856,1097,901
76903,2878,1098,907
76904,2871,1099,914
76905,2868,1114,917
76906,2930,1119,920
76907,2957,1121,921
76908,2988,1121,922
76909,2994,1122,923
76910,2983,1122,923
76911,3001,1122,918
76912,3022,1121,912
76913,3029,1113,908
76914,3072,1104,905
76915,3097,1100,904
76916,3100,1099,903
76917,3123,1099,905
76918,3148,1099,905
76919,3139,1098,905
76920,3136,1099,905
76921,3155,1098,905
76922,3188,1099,913
76923,3178,1103,912
76924,3241,1108,917
76925,3245,1117,921
76926,3241,1120,924
76927,3233,1121,924
76928,3245,1122,925
76929,3253,1122,926
76930,3274,1123,926
76931,3281,1122,926
76932,3296,1123,927
76933,3300,1122,927
76934,3301,1123,927
76935,3308,1122,928
76936,3308,1125,928
76937,3310,1125,928
76938,3310,1126,928
76939,3331,1125,928
76940,3335,1126,928
76941,3331,1126,928
76942,3329,1131,928
76943,3340,1128,927
76944,3325,1125,928
76945,3332,1125,928
76946,3344,1126,927
76947,3345,1124,927
76948,3337,1123,927
76949,3340,1122,927
76950,3327,1122,927
76951,3323,1122,927
76952,3310,1122,928
76953,3325,1124,928
76954,3276,1125,927
76955,3227,1123,924
76956,3201,1122,922
76957,3161,1121,914
76958,3136,1114,910
76959,3138,1103,907
76960,3130,1100,906
76961,3132,1099,905
76962,3150,1099,906
76963,3186,1098,905
76964,3221,1099,907
76965,3209,1099,910
76966,3247,1106,918
76967,3258,1116,922
76968,3257,1120,924
76969,3257,1121,925
76970,3246,1122,926
76971,3232,1121,922
76972,3212,1122,917
76973,3255,1121,917
76974,3207,1120,915
76975,3234,1121,913
76976,3189,1121,912
76977,3199,1120,911
76978,3182,1109,912
76979,3166,1110,908
76980,3151,1103,907
76981,3127,1100,905
76982,3113,1099,905
76983,3142,1098,904
76984,3139,1098,905
76985,3114,1098,904
76986,3122,1098,904
76987,3081,1097,903
76988,3086,1097,903
76989,3085,1098,902
76990,3074,1098,903
76991,3060,1097,902
76992,3063,1098,902
76993,3032,1098,902
76994,3040,1097,902
76995,2998,1098,913
76996,2993,1110,918
76997,3007,1118,921
76998,2985,1120,922
76999,2970,1121,923
77000,2983,1122,922
77001,2976,1122,923
77002,2986,1122,922
77003,2969,1122,923
77004,2918,1121,922
77005,2913,1121,921
77006,2906,1122,922
77007,2935,1121,922
77008,2917,1122,922
77009,2907,1121,922
77010,2898,1121,920
77011,2884,1121,921
77012,2869,1122,913
77013,2842,1113,910
77014,2861,1107,906
77015,2891,1101,903
77016,2854,1099,902
77017,2847,1098,901
77018,2838,1097,901
77019,2816,1098,901
77020,2824,1098,900
77021,2799,1098,901
77022,2789,1098,900
77023,2766,1097,901
77024,2787,1097,899
77025,2743,1098,901
77026,2765,1097,899
77027,2761,1097,899
77028,2751,1097,898
77029,2753,1098,899
77030,2724,1097,899
77031,2733,1097,896
77032,2720,1096,896
77033,2712,1100,897
77034,2733,1097,895
77035,2711,1102,895
77036,2708,1106,895
77037,2694,1112,891
77038,2679,1116,893
77039,2701,1118,894
77040,2674,1119,892
77041,2667,1118,889
77042,2685,1118,893
77043,2682,1118,890
77044,2644,1118,889
77045,2653,1118,888
77046,2632,1117,887
77047,2635,1118,887
77048,2627,1117,887
77049,2640,1118,886
77050,2628,1117,887
77051,2619,1117,886
77052,2602,1117,886
77053,2583,1117,886
77054,2578,1117,886
77055,2609,1117,886
77056,2595,1118,886
77057,2584,1117,886
77058,2581,1117,886
77059,2567,1116,886
77060,2545,1117,885
77061,2525,1117,886
77062,2541,1117,885
77063,2543,1117,883
77064,2550,1117,883
77065,2536,1117,884
77066,2524,1116,880
77067,2511,1109,877
77068,2501,1099,871
77069,2501,1096,867
77070,2485,1094,866
77071,2491,1094,865
77072,2496,1093,865
77073,2480,1093,864
77074,2477,1092,864
77075,2446,1093,864
77076,2437,1093,864
77077,2441,1093,863
77078,2433,1086,863
77079,2431,1089,863
77080,2425,1084,864
77081,2481,1091,863
77082,2398,1085,863
77083,2405,1087,863
77084,2390,1085,863
77085,2370,1083,862
77086,2369,1082,863
77087,2379,1082,861
77088,2366,1081,858
77089,2362,1082,859
77090,2400,1082,859
77091,2352,1081,856
77092,2293,1081,854
77093,2324,1081,853
77094,2326,1081,852
77095,2304,1081,853
77096,2336,1081,852
77097,2320,1080,853
77098,2312,1081,853
77099,2302,1080,852
77100,2288,1080,852
77101,2285,1081,852
77102,2270,1081,852
77103,2331,1081,853
77104,2305,1081,852
77105,2275,1080,852
77106,2268,1080,852
77107,2260,1080,852
77108,2254,1080,851
77109,2243,1081,851
77110,2221,1080,851
77111,2238,1080,851
77112,2245,1080,851
77113,2259,1080,851
77114,2227,1081,852
77115,2235,1080,850
77116,2224,1080,850
77117,2223,1080,850
77118,2227,1080,850
77119,2216,1080,846
77120,2209,1069,845
77121,2217,1065,840
77122,2115,1060,843
77123,2163,1059,839
77124,2206,1058,839
77125,2221,1058,841
77126,2208,1058,838
77127,2210,1057,838
77128,2199,1057,834
77129,2205,1056,832
77130,2198,1056,836
77131,2205,1056,833
77132,2206,1057,835
77133,2202,1057,833
77134,2213,1057,834
77135,2206,1057,833
77136,2202,1057,831
77137,2176,1055,832
77138,2214,1056,837
77139,2209,1057,840
77140,2223,1058,846
77141,2213,1058,840
77142,2218,1058,843
77143,2245,1058,846
77144,2216,1058,846
77145,2200,1059,844
77146,2228,1059,848
77147,2237,1070,849
77148,2231,1078,849
77149,2241,1079,851
77150,2236,1080,851
77151,2240,1080,850
77152,2248,1081,851
77153,2225,1080,851
77154,2247,1080,851
77155,2254,1081,851
77156,2261,1080,851
77157,2264,1081,852
77158,2266,1081,851
77159,2267,1080,851
77160,2264,1081,851
77161,2259,1081,852
77162,2252,1080,852
77163,2274,1080,852
77164,2298,1081,852
77165,2291,1081,851
77166,2290,1081,852
77167,2290,1081,853
77168,2280,1080,852
77169,2284,1081,852
77170,2293,1081,852
77171,2301,1080,852
77172,2284,1080,852
77173,2306,1080,852
77174,2300,1081,853
77175,2334,1080,852
77176,2317,1081,853
77177,2306,1080,852
77178,2316,1080,852
77179,2327,1081,853
77180,2330,1081,852
77181,2320,1081,854
77182,2322,1080,852
77183,2346,1081,853
77184,2343,1080,853
77185,2333,1081,853
77186,2316,1080,853
77187,2342,1081,852
77188,2358,1080,853
77189,2361,1081,853
77190,2353,1080,853
77191,2361,1081,853
77192,2359,1081,853
77193,2358,1081,854
77194,2355,1081,857
77195,2369,1081,857
77196,2373,1082,860
77197,2376,1081,859
77198,2381,1083,861
77199,2379,1082,862
77200,2369,1082,862
77201,2363,1083,862
77202,2374,1083,860
77203,2370,1082,859
77204,2361,1082,861
77205,2395,1082,861
77206,2385,1082,862
77207,2372,1082,861
77208,2356,1082,860
77209,2386,1082,862
77210,2376,1082,861
77211,2391,1083,862
77212,2376,1082,862
77213,2376,1082,859
77214,2387,1082,862
77215,2386,1083,862
77216,2384,1082,863
77217,2388,1083,863
77218,2375,1082,862
77219,2377,1082,862
77220,2378,1082,862
77221,2378,1083,862
77222,2386,1082,862
77223,2380,1083,862
77224,2359,1081,860
77225,2363,1083,861
77226,2350,1082,861
77227,2377,1083,861
77228,2361,1082,861
77229,2352,1083,858
77230,2351,1081,858
77231,2380,1081,856
77232,2367,1082,856
77233,2364,1081,854
77234,2380,1081,854
77235,2357,1081,854
77236,2348,1081,853
77237,2367,1081,853
77238,2348,1081,853
77239,2354,1081,853
77240,2344,1081,853
77241,2360,1081,853
77242,2392,1081,854
77243,2334,1082,853
77244,2339,1081,854
77245,2332,1081,853
77246,2317,1081,853
77247,2305,1081,853
77248,2320,1081,852
77249,2326,1081,851
77250,2319,1080,852
77251,2307,1080,852
77252,2209,1080,851
77253,2278,1080,852
77254,2289,1081,853
77255,2272,1081,852
77256,2290,1080,852
77257,2296,1081,853
77258,2298,1081,852
77259,2276,1081,853
77260,2243,1080,851
77261,2252,1080,852
77262,2252,1080,852
77263,2243,1080,851
77264,2260,1080,851
77265,2265,1081,851
77266,2256,1080,851
77267,2263,1081,851
77268,2250,1081,852
77269,2259,1081,851
77270,2263,1080,851
77271,2233,1080,850
77272,2237,1080,851
77273,2233,1080,851
77274,2218,1080,850
77275,2232,1080,850
77276,2226,1080,850
77277,2231,1081,851
77278,2219,1080,851
77279,2197,1074,844
77280,2197,1063,837
77281,2197,1059,834
77282,2200,1057,832
77283,2204,1056,831
77284,2184,1053,830
77285,2186,1049,831
77286,2182,1048,831
77287,2159,1047,830
77288,2158,1047,831
77289,2137,1047,829
77290,2129,1047,830
77291,2132,1047,830
77292,2142,1047,830
77293,2125,1047,829
77294,2102,1047,830
77295,2103,1047,829
77296,2127,1047,829
77297,2112,1047,828
77298,2084,1047,828
77299,2086,1047,829
77300,2085,1047,829
77301,2082,1047,828
77302,2075,1047,829
77303,2065,1047,825
77304,2054,1046,821
77305,2042,1046,823
77306,2049,1046,821
77307,2055,1045,821
77308,2062,1045,822
77309,2041,1045,823
77310,2056,1045,824
77311,2019,1046,822
77312,2029,1045,822
77313,2017,1045,819
77314,2035,1046,822
77315,1997,1045,820
77316,2007,1045,821
77317,2017,1044,819
77318,2021,1045,818
77319,1998,1045,818
77320,1989,1045,817
77321,1978,1045,817
77322,2005,1045,817
77323,1961,1045,817
77324,1983,1045,817
77325,1984,1044,817
77326,1973,1045,817
77327,1976,1045,817
77328,1965,1044,817
77329,1959,1044,816
77330,1950,1045,816
77331,1927,1044,816
77332,1953,1037,816
77333,1946,1043,818
77334,1941,1044,816
77335,1938,1035,816
77336,1927,1032,815
77337,1927,1029,815
77338,1921,1033,816
77339,1901,1037,815
77340,1912,1035,816
77341,1925,1031,816
77342,1916,1041,816
77343,1907,1036,815
77344,1903,1029,815
77345,1894,1026,815
77346,1891,1025,815
77347,1889,1025,815
77348,1921,1025,815
77349,1906,1024,815
77350,1904,1024,815
77351,1872,1027,814
77352,1879,1025,811
77353,1885,1023,804
77354,1813,1022,799
77355,1864,1016,798
77356,1883,1017,799
77357,1822,1014,797
77358,1874,1016,799
77359,1854,1014,797
77360,1845,1012,796
77361,1833,1012,796
77362,1851,1011,795
77363,1841,1011,795
77364,1861,1011,795
77365,1826,1010,794
77366,1841,1010,794
77367,1833,1010,794
77368,1819,1010,795
77369,1823,1009,794
77370,1828,1009,794
77371,1815,1010,793
77372,1811,1010,793
77373,1832,1010,794
77374,1829,1010,794
77375,1797,1010,794
77376,1801,1010,794
77377,1787,1011,794
77378,1792,1010,794
77379,1780,1010,794
77380,1781,1011,794
77381,1793,1010,794
77382,1800,1010,794
77383,1808,1009,793
77384,1776,1010,794
77385,1765,1010,793
77386,1776,1010,793
77387,1773,1010,794
77388,1803,1010,794
77389,1785,1010,793
77390,1776,1010,794
77391,1747,1010,793
77392,1758,1010,793
77393,1750,1011,793
77394,1750,1010,793
77395,1750,1010,793
77396,1772,1011,794
77397,1755,1010,793
77398,1760,1010,793
77399,1747,1010,792
77400,1738,1010,793
77401,1720,1009,792
77402,1728,1011,793
77403,1732,1010,792
77404,1735,1010,793
77405,1721,1010,792
77406,1734,1010,792
77407,1730,1009,792
77408,1723,1010,792
77409,1710,1010,795
77410,1717,1010,797
77411,1718,1010,799
77412,1712,1012,795
77413,1718,1011,793
77414,1744,1010,792
77415,1715,1010,800
77416,1713,1012,796
77417,1711,1015,802
77418,1717,1015,797
77419,1714,1012,799
77420,1704,1016,807
77421,1722,1020,799
77422,1710,1020,807
77423,1699,1021,810
77424,1700,1023,811
77425,1694,1023,813
77426,1699,1023,813
77427,1703,1024,814
77428,1705,1023,814
77429,1708,1023,813
77430,1702,1023,813
77431,1700,1024,813
77432,1693,1023,812
77433,1711,1023,813
77434,1699,1024,813
77435,1696,1024,813
77436,1694,1024,813
77437,1700,1023,809
77438,1698,1024,811
77439,1707,1023,812
77440,1680,1024,812
77441,1683,1024,814
77442,1696,1023,813
77443,1694,1024,813
77444,1691,1024,814
77445,1695,1024,813
77446,1689,1024,813
77447,1695,1023,809
77448,1685,1023,811
77449,1706,1023,812
77450,1692,1023,813
77451,1672,1023,813
77452,1690,1023,813
77453,1705,1023,813
77454,1698,1023,813
77455,1684,1023,813
77456,1699,1024,814
77457,1688,1024,813
77458,1721,1024,809
77459,1694,1024,812
77460,1696,1024,813
77461,1698,1024,814
77462,1694,1024,814
77463,1686,1023,813
77464,1700,1023,813
77465,1693,1023,813
77466,1714,1023,810
77467,1734,1023,809
77468,1700,1023,811
77469,1698,1024,813
77470,1703,1023,813
77471,1703,1024,813
77472,1706,1024,813
77473,1700,1024,808
77474,1704,1024,808
77475,1707,1023,802
77476,1715,1022,801
77477,1718,1020,797
77478,1712,1013,802
77479,1698,1019,808
77480,1712,1021,800
77481,1698,1021,808
77482,1723,1022,803
77483,1710,1022,805
77484,1712,1021,803
77485,1716,1022,798
77486,1714,1015,795
77487,1695,1011,796
77488,1717,1010,794
77489,1719,1010,792
77490,1727,1010,795
77491,1725,1010,794
77492,1733,1010,792
77493,1723,1010,796
77494,1721,1011,794
77495,1728,1010,793
77496,1728,1010,792
77497,1735,1010,792
77498,1725,1010,792
77499,1728,1010,797
77500,1728,1010,794
77501,1728,1010,793
77502,1731,1010,793
77503,1731,1011,793
77504,1739,1010,792
77505,1732,1010,794
77506,1733,1010,792
77507,1730,1010,793
77508,1736,1010,793
77509,1742,1009,792
77510,1712,1010,793
77511,1742,1009,792
77512,1742,1009,792
77513,1728,1009,792
77514,1742,1009,793
77515,1730,1010,792
77516,1738,1010,792
77517,1744,1010,792
77518,1745,1009,793
77519,1732,1010,792
77520,1723,1009,792
77521,1742,1010,792
77522,1734,1009,792
77523,1735,1010,792
77524,1750,1010,792
77525,1745,1011,793
77526,1736,1009,792
77527,1740,1010,793
77528,1744,1010,793
77529,1731,1009,793
77530,1743,1009,792
77531,1740,1009,792
77532,1742,1009,792
77533,1742,1009,792
77534,1742,1009,792
77535,1740,1009,792
77536,1742,1010,793
77537,1744,1010,793
77538,1746,1010,792
77539,1746,1011,793
77540,1740,1010,793
77541,1746,1011,793
77542,1734,1010,793
77543,1739,1010,792
77544,1744,1009,793
77545,1741,1010,792
77546,1744,1009,792
77547,1747,1009,793
77548,1738,1009,793
77549,1747,1010,792
77550,1747,1009,793
77551,1740,1009,792
77552,1756,1009,793
77553,1744,1010,791
77554,1735,1009,792
77555,1740,1010,791
77556,1730,1009,792
77557,1739,1010,792
77558,1740,1010,793
77559,1659,1010,795
77560,1740,1010,794
77561,1736,1010,796
77562,1727,1011,794
77563,1732,1010,793
77564,1732,1011,793
77565,1738,1009,792
77566,1734,1010,792
77567,1738,1009,792
77568,1732,1010,792
77569,1729,1009,792
77570,1733,1009,793
77571,1734,1010,792
77572,1737,1009,792
77573,1712,1010,792
77574,1730,1010,792
77575,1735,1009,793
77576,1731,1010,793
77577,1731,1010,792
77578,1726,1010,792
77579,1720,1010,792
77580,1726,1010,792
77581,1732,1009,792
77582,1734,1009,792
77583,1724,1009,796
77584,1714,1010,794
77585,1722,1010,798
77586,1719,1010,795
77587,1720,1010,798
77588,1723,1011,795
77589,1717,1011,793
77590,1721,1010,796
77591,1664,1014,800
77592,1713,1016,796
77593,1701,1016,797
77594,1714,1012,803
77595,1716,1018,805
77596,1722,1021,803
77597,1707,1021,808
77598,1715,1021,803
77599,1702,1022,809
77600,1707,1022,811
77601,1698,1022,810
77602,1703,1023,811
77603,1701,1023,813
77604,1704,1023,813
77605,1692,1023,814
77606,1690,1023,813
77607,1689,1024,814
77608,1702,1023,813
77609,1692,1023,814
77610,1685,1023,812
77611,1704,1024,814
77612,1703,1023,813
77613,1692,1024,813
77614,1683,1023,813
77615,1696,1024,813
77616,1681,1023,813
77617,1706,1024,813
77618,1690,1024,813
77619,1686,1024,813
77620,1670,1023,813
77621,1692,1024,813
77622,1674,1024,813
77623,1663,1024,813
77624,1680,1023,813
77625,1653,1024,813
77626,1669,1023,813
77627,1674,1024,812
77628,1659,1023,812
77629,1670,1024,813
77630,1664,1023,812
77631,1659,1024,813
77632,1677,1024,813
77633,1658,1024,813
77634,1661,1024,813
77635,1661,1023,813
77636,1655,1023,813
77637,1658,1023,813
77638,1656,1023,813
77639,1671,1023,813
77640,1655,1024,812
77641,1661,1023,813
77642,1670,1024,813
77643,1665,1023,813
77644,1667,1024,813
77645,1665,1024,812
77646,1670,1024,812
77647,1634,1024,813
77648,1690,1023,813
77649,1687,1023,813
77650,1684,1023,812
77651,1664,1023,811
77652,1678,1023,812
77653,1675,1023,813
77654,1677,1023,813
77655,1696,1024,813
77656,1725,1024,813
77657,1699,1024,813
77658,1717,1024,802
77659,1714,1022,802
77660,1701,1020,799
77661,1721,1015,800
77662,1724,1015,796
77663,1777,1012,794
77664,1797,1011,794
77665,1780,1010,793
77666,1776,1011,794
77667,1785,1010,794
77668,1762,1010,794
77669,1778,1010,794
77670,1804,1011,794
77671,1853,1010,794
77672,1856,1010,794
77673,1874,1010,801
77674,1887,1018,808
77675,1892,1022,812
77676,1880,1022,813
77677,1914,1024,815
77678,1905,1025,815
77679,1961,1031,816
77680,1991,1040,817
77681,2022,1044,817
77682,2025,1044,818
77683,2029,1044,823
77684,2041,1045,826
77685,2059,1046,823
77686,2062,1045,825
77687,2116,1046,827
77688,2156,1046,829
77689,2195,1047,829
77690,2212,1050,837
77691,2209,1055,838
77692,2212,1056,844
77693,2238,1058,847
77694,2220,1066,849
77695,2304,1076,850
77696,2330,1079,853
77697,2384,1079,858
77698,2386,1080,860
77699,2412,1082,862
77700,2390,1082,862
77701,2417,1083,863
77702,2411,1083,863
77703,2454,1083,864
77704,2438,1089,872
77705,2574,1093,879
77706,2573,1102,883
77707,2546,1112,885
77708,2616,1115,886
77709,2625,1116,885
77710,2634,1116,887
77711,2690,1117,888
77712,2737,1118,893
77713,2776,1119,896
77714,2789,1104,899
77715,2764,1099,899
77716,2817,1099,900
77717,2754,1097,900
77718,2829,1098,900
77719,2880,1098,911
77720,2950,1107,917
77721,2963,1116,920
77722,2976,1120,921
77723,2960,1121,922
77724,3029,1122,924
77725,2995,1121,923
77726,3016,1121,923
77727,3051,1121,912
77728,3094,1113,908
77729,3123,1103,906
77730,3137,1100,905
77731,3135,1098,904
77732,3141,1098,905
77733,3154,1098,905
77734,3165,1098,904
77735,3233,1099,905
77736,3246,1099,915
77737,3232,1114,920
77738,3253,1119,924
77739,3302,1120,924
77740,3276,1122,926
77741,3279,1122,925
77742,3224,1122,925
77743,3301,1122,927
77744,3330,1123,927
77745,3329,1122,927
77746,3368,1123,927
77747,3354,1122,927
77748,3334,1122,927
77749,3358,1122,927
77750,3366,1123,928
77751,3207,1125,919
77752,3091,1121,911
77753,3005,1116,913
77754,2967,1115,918
77755,2923,1119,920
77756,2917,1121,921
77757,2894,1121,922
77758,2897,1120,921
77759,3074,1122,912
77760,3207,1115,916
77761,3309,1119,922
77762,3343,1122,925
77763,3376,1122,927
77764,3408,1127,933
77765,3427,1131,935
77766,3425,1133,937
77767,3433,1134,939
77768,3454,1134,938
77769,3446,1135,939
77770,3439,1135,939
77771,3466,1135,939
77772,3439,1134,937
77773,3461,1134,939
77774,3428,1134,938
77775,3440,1134,939
77776,3422,1134,939
77777,3428,1134,939
77778,3429,1135,939
77779,3424,1134,939
77780,3420,1134,938
77781,3413,1134,939
77782,3420,1135,938
77783,3400,1134,938
77784,3398,1134,938
77785,3401,1135,938
77786,3401,1135,938
77787,3394,1134,935
77788,3373,1134,931
77789,3376,1133,929
77790,3353,1133,928
77791,3337,1133,928
77792,3336,1129,927
77793,3358,1128,927
77794,3342,1124,927
77795,3328,1123,927
77796,3304,1123,927
77797,3307,1123,927
77798,3302,1123,927
77799,3301,1122,927
77800,3295,1122,926
77801,3285,1123,926
77802,3284,1123,926
77803,3262,1122,927
77804,3245,1122,925
77805,3225,1122,925
77806,3197,1123,925
77807,3232,1122,921
77808,3252,1122,920
77809,3211,1121,912
77810,3215,1113,909
77811,3196,1103,907
77812,3173,1100,906
77813,3156,1099,905
77814,3149,1098,905
77815,3146,1098,904
77816,3138,1098,904
77817,3140,1098,904
77818,3140,1099,905
77819,3089,1098,904
77820,3096,1098,904
77821,3073,1098,904
77822,3074,1098,903
77823,3105,1098,902
77824,3071,1097,903
77825,3052,1098,903
77826,3054,1098,902
77827,3036,1098,906
77828,3027,1099,912
77829,3024,1110,918
77830,2991,1117,920
77831,3018,1120,922
77832,2995,1121,923
77833,2995,1121,922
77834,2993,1121,923
77835,2973,1122,922
77836,2973,1121,923
77837,2947,1122,922
77838,2930,1121,923
77839,2916,1121,922
77840,2925,1121,922
77841,2930,1121,922
77842,2916,1122,922
77843,2891,1122,921
77844,2886,1121,921
77845,2872,1121,921
77846,2871,1121,916
77847,2861,1120,909
77848,2877,1106,910
77849,2850,1104,905
77850,2844,1100,908
77851,2859,1099,903
77852,2819,1098,902
77853,2823,1099,901
77854,2812,1098,900
77855,2811,1097,901
77856,2812,1097,900
77857,2810,1098,901
77858,2813,1097,900
77859,2788,1097,901
77860,2754,1097,900
77861,2772,1097,899
77862,2768,1098,900
77863,2769,1097,900
77864,2752,1097,899
77865,2758,1097,899
77866,2755,1097,900
77867,2748,1097,899
77868,2727,1097,899
77869,2724,1097,899
77870,2698,1103,892
77871,2712,1114,896
77872,2717,1105,897
77873,2699,1106,896
77874,2715,1102,897
77875,2688,1106,892
77876,2643,1114,891
77877,2678,1117,891
77878,2673,1118,891
77879,2678,1118,889
77880,2681,1118,891
77881,2676,1118,890
77882,2666,1118,890
77883,2652,1118,890
77884,2596,1117,889
77885,2633,1118,887
77886,2635,1117,887
77887,2634,1118,887
77888,2626,1117,887
77889,2673,1117,886
77890,2635,1117,887
77891,2574,1116,886
77892,2583,1117,886
77893,2587,1117,886
77894,2575,1117,885
77895,2607,1117,886
77896,2568,1117,886
77897,2564,1117,885
77898,2576,1116,886
77899,2555,1117,885
77900,2542,1117,881
77901,2535,1117,883
77902,2537,1117,879
77903,2530,1112,879
77904,2427,1101,872
77905,2444,1096,873
77906,2536,1096,879
77907,2511,1095,871
77908,2508,1094,868
77909,2476,1094,866
77910,2468,1093,864
77911,2472,1093,865
77912,2472,1093,864
77913,2462,1093,864
77914,2464,1093,864
77915,2452,1093,864
77916,2423,1089,864
77917,2414,1088,863
77918,2428,1088,863
77919,2420,1087,864
77920,2413,1091,864
77921,2415,1092,864
77922,2419,1091,864
77923,2395,1092,863
77924,2390,1085,862
77925,2370,1083,861
77926,2376,1082,859
77927,2376,1082,859
77928,2366,1082,859
77929,2368,1082,859
77930,2355,1082,857
77931,2351,1082,855
77932,2338,1082,854
77933,2332,1081,854
77934,2321,1081,853
77935,2324,1081,853
77936,2319,1081,853
77937,2326,1081,853
77938,2328,1081,853
77939,2307,1081,852
77940,2311,1080,853
77941,2299,1081,853
77942,2311,1081,852
77943,2330,1081,853
77944,2300,1081,852
77945,2296,1080,853
77946,2285,1081,852
77947,2298,1081,853
77948,2292,1081,852
77949,2270,1081,851
77950,2282,1080,851
77951,2257,1080,852
77952,2272,1081,851
77953,2274,1081,852
77954,2291,1081,852
77955,2274,1080,852
77956,2264,1081,852
77957,2283,1081,852
77958,2262,1081,852
77959,2276,1081,853
77960,2275,1081,852
77961,2243,1081,852
77962,2265,1081,851
77963,2284,1080,852
77964,2264,1080,851
77965,2269,1080,851
77966,2262,1081,852
77967,2253,1080,851
77968,2261,1081,851
77969,2300,1081,852
77970,2318,1080,852
77971,2276,1081,852
77972,2277,1080,852
77973,2285,1080,852
77974,2284,1081,852
77975,2280,1081,852
77976,2269,1080,852
77977,2278,1080,852
77978,2285,1081,852
77979,2300,1080,853
77980,2254,1081,852
77981,2281,1080,853
77982,2280,1081,853
77983,2292,1081,852
77984,2298,1080,852
77985,2312,1081,852
77986,2289,1081,852
77987,2306,1081,852
77988,2314,1080,852
77989,2298,1081,852
77990,2312,1081,853
77991,2312,1080,852
77992,2322,1081,852
77993,2293,1080,853
77994,2308,1081,852
77995,2345,1081,852
77996,2334,1080,853
77997,2326,1081,852
77998,2337,1080,854
77999,2331,1081,853
78000,2339,1080,853
78001,2336,1081,853
78002,2363,1081,853
78003,2341,1081,853
78004,2343,1080,853
78005,2351,1081,853
78006,2351,1081,854
78007,2348,1081,853
78008,2344,1081,853
78009,2360,1081,853
78010,2351,1081,854
78011,2362,1081,853
78012,2356,1080,854
78013,2367,1081,853
78014,2359,1080,855
78015,2381,1081,855
78016,2371,1081,856
78017,2366,1081,857
78018,2373,1081,860
78019,2393,1082,859
78020,2375,1082,861
78021,2365,1083,861
78022,2379,1082,862
78023,2386,1082,862
78024,2380,1083,863
78025,2401,1082,862
78026,2363,1082,862
78027,2398,1082,862
78028,2383,1082,863
78029,2392,1082,862
78030,2410,1082,863
78031,2396,1083,862
78032,2385,1082,862
78033,2391,1083,862
78034,2376,1082,862
78035,2379,1083,863
78036,2396,1083,861
78037,2405,1083,863
78038,2388,1083,863
78039,2390,1083,863
78040,2396,1082,863
78041,2392,1083,863
78042,2392,1082,862
78043,2398,1082,862
78044,2385,1082,862
78045,2380,1083,863
78046,2376,1082,863
78047,2372,1083,862
78048,2375,1082,862
78049,2379,1083,862
78050,2376,1082,862
78051,2371,1083,860
78052,2323,1082,860
78053,2357,1082,858
78054,2354,1082,855
78055,2360,1081,854
78056,2361,1081,854
78057,2356,1081,854
78058,2350,1081,853
78059,2357,1081,853
78060,2346,1081,854
78061,2329,1081,853
78062,2341,1081,853
78063,2331,1081,853
78064,2299,1081,853
78065,2328,1081,853
78066,2332,1080,853
78067,2305,1081,853
78068,2320,1080,853
78069,2312,1081,853
78070,2336,1081,853
78071,2309,1081,852
78072,2321,1081,852
78073,2304,1081,853
78074,2307,1081,852
78075,2309,1081,852
78076,2289,1081,852
78077,2275,1080,852
78078,2254,1080,852
78079,2263,1081,852
78080,2270,1080,852
78081,2289,1080,852
78082,2279,1080,852
78083,2263,1080,852
78084,2255,1080,852
78085,2245,1080,851
78086,2239,1080,851
78087,2236,1081,851
78088,2207,1080,851
78089,2225,1080,850
78090,2238,1080,851
78091,2192,1080,851
78092,2214,1080,850
78093,2249,1080,843
78094,2198,1064,837
78095,2196,1060,839
78096,2195,1058,835
78097,2191,1057,832
78098,2195,1056,832
78099,2185,1056,831
78100,2211,1050,836
78101,2175,1053,837
78102,2197,1056,834
78103,2172,1056,832
78104,2163,1056,831
78105,2144,1052,831
78106,2155,1049,831
78107,2154,1048,831
78108,2140,1047,830
78109,2136,1048,830
78110,2128,1047,830
78111,2116,1047,830
78112,2128,1047,830
78113,2104,1047,830
78114,2124,1047,830
78115,2110,1047,831
78116,2099,1047,829
78117,2106,1047,829
78118,2096,1047,829
78119,2114,1047,829
78120,2079,1047,829
78121,2104,1047,828
78122,2090,1047,828
78123,2079,1046,828
78124,2062,1047,827
78125,2060,1046,826
78126,2055,1046,825
78127,2056,1046,821
78128,2057,1046,822
78129,2057,1046,821
78130,2050,1045,821
78131,2047,1046,823
78132,2069,1045,820
78133,2034,1045,820
78134,1993,1046,822
78135,2029,1045,821
78136,2000,1045,819
78137,2019,1045,820
78138,2018,1045,822
78139,2014,1045,819
78140,2002,1045,819
78141,2011,1045,818
78142,1993,1045,817
78143,1988,1044,817
78144,1969,1044,817
78145,1985,1045,816
78146,1948,1044,817
78147,2013,1044,817
78148,1965,1044,817
78149,1965,1044,816
78150,1958,1044,816
78151,1960,1045,816
78152,1956,1044,816
78153,1943,1037,816
78154,1953,1042,816
78155,1939,1043,816
78156,1930,1044,816
78157,1947,1038,816
78158,1935,1036,816
78159,1929,1041,815
78160,1925,1037,816
78161,1925,1041,816
78162,1976,1044,817
78163,1932,1037,815
78164,1898,1035,815
78165,1894,1027,815
78166,1885,1025,815
78167,1893,1024,815
78168,1891,1024,814
78169,1894,1024,811
78170,1883,1024,813
78171,1858,1024,810
78172,1875,1023,813
78173,1880,1023,809
78174,1867,1023,802
78175,1868,1022,802
78176,1863,1021,802
78177,1866,1022,799
78178,1849,1015,797
78179,1853,1012,796
78180,1846,1011,796
78181,1840,1010,796
78182,1833,1011,795
78183,1828,1010,794
78184,1841,1011,795
78185,1849,1010,795
78186,1835,1010,795
78187,1827,1010,795
78188,1816,1010,794
78189,1818,1010,794
78190,1783,1010,794
78191,1815,1010,794
78192,1818,1010,794
78193,1809,1010,794
78194,1812,1010,794
78195,1797,1010,794
78196,1798,1010,794
78197,1803,1010,794
78198,1796,1010,793
78199,1790,1010,793
78200,1789,1010,794
78201,1790,1010,794
78202,1809,1010,794
78203,1775,1010,794
78204,1770,1010,794
78205,1767,1010,794
78206,1757,1010,793
78207,1752,1010,794
78208,1773,1010,793
78209,1766,1011,794
78210,1764,1010,793
78211,1744,1011,793
78212,1758,1009,794
78213,1750,1010,793
78214,1748,1010,793
78215,1774,1010,793
78216,1751,1010,793
78217,1801,1010,792
78218,1750,1010,792
78219,1744,1010,792
78220,1734,1010,792
78221,1739,1009,793
78222,1740,1010,792
78223,1830,1010,792
78224,1735,1011,792
78225,1715,1010,792
78226,1733,1009,793
78227,1736,1010,792
78228,1722,1009,792
78229,1720,1010,791
78230,1729,1009,801
78231,1727,1013,800
78232,1710,1017,799
78233,1722,1015,803
78234,1756,1019,797
78235,1717,1014,794
78236,1720,1011,802
78237,1720,1017,797
78238,1718,1013,794
78239,1711,1011,801
78240,1666,1017,804
78241,1730,1020,803
78242,1732,1020,801
78243,1697,1020,804
78244,1701,1021,805
78245,1706,1021,809
78246,1703,1022,812
78247,1708,1023,809
78248,1708,1022,806
78249,1709,1023,809
78250,1681,1023,808
78251,1692,1022,811
78252,1726,1022,809
78253,1700,1023,811
78254,1703,1023,813
78255,1706,1024,812
78256,1700,1023,814
78257,1704,1023,814
78258,1679,1024,808
78259,1713,1023,799
78260,1665,1020,806
78261,1708,1021,810
78262,1705,1023,812
78263,1708,1023,813
78264,1710,1024,813
78265,1705,1024,814
78266,1694,1024,810
78267,1704,1024,807
78268,1702,1023,811
78269,1713,1023,811
78270,1706,1023,812
78271,1704,1023,813
78272,1708,1024,813
78273,1708,1023,808
78274,1704,1023,811
78275,1706,1024,804
78276,1716,1023,806
78277,1709,1022,810
78278,1706,1023,812
78279,1705,1023,806
78280,1706,1023,807
78281,1715,1022,799
78282,1713,1016,804
78283,1707,1019,803
78284,1715,1021,803
78285,1732,1019,805
78286,1724,1021,806
78287,1731,1021,798
78288,1712,1016,803
78289,1715,1019,801
78290,1709,1021,803
78291,1714,1021,806
78292,1720,1021,803
78293,1714,1019,801
78294,1729,1017,799
78295,1712,1015,804
78296,1709,1020,809
78297,1719,1022,803
78298,1731,1022,797
78299,1710,1018,798
78300,1723,1013,795
78301,1711,1012,796
78302,1722,1011,795
78303,1722,1010,793
78304,1702,1010,793
78305,1717,1010,796
78306,1708,1014,798
78307,1735,1012,802
78308,1701,1018,799
78309,1719,1015,795
78310,1727,1011,802
78311,1724,1017,801
78312,1769,1014,797
78313,1716,1015,796
78314,1717,1011,794
78315,1718,1011,796
78316,1720,1011,794
78317,1728,1011,797
78318,1723,1011,795
78319,1723,1011,793
78320,1711,1011,800
78321,1722,1014,800
78322,1715,1015,796
78323,1732,1012,799
78324,1747,1011,795
78325,1717,1015,800
78326,1719,1016,796
78327,1716,1012,799
78328,1722,1012,795
78329,1718,1011,794
78330,1712,1010,797
78331,1708,1011,794
78332,1719,1010,793
78333,1727,1010,792
78334,1722,1011,793
78335,1721,1009,795
78336,1739,1010,793
78337,1706,1011,795
78338,1727,1011,793
78339,1725,1010,798
78340,1729,1011,798
78341,1735,1012,800
78342,1724,1014,795
78343,1684,1015,796
78344,1723,1012,795
78345,1713,1011,792
78346,1716,1010,792
78347,1722,1011,792
78348,1730,1010,792
78349,1728,1010,792
78350,1722,1010,796
78351,1698,1010,798
78352,1724,1010,799
78353,1716,1012,803
78354,1700,1018,804
78355,1702,1021,809
78356,1717,1022,809
78357,1717,1022,800
78358,1702,1022,807
78359,1715,1023,808
78360,1714,1023,811
78361,1714,1023,809
78362,1703,1023,812
78363,1717,1024,809
78364,1710,1024,812
78365,1706,1024,812
78366,1704,1024,813
78367,1703,1025,813
78368,1701,1025,813
78369,1698,1024,808
78370,1683,1024,811
78371,1675,1024,812
78372,1698,1024,813
78373,1694,1023,813
78374,1695,1024,813
78375,1698,1024,813
78376,1701,1024,814
78377,1698,1023,813
78378,1699,1024,813
78379,1698,1024,814
78380,1700,1024,813
78381,1713,1024,810
78382,1677,1024,811
78383,1675,1024,812
78384,1688,1024,812
78385,1688,1025,812
78386,1691,1024,813
78387,1688,1024,813
78388,1683,1024,813
78389,1685,1024,813
78390,1688,1024,813
78391,1665,1024,813
78392,1710,1023,813
78393,1704,1023,812
78394,1678,1023,813
78395,1685,1023,813
78396,1686,1023,813
78397,1671,1024,813
78398,1680,1024,812
78399,1687,1024,813
78400,1671,1024,813
78401,1708,1025,812
78402,1658,1024,813
78403,1664,1024,813
78404,1663,1024,813
78405,1685,1024,813
78406,1669,1024,813
78407,1675,1024,813
78408,1629,1024,813
78409,1621,1024,813
78410,1666,1023,813
78411,1661,1023,813
78412,1666,1024,813
78413,1664,1024,813
78414,1677,1023,812
78415,1654,1024,813
78416,1662,1024,812
78417,1668,1023,813
78418,1641,1023,813
78419,1641,1024,813
78420,1657,1024,812
78421,1655,1024,813
78422,1660,1024,813
78423,1662,1024,814
78424,1646,1023,812
78425,1656,1024,813
78426,1662,1023,813
78427,1651,1024,813
78428,1653,1024,813
78429,1663,1024,813
78430,1654,1024,813
78431,1652,1024,812
78432,1654,1024,813
78433,1675,1024,812
78434,1662,1024,813
78435,1663,1024,813
78436,1659,1024,813
78437,1672,1024,813
78438,1673,1024,813
78439,1681,1025,813
78440,1679,1024,813
78441,1686,1024,814
78442,1690,1024,813
78443,1692,1024,814
78444,1702,1024,814
78445,1676,1024,814
78446,1705,1024,813
78447,1714,1024,811
78448,1748,1023,804
78449,1731,1022,798
78450,1740,1016,795
78451,1726,1012,795
78452,1751,1010,793
78453,1755,1010,793
78454,1759,1009,793
78455,1766,1010,794
78456,1796,1010,793
78457,1812,1010,794
78458,1838,1010,794
78459,1819,1011,794
78460,1844,1011,794
78461,1851,1011,795
78462,1853,1010,795
78463,1860,1011,799
78464,1879,1015,807
78465,1952,1021,811
78466,1953,1023,813
78467,1966,1024,815
78468,1959,1024,816
78469,1987,1036,816
78470,1964,1042,816
78471,2029,1044,817
78472,2048,1045,820
78473,2072,1045,824
78474,2093,1045,827
78475,2110,1045,828
78476,2116,1046,829
78477,2124,1046,829
78478,2124,1047,830
78479,2170,1047,830
78480,2209,1051,836
78481,2255,1055,845
78482,2283,1059,848
78483,2291,1070,851
78484,2294,1078,852
78485,2321,1079,852
78486,2309,1080,852
78487,2359,1080,853
78488,2423,1081,858
78489,2460,1081,861
78490,2480,1082,862
78491,2496,1082,864
78492,2505,1084,864
78493,2544,1090,867
78494,2525,1093,866
78495,2554,1093,877
78496,2608,1095,882
78497,2651,1110,885
78498,2688,1115,889
78499,2681,1117,889
78500,2699,1117,889
78501,2698,1117,892
78502,2700,1118,892
78503,2738,1118,896
78504,2800,1106,898
78505,2827,1100,900
78506,2868,1098,904
78507,2871,1099,913
78508,2880,1111,916
78509,2906,1117,918
78510,2870,1120,920
78511,2864,1121,920
78512,2961,1121,921
78513,2977,1121,922
78514,3024,1121,915
78515,3036,1120,908
78516,3040,1106,905
78517,3054,1100,904
78518,3052,1099,903
78519,3089,1098,903
78520,3106,1098,904
78521,3149,1099,904
78522,3183,1099,905
78523,3195,1099,905
78524,3194,1098,911
78525,3193,1102,912
78526,3200,1105,910
78527,3205,1100,907
78528,3229,1100,916
78529,3263,1115,921
78530,3253,1119,923
78531,3266,1121,925
78532,3286,1122,926
78533,3295,1123,926
78534,3295,1122,927
78535,3297,1123,927
78536,3322,1123,927
78537,3329,1123,927
78538,3355,1126,928
78539,3366,1125,927
78540,3357,1124,928
78541,3355,1129,927
78542,3359,1129,928
78543,3364,1131,928
78544,3362,1132,930
78545,3376,1133,930
78546,3366,1132,929
78547,3373,1133,931
78548,3387,1133,934
78549,3387,1133,934
78550,3387,1134,932
78551,3337,1133,929
78552,3234,1132,927
78553,3195,1129,920
78554,3190,1123,909
78555,3082,1110,907
78556,3089,1102,905
78557,3068,1099,904
78558,3075,1099,903
78559,3121,1098,904
78560,3211,1099,909
78561,3261,1107,918
78562,3305,1116,923
78563,3338,1120,925
78564,3347,1122,927
78565,3358,1123,927
78566,3369,1123,927
78567,3364,1123,927
78568,3347,1123,927
78569,3348,1125,928
78570,3346,1124,927
78571,3339,1123,927
78572,3343,1124,927
78573,3352,1123,927
78574,3329,1122,927
78575,3303,1123,927
78576,3306,1123,927
78577,3297,1122,927
78578,3304,1125,927
78579,3284,1123,927
78580,3281,1123,927
78581,3284,1123,927
78582,3271,1123,927
78583,3309,1123,927
78584,3249,1123,926
78585,3236,1122,925
78586,3243,1122,924
78587,3227,1122,921
78588,3222,1121,920
78589,3150,1121,919
78590,3213,1121,916
78591,3205,1121,911
78592,3175,1108,908
78593,3168,1102,907
78594,3156,1100,906
78595,3159,1098,905
78596,3149,1098,905
78597,3103,1098,904
78598,3144,1098,904
78599,3131,1098,904
78600,3121,1099,904
78601,3095,1098,903
78602,3085,1098,903
78603,3082,1099,903
78604,3075,1098,903
78605,3080,1098,906
78606,3088,1098,905
78607,3049,1098,902
78608,3042,1098,902
78609,3019,1098,914
78610,2995,1110,919
78611,3008,1117,921
78612,3003,1120,922
78613,2995,1121,922
78614,2997,1122,923
78615,2987,1122,923
78616,2968,1122,923
78617,2954,1121,922
78618,2942,1121,923
78619,2936,1121,922
78620,2922,1122,922
78621,2930,1121,922
78622,2950,1122,922
78623,2908,1121,922
78624,2919,1122,922
78625,2883,1121,921
78626,2877,1121,921
78627,2870,1122,921
78628,2866,1122,913
78629,2865,1120,914
78630,2868,1120,913
78631,2911,1113,910
78632,2835,1103,905
78633,2801,1099,903
78634,2809,1098,902
78635,2810,1097,901
78636,2798,1098,901
78637,2812,1098,901
78638,2801,1098,901
78639,2797,1098,901
78640,2778,1098,900
78641,2759,1097,900
78642,2786,1097,900
78643,2753,1097,899
78644,2745,1097,899
78645,2749,1097,899
78646,2751,1097,899
78647,2748,1098,899
78648,2735,1097,898
78649,2699,1097,897
78650,2698,1104,896
78651,2708,1102,895
78652,2710,1110,893
78653,2689,1116,891
78654,2700,1118,890
78655,2702,1117,889
78656,2692,1118,889
78657,2673,1117,891
78658,2646,1118,890
78659,2665,1118,889
78660,2656,1117,888
78661,2663,1118,888
78662,2653,1118,889
78663,2651,1118,889
78664,2637,1117,888
78665,2660,1117,887
78666,2593,1117,886
78667,2615,1117,887
78668,2597,1117,886
78669,2606,1117,886
78670,2612,1117,886
78671,2598,1117,886
78672,2560,1117,885
78673,2573,1117,886
78674,2595,1117,886
78675,2571,1117,886
78676,2549,1117,886
78677,2551,1117,885
78678,2554,1117,885
78679,2546,1117,885
78680,2544,1117,884
78681,2511,1116,875
78682,2517,1102,872
78683,2527,1096,868
78684,2501,1094,867
78685,2495,1094,866
78686,2499,1093,865
78687,2483,1094,865
78688,2509,1093,865
78689,2466,1093,864
78690,2452,1093,864
78691,2446,1089,863
78692,2441,1084,863
78693,2438,1083,862
78694,2435,1082,863
78695,2430,1082,863
78696,2447,1083,863
78697,2408,1083,863
78698,2401,1083,863
78699,2371,1082,861
78700,2375,1083,863
78701,2394,1083,863
78702,2383,1082,863
78703,2381,1082,861
78704,2345,1082,857
78705,2355,1082,855
78706,2347,1081,853
78707,2283,1081,854
78708,2344,1081,853
78709,2326,1080,853
78710,2324,1081,852
78711,2322,1081,852
78712,2305,1081,852
78713,2296,1081,853
78714,2292,1080,852
78715,2279,1081,852
78716,2289,1081,852
78717,2285,1080,853
78718,2274,1080,853
78719,2262,1080,852
78720,2258,1081,851
78721,2263,1080,852
78722,2205,1081,852
78723,2237,1081,851
78724,2242,1080,851
78725,2240,1081,853
78726,2253,1081,851
78727,2241,1080,851
78728,2243,1080,851
78729,2239,1080,850
78730,2219,1080,850
78731,2221,1080,850
78732,2227,1080,850
78733,2222,1080,850
78734,2225,1080,850
78735,2227,1080,850
78736,2212,1081,850
78737,2226,1081,851
78738,2197,1081,847
78739,2240,1073,849
78740,2217,1078,850
78741,2216,1079,849
78742,2191,1072,848
78743,2217,1075,842
78744,2217,1063,841
78745,2224,1059,843
78746,2222,1059,846
78747,2243,1059,845
78748,2210,1059,848
78749,2220,1071,849
78750,2216,1077,849
78751,2216,1079,850
78752,2231,1080,850
78753,2241,1080,850
78754,2219,1080,851
78755,2225,1080,851
78756,2240,1081,851
78757,2234,1080,851
78758,2222,1081,851
78759,2243,1080,851
78760,2253,1081,852
78761,2257,1081,851
78762,2256,1080,851
78763,2274,1080,852
78764,2265,1080,851
78765,2268,1080,851
78766,2271,1081,851
78767,2276,1080,852
78768,2268,1080,851
78769,2266,1081,852
78770,2307,1081,852
78771,2270,1080,851
78772,2280,1081,852
78773,2297,1080,851
78774,2290,1081,852
78775,2289,1080,852
78776,2298,1081,852
78777,2297,1080,853
78778,2301,1081,853
78779,2295,1081,853
78780,2293,1081,851
78781,2324,1081,853
78782,2312,1081,852
78783,2316,1081,853
78784,2311,1080,853
78785,2320,1081,852
78786,2330,1080,853
78787,2328,1081,852
78788,2339,1080,853
78789,2341,1080,852
78790,2344,1081,852
78791,2354,1081,853
78792,2344,1080,854
78793,2350,1080,853
78794,2349,1081,854
78795,2356,1081,854
78796,2371,1081,858
78797,2364,1081,857
78798,2366,1082,859
78799,2375,1082,861
78800,2379,1082,861
78801,2382,1083,862
78802,2379,1082,862
78803,2384,1083,862
78804,2388,1083,863
78805,2361,1082,861
78806,2373,1082,862
78807,2396,1082,862
78808,2394,1082,862
78809,2387,1082,863
78810,2402,1083,862
78811,2414,1083,862
78812,2391,1082,863
78813,2447,1082,862
78814,2400,1083,862
78815,2424,1083,863
78816,2409,1082,862
78817,2415,1083,863
78818,2406,1083,863
78819,2426,1086,865
78820,2415,1087,863
78821,2409,1088,864
78822,2394,1088,864
78823,2402,1088,863
78824,2398,1084,864
78825,2405,1085,862
78826,2401,1083,863
78827,2407,1085,863
78828,2392,1084,863
78829,2411,1082,863
78830,2399,1083,863
78831,2409,1082,862
78832,2419,1082,862
78833,2380,1083,862
78834,2413,1082,862
78835,2404,1083,863
78836,2393,1083,862
78837,2398,1083,861
78838,2415,1083,861
78839,2350,1082,862
78840,2389,1083,860
78841,2399,1082,860
78842,2381,1082,862
78843,2388,1082,862
78844,2376,1083,862
78845,2379,1083,862
78846,2365,1083,860
78847,2365,1082,861
78848,2382,1082,862
78849,2375,1082,860
78850,2368,1081,861
78851,2368,1082,858
78852,2359,1081,855
78853,2350,1081,855
78854,2348,1081,854
78855,2349,1081,853
78856,2342,1081,853
78857,2351,1080,853
78858,2338,1081,853
78859,2346,1081,853
78860,2338,1081,853
78861,2314,1081,853
78862,2321,1081,853
78863,2312,1081,853
78864,2303,1081,852
78865,2279,1081,853
78866,2321,1081,853
78867,2307,1080,853
78868,2307,1080,853
78869,2297,1081,852
78870,2272,1080,853
78871,2295,1080,851
78872,2281,1080,852
78873,2285,1080,852
78874,2279,1080,852
78875,2286,1080,852
78876,2268,1080,852
78877,2278,1080,852
78878,2251,1080,852
78879,2251,1080,851
78880,2254,1081,851
78881,2236,1081,851
78882,2216,1080,851
78883,2253,1080,851
78884,2238,1080,850
78885,2213,1080,847
78886,2227,1069,848
78887,2213,1069,843
78888,2237,1062,840
78889,2230,1059,841
78890,2211,1058,846
78891,2219,1059,845
78892,2177,1059,837
78893,2168,1058,834
78894,2178,1057,832
78895,2168,1057,831
78896,2170,1052,831
78897,2162,1048,831
78898,2175,1051,833
78899,2179,1055,832
78900,2163,1055,835
78901,2152,1055,833
78902,2124,1056,831
78903,2137,1050,830
78904,2136,1048,831
78905,2142,1048,830
78906,2141,1047,830
78907,2138,1047,830
78908,2107,1047,830
78909,2105,1048,830
78910,2114,1047,830
78911,2110,1047,829
78912,2107,1047,829
78913,2107,1046,828
78914,2104,1046,829
78915,2095,1046,828
78916,2102,1047,829
78917,2076,1046,828
78918,2055,1046,828
78919,2067,1046,829
78920,2059,1047,828
78921,2075,1047,828
78922,2080,1047,828
78923,2068,1046,828
78924,2044,1047,828
78925,2046,1047,827
78926,2032,1047,828
78927,2033,1045,827
78928,2038,1046,828
78929,2033,1046,825
78930,2042,1046,827
78931,2029,1046,826
78932,2012,1046,824
78933,2010,1045,820
78934,2016,1045,819
78935,1999,1045,818
78936,2005,1045,817
78937,2008,1045,818
78938,1999,1045,818
78939,1998,1045,819
78940,1989,1044,817
78941,1982,1045,818
78942,1958,1044,817
78943,1957,1044,816
78944,1964,1045,817
78945,1966,1045,816
78946,1976,1044,816
78947,1976,1045,816
78948,1955,1045,816
78949,1942,1045,816
78950,1941,1038,816
78951,1941,1042,815
78952,1937,1030,815
78953,1936,1026,816
78954,1934,1029,815
78955,1940,1026,816
78956,1921,1029,815
78957,1923,1028,815
78958,1907,1032,816
78959,1918,1040,816
78960,1910,1043,816
78961,1905,1044,816
78962,1904,1041,816
78963,1914,1044,815
78964,1894,1037,815
78965,1886,1028,815
78966,1884,1026,815
78967,1873,1024,811
78968,1884,1024,813
78969,1877,1023,814
78970,1866,1024,808
78971,1863,1022,801
78972,1870,1022,797
78973,1864,1014,797
78974,1855,1011,795
78975,1856,1011,795
78976,1856,1010,795
78977,1857,1011,796
78978,1859,1011,799
78979,1849,1011,797
78980,1846,1011,796
78981,1850,1011,795
78982,1835,1010,795
78983,1831,1011,795
78984,1837,1010,795
78985,1837,1010,794
78986,1828,1010,794
78987,1841,1010,794
78988,1822,1010,794
78989,1807,1010,793
78990,1803,1010,794
78991,1827,1011,794
78992,1817,1010,793
78993,1812,1010,793
78994,1807,1010,793
78995,1809,1011,794
78996,1808,1011,794
78997,1801,1010,794
78998,1794,1010,793
78999,1799,1010,793
79000,1798,1010,793
79001,1785,1010,794
79002,1786,1010,794
79003,1796,1010,794
79004,1789,1011,794
79005,1786,1010,794
79006,1789,1010,794
79007,1785,1010,794
79008,1776,1010,794
79009,1771,1010,793
79010,1779,1010,794
79011,1776,1010,794
79012,1772,1010,792
79013,1770,1010,794
79014,1770,1010,793
79015,1771,1010,794
79016,1773,1009,793
79017,1770,1010,793
79018,1774,1010,794
79019,1761,1010,793
79020,1750,1009,793
79021,1762,1010,793
79022,1757,1010,793
79023,1764,1010,793
79024,1758,1010,794
79025,1747,1010,793
79026,1766,1010,793
79027,1757,1010,793
79028,1754,1010,793
79029,1752,1010,793
79030,1746,1010,793
79031,1755,1010,793
79032,1741,1010,793
79033,1749,1010,793
79034,1746,1010,793
79035,1748,1010,793
79036,1746,1010,793
79037,1740,1010,793
79038,1749,1010,793
79039,1749,1010,793
79040,1741,1010,793
79041,1740,1010,792
79042,1752,1010,793
79043,1747,1010,792
79044,1727,1009,793
79045,1748,1010,792
79046,1736,1009,792
79047,1741,1010,792
79048,1728,1010,792
79049,1749,1010,792
79050,1740,1010,793
79051,1732,1010,792
79052,1726,1010,792
79053,1740,1010,792
79054,1740,1009,793
79055,1747,1010,792
79056,1722,1010,793
79057,1736,1010,792
79058,1739,1010,792
79059,1778,1010,792
79060,1738,1009,792
79061,1729,1010,793
79062,1741,1010,793
79063,1721,1010,792
79064,1737,1010,793
79065,1733,1009,792
79066,1729,1010,793
79067,1717,1009,792
79068,1722,1009,792
79069,1718,1009,792
79070,1719,1009,792
79071,1707,1009,795
79072,1731,1010,793
79073,1727,1010,793
79074,1737,1010,792
79075,1730,1010,792
79076,1729,1010,792
79077,1719,1010,792
79078,1712,1010,793
79079,1730,1010,792
79080,1726,1010,793
79081,1728,1010,796
79082,1718,1010,794
79083,1730,1011,793
79084,1720,1010,793
79085,1709,1011,796
79086,1793,1010,793
79087,1727,1010,792
79088,1725,1009,792
79089,1731,1009,792
79090,1756,1009,790
79091,1744,1009,792
79092,1720,1010,792
79093,1713,1009,792
79094,1729,1010,792
79095,1725,1010,792
79096,1693,1010,799
79097,1725,1011,796
79098,1731,1011,794
79099,1718,1010,793
79100,1733,1010,793
79101,1708,1010,794
79102,1730,1010,794
79103,1731,1010,793
79104,1726,1010,792
79105,1728,1009,793
79106,1716,1010,792
79107,1710,1010,795
79108,1729,1011,797
79109,1721,1010,798
79110,1695,1016,799
79111,1722,1012,795
79112,1678,1011,800
79113,1708,1018,798
79114,1709,1018,798
79115,1723,1013,800
79116,1720,1013,796
79117,1721,1011,794
79118,1729,1010,793
79119,1739,1010,792
79120,1711,1010,800
79121,1717,1012,796
79122,1745,1011,794
79123,1720,1010,793
79124,1718,1010,793
79125,1712,1010,792
79126,1718,1010,792
79127,1756,1010,792
79128,1725,1010,797
79129,1734,1011,794
79130,1726,1010,797
79131,1719,1010,803
79132,1729,1016,797
79133,1726,1012,799
79134,1723,1011,799
79135,1720,1013,800
79136,1714,1013,795
79137,1710,1011,801
79138,1715,1017,806
79139,1730,1020,802
79140,1722,1021,801
79141,1717,1020,797
79142,1712,1013,802
79143,1724,1020,806
79144,1713,1021,798
79145,1734,1016,799
79146,1711,1018,798
79147,1711,1018,798
79148,1704,1016,806
79149,1711,1021,806
79150,1706,1022,802
79151,1721,1019,805
79152,1713,1020,807
79153,1708,1022,806
79154,1693,1021,810
79155,1708,1022,812
79156,1711,1023,812
79157,1705,1023,813
79158,1701,1024,813
79159,1708,1024,814
79160,1705,1024,810
79161,1708,1023,812
79162,1695,1023,813
79163,1709,1024,809
79164,1685,1024,811
79165,1670,1024,812
79166,1690,1024,813
79167,1703,1024,812
79168,1705,1024,813
79169,1701,1024,813
79170,1690,1024,813
79171,1692,1024,813
79172,1675,1024,813
79173,1666,1024,813
79174,1696,1024,813
79175,1704,1024,808
79176,1690,1023,808
79177,1708,1023,808
79178,1704,1023,811
79179,1690,1023,807
79180,1711,1023,807
79181,1728,1022,799
79182,1713,1016,795
79183,1750,1012,794
79184,1718,1010,792
79185,1735,1010,792
79186,1698,1010,795
79187,1718,1011,794
79188,1724,1010,793
79189,1771,1010,793
79190,1757,1010,793
79191,1718,1010,793
79192,1771,1011,793
79193,1756,1009,793
79194,1756,1010,793
79195,1768,1010,793
79196,1800,1010,794
79197,1825,1010,794
79198,1837,1011,795
79199,1836,1010,795
79200,1842,1011,795
79201,1852,1010,794
79202,1844,1010,795
79203,1880,1010,795
79204,1892,1014,805
79205,1917,1019,811
79206,1936,1022,813
79207,1953,1023,814
79208,1953,1024,815
79209,1969,1024,816
79210,1985,1036,816
79211,1964,1042,816
79212,2007,1044,819
79213,2065,1045,821
79214,2081,1045,824
79215,2085,1046,827
79216,2074,1046,828
79217,2108,1046,828
79218,2118,1046,828
79219,2096,1047,829
79220,2174,1047,830
79221,2227,1051,841
79222,2244,1056,846
79223,2267,1065,849
79224,2273,1074,851
79225,2287,1078,851
79226,2277,1080,851
79227,2306,1080,853
79228,2349,1080,853
79229,2388,1081,857
79230,2438,1082,860
79231,2441,1082,862
79232,2462,1082,863
79233,2466,1083,863
79234,2456,1083,864
79235,2486,1089,864
79236,2526,1092,875
79237,2582,1094,880
79238,2614,1107,883
79239,2642,1113,886
79240,2639,1116,886
79241,2643,1117,887
79242,2656,1117,888
79243,2658,1118,888
79244,2718,1118,893
79245,2756,1119,896
79246,2785,1104,899
79247,2807,1100,899
79248,2787,1098,900
79249,2830,1098,900
79250,2837,1097,900
79251,2835,1098,901
79252,2877,1098,911
79253,2935,1105,917
79254,2951,1116,920
79255,2962,1119,921
79256,2973,1121,922
79257,2983,1121,922
79258,2987,1121,923
79259,2988,1121,922
79260,3030,1122,912
79261,3040,1113,907
79262,3070,1103,904
79263,3092,1100,904
79264,3130,1099,904
79265,3102,1098,903
79266,3102,1098,904
79267,3113,1098,903
79268,3104,1098,903
79269,3118,1098,904
79270,3113,1098,904
79271,3113,1097,903
79272,3136,1099,904
79273,3169,1098,904
79274,3178,1099,905
79275,3191,1099,911
79276,3198,1109,918
79277,3195,1118,914
79278,3203,1119,914
79279,3202,1117,914
79280,3227,1116,919
79281,3235,1120,922
79282,3248,1121,923
79283,3246,1122,925
79284,3266,1122,925
79285,3259,1122,925
79286,3261,1122,925
79287,3236,1122,925
79288,3136,1122,915
79289,3044,1113,908
79290,2987,1104,916
79291,2953,1115,919
79292,2910,1119,920
79293,2898,1120,921
79294,2905,1121,921
79295,2883,1121,921
79296,3038,1122,918
79297,3096,1121,910
79298,3194,1110,908
79299,3204,1102,914
79300,3252,1115,920
79301,3263,1120,923
79302,3279,1121,925
79303,3271,1122,926
79304,3255,1123,926
79305,3263,1122,926
79306,3264,1122,926
79307,3267,1122,926
79308,3260,1122,925
79309,3249,1121,924
79310,3224,1122,926
79311,3259,1122,925
79312,3239,1122,925
79313,3188,1122,925
79314,3226,1122,917
79315,3202,1121,914
79316,3210,1120,917
79317,3206,1120,911
79318,3191,1116,911
79319,3204,1108,911
79320,3185,1112,914
79321,3168,1118,909
79322,3153,1104,907
79323,3125,1101,906
79324,3137,1099,905
79325,3143,1099,905
79326,3152,1098,905
79327,3137,1099,904
79328,3150,1098,904
79329,3095,1098,904
79330,3075,1098,903
79331,3075,1097,903
79332,3036,1098,903
79333,3039,1097,903
79334,3068,1098,907
79335,3072,1098,906
79336,3035,1098,904
79337,3012,1098,914
79338,3005,1111,919
79339,2992,1117,921
79340,2967,1120,922
79341,2988,1121,922
79342,2976,1121,923
79343,2973,1122,922
79344,2953,1122,922
79345,2934,1121,923
79346,2920,1122,922
79347,2921,1122,922
79348,2893,1122,921
79349,2917,1122,921
79350,2902,1121,921
79351,2937,1122,922
79352,2863,1121,914
79353,2860,1114,908
79354,2895,1103,904
79355,2829,1100,903
79356,2840,1098,901
79357,2844,1098,901
79358,2849,1098,901
79359,2824,1098,901
79360,2828,1098,901
79361,2777,1097,900
79362,2769,1097,900
79363,2760,1097,900
79364,2767,1097,900
79365,2757,1097,899
79366,2750,1097,899
79367,2753,1097,899
79368,2734,1097,899
79369,2721,1097,896
79370,2711,1097,895
79371,2706,1108,895
79372,2692,1113,891
79373,2704,1116,890
79374,2696,1117,890
79375,2711,1117,889
79376,2664,1118,892
79377,2664,1118,890
79378,2642,1118,888
79379,2596,1118,888
79380,2634,1118,888
79381,2639,1117,888
79382,2638,1118,889
79383,2642,1117,887
79384,2611,1117,887
79385,2604,1117,887
79386,2604,1117,887
79387,2587,1117,886
79388,2583,1117,886
79389,2581,1117,886
79390,2577,1117,885
79391,2607,1117,885
79392,2583,1117,885
79393,2550,1118,885
79394,2539,1117,885
79395,2539,1117,885
79396,2549,1117,885
79397,2531,1117,881
79398,2528,1117,884
79399,2528,1117,884
79400,2503,1117,885
79401,2496,1117,875
79402,2479,1102,870
79403,2473,1096,871
79404,2447,1094,868
79405,2475,1093,866
79406,2480,1093,865
79407,2479,1093,864
79408,2459,1093,864
79409,2443,1092,863
79410,2438,1090,863
79411,2422,1084,863
79412,2404,1083,863
79413,2367,1083,863
79414,2424,1083,863
79415,2447,1086,863
79416,2400,1084,862
79417,2383,1083,863
79418,2390,1083,862
79419,2376,1083,862
79420,2369,1082,862
79421,2371,1083,862
79422,2365,1082,861
79423,2408,1083,860
79424,2342,1082,857
79425,2324,1082,854
79426,2329,1081,854
79427,2314,1081,853
79428,2313,1081,852
79429,2315,1080,853
79430,2312,1081,852
79431,2309,1080,852
79432,2290,1080,853
79433,2278,1080,852
79434,2270,1080,852
79435,2265,1080,851
79436,2298,1080,851
79437,2254,1081,851
79438,2256,1080,851
79439,2256,1081,851
79440,2190,1073,848
79441,2268,1075,841
79442,2201,1063,840
79443,2189,1060,835
79444,2182,1058,833
79445,2186,1057,832
79446,2212,1057,831
79447,2186,1051,831
79448,2164,1053,833
79449,2167,1055,832
79450,2160,1053,831
79451,2149,1049,830
79452,2151,1048,831
79453,2150,1047,830
79454,2156,1047,830
79455,2144,1048,830
79456,2145,1047,830
79457,2102,1047,830
79458,2122,1047,830
79459,2118,1047,829
79460,2122,1047,830
79461,2106,1047,829
79462,2136,1047,829
79463,2110,1047,829
79464,2104,1047,829
79465,2109,1047,829
79466,2083,1046,828
79467,2085,1046,828
79468,2080,1047,828
79469,2116,1046,828
79470,2098,1046,828
79471,2099,1046,829
79472,2076,1046,827
79473,2092,1046,828
79474,2096,1046,828
79475,2105,1047,828
79476,2103,1047,828
79477,2060,1047,828
79478,2075,1047,828
79479,2086,1047,828
79480,2072,1047,829
79481,2077,1046,827
79482,2077,1046,828
79483,2071,1047,829
79484,2046,1047,827
79485,2070,1047,828
79486,2080,1047,826
79487,2084,1047,828
79488,2086,1046,828
79489,2076,1047,828
79490,2093,1046,828
79491,2102,1047,828
79492,2089,1047,829
79493,2093,1047,829
79494,2097,1046,829
79495,2091,1046,828
79496,2108,1047,829
79497,2116,1047,828
79498,2126,1046,829
79499,2142,1047,829
79500,2111,1046,829
79501,2118,1047,829
79502,2117,1047,829
79503,2132,1047,829
79504,2124,1047,830
79505,2136,1047,830
79506,2155,1047,830
79507,2139,1047,829
79508,2159,1047,830
79509,2148,1047,829
79510,2162,1047,830
79511,2163,1047,829
79512,2158,1046,830
79513,2163,1047,830
79514,2149,1047,831
79515,2153,1047,830
79516,2167,1047,831
79517,2169,1050,833
79518,2190,1055,832
79519,2183,1053,831
79520,2179,1049,831
79521,2205,1048,831
79522,2210,1051,834
79523,2198,1055,842
79524,2194,1058,847
79525,2203,1058,846
79526,2218,1059,848
79527,2225,1073,845
79528,2225,1066,847
79529,2239,1069,850
79530,2205,1076,850
79531,2219,1079,850
79532,2239,1080,851
79533,2258,1080,850
79534,2240,1081,851
79535,2237,1080,851
79536,2257,1081,851
79537,2239,1080,851
79538,2260,1081,852
79539,2248,1080,852
79540,2264,1081,852
79541,2262,1080,852
79542,2261,1082,852
79543,2262,1081,852
79544,2249,1081,852
79545,2259,1080,852
79546,2281,1081,852
79547,2285,1080,852
79548,2275,1080,852
79549,2275,1080,852
79550,2264,1080,852
79551,2277,1080,852
79552,2282,1080,851
79553,2272,1080,852
79554,2278,1081,853
79555,2254,1080,852
79556,2294,1081,851
79557,2286,1081,853
79558,2281,1081,852
79559,2273,1080,852
79560,2278,1081,852
79561,2282,1081,852
79562,2281,1081,852
79563,2286,1080,853
79564,2274,1081,852
79565,2276,1081,852
79566,2282,1081,853
79567,2283,1080,852
79568,2267,1081,852
79569,2273,1081,852
79570,2264,1080,851
79571,2273,1080,851
79572,2256,1081,852
79573,2266,1080,851
79574,2264,1080,851
79575,2249,1080,851
79576,2254,1080,851
79577,2229,1081,851
79578,2225,1080,851
79579,2249,1080,851
79580,2235,1080,851
79581,2235,1080,851
79582,2228,1080,851
79583,2242,1080,851
79584,2228,1080,851
79585,2220,1080,850
79586,2211,1080,846
79587,2220,1069,848
79588,2198,1077,850
79589,2229,1078,850
79590,2209,1080,847
79591,2196,1065,843
79592,2182,1060,844
79593,2198,1058,837
79594,2188,1058,834
79595,2187,1056,832
79596,2188,1057,836
79597,2181,1055,833
79598,2189,1056,832
79599,2173,1053,835
79600,2168,1056,833
79601,2177,1056,832
79602,2145,1054,831
79603,2165,1049,831
79604,2152,1048,831
79605,2148,1048,831
79606,2142,1047,831
79607,2150,1047,831
79608,2137,1048,830
79609,2130,1047,830
79610,2127,1047,829
79611,2115,1047,829
79612,2128,1047,829
79613,2118,1047,829
79614,2169,1047,830
79615,2110,1047,829
79616,2098,1047,829
79617,2101,1047,829
79618,2093,1048,829
79619,2083,1047,829
79620,2093,1047,828
79621,2080,1046,829
79622,2031,1047,828
79623,2056,1047,828
79624,2064,1047,829
79625,2072,1047,828
79626,2063,1046,823
79627,2055,1046,826
79628,2051,1046,827
79629,2053,1046,826
79630,2044,1046,827
79631,2023,1046,827
79632,2042,1047,827
79633,2016,1047,823
79634,2026,1046,820
79635,2018,1045,819
79636,2023,1045,820
79637,2010,1045,819
79638,1991,1045,818
79639,2019,1045,818
79640,1995,1045,817
79641,1990,1044,817
79642,1987,1045,817
79643,1981,1044,817
79644,1980,1045,817
79645,1973,1044,817
79646,1989,1045,816
79647,2003,1045,817
79648,1957,1045,816
79649,1949,1044,816
79650,1944,1044,815
79651,1955,1037,816
79652,1942,1042,816
79653,1943,1037,815
79654,1931,1031,816
79655,1941,1034,816
79656,1943,1042,816
79657,1919,1037,816
79658,1931,1043,816
79659,1915,1044,816
79660,1917,1044,816
79661,1909,1042,816
79662,1917,1043,816
79663,1903,1045,816
79664,1907,1044,816
79665,1907,1045,815
79666,1896,1041,815
79667,1896,1032,815
79668,1884,1027,811
79669,1865,1024,808
79670,1874,1023,812
79671,1875,1023,813
79672,1876,1024,814
79673,1862,1023,804
79674,1856,1022,799
79675,1856,1016,797
79676,1842,1013,796
79677,1891,1015,798
79678,1846,1012,796
79679,1855,1012,795
79680,1845,1010,795
79681,1828,1011,794
79682,1834,1010,794
79683,1826,1010,794
79684,1827,1010,794
79685,1818,1011,794
79686,1823,1011,795
79687,1814,1010,794
79688,1814,1010,794
79689,1812,1010,793
79690,1805,1010,793
79691,1804,1010,793
79692,1788,1010,793
79693,1818,1009,793
79694,1798,1010,793
79695,1800,1010,793
79696,1789,1010,794
79697,1783,1010,793
79698,1779,1011,793
79699,1771,1010,795
79700,1767,1009,793
79701,1805,1011,794
79702,1756,1010,794
79703,1775,1011,794
79704,1763,1010,794
79705,1746,1010,794
79706,1751,1010,794
79707,1738,1010,793
79708,1750,1010,794
79709,1732,1010,793
79710,1734,1010,793
79711,1744,1010,793
79712,1745,1009,793
79713,1737,1009,792
79714,1691,1009,792
79715,1719,1010,792
79716,1720,1009,792
79717,1744,1009,795
79718,1727,1010,793
79719,1724,1010,793
79720,1724,1010,792
79721,1719,1010,797
79722,1700,1014,797
79723,1719,1012,799
79724,1717,1011,799
79725,1715,1012,800
79726,1700,1017,807
79727,1712,1020,799
79728,1694,1019,801
79729,1705,1021,808
79730,1699,1022,807
79731,1696,1022,810
79732,1689,1023,811
79733,1703,1024,813
79734,1695,1024,813
79735,1699,1024,813
79736,1687,1024,813
79737,1689,1024,813
79738,1669,1024,814
79739,1656,1024,813
79740,1659,1024,813
79741,1683,1023,813
79742,1692,1023,813
79743,1684,1023,812
79744,1672,1024,812
79745,1685,1023,813
79746,1673,1024,812
79747,1656,1023,812
79748,1697,1024,812
79749,1683,1023,813
79750,1672,1024,813
79751,1675,1024,813
79752,1666,1024,813
79753,1661,1024,813
79754,1664,1024,813
79755,1671,1024,813
79756,1648,1024,813
79757,1670,1024,813
79758,1659,1024,813
79759,1654,1024,813
79760,1658,1024,812
79761,1659,1024,813
79762,1649,1024,813
79763,1661,1024,813
79764,1646,1024,813
79765,1661,1024,813
79766,1650,1024,813
79767,1649,1024,812
79768,1649,1023,813
79769,1648,1023,812
79770,1652,1023,812
79771,1654,1023,812
79772,1619,1023,812
79773,1670,1024,812
79774,1647,1024,813
79775,1639,1023,811
79776,1646,1023,812
79777,1657,1023,812
79778,1647,1024,813
79779,1653,1023,812
79780,1594,1024,812
79781,1632,1024,812
79782,1658,1023,812
79783,1618,1024,812
79784,1636,1024,812
79785,1644,1024,812
79786,1632,1024,812
79787,1638,1023,812
79788,1635,1023,812
79789,1644,1023,812
79790,1624,1023,812
79791,1637,1023,812
79792,1619,1024,811
79793,1630,1024,812
79794,1634,1023,812
79795,1634,1024,812
79796,1637,1024,812
79797,1643,1025,812
79798,1630,1024,812
79799,1636,1025,812
79800,1618,1024,813
79801,1616,1024,812
79802,1631,1024,812
79803,1620,1023,811
79804,1639,1023,813
79805,1635,1023,812
79806,1632,1024,812
79807,1627,1024,812
79808,1593,1024,812
79809,1640,1023,812
79810,1623,1024,812
79811,1643,1023,813
79812,1623,1023,812
79813,1631,1024,812
79814,1628,1022,812
79815,1634,1024,812
79816,1631,1023,812
79817,1587,1023,811
79818,1621,1023,812
79819,1639,1024,812
79820,1647,1024,813
79821,1626,1024,812
79822,1629,1023,812
79823,1633,1024,811
79824,1622,1024,812
79825,1645,1024,812
79826,1631,1024,812
79827,1626,1023,812
79828,1618,1024,813
79829,1628,1024,812
79830,1647,1024,812
79831,1634,1023,813
79832,1618,1024,813
79833,1627,1022,812
79834,1634,1024,812
79835,1659,1024,812
79836,1628,1024,813
79837,1603,1024,813
79838,1638,1023,812
79839,1625,1024,812
79840,1626,1023,812
79841,1635,1024,813
79842,1631,1023,812
79843,1636,1024,813
79844,1633,1023,812
79845,1636,1024,812
79846,1618,1023,812
79847,1628,1024,813
79848,1629,1024,813
79849,1619,1024,812
79850,1623,1023,813
79851,1669,1023,812
79852,1617,1023,812
79853,1623,1023,812
79854,1628,1023,812
79855,1619,1023,813
79856,1635,1023,812
79857,1631,1024,813
79858,1639,1023,812
79859,1628,1024,812
79860,1626,1024,812
79861,1622,1024,812
79862,1633,1024,812
79863,1641,1024,813
79864,1642,1024,813
79865,1634,1024,812
79866,1629,1023,813
79867,1630,1023,813
79868,1650,1023,813
79869,1630,1023,813
79870,1625,1023,812
79871,1630,1023,813
79872,1626,1023,811
79873,1625,1023,812
79874,1630,1023,812
79875,1636,1023,812
79876,1634,1023,813
79877,1625,1023,812
79878,1637,1023,812
79879,1625,1024,812
79880,1621,1024,812
79881,1627,1024,812
79882,1635,1025,813
79883,1635,1024,812
79884,1637,1024,812
79885,1631,1024,812
79886,1638,1024,812
79887,1645,1024,812
79888,1636,1023,812
79889,1635,1024,812
79890,1642,1023,812
79891,1643,1023,812
79892,1649,1023,812
79893,1645,1024,812
79894,1648,1024,813
79895,1659,1023,812
79896,1668,1024,813
79897,1664,1023,812
79898,1665,1025,813
79899,1668,1023,813
79900,1717,1024,814
79901,1701,1024,810
79902,1703,1024,812
79903,1717,1023,805
79904,1716,1023,798
79905,1721,1016,795
79906,1716,1011,794
79907,1719,1011,793
79908,1734,1011,793
79909,1773,1010,792
79910,1781,1010,794
79911,1780,1010,794
79912,1793,1010,793
79913,1798,1010,793
79914,1804,1010,794
79915,1800,1010,794
79916,1821,1010,794
79917,1857,1011,799
79918,1878,1014,807
79919,1890,1020,811
79920,1910,1022,814
79921,1916,1023,815
79922,1926,1024,815
79923,1923,1031,815
79924,1939,1033,816
79925,2007,1041,816
79926,2026,1044,819
79927,2038,1044,822
79928,2054,1045,822
79929,2068,1045,825
79930,2068,1046,826
79931,2074,1047,827
79932,2107,1046,828
79933,2168,1047,829
79934,2167,1047,830
79935,2217,1051,841
79936,2223,1056,847
79937,2258,1058,849
79938,2257,1073,850
79939,2242,1078,851
79940,2289,1080,852
79941,2355,1081,853
79942,2395,1081,858
79943,2449,1081,860
79944,2425,1082,862
79945,2446,1082,863
79946,2457,1083,863
79947,2463,1082,863
79948,2487,1083,864
79949,2552,1090,875
79950,2593,1094,881
79951,2620,1107,884
79952,2646,1114,885
79953,2658,1116,886
79954,2659,1117,888
79955,2653,1117,887
79956,2706,1117,888
79957,2758,1118,893
79958,2788,1119,897
79959,2820,1103,899
79960,2836,1099,900
79961,2848,1098,900
79962,2862,1097,902
79963,2864,1098,903
79964,2879,1099,912
79965,2952,1111,918
79966,2970,1117,920
79967,3003,1120,922
79968,3016,1122,923
79969,3028,1121,912
79970,3038,1113,907
79971,3040,1103,904
79972,3068,1100,903
79973,3095,1098,904
79974,3143,1098,904
79975,3158,1098,904
79976,3168,1098,904
79977,3167,1098,906
79978,3181,1098,904
79979,3187,1098,913
79980,3254,1110,912
79981,3240,1117,919
79982,3236,1120,922
79983,3274,1121,924
79984,3293,1121,925
79985,3283,1122,926
79986,3306,1122,927
79987,3308,1122,926
79988,3318,1123,927
79989,3336,1123,927
79990,3342,1123,927
79991,3361,1122,928
79992,3376,1129,934
79993,3375,1131,932
79994,3378,1133,931
79995,3373,1132,930
79996,3370,1133,930
79997,3399,1133,935
79998,3405,1133,936
79999,3416,1134,938
80000,3416,1134,938
80001,3425,1135,938
80002,3381,1134,939
80003,3414,1134,939
80004,3429,1135,939
80005,3419,1134,939
80006,3421,1134,939
80007,3435,1134,938
80008,3428,1135,938
80009,3429,1135,938
80010,3421,1134,938
80011,3418,1134,939
80012,3427,1134,939
80013,3399,1134,936
80014,3428,1134,938
80015,3411,1134,938
80016,3409,1135,938
80017,3402,1134,938
80018,3400,1134,938
80019,3414,1135,939
80020,3378,1135,936
80021,3323,1134,932
80022,3290,1133,930
80023,3289,1133,928
80024,3265,1133,927
80025,3251,1127,927
80026,3246,1124,925
80027,3240,1123,925
80028,3255,1122,925
80029,3266,1122,925
80030,3293,1122,926
80031,3295,1122,926
80032,3336,1122,926
80033,3272,1122,926
80034,3302,1122,927
80035,3308,1123,927
80036,3308,1122,927
80037,3279,1123,927
80038,3272,1122,926
80039,3274,1122,927
80040,3214,1122,926
80041,3292,1122,925
80042,3236,1122,926
80043,3229,1122,925
80044,3240,1122,925
80045,3236,1122,918
80046,3189,1122,918
80047,3187,1121,918
80048,3188,1121,914
80049,3182,1120,909
80050,3167,1106,907
80051,3144,1101,906
80052,3179,1099,905
80053,3176,1098,905
80054,3117,1098,904
80055,3111,1099,904
80056,3102,1098,903
80057,3102,1098,903
80058,3106,1098,904
80059,3103,1098,903
80060,3071,1098,902
80061,3072,1097,904
80062,3072,1098,903
80063,3048,1098,902
80064,3039,1098,902
80065,3030,1098,902
80066,3037,1097,902
80067,3028,1098,907
80068,3030,1099,916
80069,2993,1113,920
80070,2993,1119,921
80071,2985,1121,922
80072,2967,1121,922
80073,2980,1120,922
80074,2973,1121,922
80075,2942,1121,923
80076,2952,1122,922
80077,2941,1121,922
80078,2928,1121,922
80079,2928,1121,922
80080,2919,1121,921
80081,2907,1121,921
80082,2911,1122,922
80083,2920,1122,922
80084,2905,1122,922
80085,2868,1122,921
80086,2850,1122,919
80087,2865,1121,916
80088,2849,1120,913
80089,2847,1110,906
80090,2855,1102,904
80091,2853,1098,901
80092,2846,1098,902
80093,2822,1097,901
80094,2817,1098,900
80095,2837,1098,901
80096,2828,1097,900
80097,2824,1097,901
80098,2813,1097,900
80099,2812,1098,901
80100,2806,1097,901
80101,2786,1097,900
80102,2780,1098,900
80103,2780,1097,900
80104,2772,1098,900
80105,2757,1098,900
80106,2769,1098,900
80107,2809,1097,899
80108,2763,1097,899
80109,2742,1097,898
80110,2741,1097,898
80111,2720,1097,898
80112,2724,1097,898
80113,2730,1098,899
80114,2726,1097,899
80115,2711,1097,896
80116,2712,1096,897
80117,2704,1096,894
80118,2698,1112,891
80119,2732,1116,891
80120,2713,1118,891
80121,2700,1118,891
80122,2685,1118,891
80123,2684,1118,893
80124,2690,1118,891
80125,2651,1119,890
80126,2648,1118,889
80127,2653,1118,888
80128,2612,1117,888
80129,2624,1118,888
80130,2654,1118,887
80131,2629,1117,887
80132,2633,1117,887
80133,2582,1117,887
80134,2589,1117,886
80135,2599,1117,886
80136,2594,1117,885
80137,2587,1117,886
80138,2559,1117,885
80139,2584,1117,886
80140,2558,1117,886
80141,2556,1118,886
80142,2554,1117,882
80143,2532,1116,883
80144,2535,1117,884
80145,2526,1117,881
80146,2523,1116,883
80147,2526,1117,884
80148,2522,1117,881
80149,2501,1109,872
80150,2509,1099,869
80151,2522,1096,867
80152,2489,1094,866
80153,2474,1093,865
80154,2479,1092,864
80155,2471,1093,864
80156,2461,1093,863
80157,2443,1085,864
80158,2437,1087,863
80159,2423,1084,863
80160,2432,1083,863
80161,2400,1086,863
80162,2413,1084,863
80163,2412,1083,863
80164,2411,1083,865
80165,2383,1087,863
80166,2384,1084,863
80167,2359,1083,859
80168,2370,1082,860
80169,2373,1082,859
80170,2364,1082,857
80171,2370,1081,858
80172,2383,1081,856
80173,2334,1081,854
80174,2325,1080,853
80175,2335,1081,852
80176,2319,1080,852
80177,2319,1081,853
80178,2329,1081,852
80179,2318,1081,852
80180,2295,1082,854
80181,2242,1081,852
80182,2320,1081,853
80183,2332,1080,852
80184,2276,1081,853
80185,2279,1080,852
80186,2291,1081,852
80187,2280,1081,852
80188,2285,1080,852
80189,2271,1080,852
80190,2276,1080,851
80191,2237,1080,851
80192,2250,1081,852
80193,2268,1080,851
80194,2269,1080,851
80195,2260,1080,851
80196,2263,1080,851
80197,2257,1080,852
80198,2267,1080,851
80199,2240,1081,852
80200,2245,1081,851
80201,2238,1080,852
80202,2246,1080,852
80203,2288,1080,851
80204,2268,1081,851
80205,2259,1081,851
80206,2265,1080,852
80207,2257,1080,851
80208,2252,1080,852
80209,2248,1080,851
80210,2254,1080,851
80211,2308,1081,852
80212,2263,1080,851
80213,2265,1080,851
80214,2276,1081,851
80215,2271,1080,852
80216,2281,1080,852
80217,2277,1080,852
80218,2260,1080,851
80219,2282,1081,852
80220,2276,1080,852
80221,2280,1080,851
80222,2289,1080,852
80223,2288,1081,852
80224,2287,1081,853
80225,2293,1080,853
80226,2288,1081,853
80227,2296,1080,853
80228,2289,1080,853
80229,2340,1080,853
80230,2304,1081,852
80231,2304,1081,853
80232,2303,1080,852
80233,2333,1080,852
80234,2309,1080,852
80235,2298,1080,852
80236,2315,1081,853
80237,2321,1081,852
80238,2320,1080,853
80239,2291,1081,853
80240,2353,1081,853
80241,2317,1081,853
80242,2333,1080,853
80243,2330,1081,853
80244,2335,1080,853
80245,2354,1081,853
80246,2358,1081,853
80247,2356,1081,855
80248,2345,1081,856
80249,2352,1081,855
80250,2390,1081,857
80251,2353,1081,856
80252,2359,1081,856
80253,2383,1081,857
80254,2363,1081,858
80255,2361,1081,858
80256,2373,1082,858
80257,2380,1081,859
80258,2378,1083,861
80259,2395,1082,860
80260,2385,1082,862
80261,2383,1083,862
80262,2397,1083,863
80263,2375,1083,862
80264,2390,1082,862
80265,2380,1083,863
80266,2383,1082,862
80267,2383,1082,863
80268,2375,1082,863
80269,2384,1083,863
80270,2370,1082,863
80271,2397,1083,862
80272,2380,1082,862
80273,2390,1082,862
80274,2407,1083,863
80275,2404,1082,862
80276,2389,1083,863
80277,2388,1082,863
80278,2398,1083,862
80279,2385,1082,863
80280,2410,1083,863
80281,2380,1082,863
80282,2388,1082,862
80283,2388,1082,863
80284,2394,1083,862
80285,2400,1082,863
80286,2400,1082,862
80287,2390,1083,861
80288,2398,1082,862
80289,2423,1082,862
80290,2390,1082,862
80291,2388,1082,862
80292,2388,1082,862
80293,2384,1082,862
80294,2387,1082,862
80295,2399,1083,862
80296,2374,1083,863
80297,2378,1082,860
80298,2372,1081,860
80299,2376,1082,859
80300,2361,1081,859
80301,2390,1082,858
80302,2363,1082,855
80303,2365,1081,856
80304,2370,1082,858
80305,2363,1082,856
80306,2354,1081,854
80307,2335,1082,854
80308,2348,1081,854
80309,2351,1081,853
80310,2338,1080,852
80311,2331,1081,852
80312,2346,1081,852
80313,2324,1080,853
80314,2327,1080,853
80315,2336,1081,852
80316,2324,1081,852
80317,2313,1080,853
80318,2301,1080,852
80319,2302,1081,853
80320,2312,1081,853
80321,2296,1081,852
80322,2286,1080,853
80323,2297,1081,852
80324,2286,1081,853
80325,2281,1081,852
80326,2279,1080,852
80327,2283,1081,852
80328,2266,1081,852
80329,2276,1080,851
80330,2258,1081,852
80331,2245,1081,852
80332,2260,1081,851
80333,2272,1080,852
80334,2244,1080,851
80335,2248,1080,850
80336,2247,1080,852
80337,2221,1080,851
80338,2227,1080,847
80339,2240,1073,842
80340,2196,1062,839
80341,2166,1060,838
80342,2185,1058,834
80343,2183,1057,832
80344,2169,1056,831
80345,2147,1052,831
80346,2160,1048,831
80347,2160,1048,830
80348,2152,1047,830
80349,2155,1047,830
80350,2144,1047,830
80351,2162,1047,830
80352,2143,1047,831
80353,2128,1047,830
80354,2128,1048,830
80355,2115,1047,830
80356,2115,1047,829
80357,2105,1046,828
80358,2159,1047,830
80359,2138,1048,829
80360,2107,1046,829
80361,2109,1047,828
80362,2088,1047,829
80363,2090,1047,829
80364,2083,1047,829
80365,2079,1046,828
80366,2082,1047,828
80367,2078,1046,828
80368,2056,1047,828
80369,2069,1047,828
80370,2083,1046,827
80371,2066,1046,828
80372,2071,1046,823
80373,2046,1046,823
80374,2042,1046,823
80375,2041,1046,826
80376,2036,1046,825
80377,2015,1046,823
80378,2030,1046,822
80379,2018,1045,819
80380,2021,1045,820
80381,2018,1045,820
80382,2024,1045,820
80383,2038,1045,821
80384,2005,1045,818
80385,2001,1045,818
80386,1986,1045,817
80387,1976,1045,818
80388,1981,1045,817
80389,1987,1045,817
80390,2002,1044,816
80391,1974,1045,817
80392,1972,1045,816
80393,1991,1044,816
80394,1958,1037,816
80395,1945,1043,816
80396,1957,1044,816
80397,1951,1044,816
80398,1947,1044,816
80399,1944,1045,816
80400,1939,1044,816
80401,1978,1044,815
80402,1921,1031,816
80403,1904,1040,815
80404,1907,1029,815
80405,1914,1033,817
80406,1911,1041,816
80407,1910,1043,816
80408,1913,1044,815
80409,1901,1030,816
80410,1940,1030,816
80411,1877,1030,815
80412,1873,1026,815
80413,1899,1025,815
80414,1883,1025,815
80415,1892,1024,815
80416,1882,1025,815
80417,1888,1024,815
80418,1861,1024,804
80419,1862,1023,800
80420,1864,1019,797
80421,1854,1013,796
80422,1852,1012,796
80423,1864,1011,795
80424,1871,1011,795
80425,1851,1011,796
80426,1840,1011,795
80427,1847,1010,795
80428,1826,1010,794
80429,1829,1010,794
80430,1826,1010,795
80431,1825,1010,794
80432,1822,1010,794
80433,1799,1009,794
80434,1818,1010,794
80435,1796,1010,794
80436,1813,1010,794
80437,1807,1011,794
80438,1811,1010,794
80439,1809,1010,794
80440,1805,1010,794
80441,1794,1010,793
80442,1799,1010,794
80443,1788,1010,793
80444,1794,1010,793
80445,1783,1010,794
80446,1784,1010,793
80447,1782,1010,794
80448,1787,1010,794
80449,1774,1010,793
80450,1773,1010,794
80451,1770,1010,794
80452,1758,1010,793
80453,1759,1011,793
80454,1766,1010,793
80455,1771,1010,793
80456,1774,1010,794
80457,1760,1010,793
80458,1786,1010,793
80459,1754,1010,792
80460,1764,1010,793
80461,1752,1010,793
80462,1754,1010,793
80463,1761,1010,793
80464,1754,1010,793
80465,1764,1010,793
80466,1743,1010,793
80467,1754,1011,793
80468,1751,1010,793
80469,1749,1010,793
80470,1743,1010,793
80471,1747,1009,792
80472,1727,1009,792
80473,1800,1009,792
80474,1750,1010,792
80475,1740,1009,793
80476,1734,1009,792
80477,1738,1010,792
80478,1740,1010,793
80479,1731,1010,793
80480,1736,1009,793
80481,1732,1010,797
80482,1737,1010,793
80483,1728,1010,794
80484,1730,1010,793
80485,1735,1010,793
80486,1732,1010,793
80487,1729,1010,792
80488,1725,1010,796
80489,1718,1010,799
80490,1733,1010,795
80491,1723,1011,793
80492,1731,1009,793
80493,1725,1010,792
80494,1726,1010,792
80495,1715,1010,791
80496,1726,1010,792
80497,1726,1010,792
80498,1714,1011,792
80499,1725,1010,792
80500,1711,1011,795
80501,1720,1010,794
80502,1730,1011,793
80503,1722,1010,797
80504,1723,1011,795
80505,1721,1010,797
80506,1732,1011,794
80507,1724,1010,793
80508,1721,1010,797
80509,1720,1011,799
80510,1718,1011,795
80511,1718,1010,794
80512,1713,1010,792
80513,1716,1010,797
80514,1724,1010,794
80515,1717,1010,797
80516,1717,1011,794
80517,1726,1010,793
80518,1728,1011,793
80519,1720,1010,792
80520,1714,1010,795
80521,1715,1010,794
80522,1726,1010,793
80523,1714,1010,792
80524,1721,1010,792
80525,1720,1010,792
80526,1719,1010,797
80527,1720,1011,794
80528,1722,1010,797
80529,1720,1010,799
80530,1724,1010,795
80531,1721,1011,794
80532,1713,1010,797
80533,1710,1014,797
80534,1732,1012,794
80535,1706,1011,796
80536,1708,1013,802
80537,1727,1014,801
80538,1722,1014,796
80539,1721,1016,806
80540,1712,1020,799
80541,1714,1016,795
80542,1709,1012,801
80543,1723,1015,796
80544,1698,1016,803
80545,1704,1018,799
80546,1712,1018,802
80547,1709,1021,808
80548,1711,1022,806
80549,1715,1022,798
80550,1703,1019,802
80551,1702,1021,807
80552,1730,1021,807
80553,1722,1023,810
80554,1697,1022,807
80555,1677,1023,808
80556,1704,1022,810
80557,1702,1023,811
80558,1677,1023,809
80559,1707,1023,810
80560,1697,1023,812
80561,1708,1023,813
80562,1706,1024,814
80563,1707,1024,814
80564,1707,1023,814
80565,1704,1024,813
80566,1708,1024,808
80567,1693,1024,811
80568,1691,1023,812
80569,1704,1024,812
80570,1714,1024,810
80571,1683,1024,812
80572,1710,1024,813
80573,1695,1024,813
80574,1701,1024,812
80575,1702,1024,813
80576,1681,1024,813
80577,1707,1024,814
80578,1702,1024,814
80579,1686,1025,814
80580,1708,1024,814
80581,1699,1024,814
80582,1696,1024,814
80583,1705,1024,813
80584,1697,1023,814
80585,1699,1023,813
80586,1678,1023,813
80587,1703,1023,814
80588,1695,1024,813
80589,1733,1024,813
80590,1695,1024,813
80591,1695,1024,813
80592,1700,1024,813
80593,1676,1024,813
80594,1695,1024,813
80595,1712,1024,813
80596,1682,1023,813
80597,1695,1024,813
80598,1687,1023,814
80599,1695,1023,813
80600,1689,1024,813
80601,1686,1024,813
80602,1692,1025,814
80603,1682,1024,814
80604,1683,1024,813
80605,1677,1024,813
80606,1676,1025,813
80607,1663,1023,813
80608,1691,1024,814
80609,1681,1023,813
80610,1672,1024,813
80611,1675,1024,813
80612,1666,1024,812
80613,1692,1024,812
80614,1670,1024,812
80615,1673,1024,813
80616,1672,1024,813
80617,1678,1024,813
80618,1655,1024,813
80619,1658,1023,813
80620,1687,1023,813
80621,1678,1024,812
80622,1680,1024,813
80623,1664,1024,812
80624,1654,1024,813
80625,1664,1025,812
80626,1667,1024,813
80627,1667,1024,812
80628,1655,1024,813
80629,1667,1023,812
80630,1663,1024,813
80631,1654,1023,813
80632,1651,1024,813
80633,1662,1024,812
80634,1674,1024,812
80635,1671,1023,812
80636,1678,1023,812
80637,1668,1023,812
80638,1681,1024,813
80639,1695,1023,813
80640,1701,1024,813
80641,1658,1024,813
80642,1705,1024,809
80643,1714,1023,808
80644,1713,1023,805
80645,1719,1022,798
80646,1717,1015,803
80647,1714,1020,797
80648,1733,1017,801
80649,1748,1021,798
80650,1758,1013,794
80651,1753,1011,794
80652,1798,1011,793
80653,1779,1010,794
80654,1788,1010,794
80655,1782,1010,793
80656,1785,1010,793
80657,1838,1010,794
80658,1850,1010,795
80659,1858,1010,798
80660,1875,1014,807
80661,1881,1020,811
80662,1928,1022,813
80663,1894,1023,814
80664,1904,1024,815
80665,1949,1031,815
80666,1980,1033,816
80667,2003,1041,817
80668,2019,1043,817
80669,2022,1044,817
80670,2032,1045,819
80671,2034,1045,823
80672,2051,1046,825
80673,2107,1046,826
80674,2131,1046,828
80675,2166,1046,829
80676,2182,1047,830
80677,2196,1047,830
80678,2206,1047,830
80679,2211,1047,831
80680,2220,1051,834
80681,2279,1055,843
80682,2319,1058,848
80683,2361,1071,851
80684,2368,1078,857
80685,2385,1081,860
80686,2394,1082,862
80687,2394,1082,862
80688,2409,1082,863
80689,2479,1083,863
80690,2525,1086,874
80691,2564,1092,880
80692,2585,1106,882
80693,2599,1113,885
80694,2603,1116,885
80695,2600,1116,886
80696,2617,1117,886
80697,2664,1117,887
80698,2722,1118,891
80699,2764,1119,896
80700,2779,1107,898
80701,2799,1099,898
80702,2811,1098,900
80703,2813,1097,901
80704,2817,1098,901
80705,2869,1097,910
80706,2932,1106,916
80707,2951,1116,919
80708,2960,1119,920
80709,2991,1121,922
80710,2992,1121,923
80711,3010,1121,923
80712,3009,1121,923
80713,3060,1121,912
80714,3101,1114,908
80715,3120,1104,905
80716,3109,1100,904
80717,3145,1099,905
80718,3159,1099,905
80719,3169,1098,905
80720,3164,1098,905
80721,3213,1098,905
80722,3235,1098,916
80723,3269,1114,920
80724,3273,1119,923
80725,3264,1121,926
80726,3288,1122,926
80727,3285,1122,926
80728,3287,1123,927
80729,3329,1122,926
80730,3345,1122,927
80731,3364,1123,927
80732,3376,1126,928
80733,3328,1131,928
80734,3388,1132,928
80735,3417,1133,930
80736,3370,1133,930
80737,3404,1133,934
80738,3418,1134,937
80739,3424,1134,938
80740,3481,1134,937
80741,3439,1134,938
80742,3467,1134,938
80743,3439,1134,939
80744,3440,1134,939
80745,3437,1134,939
80746,3420,1135,939
80747,3460,1135,939
80748,3431,1134,938
80749,3458,1135,939
80750,3425,1134,940
80751,3434,1134,939
80752,3462,1134,939
80753,3353,1133,933
80754,3275,1133,930
80755,3228,1133,927
80756,3211,1125,918
80757,3194,1123,912
80758,3168,1114,909
80759,3172,1104,907
80760,3162,1101,906
80761,3168,1099,905
80762,3154,1098,905
80763,3138,1098,904
80764,3148,1098,904
80765,3229,1099,916
80766,3293,1114,921
80767,3380,1119,925
80768,3356,1121,926
80769,3372,1122,929
80770,3387,1128,933
80771,3401,1132,936
80772,3403,1133,937
80773,3381,1134,935
80774,3373,1135,937
80775,3359,1134,931
80776,3360,1133,930
80777,3386,1132,928
80778,3373,1133,928
80779,3360,1132,927
80780,3341,1129,927
80781,3345,1124,927
80782,3336,1124,927
80783,3307,1123,927
80784,3301,1123,927
80785,3298,1124,927
80786,3299,1123,926
80787,3266,1123,927
80788,3285,1122,926
80789,3264,1122,927
80790,3267,1122,926
80791,3252,1122,926
80792,3229,1122,921
80793,3253,1122,923
80794,3221,1121,917
80795,3216,1120,917
80796,3226,1121,914
80797,3202,1120,917
80798,3173,1120,911
80799,3147,1109,908
80800,3147,1101,906
80801,3157,1100,905
80802,3151,1098,905
80803,3143,1098,905
80804,3134,1099,905
80805,3131,1098,904
80806,3109,1099,904
80807,3091,1098,904
80808,3104,1099,904
80809,3038,1098,903
80810,3076,1098,903
80811,3100,1097,903
80812,3081,1098,902
80813,3055,1098,903
80814,3040,1097,906
80815,3029,1098,910
80816,3025,1101,910
80817,3005,1110,916
80818,3016,1117,920
80819,3012,1121,921
80820,3011,1122,923
80821,3021,1122,921
80822,2983,1121,921
80823,2964,1121,922
80824,2949,1121,922
80825,2925,1121,922
80826,2946,1122,922
80827,2941,1121,922
80828,2968,1122,922
80829,2923,1122,922
80830,2965,1121,922
80831,2825,1122,919
80832,2896,1121,920
80833,2895,1121,920
80834,2897,1121,921
80835,2897,1121,921
80836,2893,1121,921
80837,2894,1121,917
80838,2858,1120,912
80839,2855,1113,906
80840,2867,1104,904
80841,2853,1100,902
80842,2844,1098,901
80843,2857,1098,901
80844,2838,1098,902
80845,2827,1098,901
80846,2816,1098,901
80847,2812,1097,901
80848,2805,1097,901
80849,2785,1098,901
80850,2796,1097,900
80851,2789,1098,901
80852,2777,1097,900
80853,2785,1097,900
80854,2760,1097,900
80855,2763,1097,899
80856,2763,1097,899
80857,2754,1097,899
80858,2755,1096,899
80859,2733,1097,898
80860,2737,1097,899
80861,2735,1098,896
80862,2774,1097,897
80863,2710,1097,897
80864,2704,1097,898
80865,2688,1104,895
80866,2700,1114,894
80867,2712,1117,896
80868,2713,1107,895
80869,2678,1112,892
80870,2694,1117,892
80871,2670,1118,892
80872,2653,1118,890
80873,2651,1118,888
80874,2694,1117,888
80875,2602,1117,888
80876,2661,1117,888
80877,2620,1117,887
80878,2651,1117,887
80879,2638,1117,887
80880,2601,1117,886
80881,2600,1117,886
80882,2599,1117,886
80883,2613,1118,886
80884,2612,1117,886
80885,2629,1117,886
80886,2590,1117,886
80887,2573,1117,885
80888,2560,1117,886
80889,2545,1117,885
80890,2552,1117,885
80891,2535,1117,881
80892,2545,1117,884
80893,2528,1117,880
80894,2524,1116,874
80895,2517,1101,870
80896,2500,1096,866
80897,2488,1094,866
80898,2474,1093,864
80899,2487,1093,865
80900,2463,1093,865
80901,2468,1093,864
80902,2439,1090,864
80903,2440,1092,864
80904,2435,1093,864
80905,2425,1092,864
80906,2430,1093,864
80907,2458,1088,864
80908,2420,1086,863
80909,2417,1084,863
80910,2396,1084,862
80911,2388,1083,863
80912,2383,1082,862
80913,2387,1083,861
80914,2384,1082,861
80915,2378,1083,862
80916,2378,1082,862
80917,2356,1082,859
80918,2358,1081,856
80919,2347,1082,855
80920,2327,1080,853
80921,2322,1081,854
80922,2320,1081,853
80923,2310,1081,853
80924,2327,1080,853
80925,2318,1080,853
80926,2327,1080,852
80927,2311,1081,852
80928,2298,1080,852
80929,2301,1081,852
80930,2277,1080,852
80931,2280,1081,852
80932,2291,1080,852
80933,2285,1081,851
80934,2281,1080,852
80935,2282,1080,852
80936,2275,1080,852
80937,2283,1081,852
80938,2266,1081,852
80939,2313,1081,852
80940,2274,1081,852
80941,2276,1080,852
80942,2269,1081,852
80943,2272,1080,851
80944,2267,1081,852
80945,2268,1080,852
80946,2223,1081,853
80947,2265,1080,852
80948,2267,1081,853
80949,2259,1080,852
80950,2265,1081,852
80951,2266,1080,852
80952,2281,1081,852
80953,2266,1080,851
80954,2266,1081,851
80955,2263,1080,851
80956,2270,1080,851
80957,2278,1080,852
80958,2277,1080,852
80959,2270,1081,852
80960,2266,1081,851
80961,2269,1081,852
80962,2279,1081,852
80963,2282,1081,853
80964,2286,1080,852
80965,2276,1081,852
80966,2309,1080,853
80967,2282,1080,852
80968,2300,1081,852
80969,2290,1081,853
80970,2281,1081,852
80971,2292,1081,852
80972,2300,1081,852
80973,2299,1080,852
80974,2308,1080,852
80975,2301,1080,852
80976,2318,1080,852
80977,2314,1080,852
80978,2321,1080,852
80979,2325,1081,853
80980,2317,1081,852
80981,2320,1081,852
80982,2322,1081,852
80983,2357,1081,853
80984,2340,1081,853
80985,2339,1081,853
80986,2324,1081,853
80987,2344,1080,852
80988,2333,1081,853
80989,2344,1080,853
80990,2347,1081,854
80991,2345,1081,854
80992,2342,1081,853
80993,2345,1082,854
80994,2346,1080,853
80995,2347,1081,853
80996,2359,1080,853
80997,2367,1081,853
80998,2362,1081,853
80999,2370,1081,857
81000,2376,1081,858
81001,2368,1082,858
81002,2382,1082,859
81003,2370,1082,861
81004,2360,1082,858
81005,2374,1082,859
81006,2359,1082,857
81007,2366,1082,859
81008,2353,1082,858
81009,2381,1082,860
81010,2379,1082,861
81011,2363,1083,861
81012,2380,1082,861
81013,2385,1082,862
81014,2364,1081,861
81015,2392,1082,862
81016,2387,1082,862
81017,2385,1082,862
81018,2393,1082,862
81019,2387,1082,862
81020,2385,1082,862
81021,2393,1082,862
81022,2379,1082,863
81023,2368,1083,862
81024,2383,1082,863
81025,2378,1083,863
81026,2382,1083,862
81027,2380,1083,863
81028,2386,1082,862
81029,2373,1082,862
81030,2373,1082,862
81031,2362,1082,861
81032,2378,1082,862
81033,2334,1082,859
81034,2360,1082,859
81035,2351,1082,859
81036,2376,1082,861
81037,2376,1082,860
81038,2365,1083,858
81039,2357,1081,856
81040,2366,1082,859
81041,2357,1081,855
81042,2362,1081,856
81043,2349,1081,854
81044,2361,1081,853
81045,2372,1081,854
81046,2335,1081,854
81047,2343,1080,853
81048,2335,1081,853
81049,2329,1081,853
81050,2329,1081,852
81051,2332,1081,853
81052,2336,1081,853
81053,2335,1080,853
81054,2331,1080,853
81055,2322,1080,852
81056,2319,1081,852
81057,2303,1081,853
81058,2312,1080,852
81059,2308,1081,853
81060,2300,1081,853
81061,2272,1081,852
81062,2302,1081,853
81063,2296,1080,853
81064,2284,1081,853
81065,2293,1081,853
81066,2286,1081,852
81067,2290,1081,853
81068,2283,1081,852
81069,2275,1081,852
81070,2264,1080,852
81071,2286,1080,852
81072,2259,1080,852
81073,2279,1080,851
81074,2256,1080,851
81075,2251,1080,851
81076,2252,1080,851
81077,2246,1080,850
81078,2231,1080,851
81079,2219,1081,851
81080,2227,1080,851
81081,2221,1081,851
81082,2219,1080,851
81083,2201,1073,848
81084,2207,1068,847
81085,2228,1068,841
81086,2199,1061,836
81087,2184,1058,833
81088,2193,1057,832
81089,2187,1056,831
81090,2186,1051,830
81091,2179,1048,831
81092,2184,1047,829
81093,2181,1047,830
81094,2144,1047,831
81095,2163,1047,830
81096,2170,1047,830
81097,2160,1047,830
81098,2158,1047,830
81099,2153,1047,830
81100,2150,1048,830
81101,2108,1048,829
81102,2125,1047,829
81103,2114,1047,828
81104,2107,1048,829
81105,2080,1047,828
81106,2077,1046,829
81107,2095,1047,828
81108,2081,1046,828
81109,2078,1047,828
81110,2053,1046,828
81111,2063,1046,826
81112,2062,1046,824
81113,2053,1046,821
81114,2058,1046,819
81115,2054,1045,822
81116,2056,1045,824
81117,2009,1045,824
81118,2022,1045,825
81119,2057,1046,825
81120,2026,1045,821
81121,2019,1045,819
81122,2022,1046,819
81123,2016,1045,820
81124,2033,1046,819
81125,2011,1044,818
81126,2015,1045,818
81127,1989,1045,817
81128,1984,1045,818
81129,1989,1045,817
81130,1988,1045,817
81131,1988,1045,817
81132,1980,1045,817
81133,1972,1044,818
81134,1958,1044,818
81135,1983,1044,816
81136,1950,1044,816
81137,1945,1044,816
81138,1960,1044,815
81139,1934,1030,815
81140,1955,1033,816
81141,1936,1041,816
81142,1949,1044,816
81143,1916,1037,815
81144,1905,1029,815
81145,1915,1033,816
81146,1911,1041,816
81147,1921,1037,816
81148,1900,1042,816
81149,1939,1044,816
81150,1887,1037,815
81151,1895,1032,815
81152,1876,1026,815
81153,1882,1025,815
81154,1881,1025,811
81155,1874,1023,813
81156,1872,1024,811
81157,1870,1023,810
81158,1856,1022,802
81159,1846,1022,798
81160,1856,1015,800
81161,1846,1017,798
81162,1845,1013,797
81163,1842,1011,796
81164,1842,1011,796
81165,1796,1011,796
81166,1819,1011,795
81167,1824,1010,794
81168,1822,1010,794
81169,1822,1010,794
81170,1809,1011,795
81171,1822,1010,794
81172,1810,1011,795
81173,1811,1010,794
81174,1796,1010,793
81175,1786,1010,793
81176,1790,1010,793
81177,1792,1010,794
81178,1781,1010,793
81179,1790,1010,793
81180,1785,1010,794
81181,1772,1010,794
81182,1767,1010,794
81183,1766,1011,793
81184,1762,1010,794
81185,1775,1010,792
81186,1755,1010,793
81187,1742,1010,793
81188,1763,1010,793
81189,1755,1010,793
81190,1752,1010,792
81191,1729,1010,793
81192,1739,1010,793
81193,1742,1009,792
81194,1723,1009,792
81195,1726,1009,792
81196,1747,1009,793
81197,1728,1011,796
81198,1761,1010,794
81199,1714,1010,793
81200,1718,1010,801
81201,1717,1013,800
81202,1715,1013,801
81203,1722,1013,801
81204,1732,1017,799
81205,1723,1015,799
81206,1671,1018,802
81207,1694,1020,808
81208,1713,1022,804
81209,1692,1022,809
81210,1717,1023,809
81211,1697,1022,811
81212,1722,1023,810
81213,1698,1022,811
81214,1707,1023,812
81215,1701,1023,812
81216,1703,1024,813
81217,1718,1024,813
81218,1700,1024,814
81219,1689,1024,813
81220,1701,1024,814
81221,1685,1023,813
81222,1689,1024,813
81223,1691,1024,813
81224,1689,1024,814
81225,1689,1024,813
81226,1697,1024,813
81227,1691,1024,813
81228,1658,1024,813
81229,1682,1023,813
81230,1681,1023,813
81231,1678,1024,813
81232,1688,1023,813
81233,1685,1023,812
81234,1686,1023,813
81235,1686,1023,812
81236,1691,1023,813
81237,1678,1023,812
81238,1684,1023,812
81239,1687,1023,813
81240,1678,1024,813
81241,1682,1024,813
81242,1678,1024,813
81243,1676,1024,813
81244,1665,1024,812
81245,1683,1024,812
81246,1692,1024,812
81247,1687,1023,813
81248,1678,1023,813
81249,1698,1024,813
81250,1691,1024,813
81251,1684,1024,812
81252,1682,1023,813
81253,1673,1024,813
81254,1702,1024,813
81255,1688,1024,813
81256,1698,1024,813
81257,1686,1024,813
81258,1692,1024,813
81259,1703,1023,814
81260,1689,1024,813
81261,1695,1023,813
81262,1695,1023,813
81263,1691,1024,813
81264,1704,1024,813
81265,1697,1024,813
81266,1679,1024,813
81267,1685,1023,813
81268,1695,1024,813
81269,1685,1024,813
81270,1692,1024,813
81271,1698,1024,813
81272,1686,1024,813
81273,1696,1024,813
81274,1684,1024,814
81275,1702,1024,813
81276,1711,1024,813
81277,1692,1023,813
81278,1695,1023,813
81279,1699,1023,813
81280,1700,1023,813
81281,1690,1024,813
81282,1695,1024,813
81283,1703,1025,814
81284,1697,1024,814
81285,1698,1024,813
81286,1705,1024,813
81287,1715,1023,811
81288,1691,1023,811
81289,1713,1023,807
81290,1705,1023,810
81291,1705,1023,811
81292,1702,1023,813
81293,1708,1024,813
81294,1717,1023,811
81295,1708,1023,812
81296,1718,1023,810
81297,1725,1022,807
81298,1723,1023,799
81299,1706,1020,798
81300,1717,1015,795
81301,1719,1012,793
81302,1716,1010,793
81303,1713,1010,792
81304,1705,1010,795
81305,1695,1011,801
81306,1697,1017,808
81307,1722,1021,803
81308,1740,1022,797
81309,1754,1013,803
81310,1712,1019,797
81311,1709,1016,801
81312,1724,1018,797
81313,1719,1013,794
81314,1718,1011,792
81315,1729,1010,792
81316,1730,1010,797
81317,1724,1011,794
81318,1732,1010,793
81319,1771,1010,793
81320,1736,1010,793
81321,1734,1010,792
81322,1726,1010,792
81323,1720,1010,791
81324,1724,1010,792
81325,1720,1010,792
81326,1727,1010,792
81327,1725,1010,793
81328,1724,1010,793
81329,1720,1010,796
81330,1729,1011,794
81331,1722,1010,793
81332,1719,1010,792
81333,1723,1010,793
81334,1721,1009,792
81335,1729,1010,792
81336,1726,1010,792
81337,1728,1010,796
81338,1723,1011,793
81339,1725,1010,792
81340,1711,1010,795
81341,1765,1010,797
81342,1734,1011,799
81343,1720,1011,796
81344,1718,1011,794
81345,1728,1010,793
81346,1727,1010,793
81347,1714,1010,792
81348,1710,1010,800
81349,1716,1013,795
81350,1718,1011,793
81351,1676,1011,799
81352,1711,1016,801
81353,1722,1020,801
81354,1718,1016,796
81355,1743,1013,803
81356,1703,1017,809
81357,1704,1021,806
81358,1705,1021,810
81359,1715,1022,809
81360,1708,1023,806
81361,1708,1022,807
81362,1719,1022,808
81363,1709,1022,807
81364,1685,1023,810
81365,1699,1024,813
81366,1716,1023,810
81367,1703,1024,812
81368,1706,1024,813
81369,1708,1024,813
81370,1706,1024,813
81371,1695,1024,813
81372,1723,1023,810
81373,1707,1023,809
81374,1695,1023,811
81375,1705,1023,812
81376,1712,1023,810
81377,1690,1023,811
81378,1691,1023,813
81379,1699,1023,812
81380,1703,1024,813
81381,1694,1024,813
81382,1701,1025,814
81383,1693,1024,813
81384,1691,1025,814
81385,1697,1024,813
81386,1704,1024,813
81387,1702,1024,813
81388,1690,1024,812
81389,1692,1025,813
81390,1697,1024,813
81391,1686,1024,814
81392,1702,1024,813
81393,1684,1024,813
81394,1650,1023,812
81395,1696,1023,813
81396,1696,1023,813
81397,1700,1024,813
81398,1678,1024,813
81399,1698,1025,813
81400,1692,1024,814
81401,1651,1025,813
81402,1694,1024,813
81403,1700,1024,813
81404,1677,1024,813
81405,1687,1024,813
81406,1691,1024,813
81407,1693,1025,814
81408,1687,1025,813
81409,1686,1024,813
81410,1658,1024,813
81411,1686,1023,812
81412,1684,1024,813
81413,1703,1024,812
81414,1686,1024,813
81415,1675,1024,813
81416,1706,1024,812
81417,1677,1024,813
81418,1673,1023,813
81419,1677,1024,812
81420,1695,1025,813
81421,1669,1024,812
81422,1666,1024,813
81423,1674,1024,813
81424,1669,1024,812
81425,1655,1024,813
81426,1652,1024,813
81427,1652,1024,813
81428,1663,1024,812
81429,1653,1024,813
81430,1672,1024,812
81431,1673,1025,812
81432,1636,1024,812
81433,1669,1024,812
81434,1648,1024,813
81435,1642,1024,812
81436,1652,1024,813
81437,1649,1024,812
81438,1643,1024,812
81439,1650,1024,813
81440,1638,1023,812
81441,1642,1024,813
81442,1620,1024,813
81443,1643,1024,812
81444,1629,1024,813
81445,1651,1024,813
81446,1642,1024,813
81447,1644,1023,812
81448,1617,1023,812
81449,1642,1023,812
81450,1685,1024,812
81451,1643,1024,812
81452,1652,1024,812
81453,1661,1024,813
81454,1658,1024,813
81455,1651,1024,813
81456,1654,1024,813
81457,1663,1023,813
81458,1663,1023,813
81459,1668,1023,814
81460,1714,1024,813
81461,1677,1024,813
81462,1690,1024,814
81463,1664,1024,813
81464,1678,1024,813
81465,1694,1024,814
81466,1706,1024,806
81467,1722,1023,799
81468,1733,1017,796
81469,1731,1012,794
81470,1742,1011,794
81471,1649,1011,794
81472,1763,1010,793
81473,1752,1010,794
81474,1797,1010,794
81475,1804,1010,794
81476,1824,1010,794
81477,1825,1010,794
81478,1843,1011,795
81479,1829,1011,795
81480,1879,1011,795
81481,1863,1011,799
81482,1909,1015,808
81483,1957,1020,811
81484,1970,1023,815
81485,1973,1024,816
81486,1984,1035,817
81487,1992,1041,817
81488,1996,1043,817
81489,2013,1044,820
81490,2089,1045,825
81491,2108,1045,827
81492,2140,1046,829
81493,2148,1046,830
81494,2165,1047,830
81495,2161,1047,830
81496,2182,1047,830
81497,2207,1047,835
81498,2274,1053,844
81499,2266,1057,848
81500,2358,1070,851
81501,2313,1077,853
81502,2376,1080,856
81503,2369,1081,859
81504,2378,1082,861
81505,2422,1082,862
81506,2487,1082,864
81507,2532,1088,875
81508,2608,1093,880
81509,2572,1106,883
81510,2618,1114,884
81511,2578,1116,885
81512,2595,1117,886
81513,2653,1117,886
81514,2699,1118,887
81515,2751,1118,893
81516,2771,1119,897
81517,2789,1107,899
81518,2799,1100,900
81519,2810,1098,899
81520,2812,1097,900
81521,2806,1097,901
81522,2940,1098,911
81523,2940,1106,917
81524,2956,1117,919
81525,3005,1120,921
81526,3011,1121,923
81527,3006,1122,923
81528,3006,1122,923
81529,3041,1122,912
81530,3083,1113,906
81531,3143,1104,906
81532,3154,1100,905
81533,3179,1099,905
81534,3183,1099,906
81535,3200,1098,910
81536,3197,1106,913
81537,3216,1116,919
81538,3249,1119,922
81539,3303,1121,924
81540,3304,1122,926
81541,3316,1122,926
81542,3310,1122,927
81543,3327,1122,926
81544,3343,1126,926
81545,3349,1123,927
81546,3376,1129,929
81547,3396,1131,934
81548,3386,1133,936
81549,3429,1134,938
81550,3438,1134,938
81551,3421,1134,938
81552,3427,1134,939
81553,3349,1134,932
81554,3184,1132,921
81555,3078,1124,911
81556,3018,1117,913
81557,2962,1119,917
81558,2923,1120,920
81559,2937,1121,921
81560,2912,1121,921
81561,3005,1121,922
81562,3203,1122,914
81563,3321,1121,921
81564,3405,1122,930
81565,3457,1130,935
81566,3431,1133,937
81567,3506,1134,939
81568,3507,1134,940
81569,3514,1135,940
81570,3536,1135,941
81571,3533,1135,941
81572,3531,1134,944
81573,3538,1142,945
81574,3525,1152,943
81575,3533,1143,942
81576,3546,1144,948
81577,3529,1152,944
81578,3539,1155,945
81579,3534,1156,943
81580,3525,1144,942
81581,3519,1138,941
81582,3521,1135,941
81583,3540,1135,941
81584,3521,1135,941
81585,3522,1135,940
81586,3504,1135,940
81587,3488,1135,940
81588,3474,1134,940
81589,3484,1134,939
81590,3484,1134,939
81591,3480,1134,939
81592,3486,1135,939
81593,3457,1134,939
81594,3454,1134,939
81595,3435,1134,939
81596,3413,1134,939
81597,3391,1135,939
81598,3402,1134,938
81599,3420,1135,939
81600,3426,1135,939
81601,3403,1135,938
81602,3378,1134,938
81603,3383,1135,936
81604,3362,1133,931
81605,3350,1134,930
81606,3346,1133,928
81607,3393,1133,928
81608,3347,1132,928
81609,3341,1129,927
81610,3309,1124,927
81611,3297,1124,927
81612,3289,1122,927
81613,3276,1123,926
81614,3270,1122,926
81615,3243,1122,926
81616,3269,1122,926
81617,3214,1122,926
81618,3241,1122,925
81619,3217,1122,917
81620,3220,1121,914
81621,3197,1120,914
81622,3203,1117,913
81623,3268,1117,916
81624,3185,1119,911
81625,3209,1109,911
81626,3157,1105,908
81627,3126,1101,906
81628,3130,1099,905
81629,3130,1098,904
81630,3123,1098,904
81631,3111,1097,904
81632,3147,1098,903
81633,3101,1097,904
81634,3089,1098,903
81635,3076,1098,903
81636,3055,1097,903
81637,3056,1098,903
81638,2986,1098,906
81639,3053,1098,904
81640,3059,1098,903
81641,3033,1099,906
81642,3027,1099,913
81643,3004,1110,918
81644,3000,1118,920
81645,2989,1121,922
81646,2982,1121,922
81647,2985,1122,923
81648,2995,1121,923
81649,2966,1122,922
81650,2976,1122,923
81651,2969,1122,922
81652,2926,1121,922
81653,2934,1122,922
81654,2918,1121,922
81655,2936,1122,921
81656,2900,1122,922
81657,2942,1121,922
81658,2897,1121,921
81659,2872,1122,922
81660,2857,1121,918
81661,2861,1121,909
81662,2853,1108,905
81663,2853,1102,903
81664,2856,1099,903
81665,2838,1099,901
81666,2812,1097,901
81667,2887,1098,900
81668,2804,1097,900
81669,2824,1098,900
81670,2800,1097,901
81671,2809,1098,900
81672,2805,1097,901
81673,2799,1097,900
81674,2781,1098,900
81675,2781,1097,900
81676,2780,1098,900
81677,2760,1097,899
81678,2748,1098,899
81679,2755,1097,899
81680,2753,1097,900
81681,2752,1097,899
81682,2741,1097,898
81683,2726,1097,899
81684,2687,1097,898
81685,2714,1097,897
81686,2686,1097,895
81687,2700,1109,894
81688,2702,1115,894
81689,2699,1118,894
81690,2686,1118,892
81691,2677,1118,894
81692,2661,1118,890
81693,2663,1118,889
81694,2683,1118,889
81695,2665,1118,889
81696,2662,1117,888
81697,2668,1118,888
81698,2633,1117,887
81699,2622,1117,887
81700,2623,1117,887
81701,2618,1118,887
81702,2576,1117,886
81703,2612,1117,887
81704,2607,1118,887
81705,2614,1117,886
81706,2576,1117,887
81707,2562,1117,886
81708,2569,1117,885
81709,2543,1117,885
81710,2558,1116,885
81711,2547,1117,885
81712,2500,1117,881
81713,2508,1116,884
81714,2532,1116,877
81715,2541,1101,871
81716,2497,1096,867
81717,2494,1094,866
81718,2509,1093,866
81719,2490,1093,865
81720,2502,1093,865
81721,2499,1093,865
81722,2482,1093,865
81723,2458,1093,864
81724,2461,1093,864
81725,2449,1093,864
81726,2446,1093,863
81727,2444,1086,864
81728,2448,1087,864
81729,2448,1088,863
81730,2424,1085,864
81731,2427,1085,863
81732,2433,1087,863
81733,2405,1083,863
81734,2420,1083,863
81735,2407,1083,863
81736,2408,1083,863
81737,2394,1082,863
81738,2384,1083,863
81739,2387,1082,863
81740,2420,1083,862
81741,2381,1083,863
81742,2377,1083,862
81743,2385,1083,862
81744,2380,1082,863
81745,2371,1082,860
81746,2363,1082,860
81747,2372,1082,859
81748,2353,1082,857
81749,2345,1080,855
81750,2373,1081,856
81751,2360,1081,859
81752,2354,1082,857
81753,2344,1082,855
81754,2348,1081,854
81755,2350,1081,854
81756,2348,1081,855
81757,2357,1081,854
81758,2334,1080,854
81759,2353,1080,855
81760,2329,1081,855
81761,2371,1081,854
81762,2352,1081,854
81763,2339,1081,854
81764,2349,1081,853
81765,2336,1081,853
81766,2346,1081,854
81767,2353,1081,853
81768,2360,1081,853
81769,2353,1082,854
81770,2378,1081,853
81771,2360,1081,853
81772,2356,1081,855
81773,2354,1081,854
81774,2363,1080,853
81775,2389,1081,859
81776,2370,1081,858
81777,2366,1081,857
81778,2398,1081,859
81779,2374,1081,860
81780,2355,1082,860
81781,2386,1082,860
81782,2385,1082,861
81783,2391,1082,862
81784,2376,1082,862
81785,2384,1083,862
81786,2392,1082,862
81787,2392,1083,862
81788,2370,1082,863
81789,2396,1083,863
81790,2402,1083,863
81791,2409,1083,863
81792,2431,1083,864
81793,2418,1084,864
81794,2415,1086,863
81795,2412,1083,863
81796,2403,1083,863
81797,2412,1083,863
81798,2398,1083,863
81799,2423,1084,863
81800,2441,1085,864
81801,2424,1085,863
81802,2438,1084,864
81803,2450,1090,863
81804,2412,1088,864
81805,2438,1091,863
81806,2444,1089,863
81807,2438,1088,864
81808,2456,1088,863
81809,2465,1084,863
81810,2477,1085,864
81811,2451,1091,864
81812,2464,1092,864
81813,2464,1093,864
81814,2475,1093,864
81815,2481,1092,864
81816,2480,1093,864
81817,2486,1092,865
81818,2481,1093,865
81819,2482,1093,864
81820,2481,1093,864
81821,2488,1093,865
81822,2484,1093,866
81823,2497,1093,864
81824,2490,1093,864
81825,2494,1093,864
81826,2503,1093,865
81827,2497,1093,865
81828,2506,1093,865
81829,2483,1093,865
81830,2492,1093,865
81831,2499,1093,865
81832,2397,1093,865
81833,2526,1093,865
81834,2482,1093,865
81835,2537,1093,867
81836,2498,1093,866
81837,2505,1093,865
81838,2504,1093,865
81839,2506,1093,865
81840,2502,1093,865
81841,2510,1093,865
81842,2498,1093,865
81843,2501,1093,865
81844,2518,1094,865
81845,2510,1093,865
81846,2508,1093,865
81847,2495,1093,865
81848,2502,1093,865
81849,2501,1093,865
81850,2490,1093,865
81851,2497,1093,865
81852,2495,1093,865
81853,2505,1093,865
81854,2486,1093,864
81855,2486,1093,864
81856,2477,1093,865
81857,2508,1093,864
81858,2487,1092,864
81859,2484,1092,865
81860,2481,1093,865
81861,2521,1093,864
81862,2472,1093,864
81863,2482,1093,865
81864,2460,1093,864
81865,2456,1093,864
81866,2455,1093,864
81867,2453,1093,864
81868,2450,1093,864
81869,2449,1092,864
81870,2420,1093,863
81871,2431,1089,864
81872,2429,1088,864
81873,2421,1088,863
81874,2421,1087,863
81875,2410,1087,863
81876,2425,1087,862
81877,2405,1084,863
81878,2395,1083,863
81879,2396,1083,863
81880,2383,1083,862
81881,2377,1083,862
81882,2388,1083,862
81883,2398,1082,862
81884,2402,1082,862
81885,2383,1082,862
81886,2377,1083,862
81887,2360,1082,861
81888,2373,1082,859
81889,2372,1082,857
81890,2343,1081,855
81891,2306,1082,855
81892,2359,1081,854
81893,2380,1081,854
81894,2349,1080,853
81895,2338,1080,853
81896,2316,1080,852
81897,2324,1080,852
81898,2320,1080,853
81899,2320,1080,852
81900,2310,1081,853
81901,2320,1081,852
81902,2292,1081,853
81903,2279,1081,853
81904,2298,1081,853
81905,2294,1081,853
81906,2311,1080,852
81907,2275,1081,852
81908,2236,1081,852
81909,2280,1081,852
81910,2256,1080,852
81911,2248,1080,851
81912,2251,1081,851
81913,2238,1081,851
81914,2248,1081,852
81915,2230,1080,851
81916,2255,1080,851
81917,2251,1080,850
81918,2233,1080,850
81919,2225,1080,851
81920,2210,1080,851
81921,2202,1072,847
81922,2213,1063,847
81923,2228,1068,846
81924,2207,1061,842
81925,2214,1059,846
81926,2197,1059,839
81927,2188,1058,834
81928,2161,1057,832
81929,2175,1056,832
81930,2176,1053,831
81931,2183,1049,831
81932,2176,1048,830
81933,2175,1048,831
81934,2142,1048,831
81935,2152,1047,830
81936,2147,1046,830
81937,2136,1046,830
81938,2151,1047,830
81939,2104,1047,830
81940,2156,1047,830
81941,2121,1047,829
81942,2119,1047,830
81943,2119,1047,830
81944,2113,1047,829
81945,2112,1047,829
81946,2109,1047,828
81947,2101,1047,830
81948,2076,1047,829
81949,2100,1047,829
81950,2067,1047,829
81951,2079,1047,828
81952,2072,1047,828
81953,2069,1046,827
81954,2069,1046,828
81955,2074,1046,828
81956,2068,1046,828
81957,2078,1046,827
81958,2071,1047,824
81959,2054,1047,825
81960,2016,1046,822
81961,2044,1046,825
81962,2042,1045,827
81963,2036,1046,827
81964,2038,1046,828
81965,2034,1046,828
81966,2029,1047,823
81967,2007,1047,820
81968,2025,1045,820
81969,1989,1045,819
81970,2014,1044,818
81971,2039,1044,818
81972,1998,1044,817
81973,2007,1044,818
81974,2002,1044,818
81975,1982,1045,817
81976,1983,1045,817
81977,1986,1045,817
81978,1984,1045,817
81979,1971,1044,817
81980,1974,1044,817
81981,1966,1044,817
81982,1960,1045,817
81983,1970,1045,817
81984,1961,1045,817
81985,1957,1045,817
81986,1946,1045,816
81987,1954,1044,816
81988,1948,1045,816
81989,1942,1044,816
81990,1959,1044,816
81991,1932,1037,816
81992,1927,1035,816
81993,1936,1032,815
81994,1953,1034,816
81995,1937,1034,816
81996,1948,1031,815
81997,1921,1026,815
81998,1926,1035,815
81999,1924,1027,815
82000,1904,1028,816
82001,1932,1040,815
82002,1920,1032,816
82003,1890,1041,815
82004,1904,1039,815
82005,1926,1036,815
82006,1912,1034,816
82007,1891,1034,816
82008,1907,1035,815
82009,1911,1027,815
82010,1896,1025,815
82011,1861,1025,815
82012,1900,1032,816
82013,1867,1033,815
82014,1897,1030,815
82015,1884,1026,815
82016,1896,1024,815
82017,1892,1024,815
82018,1882,1024,815
82019,1883,1024,815
82020,1887,1024,815
82021,1890,1024,815
82022,1866,1024,812
82023,1885,1023,813
82024,1874,1023,811
82025,1878,1023,809
82026,1874,1023,809
82027,1873,1023,811
82028,1875,1023,810
82029,1876,1023,805
82030,1872,1023,807
82031,1866,1022,801
82032,1863,1018,798
82033,1868,1013,801
82034,1859,1013,802
82035,1871,1017,802
82036,1855,1018,802
82037,1866,1019,798
82038,1858,1013,797
82039,1863,1012,796
82040,1859,1011,795
82041,1867,1011,796
82042,1862,1011,796
82043,1855,1011,795
82044,1858,1010,795
82045,1858,1010,796
82046,1862,1011,795
82047,1861,1011,795
82048,1853,1010,795
82049,1864,1010,795
82050,1860,1010,795
82051,1856,1010,794
82052,1852,1010,795
82053,1851,1010,795
82054,1846,1010,794
82055,1855,1010,794
82056,1851,1010,794
82057,1854,1010,795
82058,1858,1010,795
82059,1850,1010,795
82060,1854,1010,798
82061,1854,1010,797
82062,1853,1011,795
82063,1856,1011,795
82064,1842,1010,795
82065,1856,1011,795
82066,1856,1010,795
82067,1858,1011,794
82068,1846,1010,795
82069,1854,1011,794
82070,1852,1010,795
82071,1851,1011,795
82072,1856,1011,795
82073,1852,1011,795
82074,1854,1011,795
82075,1847,1010,795
82076,1852,1010,796
82077,1849,1010,794
82078,1849,1010,795
82079,1853,1010,795
82080,1856,1010,795
82081,1857,1010,795
82082,1855,1010,794
82083,1855,1010,795
82084,1855,1011,795
82085,1843,1010,795
82086,1845,1010,795
82087,1853,1011,795
82088,1852,1010,796
82089,1850,1011,795
82090,1856,1010,795
82091,1851,1011,795
82092,1844,1010,794
82093,1846,1010,794
82094,1842,1010,795
82095,1856,1010,795
82096,1858,1010,795
82097,1856,1011,795
82098,1858,1010,795
82099,1813,1011,795
82100,1858,1011,795
82101,1852,1010,795
82102,1860,1011,795
82103,1861,1010,795
82104,1847,1010,795
82105,1855,1010,794
82106,1862,1010,795
82107,1866,1010,795
82108,1865,1010,795
82109,1858,1010,795
82110,1868,1011,795
82111,1863,1010,799
82112,1856,1011,797
82113,1888,1015,799
82114,1855,1013,797
82115,1865,1011,796
82116,1858,1011,796
82117,1864,1010,795
82118,1860,1010,795
82119,1853,1010,795
82120,1839,1010,795
82121,1860,1010,796
82122,1878,1014,797
82123,1863,1012,797
82124,1867,1011,795
82125,1867,1011,799
82126,1868,1012,797
82127,1858,1011,797
82128,1864,1011,796
82129,1872,1011,798
82130,1866,1011,796
82131,1865,1011,796
82132,1866,1011,796
82133,1862,1010,796
82134,1861,1011,795
82135,1865,1010,795
82136,1873,1011,798
82137,1868,1011,797
82138,1866,1011,796
82139,1862,1010,795
82140,1859,1011,795
82141,1865,1010,796
82142,1857,1011,795
82143,1857,1011,795
82144,1854,1011,795
82145,1856,1010,795
82146,1871,1011,795
82147,1861,1010,795
82148,1866,1010,795
82149,1855,1010,795
82150,1853,1010,795
82151,1866,1010,795
82152,1862,1011,797
82153,1853,1011,795
82154,1859,1010,795
82155,1866,1011,794
82156,1841,1010,795
82157,1828,1011,795
82158,1841,1010,795
82159,1853,1011,795
82160,1847,1011,795
82161,1824,1010,795
82162,1847,1010,795
82163,1758,1010,795
82164,1840,1011,795
82165,1835,1010,795
82166,1840,1011,797
82167,1837,1011,795
82168,1852,1011,795
82169,1841,1010,795
82170,1839,1011,795
82171,1847,1010,795
82172,1882,1010,795
82173,1836,1010,795
82174,1843,1011,795
82175,1822,1010,794
82176,1794,1011,795
82177,1837,1010,794
82178,1830,1010,795
82179,1820,1010,794
82180,1837,1011,795
82181,1822,1010,794
82182,1827,1010,794
82183,1805,1010,794
82184,1823,1011,794
82185,1815,1010,794
82186,1821,1010,794
82187,1814,1010,794
82188,1816,1010,794
82189,1820,1010,794
82190,1818,1010,794
82191,1794,1010,794
82192,1784,1010,794
82193,1808,1010,793
82194,1809,1010,793
82195,1813,1010,794
82196,1802,1010,793
82197,1799,1010,793
82198,1792,1010,794
82199,1776,1009,794
82200,1787,1010,794
82201,1795,1010,793
82202,1781,1010,794
82203,1798,1010,794
82204,1794,1010,793
82205,1784,1010,794
82206,1787,1010,794
82207,1780,1010,794
82208,1773,1010,794
82209,1780,1010,794
82210,1770,1010,793
82211,1769,1010,794
82212,1774,1010,794
82213,1776,1010,794
82214,1764,1010,793
82215,1763,1010,793
82216,1762,1010,793
82217,1757,1009,793
82218,1770,1010,793
82219,1755,1010,793
82220,1763,1010,793
82221,1762,1010,793
82222,1753,1010,792
82223,1710,1010,793
82224,1760,1010,792
82225,1752,1010,794
82226,1763,1010,792
82227,1769,1011,794
82228,1736,1010,793
82229,1754,1010,793
82230,1757,1010,793
82231,1758,1010,793
82232,1758,1010,792
82233,1762,1010,793
82234,1742,1010,792
82235,1738,1010,793
82236,1770,1010,793
82237,1749,1010,793
82238,1760,1010,793
82239,1765,1010,793
82240,1739,1010,793
82241,1801,1010,793
82242,1771,1010,793
82243,1755,1009,793
82244,1782,1010,794
82245,1773,1010,793
82246,1773,1010,794
82247,1806,1010,793
82248,1812,1010,794
82249,1819,1010,794
82250,1820,1010,794
82251,1818,1010,793
82252,1836,1010,794
82253,1831,1010,794
82254,1842,1010,794
82255,1869,1010,795
82256,1888,1011,805
82257,1896,1019,810
82258,1897,1022,813
82259,1920,1023,814
82260,1903,1024,815
82261,1915,1024,815
82262,1909,1024,815
82263,1906,1025,815
82264,1911,1031,815
82265,1906,1030,815
82266,1942,1033,816
82267,1981,1041,816
82268,2000,1043,817
82269,2008,1045,817
82270,2031,1044,819
82271,2018,1045,818
82272,1998,1045,818
82273,2028,1045,820
82274,2092,1045,824
82275,2102,1046,827
82276,2125,1046,829
82277,2160,1047,829
82278,2191,1047,830
82279,2169,1047,831
82280,2173,1047,831
82281,2179,1047,831
82282,2241,1051,842
82283,2287,1056,847
82284,2317,1065,851
82285,2337,1076,852
82286,2348,1080,852
82287,2351,1080,853
82288,2348,1081,854
82289,2363,1080,853
82290,2420,1082,859
82291,2455,1081,861
82292,2504,1082,863
82293,2506,1086,868
82294,2525,1091,877
82295,2543,1094,881
82296,2547,1106,883
82297,2554,1114,883
82298,2617,1116,885
82299,2667,1117,886
82300,2704,1117,887
82301,2731,1118,891
82302,2754,1118,895
82303,2745,1111,897
82304,2712,1101,898
82305,2746,1099,898
82306,2792,1098,899
82307,2858,1098,904
82308,2885,1098,908
82309,2906,1099,914
82310,2931,1114,918
82311,2928,1118,920
82312,2929,1119,920
82313,2938,1121,921
82314,2972,1121,922
82315,3036,1121,911
82316,3054,1109,907
82317,3074,1102,905
82318,3079,1098,903
82319,3099,1098,904
82320,3120,1098,903
82321,3120,1098,903
82322,3146,1098,903
82323,3178,1098,905
82324,3191,1099,907
82325,3220,1099,909
82326,3216,1107,918
82327,3222,1116,922
82328,3235,1120,923
82329,3241,1121,924
82330,3264,1122,925
82331,3295,1122,926
82332,3333,1122,927
82333,3305,1122,927
82334,3326,1123,927
82335,3331,1122,927
82336,3355,1122,927
82337,3349,1122,927
82338,3357,1123,928
82339,3360,1125,927
82340,3385,1127,931
82341,3384,1131,930
82342,3391,1133,932
82343,3387,1133,934
82344,3382,1134,936
82345,3386,1134,937
82346,3417,1134,938
82347,3419,1134,939
82348,3425,1135,939
82349,3420,1134,939
82350,3439,1135,939
82351,3431,1134,939
82352,3431,1135,939
82353,3418,1134,939
82354,3287,1135,933
82355,3237,1133,929
82356,3201,1129,919
82357,3174,1123,912
82358,3127,1114,909
82359,3112,1103,905
82360,3113,1100,905
82361,3108,1098,904
82362,3205,1099,905
82363,3280,1099,917
82364,3318,1115,922
82365,3343,1119,925
82366,3341,1122,927
82367,3392,1126,930
82368,3426,1131,935
82369,3388,1133,936
82370,3415,1135,936
82371,3360,1133,934
82372,3382,1134,932
82373,3375,1133,930
82374,3367,1134,929
82375,3356,1132,928
82376,3367,1133,928
82377,3366,1132,927
82378,3333,1127,927
82379,3346,1125,927
82380,3318,1124,927
82381,3320,1126,927
82382,3299,1124,927
82383,3285,1123,927
82384,3303,1123,927
82385,3320,1127,928
82386,3245,1126,926
82387,3251,1124,926
82388,3253,1122,926
82389,3214,1122,923
82390,3219,1122,924
82391,3202,1122,922
82392,3228,1121,923
82393,3242,1122,925
82394,3214,1121,914
82395,3194,1121,912
82396,3169,1113,912
82397,3170,1111,909
82398,3169,1103,907
82399,3155,1099,905
82400,3187,1098,906
82401,3164,1098,904
82402,3132,1098,904
82403,3110,1098,904
82404,3105,1098,903
82405,3101,1098,903
82406,3089,1098,903
82407,3076,1098,902
82408,3074,1098,903
82409,3079,1098,903
82410,3082,1098,902
82411,3028,1098,903
82412,3027,1098,910
82413,3022,1106,917
82414,3006,1116,920
82415,3012,1120,922
82416,3008,1120,922
82417,2985,1122,923
82418,2958,1121,923
82419,2966,1121,922
82420,2940,1121,922
82421,2951,1121,922
82422,2934,1121,922
82423,2937,1122,922
82424,2941,1122,922
82425,2940,1122,922
82426,2910,1122,922
82427,2897,1121,922
82428,2894,1122,921
82429,2878,1121,921
82430,2872,1122,916
82431,2846,1121,909
82432,2890,1113,911
82433,2861,1103,906
82434,2830,1099,903
82435,2832,1098,902
82436,2828,1098,901
82437,2823,1098,901
82438,2802,1097,901
82439,2788,1097,900
82440,2789,1097,900
82441,2817,1098,900
82442,2784,1097,900
82443,2786,1098,899
82444,2767,1097,900
82445,2763,1097,899
82446,2742,1097,900
82447,2736,1097,899
82448,2770,1098,900
82449,2727,1097,899
82450,2727,1097,899
82451,2702,1096,895
82452,2692,1112,895
82453,2694,1116,891
82454,2697,1118,890
82455,2690,1117,891
82456,2691,1118,889
82457,2707,1118,890
82458,2679,1117,889
82459,2658,1118,889
82460,2640,1117,888
82461,2646,1117,888
82462,2633,1117,888
82463,2624,1117,887
82464,2615,1117,887
82465,2632,1118,887
82466,2628,1117,887
82467,2598,1118,886
82468,2627,1117,886
82469,2591,1117,885
82470,2589,1117,886
82471,2581,1117,885
82472,2570,1117,885
82473,2602,1117,885
82474,2562,1117,886
82475,2531,1116,885
82476,2542,1117,885
82477,2538,1117,881
82478,2523,1117,883
82479,2521,1117,884
82480,2503,1116,877
82481,2497,1105,875
82482,2530,1098,872
82483,2473,1095,868
82484,2453,1093,864
82485,2462,1093,866
82486,2499,1093,865
82487,2438,1093,864
82488,2454,1092,863
82489,2458,1091,863
82490,2436,1086,863
82491,2446,1084,863
82492,2372,1083,863
82493,2392,1083,862
82494,2416,1083,863
82495,2400,1082,863
82496,2399,1083,861
82497,2412,1082,861
82498,2386,1083,863
82499,2349,1082,859
82500,2347,1082,856
82501,2349,1082,855
82502,2340,1081,854
82503,2337,1081,853
82504,2320,1081,853
82505,2332,1080,853
82506,2314,1080,853
82507,2313,1081,852
82508,2291,1081,852
82509,2300,1080,852
82510,2280,1081,852
82511,2286,1080,853
82512,2298,1081,852
82513,2340,1081,853
82514,2286,1080,852
82515,2270,1081,852
82516,2270,1081,851
82517,2260,1080,852
82518,2239,1080,852
82519,2255,1081,851
82520,2290,1080,851
82521,2247,1080,851
82522,2244,1080,851
82523,2231,1081,851
82524,2242,1081,852
82525,2210,1080,850
82526,2227,1081,852
82527,2227,1080,851
82528,2224,1080,846
82529,2191,1069,846
82530,2212,1062,844
82531,2217,1062,843
82532,2218,1059,848
82533,2213,1070,841
82534,2202,1061,835
82535,2216,1058,836
82536,2211,1057,835
82537,2212,1057,837
82538,2223,1057,834
82539,2207,1057,839
82540,2206,1057,839
82541,2185,1057,835
82542,2182,1057,836
82543,2214,1058,840
82544,2214,1058,842
82545,2213,1058,843
82546,2205,1058,841
82547,2219,1058,846
82548,2204,1059,846
82549,2214,1059,848
82550,2180,1073,849
82551,2218,1078,850
82552,2222,1079,847
82553,2222,1065,848
82554,2222,1075,849
82555,2236,1078,850
82556,2234,1079,850
82557,2244,1081,852
82558,2236,1081,846
82559,2242,1069,849
82560,2238,1077,850
82561,2240,1079,850
82562,2254,1080,851
82563,2244,1080,851
82564,2261,1080,851
82565,2278,1080,851
82566,2272,1080,851
82567,2259,1080,851
82568,2240,1081,852
82569,2258,1080,852
82570,2278,1081,852
82571,2279,1080,852
82572,2286,1080,852
82573,2292,1081,853
82574,2295,1081,852
82575,2299,1081,853
82576,2292,1081,852
82577,2280,1080,852
82578,2292,1080,852
82579,2327,1081,852
82580,2312,1080,852
82581,2320,1081,852
82582,2314,1080,852
82583,2310,1081,852
82584,2318,1081,852
82585,2327,1081,853
82586,2344,1081,853
82587,2334,1081,853
82588,2341,1081,853
82589,2348,1082,854
82590,2351,1080,853
82591,2351,1081,853
82592,2350,1081,853
82593,2351,1081,853
82594,2352,1081,854
82595,2357,1080,855
82596,2362,1081,856
82597,2372,1081,857
82598,2370,1081,860
82599,2366,1082,858
82600,2360,1082,857
82601,2363,1082,857
82602,2362,1082,859
82603,2372,1082,860
82604,2380,1083,862
82605,2377,1082,860
82606,2376,1083,861
82607,2404,1082,862
82608,2391,1083,862
82609,2379,1082,863
82610,2387,1083,862
82611,2383,1082,861
82612,2375,1082,861
82613,2388,1082,862
82614,2389,1082,862
82615,2373,1083,862
82616,2381,1082,862
82617,2397,1082,862
82618,2391,1082,862
82619,2388,1083,862
82620,2377,1083,862
82621,2382,1083,863
82622,2409,1083,863
82623,2376,1082,863
82624,2387,1082,862
82625,2388,1082,863
82626,2394,1082,863
82627,2363,1083,863
82628,2368,1082,862
82629,2366,1082,859
82630,2367,1082,859
82631,2358,1081,859
82632,2330,1081,857
82633,2355,1081,854
82634,2369,1081,855
82635,2352,1081,854
82636,2349,1080,854
82637,2347,1081,853
82638,2334,1081,854
82639,2348,1081,853
82640,2342,1081,853
82641,2349,1081,853
82642,2336,1081,853
82643,2311,1080,853
82644,2324,1080,852
82645,2321,1081,853
82646,2339,1081,853
82647,2312,1081,853
82648,2324,1081,853
82649,2307,1080,852
82650,2308,1080,852
82651,2300,1081,852
82652,2292,1081,852
82653,2294,1080,852
82654,2287,1081,852
82655,2276,1080,853
82656,2288,1080,851
82657,2293,1080,852
82658,2280,1081,852
82659,2279,1081,853
82660,2252,1081,852
82661,2253,1081,851
82662,2283,1080,851
82663,2239,1081,852
82664,2263,1080,851
82665,2244,1080,851
82666,2247,1080,851
82667,2244,1081,851
82668,2233,1080,851
82669,2203,1080,851
82670,2215,1080,847
82671,2217,1072,849
82672,2219,1077,849
82673,2231,1079,846
82674,2201,1065,844
82675,2217,1063,837
82676,2186,1059,833
82677,2178,1057,832
82678,2186,1056,831
82679,2179,1050,831
82680,2165,1048,831
82681,2183,1048,834
82682,2189,1053,832
82683,2160,1056,831
82684,2156,1054,831
82685,2144,1049,831
82686,2178,1048,831
82687,2143,1047,831
82688,2148,1048,830
82689,2165,1047,830
82690,2134,1047,829
82691,2092,1047,830
82692,2111,1047,829
82693,2108,1047,829
82694,2097,1047,829
82695,2108,1047,828
82696,2100,1047,828
82697,2100,1047,829
82698,2096,1047,828
82699,2085,1047,828
82700,2062,1047,828
82701,2068,1047,828
82702,2066,1047,826
82703,2050,1047,824
82704,2071,1046,826
82705,2072,1047,825
82706,2052,1046,821
82707,2031,1045,823
82708,2037,1045,826
82709,2051,1046,825
82710,1992,1045,825
82711,2026,1046,821
82712,2022,1045,820
82713,2030,1045,819
82714,2015,1046,820
82715,2011,1045,818
82716,2000,1044,818
82717,2001,1044,818
82718,1964,1045,818
82719,1989,1044,817
82720,1994,1045,817
82721,2004,1045,818
82722,1980,1045,817
82723,1971,1045,817
82724,1969,1045,817
82725,1967,1044,816
82726,1956,1044,816
82727,1932,1044,815
82728,1947,1041,816
82729,1949,1043,818
82730,1947,1044,816
82731,1941,1034,816
82732,1936,1039,815
82733,1928,1031,815
82734,1917,1027,815
82735,1925,1026,816
82736,1878,1028,815
82737,1920,1026,815
82738,1940,1032,815
82739,1894,1036,816
82740,1904,1039,816
82741,1899,1035,815
82742,1889,1028,815
82743,1890,1025,815
82744,1896,1025,816
82745,1886,1035,815
82746,1890,1028,815
82747,1883,1025,815
82748,1873,1025,810
82749,1839,1024,802
82750,1863,1022,798
82751,1846,1014,802
82752,1847,1018,798
82753,1850,1013,796
82754,1843,1012,796
82755,1832,1010,795
82756,1784,1011,795
82757,1844,1010,795
82758,1825,1010,794
82759,1835,1011,795
82760,1826,1010,795
82761,1851,1010,795
82762,1827,1011,795
82763,1829,1010,795
82764,1826,1010,794
82765,1829,1010,795
82766,1811,1010,795
82767,1825,1011,794
82768,1821,1010,795
82769,1817,1010,794
82770,1812,1010,794
82771,1828,1010,794
82772,1803,1010,794
82773,1802,1010,793
82774,1814,1009,793
82775,1796,1010,793
82776,1805,1010,793
82777,1795,1010,793
82778,1785,1010,793
82779,1778,1010,794
82780,1780,1011,794
82781,1775,1010,794
82782,1775,1010,795
82783,1769,1010,794
82784,1771,1011,794
82785,1761,1010,793
82786,1772,1011,794
82787,1763,1010,794
82788,1757,1010,794
82789,1762,1010,793
82790,1755,1010,793
82791,1760,1010,792
82792,1735,1011,792
82793,1738,1009,793
82794,1786,1010,792
82795,1741,1010,792
82796,1731,1009,793
82797,1736,1010,792
82798,1742,1010,792
82799,1713,1011,793
82800,1731,1010,793
82801,1730,1010,792
82802,1723,1010,792
82803,1716,1010,793
82804,1719,1010,792
82805,1729,1010,792
82806,1710,1010,800
82807,1721,1013,795
82808,1709,1015,797
82809,1722,1012,798
82810,1710,1017,806
82811,1714,1020,807
82812,1714,1022,807
82813,1695,1022,811
82814,1684,1023,812
82815,1713,1023,813
82816,1706,1023,813
82817,1700,1024,813
82818,1705,1024,813
82819,1700,1023,814
82820,1704,1024,814
82821,1691,1023,813
82822,1698,1024,814
82823,1698,1024,814
82824,1690,1024,813
82825,1679,1024,814
82826,1692,1023,813
82827,1702,1024,813
82828,1695,1023,814
82829,1686,1024,813
82830,1687,1023,813
82831,1681,1024,813
82832,1715,1023,813
82833,1731,1023,810
82834,1703,1023,812
82835,1686,1023,812
82836,1691,1024,813
82837,1690,1023,813
82838,1680,1024,813
82839,1690,1024,813
82840,1680,1024,813
82841,1686,1023,814
82842,1689,1025,813
82843,1713,1024,814
82844,1677,1024,813
82845,1692,1024,813
82846,1679,1024,813
82847,1678,1024,814
82848,1676,1024,813
82849,1690,1024,813
82850,1687,1023,813
82851,1676,1023,813
82852,1683,1024,813
82853,1679,1023,813
82854,1691,1024,813
82855,1715,1024,812
82856,1660,1024,813
82857,1674,1024,813
82858,1679,1024,812
82859,1674,1024,813
82860,1676,1024,813
82861,1681,1023,813
82862,1679,1023,813
82863,1680,1024,812
82864,1684,1023,813
82865,1672,1023,813
82866,1682,1023,813
82867,1666,1024,813
82868,1680,1024,813
82869,1681,1024,813
82870,1686,1024,814
82871,1687,1024,813
82872,1718,1024,813
82873,1668,1024,813
82874,1655,1024,813
82875,1661,1023,812
82876,1670,1024,813
82877,1684,1023,813
82878,1679,1023,813
82879,1680,1024,813
82880,1686,1023,813
82881,1676,1023,812
82882,1699,1023,812
82883,1679,1023,813
82884,1672,1024,813
82885,1657,1024,813
82886,1691,1024,813
82887,1685,1024,813
82888,1687,1024,813
82889,1678,1024,813
82890,1722,1024,813
82891,1661,1024,813
82892,1693,1024,813
82893,1710,1024,813
82894,1686,1024,813
82895,1688,1024,813
82896,1686,1024,813
82897,1693,1023,813
82898,1687,1024,813
82899,1688,1023,812
82900,1685,1023,813
82901,1685,1023,813
82902,1689,1024,813
82903,1691,1024,813
82904,1686,1024,813
82905,1691,1024,813
82906,1690,1024,813
82907,1678,1024,813
82908,1689,1024,813
82909,1686,1025,813
82910,1708,1024,810
82911,1673,1023,811
82912,1691,1023,813
82913,1687,1023,813
82914,1683,1024,813
82915,1701,1024,813
82916,1689,1024,813
82917,1689,1023,813
82918,1682,1024,813
82919,1688,1024,813
82920,1689,1024,812
82921,1682,1024,814
82922,1671,1023,813
82923,1685,1024,813
82924,1683,1024,813
82925,1683,1025,813
82926,1664,1024,813
82927,1688,1025,814
82928,1687,1024,814
82929,1682,1024,813
82930,1681,1024,813
82931,1678,1024,813
82932,1676,1023,813
82933,1677,1024,813
82934,1664,1023,812
82935,1677,1023,812
82936,1682,1023,813
82937,1679,1023,813
82938,1678,1024,813
82939,1670,1024,813
82940,1667,1024,812
82941,1679,1024,812
82942,1684,1024,813
82943,1680,1024,812
82944,1671,1024,813
82945,1658,1024,813
82946,1679,1024,813
82947,1669,1023,813
82948,1695,1025,814
82949,1672,1024,813
82950,1672,1025,813
82951,1674,1024,813
82952,1668,1024,812
82953,1673,1024,812
82954,1668,1024,813
82955,1634,1023,812
82956,1659,1023,812
82957,1665,1023,813
82958,1662,1024,813
82959,1655,1024,813
82960,1617,1024,812
82961,1656,1024,813
82962,1622,1024,812
82963,1639,1024,813
82964,1646,1024,813
82965,1655,1024,812
82966,1635,1024,812
82967,1648,1024,812
82968,1645,1024,812
82969,1639,1024,812
82970,1620,1024,813
82971,1654,1024,812
82972,1643,1024,812
82973,1628,1024,812
82974,1634,1024,812
82975,1636,1024,812
82976,1634,1024,813
82977,1636,1024,813
82978,1618,1024,813
82979,1634,1023,812
82980,1665,1023,812
82981,1610,1023,812
82982,1629,1024,811
82983,1616,1023,813
82984,1639,1023,812
82985,1633,1024,813
82986,1640,1023,813
82987,1638,1024,812
82988,1649,1024,813
82989,1632,1024,813
82990,1658,1024,813
82991,1644,1024,813
82992,1669,1024,813
82993,1679,1024,812
82994,1678,1023,813
82995,1694,1024,813
82996,1679,1023,812
82997,1675,1023,813
82998,1682,1024,813
82999,1711,1024,814
83000,1707,1024,806
83001,1717,1023,799
83002,1741,1016,796
83003,1730,1012,794
83004,1742,1011,794
83005,1743,1010,793
83006,1759,1010,793
83007,1776,1010,794
83008,1812,1010,794
83009,1784,1010,794
83010,1833,1010,794
83011,1848,1011,795
83012,1842,1010,795
83013,1845,1010,795
83014,1873,1011,806
83015,1908,1019,810
83016,1937,1021,813
83017,1956,1023,814
83018,1961,1023,816
83019,1979,1028,817
83020,1976,1039,817
83021,1991,1043,817
83022,2026,1044,818
83023,2076,1045,821
83024,2094,1045,826
83025,2119,1046,827
83026,2147,1046,829
83027,2146,1047,830
83028,2158,1047,830
83029,2161,1047,830
83030,2190,1048,831
83031,2275,1051,842
83032,2289,1056,847
83033,2312,1065,850
83034,2331,1075,851
83035,2344,1080,852
83036,2376,1080,852
83037,2346,1081,854
83038,2350,1080,857
83039,2485,1081,860
83040,2496,1082,863
83041,2545,1086,866
83042,2542,1092,877
83043,2569,1094,881
83044,2569,1110,883
83045,2559,1114,884
83046,2603,1117,886
83047,2663,1117,886
83048,2741,1118,891
83049,2713,1118,895
83050,2755,1118,897
83051,2768,1103,898
83052,2762,1099,898
83053,2761,1098,900
83054,2802,1097,899
83055,2858,1098,901
83056,2904,1098,911
83057,2920,1106,917
83058,2904,1116,919
83059,2942,1120,921
83060,2949,1120,921
83061,2987,1121,921
83062,2980,1121,923
83063,3032,1122,915
83064,3060,1120,909
83065,3084,1106,906
83066,3105,1101,905
83067,3102,1099,904
83068,3106,1100,904
83069,3121,1099,904
83070,3124,1098,903
83071,3183,1098,905
83072,3217,1099,907
83073,3202,1099,910
83074,3237,1106,918
83075,3244,1116,921
83076,3248,1120,923
83077,3245,1121,925
83078,3265,1122,925
83079,3285,1123,926
83080,3325,1122,926
83081,3304,1123,927
83082,3323,1123,927
83083,3350,1123,927
83084,3346,1123,927
83085,3351,1124,927
83086,3274,1123,927
83087,3107,1121,914
83088,3017,1121,919
83089,2966,1121,920
83090,2948,1121,921
83091,2891,1121,921
83092,2873,1121,920
83093,2866,1121,920
83094,2935,1121,920
83095,3130,1122,912
83096,3246,1121,919
83097,3321,1121,923
83098,3356,1122,925
83099,3363,1123,929
83100,3423,1128,934
83101,3477,1132,937
83102,3428,1133,938
83103,3447,1134,939
83104,3440,1134,939
83105,3449,1134,940
83106,3444,1135,939
83107,3452,1134,939
83108,3437,1135,939
83109,3448,1135,940
83110,3445,1134,939
83111,3418,1135,940
83112,3429,1134,936
83113,3426,1135,938
83114,3429,1134,938
83115,3408,1134,938
83116,3397,1134,938
83117,3407,1135,938
83118,3427,1134,938
83119,3396,1135,937
83120,3382,1133,939
83121,3385,1135,933
83122,3362,1133,933
83123,3297,1134,930
83124,3361,1133,930
83125,3369,1133,931
83126,3367,1133,929
83127,3345,1133,928
83128,3323,1133,928
83129,3296,1129,928
83130,3322,1129,927
83131,3325,1124,927
83132,3283,1123,927
83133,3330,1123,927
83134,3289,1122,927
83135,3326,1122,926
83136,3258,1122,926
83137,3259,1123,926
83138,3243,1122,925
83139,3233,1122,925
83140,3231,1122,925
83141,3250,1121,916
83142,3228,1122,922
83143,3203,1121,913
83144,3185,1121,920
83145,3163,1120,912
83146,3168,1113,908
83147,3168,1103,907
83148,3171,1100,905
83149,3164,1099,905
83150,3139,1099,904
83151,3125,1098,905
83152,3117,1098,903
83153,3105,1098,904
83154,3097,1098,902
83155,3095,1098,903
83156,3090,1097,903
83157,3102,1098,903
83158,3061,1098,903
83159,3074,1098,903
83160,3049,1098,903
83161,3036,1097,902
83162,3028,1098,903
83163,3015,1098,910
83164,3010,1105,916
83165,3012,1116,920
83166,2959,1120,917
83167,2988,1121,920
83168,2962,1121,921
83169,2969,1121,922
83170,2938,1121,923
83171,2957,1122,922
83172,2954,1122,922
83173,2940,1121,922
83174,2953,1121,922
83175,2930,1121,922
83176,2911,1121,921
83177,2894,1121,917
83178,2896,1121,919
83179,2885,1121,920
83180,2901,1121,921
83181,2891,1121,921
83182,2880,1121,921
83183,2859,1121,915
83184,2863,1121,910
83185,2862,1109,906
83186,2854,1102,904
83187,2852,1100,903
83188,2847,1098,902
83189,2841,1098,901
83190,2831,1097,901
83191,2826,1098,900
83192,2816,1097,900
83193,2837,1097,900
83194,2816,1098,900
83195,2795,1097,900
83196,2796,1097,900
83197,2805,1097,900
83198,2788,1098,900
83199,2778,1097,899
83200,2783,1097,899
83201,2827,1097,899
83202,2768,1097,900
83203,2773,1098,899
83204,2759,1097,899
83205,2761,1098,899
83206,2744,1097,899
83207,2756,1097,898
83208,2735,1097,898
83209,2726,1097,899
83210,2716,1097,896
83211,2718,1097,895
83212,2713,1104,897
83213,2712,1099,895
83214,2701,1110,897
83215,2695,1111,890
83216,2683,1116,890
83217,2664,1117,891
83218,2680,1118,891
83219,2643,1118,890
83220,2666,1118,889
83221,2689,1118,888
83222,2657,1118,888
83223,2648,1118,888
83224,2635,1117,888
83225,2616,1117,887
83226,2598,1117,887
83227,2626,1117,886
83228,2609,1117,887
83229,2616,1117,886
83230,2613,1117,886
83231,2588,1117,886
83232,2581,1117,885
83233,2569,1117,885
83234,2574,1117,884
83235,2550,1117,884
83236,2547,1117,885
83237,2554,1116,886
83238,2544,1117,886
83239,2533,1117,885
83240,2514,1117,882
83241,2505,1110,873
83242,2516,1099,872
83243,2500,1096,868
83244,2498,1094,867
83245,2478,1094,866
83246,2505,1093,866
83247,2474,1094,864
83248,2456,1093,864
83249,2436,1093,864
83250,2446,1093,863
83251,2438,1087,863
83252,2418,1087,863
83253,2416,1084,863
83254,2435,1083,863
83255,2406,1082,863
83256,2385,1083,863
83257,2394,1083,863
83258,2379,1082,863
83259,2380,1083,863
83260,2395,1083,862
83261,2375,1082,863
83262,2381,1083,862
83263,2379,1082,861
83264,2379,1082,862
83265,2378,1083,861
83266,2386,1082,857
83267,2354,1082,856
83268,2353,1081,854
83269,2339,1081,854
83270,2333,1081,853
83271,2332,1081,854
83272,2329,1081,853
83273,2312,1080,853
83274,2322,1080,853
83275,2307,1080,852
83276,2306,1080,852
83277,2306,1081,852
83278,2289,1080,852
83279,2289,1081,852
83280,2292,1080,852
83281,2290,1081,853
83282,2289,1080,853
83283,2278,1081,852
83284,2261,1081,852
83285,2260,1081,852
83286,2261,1081,852
83287,2261,1080,852
83288,2248,1080,851
83289,2261,1080,851
83290,2262,1080,852
83291,2252,1080,851
83292,2265,1080,852
83293,2241,1081,851
83294,2263,1080,851
83295,2252,1081,851
83296,2256,1081,851
83297,2267,1081,851
83298,2238,1080,851
83299,2250,1081,851
83300,2250,1080,851
83301,2269,1080,851
83302,2241,1080,851
83303,2241,1080,850
83304,2244,1081,851
83305,2247,1080,851
83306,2248,1080,851
83307,2241,1080,851
83308,2263,1081,851
83309,2246,1080,852
83310,2229,1080,851
83311,2240,1080,851
83312,2251,1081,851
83313,2236,1080,850
83314,2255,1081,852
83315,2263,1081,852
83316,2251,1080,851
83317,2251,1080,851
83318,2257,1080,851
83319,2240,1081,851
83320,2259,1080,851
83321,2273,1081,851
83322,2253,1080,851
83323,2282,1081,851
83324,2269,1081,852
83325,2272,1080,852
83326,2269,1080,853
83327,2272,1080,852
83328,2297,1080,852
83329,2276,1080,852
83330,2265,1080,852
83331,2242,1080,852
83332,2283,1080,852
83333,2290,1081,852
83334,2277,1081,852
83335,2281,1080,852
83336,2288,1080,852
83337,2296,1080,853
83338,2275,1080,852
83339,2292,1081,853
83340,2304,1081,852
83341,2287,1080,852
83342,2308,1081,852
83343,2292,1081,852
83344,2307,1080,852
83345,2307,1080,852
83346,2305,1080,851
83347,2314,1080,852
83348,2322,1081,853
83349,2308,1080,852
83350,2320,1081,853
83351,2312,1081,852
83352,2313,1080,852
83353,2332,1081,853
83354,2311,1081,853
83355,2274,1081,853
83356,2336,1080,853
83357,2323,1080,852
83358,2320,1080,853
83359,2332,1081,852
83360,2314,1080,852
83361,2321,1080,853
83362,2315,1081,853
83363,2330,1080,852
83364,2320,1081,853
83365,2335,1081,853
83366,2337,1080,853
83367,2335,1081,853
83368,2319,1081,853
83369,2305,1081,852
83370,2327,1081,853
83371,2329,1080,853
83372,2325,1081,853
83373,2331,1081,853
83374,2331,1080,853
83375,2333,1080,853
83376,2329,1081,853
83377,2316,1080,853
83378,2330,1080,852
83379,2305,1080,853
83380,2309,1081,852
83381,2319,1080,853
83382,2315,1081,853
83383,2315,1081,853
83384,2326,1081,853
83385,2335,1080,853
83386,2328,1082,854
83387,2321,1080,853
83388,2306,1081,852
83389,2309,1080,852
83390,2311,1081,852
83391,2296,1080,852
83392,2309,1081,852
83393,2322,1080,852
83394,2288,1080,852
83395,2292,1080,852
83396,2272,1081,852
83397,2269,1081,852
83398,2273,1080,851
83399,2260,1081,852
83400,2267,1080,851
83401,2268,1081,851
83402,2262,1080,852
83403,2250,1081,851
83404,2249,1080,851
83405,2248,1081,851
83406,2237,1080,851
83407,2225,1080,851
83408,2242,1080,851
83409,2234,1080,851
83410,2254,1080,851
83411,2254,1081,850
83412,2225,1080,847
83413,2210,1073,841
83414,2210,1063,843
83415,2211,1060,847
83416,2205,1059,838
83417,2204,1058,835
83418,2207,1057,838
83419,2188,1057,834
83420,2173,1057,838
83421,2159,1057,834
83422,2176,1057,832
83423,2182,1056,831
83424,2161,1050,830
83425,2169,1048,831
83426,2181,1047,830
83427,2152,1047,831
83428,2093,1047,830
83429,2144,1048,831
83430,2139,1047,830
83431,2156,1047,830
83432,2143,1047,830
83433,2145,1047,830
83434,2135,1047,830
83435,2129,1047,829
83436,2117,1047,829
83437,2100,1047,829
83438,2107,1047,828
83439,2146,1047,829
83440,2080,1047,829
83441,2086,1047,829
83442,2094,1047,828
83443,2069,1047,829
83444,2050,1046,827
83445,2078,1046,828
83446,2075,1047,827
83447,2064,1047,828
83448,2058,1046,827
83449,2056,1047,824
83450,2082,1046,824
83451,2040,1046,826
83452,2040,1046,825
83453,2030,1046,824
83454,2027,1045,823
83455,2023,1045,820
83456,1981,1045,818
83457,2026,1045,823
83458,2006,1045,820
83459,2018,1045,820
83460,2007,1045,818
83461,1999,1045,818
83462,1993,1044,818
83463,1990,1045,818
83464,1983,1044,817
83465,1994,1045,817
83466,2022,1045,817
83467,1973,1044,817
83468,1962,1045,816
83469,1951,1044,816
83470,1962,1045,816
83471,1983,1045,816
83472,1963,1044,817
83473,1949,1045,816
83474,1954,1044,816
83475,1947,1044,816
83476,1915,1044,815
83477,1914,1030,815
83478,1925,1026,815
83479,1919,1025,816
83480,1924,1035,816
83481,1916,1039,816
83482,1923,1042,815
83483,1893,1037,816
83484,1902,1035,814
83485,1889,1028,811
83486,1872,1025,814
83487,1902,1024,815
83488,1880,1024,815
83489,1883,1024,815
83490,1860,1024,812
83491,1865,1023,806
83492,1831,1022,804
83493,1823,1022,799
83494,1844,1016,796
83495,1849,1012,796
83496,1835,1011,795
83497,1856,1010,795
83498,1850,1010,795
83499,1844,1010,794
83500,1805,1010,795
83501,1829,1010,794
83502,1818,1011,794
83503,1809,1010,794
83504,1828,1010,794
83505,1818,1010,794
83506,1819,1011,795
83507,1802,1010,794
83508,1806,1010,794
83509,1798,1010,793
83510,1790,1009,793
83511,1778,1010,795
83512,1770,1010,794
83513,1804,1010,793
83514,1787,1010,794
83515,1774,1010,794
83516,1764,1010,793
83517,1764,1010,793
83518,1748,1010,794
83519,1756,1010,793
83520,1738,1009,793
83521,1760,1010,793
83522,1771,1010,792
83523,1746,1010,793
83524,1752,1010,798
83525,1734,1011,795
83526,1745,1011,794
83527,1738,1011,797
83528,1733,1011,794
83529,1740,1011,794
83530,1738,1010,793
83531,1726,1010,792
83532,1707,1010,798
83533,1709,1014,799
83534,1710,1017,803
83535,1721,1018,800
83536,1712,1017,804
83537,1714,1020,806
83538,1719,1021,807
83539,1709,1023,810
83540,1703,1023,812
83541,1687,1023,812
83542,1702,1023,813
83543,1690,1023,813
83544,1688,1024,813
83545,1690,1024,813
83546,1687,1024,813
83547,1669,1024,813
83548,1673,1023,812
83549,1681,1024,813
83550,1675,1024,813
83551,1675,1023,812
83552,1672,1023,812
83553,1671,1023,813
83554,1678,1024,813
83555,1660,1024,812
83556,1660,1024,812
83557,1654,1024,813
83558,1661,1024,814
83559,1655,1024,812
83560,1653,1023,813
83561,1654,1023,812
83562,1654,1023,812
83563,1650,1023,813
83564,1642,1024,813
83565,1646,1024,812
83566,1648,1025,813
83567,1633,1023,812
83568,1644,1024,812
83569,1644,1023,812
83570,1629,1024,812
83571,1643,1023,812
83572,1634,1023,812
83573,1624,1023,812
83574,1618,1024,811
83575,1617,1024,812
83576,1624,1024,812
83577,1624,1024,812
83578,1628,1023,812
83579,1617,1023,811
83580,1620,1023,811
83581,1615,1023,811
83582,1620,1023,811
83583,1614,1023,811
83584,1618,1023,812
83585,1612,1024,811
83586,1610,1024,811
83587,1613,1024,812
83588,1608,1024,811
83589,1605,1023,811
83590,1615,1023,811
83591,1615,1023,812
83592,1614,1023,810
83593,1607,1024,811
83594,1607,1023,810
83595,1607,1023,811
83596,1607,1023,811
83597,1608,1023,811
83598,1605,1023,811
83599,1605,1023,810
83600,1602,1023,811
83601,1605,1023,811
83602,1604,1023,811
83603,1602,1023,811
83604,1599,1024,811
83605,1612,1023,811
83606,1600,1023,811
83607,1594,1023,811
83608,1603,1023,810
83609,1600,1023,811
83610,1606,1023,811
83611,1602,1023,811
83612,1606,1023,811
83613,1601,1024,811
83614,1606,1023,811
83615,1595,1023,811
83616,1603,1023,811
83617,1602,1023,811
83618,1604,1023,811
83619,1595,1023,810
83620,1604,1023,811
83621,1592,1023,810
83622,1603,1023,811
83623,1603,1023,810
83624,1604,1023,810
83625,1611,1023,811
83626,1603,1024,811
83627,1607,1023,811
83628,1608,1024,811
83629,1603,1023,811
83630,1605,1023,811
83631,1594,1024,810
83632,1605,1023,811
83633,1603,1023,811
83634,1596,1023,811
83635,1611,1023,811
83636,1606,1023,811
83637,1607,1023,811
83638,1604,1024,811
83639,1607,1022,811
83640,1606,1023,810
83641,1611,1023,811
83642,1600,1023,811
83643,1605,1023,811
83644,1592,1023,811
83645,1610,1024,811
83646,1601,1024,811
83647,1610,1024,811
83648,1610,1023,811
83649,1593,1023,811
83650,1615,1023,811
83651,1606,1023,810
83652,1602,1023,811
83653,1603,1023,811
83654,1608,1023,810
83655,1602,1023,811
83656,1599,1023,811
83657,1606,1023,810
83658,1585,1024,811
83659,1604,1023,811
83660,1626,1023,811
83661,1602,1024,811
83662,1634,1024,811
83663,1600,1023,811
83664,1606,1023,810
83665,1584,1023,812
83666,1606,1023,806
83667,1587,1023,806
83668,1596,1022,808
83669,1611,1023,810
83670,1600,1023,810
83671,1581,1023,810
83672,1595,1023,811
83673,1570,1023,810
83674,1594,1023,811
83675,1591,1023,810
83676,1617,1022,810
83677,1592,1023,803
83678,1582,1022,805
83679,1595,1022,807
83680,1586,1022,809
83681,1579,1022,809
83682,1584,1023,810
83683,1593,1023,806
83684,1587,1023,806
83685,1585,1023,808
83686,1580,1023,810
83687,1573,1023,810
83688,1584,1023,810
83689,1595,1023,808
83690,1582,1021,807
83691,1586,1022,805
83692,1548,1022,798
83693,1574,1019,800
83694,1589,1017,799
83695,1583,1018,802
83696,1568,1015,799
83697,1589,1017,801
83698,1582,1017,796
83699,1582,1013,793
83700,1583,1012,798
83701,1572,1013,795
83702,1604,1011,799
83703,1573,1013,795
83704,1573,1011,793
83705,1574,1010,792
83706,1571,1010,792
83707,1558,1009,791
83708,1570,1009,791
83709,1575,1010,790
83710,1590,1009,796
83711,1559,1010,794
83712,1568,1010,792
83713,1533,1010,791
83714,1566,1010,791
83715,1557,1010,790
83716,1546,1010,794
83717,1569,1010,797
83718,1549,1010,793
83719,1577,1010,792
83720,1544,1010,790
83721,1561,1010,791
83722,1559,1009,790
83723,1546,1010,791
83724,1534,1009,791
83725,1541,1010,790
83726,1543,1010,791
83727,1545,1009,791
83728,1541,1009,790
83729,1548,1010,790
83730,1529,1010,790
83731,1539,1010,790
83732,1528,1010,791
83733,1530,1009,790
83734,1521,1010,790
83735,1533,1010,791
83736,1513,1009,791
83737,1530,1009,791
83738,1527,1010,791
83739,1518,1009,790
83740,1538,1009,790
83741,1516,1010,791
83742,1516,1010,790
83743,1510,1010,791
83744,1544,1010,791
83745,1518,1009,791
83746,1524,1009,791
83747,1532,1009,791
83748,1542,1009,790
83749,1561,1010,791
83750,1543,1010,790
83751,1527,1009,790
83752,1537,1009,790
83753,1547,1009,790
83754,1551,1009,790
83755,1561,1009,791
83756,1567,1009,790
83757,1573,1010,791
83758,1597,1009,791
83759,1585,1010,801
83760,1581,1017,802
83761,1597,1020,807
83762,1560,1021,806
83763,1588,1022,808
83764,1588,1022,809
83765,1583,1022,810
83766,1586,1023,811
83767,1618,1023,810
83768,1617,1023,812
83769,1642,1023,812
83770,1645,1023,812
83771,1659,1023,813
83772,1652,1024,812
83773,1650,1023,813
83774,1660,1023,813
83775,1694,1024,813
83776,1714,1024,802
83777,1738,1022,798
83778,1740,1016,794
83779,1738,1012,794
83780,1750,1011,793
83781,1763,1011,793
83782,1820,1010,793
83783,1808,1011,794
83784,1844,1010,794
83785,1866,1011,798
83786,1886,1014,803
83787,1893,1020,809
83788,1935,1023,812
83789,1906,1023,814
83790,1892,1024,815
83791,1953,1025,815
83792,2002,1031,817
83793,2038,1040,823
83794,2047,1044,822
83795,2069,1045,824
83796,2071,1045,826
83797,2091,1046,824
83798,2084,1045,826
83799,2134,1046,829
83800,2143,1047,829
83801,2244,1050,841
83802,2248,1055,846
83803,2261,1057,849
83804,2264,1073,850
83805,2263,1078,851
83806,2275,1079,851
83807,2348,1080,852
83808,2402,1081,858
83809,2435,1081,861
83810,2475,1082,862
83811,2493,1082,863
83812,2472,1082,863
83813,2464,1082,864
83814,2462,1089,864
83815,2541,1092,875
83816,2584,1094,880
83817,2623,1106,884
83818,2643,1113,885
83819,2653,1116,887
83820,2682,1116,887
83821,2675,1117,891
83822,2680,1117,891
83823,2727,1118,895
83824,2790,1112,898
83825,2808,1101,899
83826,2832,1099,900
83827,2855,1098,900
83828,2852,1098,901
83829,2857,1099,900
83830,2843,1097,901
83831,2892,1098,912
83832,2948,1111,917
83833,2970,1117,920
83834,2990,1120,921
83835,3009,1121,922
83836,2982,1121,923
83837,3005,1121,922
83838,3008,1121,922
83839,3048,1121,913
83840,3075,1113,907
83841,3102,1103,905
83842,3106,1100,905
83843,3103,1099,904
83844,3120,1099,904
83845,3104,1099,904
83846,3131,1098,904
83847,3154,1099,905
83848,3191,1099,905
83849,3191,1099,911
83850,3207,1102,916
83851,3208,1115,910
83852,3211,1104,912
83853,3201,1104,908
83854,3199,1107,908
83855,3061,1101,906
83856,2958,1099,913
83857,2881,1110,917
83858,2827,1117,908
83859,2803,1104,905
83860,2791,1100,902
83861,2778,1098,901
83862,2768,1098,900
83863,2922,1099,912
83864,3057,1104,907
83865,3148,1101,906
83866,3202,1099,906
83867,3233,1100,916
83868,3273,1114,921
83869,3296,1119,923
83870,3271,1121,924
83871,3304,1122,926
83872,3269,1122,926
83873,3277,1122,926
83874,3291,1122,926
83875,3275,1122,926
83876,3264,1122,925
83877,3278,1123,923
83878,3278,1122,925
83879,3232,1122,925
83880,3253,1122,925
83881,3255,1122,925
83882,3250,1122,925
83883,3254,1122,925
83884,3251,1122,925
83885,3279,1123,925
83886,3244,1122,925
83887,3231,1122,925
83888,3221,1122,922
83889,3155,1122,913
83890,3210,1120,913
83891,3187,1118,915
83892,3197,1119,916
83893,3195,1121,916
83894,3193,1121,921
83895,3181,1120,912
83896,3154,1113,909
83897,3133,1103,906
83898,3160,1100,905
83899,3133,1099,904
83900,3133,1098,904
83901,3119,1098,904
83902,3119,1098,906
83903,3111,1099,904
83904,3061,1098,903
83905,3083,1098,903
83906,3043,1098,903
83907,3068,1098,903
83908,3064,1099,903
83909,3075,1098,903
83910,3061,1098,903
83911,3036,1097,903
83912,3040,1098,911
83913,3003,1105,918
83914,2998,1116,920
83915,2995,1119,922
83916,2987,1121,922
83917,2947,1121,923
83918,2984,1121,923
83919,2976,1121,923
83920,2955,1122,923
83921,2940,1121,922
83922,2920,1122,922
83923,2913,1121,921
83924,2921,1122,922
83925,2916,1122,922
83926,2916,1122,922
83927,2887,1122,919
83928,2878,1121,920
83929,2869,1121,920
83930,2860,1121,911
83931,2852,1109,906
83932,2863,1102,903
83933,2836,1099,902
83934,2830,1098,902
83935,2829,1098,901
83936,2811,1098,901
83937,2807,1097,900
83938,2781,1097,900
83939,2777,1098,901
83940,2785,1097,900
83941,2786,1098,900
83942,2795,1097,900
83943,2735,1097,899
83944,2678,1096,895
83945,2660,1109,891
83946,2631,1115,889
83947,2605,1117,887
83948,2606,1117,887
83949,2623,1118,888
83950,2605,1118,887
83951,2633,1117,886
83952,2644,1118,887
83953,2657,1117,887
83954,2676,1118,888
83955,2660,1117,888
83956,2668,1118,892
83957,2674,1117,895
83958,2705,1119,894
83959,2652,1118,890
83960,2646,1118,889
83961,2651,1118,888
83962,2634,1118,888
83963,2633,1117,887
83964,2642,1117,887
83965,2633,1117,887
83966,2632,1118,888
83967,2634,1117,887
83968,2591,1117,887
83969,2605,1117,887
83970,2586,1117,885
83971,2601,1117,887
83972,2599,1117,885
83973,2596,1118,887
83974,2590,1117,885
83975,2581,1117,886
83976,2500,1116,885
83977,2561,1117,885
83978,2556,1117,886
83979,2557,1117,885
83980,2600,1117,886
83981,2552,1117,886
83982,2595,1117,886
83983,2584,1117,884
83984,2511,1116,882
83985,2519,1117,876
83986,2507,1101,870
83987,2519,1098,870
83988,2501,1095,867
83989,2508,1094,866
83990,2503,1093,865
83991,2476,1094,864
83992,2451,1093,864
83993,2469,1093,864
83994,2449,1093,864
83995,2450,1093,863
83996,2462,1090,864
83997,2448,1088,863
83998,2451,1084,863
83999,2421,1087,863
84000,2417,1084,863
84001,2411,1083,862
84002,2395,1083,863
84003,2401,1083,863
84004,2395,1083,863
84005,2396,1083,863
84006,2400,1083,863
84007,2324,1081,858
84008,2273,1082,855
84009,2219,1081,852
84010,2199,1074,845
84011,2172,1065,837
84012,2170,1060,834
84013,2146,1057,832
84014,2143,1056,830
84015,2192,1050,836
84016,2221,1053,843
84017,2236,1057,846
84018,2243,1065,849
84019,2262,1076,851
84020,2276,1079,851
84021,2266,1080,851
84022,2273,1080,852
84023,2265,1080,852
84024,2218,1080,851
84025,2240,1081,851
84026,2205,1073,849
84027,2236,1075,849
84028,2223,1078,850
84029,2225,1080,850
84030,2226,1081,851
84031,2221,1080,850
84032,2201,1080,843
84033,2188,1064,836
84034,2188,1060,833
84035,2220,1058,832
84036,2183,1054,831
84037,2185,1050,831
84038,2175,1051,833
84039,2169,1055,832
84040,2155,1053,831
84041,2153,1051,831
84042,2141,1049,831
84043,2165,1048,831
84044,2153,1047,830
84045,2134,1047,830
84046,2142,1047,830
84047,2144,1047,830
84048,2125,1047,828
84049,2134,1047,830
84050,2130,1047,830
84051,2125,1047,830
84052,2120,1047,829
84053,2125,1047,829
84054,2124,1047,829
84055,2111,1047,829
84056,2117,1047,829
84057,2110,1046,828
84058,2114,1046,829
84059,2113,1046,829
84060,2118,1047,829
84061,2095,1047,829
84062,2110,1047,829
84063,2112,1046,829
84064,2121,1046,829
84065,2116,1047,829
84066,2116,1047,829
84067,2106,1047,829
84068,2089,1047,829
84069,2112,1047,829
84070,2099,1047,829
84071,2112,1047,829
84072,2110,1047,829
84073,2118,1047,829
84074,2118,1047,828
84075,2122,1047,829
84076,2120,1046,829
84077,2102,1046,829
84078,2110,1046,829
84079,2115,1047,829
84080,2126,1047,829
84081,2123,1047,830
84082,2123,1047,830
84083,2126,1047,829
84084,2136,1047,830
84085,2132,1047,829
84086,2129,1047,829
84087,2137,1047,830
84088,2140,1047,830
84089,2139,1048,829
84090,2150,1047,831
84091,2145,1047,830
84092,2141,1047,830
84093,2145,1047,830
84094,2143,1047,831
84095,2143,1046,829
84096,2159,1047,830
84097,2160,1047,830
84098,2161,1047,830
84099,2168,1047,830
84100,2166,1047,831
84101,2174,1047,831
84102,2153,1048,830
84103,2178,1047,831
84104,2153,1047,830
84105,2175,1047,831
84106,2162,1047,831
84107,2179,1047,830
84108,2187,1047,831
84109,2090,1047,830
84110,2181,1047,831
84111,2237,1047,831
84112,2187,1048,831
84113,2179,1047,831
84114,2193,1048,831
84115,2191,1047,830
84116,2186,1047,830
84117,2189,1048,830
84118,2194,1047,830
84119,2192,1047,831
84120,2205,1047,831
84121,2197,1051,839
84122,2188,1055,835
84123,2211,1056,832
84124,2205,1056,836
84125,2202,1056,833
84126,2194,1056,839
84127,2171,1057,838
84128,2203,1058,839
84129,2223,1057,835
84130,2162,1057,835
84131,2201,1056,837
84132,2208,1057,841
84133,2176,1058,836
84134,2203,1057,833
84135,2206,1056,832
84136,2200,1053,831
84137,2207,1053,835
84138,2190,1054,833
84139,2199,1056,832
84140,2278,1056,839
84141,2210,1057,840
84142,2209,1057,835
84143,2220,1057,833
84144,2198,1056,832
84145,2184,1056,831
84146,2188,1051,831
84147,2190,1048,830
84148,2194,1047,831
84149,2204,1047,830
84150,2201,1047,831
84151,2184,1047,830
84152,2155,1047,831
84153,2181,1048,830
84154,2187,1048,830
84155,2162,1047,830
84156,2155,1047,831
84157,2193,1047,830
84158,2161,1047,830
84159,2152,1047,830
84160,2154,1047,829
84161,2138,1047,830
84162,2123,1046,830
84163,2120,1047,830
84164,2131,1047,830
84165,2116,1047,830
84166,2132,1047,830
84167,2125,1047,830
84168,2128,1048,830
84169,2114,1047,829
84170,2112,1047,830
84171,2104,1047,829
84172,2103,1047,829
84173,2101,1047,829
84174,2103,1047,829
84175,2092,1046,828
84176,2090,1047,828
84177,2085,1046,828
84178,2087,1046,827
84179,2028,1047,828
84180,2101,1047,828
84181,2073,1047,828
84182,2078,1046,827
84183,2058,1047,826
84184,2061,1046,828
84185,2065,1046,825
84186,2020,1046,826
84187,2048,1046,826
84188,2071,1046,827
84189,2020,1047,827
84190,2056,1047,823
84191,2000,1046,820
84192,1936,1045,818
84193,1894,1044,816
84194,1877,1045,816
84195,1834,1037,805
84196,1848,1026,800
84197,1847,1019,796
84198,1844,1013,795
84199,1885,1015,801
84200,1901,1020,809
84201,1943,1022,812
84202,1951,1023,815
84203,1950,1024,815
84204,1975,1031,815
84205,1969,1037,816
84206,1970,1042,817
84207,1977,1044,816
84208,1945,1044,817
84209,1952,1045,816
84210,1953,1045,816
84211,1924,1038,816
84212,1945,1043,816
84213,1904,1044,816
84214,1936,1044,816
84215,1944,1044,816
84216,1918,1044,815
84217,1938,1037,815
84218,1904,1028,815
84219,1908,1025,815
84220,1878,1024,814
84221,1903,1025,815
84222,1900,1025,815
84223,1897,1024,815
84224,1896,1024,815
84225,1879,1024,812
84226,1876,1023,809
84227,1864,1023,803
84228,1889,1022,805
84229,1881,1022,802
84230,1856,1021,799
84231,1860,1014,800
84232,1830,1015,797
84233,1839,1012,795
84234,1837,1011,795
84235,1828,1010,795
84236,1832,1011,795
84237,1826,1010,794
84238,1816,1010,794
84239,1824,1010,794
84240,1790,1010,794
84241,1781,1010,794
84242,1797,1010,793
84243,1803,1010,794
84244,1780,1010,794
84245,1800,1011,794
84246,1804,1010,794
84247,1773,1010,794
84248,1774,1010,794
84249,1765,1010,793
84250,1760,1010,794
84251,1770,1011,792
84252,1760,1010,793
84253,1753,1010,792
84254,1743,1010,793
84255,1763,1010,793
84256,1762,1010,793
84257,1740,1010,792
84258,1737,1010,792
84259,1727,1009,792
84260,1737,1010,792
84261,1723,1010,792
84262,1740,1010,795
84263,1709,1014,801
84264,1710,1019,799
84265,1704,1015,795
84266,1720,1012,794
84267,1710,1011,798
84268,1713,1012,799
84269,1698,1017,807
84270,1746,1020,807
84271,1700,1022,811
84272,1688,1022,812
84273,1676,1023,813
84274,1705,1024,813
84275,1690,1024,813
84276,1681,1024,813
84277,1678,1023,812
84278,1676,1023,813
84279,1661,1023,813
84280,1686,1023,813
84281,1676,1023,813
84282,1667,1024,812
84283,1666,1024,812
84284,1657,1024,813
84285,1659,1024,813
84286,1655,1024,813
84287,1644,1024,813
84288,1650,1024,813
84289,1634,1024,813
84290,1627,1024,813
84291,1616,1023,811
84292,1573,1022,801
84293,1538,1018,796
84294,1521,1013,793
84295,1520,1011,792
84296,1497,1010,791
84297,1493,1009,790
84298,1490,1009,790
84299,1490,1010,790
84300,1554,1010,791
84301,1562,1009,791
84302,1584,1010,798
84303,1581,1014,804
84304,1583,1019,805
84305,1600,1021,808
84306,1598,1022,809
84307,1563,1023,808
84308,1590,1023,810
84309,1579,1023,808
84310,1599,1023,805
84311,1593,1023,808
84312,1590,1023,805
84313,1599,1022,804
84314,1580,1022,807
84315,1583,1022,802
84316,1582,1021,799
84317,1577,1015,798
84318,1579,1014,798
84319,1580,1011,794
84320,1584,1012,795
84321,1574,1011,797
84322,1533,1011,794
84323,1566,1010,792
84324,1514,1010,791
84325,1494,1010,790
84326,1486,1009,790
84327,1478,1010,790
84328,1466,1009,790
84329,1451,1010,789
84330,1451,1010,789
84331,1476,1009,790
84332,1514,1009,790
84333,1508,1009,790
84334,1533,1009,791
84335,1542,1009,790
84336,1555,1009,790
84337,1567,1009,790
84338,1548,1009,790
84339,1519,1010,790
84340,1550,1010,791
84341,1547,1009,790
84342,1542,1010,789
84343,1541,1009,791
84344,1531,1010,793
84345,1528,1010,792
84346,1554,1010,791
84347,1533,1010,790
84348,1530,1009,791
84349,1531,1010,790
84350,1537,1009,791
84351,1537,1010,791
84352,1546,1010,791
84353,1548,1010,791
84354,1544,1009,791
84355,1542,1010,791
84356,1537,1010,791
84357,1545,1009,790
84358,1545,1010,790
84359,1547,1009,790
84360,1532,1009,790
84361,1539,1009,790
84362,1504,1009,790
84363,1497,1009,791
84364,1534,1010,790
84365,1523,1009,791
84366,1537,1010,791
84367,1541,1010,790
84368,1539,1010,791
84369,1536,1009,791
84370,1532,1010,790
84371,1546,1010,791
84372,1519,1009,790
84373,1537,1009,791
84374,1537,1009,791
84375,1545,1010,791
84376,1533,1009,791
84377,1532,1009,791
84378,1540,1010,791
84379,1532,1009,790
84380,1538,1009,791
84381,1560,1009,790
84382,1542,1009,790
84383,1527,1009,790
84384,1525,1010,790
84385,1538,1010,791
84386,1536,1010,791
84387,1529,1010,790
84388,1473,1010,790
84389,1497,1011,790
84390,1481,1010,790
84391,1460,1010,789
84392,1466,1010,789
84393,1465,1009,788
84394,1478,1009,789
84395,1485,1009,789
84396,1545,1010,790
84397,1502,1010,790
84398,1536,1009,790
84399,1516,1010,791
84400,1525,1009,791
84401,1536,1010,791
84402,1538,1009,790
84403,1539,1010,790
84404,1531,1009,791
84405,1544,1010,791
84406,1534,1010,791
84407,1570,1010,790
84408,1540,1010,791
84409,1534,1010,791
84410,1540,1010,790
84411,1538,1010,791
84412,1536,1010,791
84413,1545,1009,790
84414,1536,1010,791
84415,1544,1009,793
84416,1547,1010,792
84417,1547,1010,791
84418,1541,1010,790
84419,1542,1009,791
84420,1541,1010,790
84421,1543,1009,790
84422,1541,1010,790
84423,1542,1009,790
84424,1539,1009,791
84425,1501,1010,791
84426,1532,1009,791
84427,1544,1010,791
84428,1542,1009,791
84429,1528,1010,791
84430,1547,1010,791
84431,1557,1010,791
84432,1546,1010,791
84433,1543,1009,791
84434,1545,1011,791
84435,1537,1010,791
84436,1543,1009,791
84437,1546,1009,791
84438,1534,1009,791
84439,1544,1010,790
84440,1531,1009,790
84441,1565,1009,791
84442,1540,1010,790
84443,1531,1010,791
84444,1540,1010,791
84445,1531,1010,791
84446,1544,1010,791
84447,1536,1009,791
84448,1524,1010,791
84449,1533,1010,791
84450,1545,1010,791
84451,1543,1009,791
84452,1542,1010,791
84453,1539,1009,791
84454,1535,1009,791
84455,1543,1009,790
84456,1543,1009,791
84457,1530,1009,791
84458,1539,1009,790
84459,1526,1009,791
84460,1533,1009,791
84461,1535,1009,791
84462,1524,1009,790
84463,1531,1009,791
84464,1541,1009,791
84465,1526,1010,791
84466,1531,1009,791
84467,1522,1010,792
84468,1523,1010,791
84469,1515,1010,791
84470,1521,1009,791
84471,1513,1009,791
84472,1514,1009,790
84473,1511,1009,790
84474,1523,1009,790
84475,1524,1009,791
84476,1521,1009,791
84477,1524,1010,791
84478,1513,1009,790
84479,1510,1010,791
84480,1518,1010,791
84481,1524,1010,791
84482,1529,1010,792
84483,1525,1009,791
84484,1515,1009,791
84485,1512,1010,790
84486,1509,1009,789
84487,1514,1009,790
84488,1511,1010,790
84489,1514,1010,790
84490,1506,1010,791
84491,1528,1009,790
84492,1506,1010,790
84493,1510,1009,790
84494,1513,1010,790
84495,1507,1009,790
84496,1501,1009,790
84497,1483,1009,790
84498,1509,1009,789
84499,1520,1009,790
84500,1492,1009,790
84501,1498,1009,790
84502,1493,1009,790
84503,1501,1010,790
84504,1523,1009,790
84505,1481,1010,790
84506,1505,1010,790
84507,1496,1009,790
84508,1487,1009,790
84509,1487,1009,789
84510,1489,1009,789
84511,1487,1009,790
84512,1489,1009,791
84513,1481,1009,789
84514,1492,1009,790
84515,1485,1010,790
84516,1489,1009,790
84517,1499,1009,789
84518,1497,1009,790
84519,1494,1009,789
84520,1495,1009,790
84521,1501,1009,789
84522,1518,1009,790
84523,1480,1009,790
84524,1488,1009,790
84525,1487,1009,790
84526,1481,1009,789
84527,1471,1010,790
84528,1472,1010,790
84529,1465,1009,790
84530,1456,1010,790
84531,1469,1009,789
84532,1464,1009,789
84533,1470,1008,788
84534,1477,1009,789
84535,1482,1009,789
84536,1477,1009,789
84537,1475,1009,790
84538,1490,1009,789
84539,1482,1009,790
84540,1494,1009,790
84541,1511,1009,790
84542,1502,1009,790
84543,1508,1009,790
84544,1506,1009,791
84545,1507,1010,790
84546,1498,1010,790
84547,1611,1010,801
84548,1752,1017,797
84549,1902,1017,807
84550,1982,1021,812
84551,2021,1023,817
84552,2036,1036,821
84553,2089,1042,825
84554,2105,1045,826
84555,2039,1045,825
84556,1891,1045,819
84557,1810,1038,806
84558,1752,1027,799
84559,1727,1017,796
84560,1704,1016,805
84561,1675,1020,809
84562,1658,1022,810
84563,1684,1023,812
84564,1717,1023,802
84565,1759,1022,797
84566,1757,1014,795
84567,1773,1012,795
84568,1827,1011,794
84569,1781,1010,794
84570,1779,1011,794
84571,1808,1010,794
84572,1881,1011,797
84573,1903,1014,807
84574,1908,1020,811
84575,1926,1022,814
84576,1936,1023,814
84577,1954,1024,815
84578,1940,1024,815
84579,1998,1031,817
84580,2055,1041,821
84581,2066,1044,825
84582,2104,1045,827
84583,2128,1046,828
84584,2151,1046,829
84585,2130,1047,829
84586,2178,1047,830
84587,2164,1047,830
84588,2232,1052,842
84589,2279,1056,847
84590,2301,1066,850
84591,2320,1076,851
84592,2334,1079,851
84593,2336,1080,853
84594,2338,1080,852
84595,2365,1081,856
84596,2419,1081,860
84597,2468,1082,862
84598,2496,1081,863
84599,2508,1086,864
84600,2530,1089,868
84601,2565,1092,869
84602,2531,1094,878
84603,2560,1095,882
84604,2612,1111,885
84605,2640,1115,886
84606,2702,1118,890
84607,2688,1117,891
84608,2709,1117,891
84609,2713,1118,890
84610,2702,1118,893
84611,2736,1118,896
84612,2783,1104,898
84613,2799,1099,899
84614,2835,1098,900
84615,2853,1098,900
84616,2853,1097,901
84617,2859,1098,904
84618,2858,1098,907
84619,2848,1098,911
84620,2934,1106,917
84621,2947,1116,919
84622,2957,1120,920
84623,2973,1121,922
84624,2991,1121,923
84625,2886,1121,922
84626,2998,1121,923
84627,3008,1121,923
84628,3033,1122,917
84629,3046,1121,913
84630,3058,1113,908
84631,3068,1104,906
84632,3075,1100,904
84633,3084,1099,903
84634,3114,1098,903
84635,3085,1098,902
84636,3096,1098,902
84637,3110,1098,903
84638,3105,1098,903
84639,3119,1098,903
84640,3135,1098,904
84641,3124,1098,904
84642,3116,1098,903
84643,3115,1098,903
84644,3130,1098,904
84645,3148,1098,904
84646,3145,1099,904
84647,3136,1099,904
84648,3146,1098,905
84649,3148,1099,905
84650,3058,1099,905
84651,3120,1097,904
84652,3016,1098,906
84653,2975,1099,915
84654,2946,1114,918
84655,2923,1118,920
84656,2906,1120,921
84657,2897,1121,921
84658,2881,1120,916
84659,2905,1121,920
84660,2948,1121,921
84661,3011,1122,922
84662,3026,1121,920
84663,3028,1121,915
84664,3043,1120,908
84665,3049,1105,906
84666,3055,1101,904
84667,3056,1099,903
84668,3012,1098,914
84669,3035,1104,911
84670,3021,1111,913
84671,3016,1117,915
84672,3025,1119,917
84673,3019,1120,919
84674,3013,1121,922
84675,3009,1121,923
84676,2999,1122,923
84677,2985,1121,922
84678,3010,1121,923
84679,2963,1122,922
84680,2958,1121,922
84681,2966,1122,922
84682,2963,1122,923
84683,2963,1121,923
84684,2917,1121,923
84685,2911,1122,922
84686,2918,1122,921
84687,2898,1121,922
84688,2898,1122,922
84689,2893,1121,921
84690,2890,1122,921
84691,2895,1121,921
84692,2855,1121,916
84693,2867,1121,909
84694,2848,1105,904
84695,2848,1100,904
84696,2838,1098,901
84697,2837,1098,901
84698,2829,1097,901
84699,2810,1097,900
84700,2876,1097,901
84701,2775,1097,901
84702,2782,1097,900
84703,2766,1097,900
84704,2773,1097,900
84705,2753,1096,898
84706,2761,1097,900
84707,2760,1097,899
84708,2675,1097,896
84709,2626,1104,891
84710,2609,1114,889
84711,2584,1117,887
84712,2579,1117,886
84713,2567,1117,886
84714,2557,1117,886
84715,2578,1117,886
84716,2608,1118,886
84717,2619,1117,886
84718,2618,1117,886
84719,2622,1117,887
84720,2623,1117,887
84721,2641,1117,887
84722,2657,1117,887
84723,2653,1117,887
84724,2612,1117,887
84725,2607,1117,887
84726,2607,1117,887
84727,2610,1117,886
84728,2582,1117,886
84729,2628,1117,886
84730,2628,1117,887
84731,2595,1118,887
84732,2578,1118,885
84733,2575,1117,886
84734,2560,1117,885
84735,2558,1117,885
84736,2561,1117,885
84737,2539,1117,885
84738,2546,1117,886
84739,2549,1117,885
84740,2533,1117,885
84741,2520,1117,884
84742,2503,1116,878
84743,2512,1111,874
84744,2512,1100,872
84745,2506,1096,868
84746,2492,1094,867
84747,2523,1094,867
84748,2489,1093,865
84749,2484,1094,865
84750,2475,1093,864
84751,2473,1093,864
84752,2462,1088,863
84753,2455,1088,864
84754,2415,1091,864
84755,2474,1089,863
84756,2442,1084,863
84757,2438,1084,863
84758,2428,1083,863
84759,2435,1083,863
84760,2442,1083,863
84761,2425,1082,863
84762,2420,1082,863
84763,2423,1086,863
84764,2427,1083,863
84765,2424,1083,863
84766,2434,1083,864
84767,2418,1088,864
84768,2401,1090,863
84769,2394,1087,863
84770,2384,1084,863
84771,2377,1083,863
84772,2379,1083,862
84773,2383,1083,862
84774,2377,1082,862
84775,2364,1082,862
84776,2368,1083,858
84777,2353,1082,855
84778,2329,1082,855
84779,2351,1081,853
84780,2333,1081,853
84781,2340,1081,853
84782,2339,1081,853
84783,2329,1081,853
84784,2309,1081,853
84785,2318,1080,852
84786,2282,1080,852
84787,2279,1081,852
84788,2278,1080,853
84789,2290,1081,853
84790,2286,1081,853
84791,2283,1081,852
84792,2263,1080,852
84793,2251,1080,852
84794,2251,1081,851
84795,2236,1080,851
84796,2232,1080,851
84797,2241,1080,851
84798,2229,1080,851
84799,2220,1080,850
84800,2212,1080,847
84801,2204,1065,846
84802,2199,1061,838
84803,2197,1059,839
84804,2195,1058,835
84805,2173,1057,835
84806,2198,1057,832
84807,2179,1056,832
84808,2159,1053,831
84809,2163,1051,831
84810,2191,1048,831
84811,2138,1048,830
84812,2125,1047,830
84813,2133,1047,830
84814,2145,1047,830
84815,2152,1047,830
84816,2129,1047,830
84817,2132,1047,829
84818,2120,1047,828
84819,2116,1047,829
84820,2116,1047,829
84821,1997,1047,829
84822,2114,1047,829
84823,2098,1047,829
84824,2099,1047,829
84825,2088,1047,829
84826,2076,1047,829
84827,2084,1046,829
84828,2084,1046,828
84829,2093,1047,829
84830,2095,1047,828
84831,2081,1046,828
84832,2095,1047,829
84833,2082,1046,828
84834,2083,1046,828
84835,2062,1046,828
84836,2068,1047,828
84837,2074,1047,828
84838,2081,1047,828
84839,2070,1046,827
84840,2076,1047,826
84841,2070,1047,827
84842,2071,1046,828
84843,2075,1046,828
84844,2069,1047,828
84845,2058,1047,828
84846,2072,1047,829
84847,2072,1046,828
84848,2069,1047,827
84849,2113,1046,826
84850,2077,1047,827
84851,2073,1046,828
84852,2064,1047,828
84853,2074,1047,828
84854,2080,1047,828
84855,2074,1047,828
84856,2084,1047,828
84857,2083,1046,828
84858,2063,1047,828
84859,2074,1047,828
84860,2087,1047,828
84861,2095,1047,829
84862,2085,1047,828
84863,2106,1047,828
84864,2094,1047,829
84865,2096,1047,828
84866,2116,1047,828
84867,2098,1047,829
84868,2102,1047,829
84869,2091,1047,829
84870,2100,1047,829
84871,2110,1047,830
84872,2128,1047,830
84873,2123,1047,829
84874,2127,1047,829
84875,2115,1047,830
84876,2126,1047,829
84877,2132,1046,828
84878,2133,1047,830
84879,2144,1047,829
84880,2139,1047,830
84881,2137,1047,830
84882,2146,1047,830
84883,2158,1047,831
84884,2145,1047,830
84885,2156,1047,831
84886,2151,1047,830
84887,2150,1048,830
84888,2146,1047,830
84889,2153,1048,830
84890,2160,1047,830
84891,2151,1047,830
84892,2155,1047,830
84893,2146,1047,830
84894,2144,1047,830
84895,2119,1047,830
84896,2150,1047,831
84897,2140,1047,830
84898,2156,1047,830
84899,2148,1047,829
84900,2155,1047,830
84901,2171,1047,830
84902,2150,1047,830
84903,2156,1047,830
84904,2157,1047,830
84905,2164,1047,830
84906,2155,1047,831
84907,2151,1048,831
84908,2156,1048,831
84909,2158,1047,830
84910,2158,1048,830
84911,2159,1047,830
84912,2150,1047,830
84913,2140,1047,830
84914,2150,1047,830
84915,2162,1047,830
84916,2170,1047,831
84917,2151,1047,830
84918,2161,1047,830
84919,2159,1047,831
84920,2140,1047,831
84921,2158,1047,830
84922,2163,1047,831
84923,2171,1047,830
84924,2148,1046,830
84925,2156,1047,831
84926,2152,1047,830
84927,2159,1047,830
84928,2156,1047,830
84929,2155,1047,831
84930,2138,1048,831
84931,2156,1047,831
84932,2179,1047,831
84933,2175,1047,830
84934,2145,1047,830
84935,2158,1046,830
84936,2154,1047,830
84937,2151,1047,831
84938,2169,1047,830
84939,2149,1048,831
84940,2158,1047,831
84941,2143,1047,830
84942,2165,1047,830
84943,2151,1047,830
84944,2124,1047,830
84945,2139,1047,831
84946,2160,1047,831
84947,2153,1047,830
84948,2169,1048,831
84949,2166,1048,830
84950,2162,1047,832
84951,2150,1049,830
84952,2161,1048,830
84953,2155,1047,830
84954,2155,1047,829
84955,2160,1047,831
84956,2151,1047,830
84957,2155,1047,830
84958,2161,1047,830
84959,2161,1047,829
84960,2143,1047,830
84961,2143,1047,830
84962,2152,1048,830
84963,2163,1047,831
84964,2151,1047,831
84965,2156,1047,830
84966,2156,1047,831
84967,2154,1047,831
84968,2154,1047,830
84969,2154,1048,831
84970,2156,1047,830
84971,2151,1047,831
84972,2156,1047,830
84973,2153,1047,831
84974,2161,1047,830
84975,2154,1047,831
84976,2158,1047,830
84977,2156,1047,830
84978,2174,1047,830
84979,2146,1047,831
84980,2168,1047,830
84981,2158,1047,831
84982,2149,1046,830
84983,2159,1047,830
84984,2150,1047,830
84985,2156,1047,830
84986,2149,1047,830
84987,2152,1047,831
84988,2150,1047,830
84989,2151,1047,831
84990,2143,1047,830
84991,2158,1047,831
84992,2157,1047,830
84993,2147,1047,830
84994,2151,1047,830
84995,2143,1048,830
84996,2156,1047,830
84997,2164,1048,830
84998,2157,1047,830
84999,2160,1047,831
85000,2156,1048,831
85001,2159,1047,830
85002,2155,1047,831
85003,2154,1047,830
85004,2155,1047,830
85005,2153,1047,831
85006,2163,1047,830
85007,2144,1047,830
85008,2154,1047,831
85009,2144,1047,830
85010,2154,1047,831
85011,2158,1047,831
85012,2155,1047,831
85013,2149,1047,830
85014,2154,1047,831
85015,2156,1047,829
85016,2160,1047,830
85017,2155,1047,830
85018,2161,1047,830
85019,2154,1047,830
85020,2158,1047,830
85021,2140,1047,830
85022,2145,1047,830
85023,2153,1047,830
85024,2159,1048,830
85025,2162,1048,831
85026,2158,1047,831
85027,2159,1047,830
85028,2158,1047,830
85029,2159,1047,830
85030,2145,1047,830
85031,2157,1047,831
85032,2151,1047,830
85033,2155,1047,830
85034,2152,1047,830
85035,2141,1047,830
85036,2144,1047,830
85037,2158,1047,830
85038,2152,1047,830
85039,2155,1047,830
85040,2156,1047,830
85041,2158,1047,830
85042,2159,1047,830
85043,2160,1047,830
85044,2156,1047,831
85045,2159,1048,831
85046,2160,1047,830
85047,2165,1048,831
85048,2150,1048,831
85049,2153,1047,830
85050,2159,1047,830
85051,2150,1047,830
85052,2153,1047,830
85053,2146,1047,830
85054,2161,1047,830
85055,2158,1047,831
85056,2154,1047,830
85057,2155,1047,830
85058,2114,1047,830
85059,2157,1047,830
85060,2165,1047,830
85061,2179,1047,830
85062,2155,1047,830
85063,2164,1047,830
85064,2159,1047,830
85065,2151,1047,831
85066,2139,1047,831
85067,2162,1047,831
85068,2154,1047,830
85069,2145,1048,831
85070,2149,1047,830
85071,2165,1048,831
85072,2155,1047,831
85073,2145,1047,831
85074,2158,1047,831
85075,2159,1047,830
85076,2157,1046,830
85077,2160,1047,830
85078,2157,1047,830
85079,2134,1046,830
85080,2161,1047,830
85081,2149,1047,830
85082,2145,1047,830
85083,2158,1048,831
85084,2153,1047,830
85085,2155,1047,831
85086,2155,1047,831
85087,2164,1047,831
85088,2166,1048,831
85089,2168,1048,831
85090,2162,1047,830
85091,2161,1048,831
85092,2151,1047,831
85093,2152,1047,830
85094,2165,1047,830
85095,2143,1047,831
85096,2139,1047,829
85097,2142,1047,831
85098,2139,1048,830
85099,2160,1047,830
85100,2126,1047,830
85101,2155,1047,830
85102,2150,1047,830
85103,2163,1047,830
85104,2148,1047,830
85105,2149,1047,830
85106,2151,1047,831
85107,2149,1047,830
85108,2150,1047,830
85109,2151,1047,830
85110,2185,1047,831
85111,2162,1047,830
85112,2152,1047,830
85113,2151,1047,830
85114,2162,1047,830
85115,2160,1047,830
85116,2154,1048,831
85117,2159,1047,830
85118,2157,1047,830
85119,2154,1047,830
85120,2155,1047,830
85121,2150,1047,830
85122,2140,1047,831
85123,2141,1047,831
85124,2154,1047,830
85125,2176,1047,830
85126,2146,1047,830
85127,2155,1047,831
85128,2161,1047,831
85129,2157,1048,831
85130,2158,1047,831
85131,2156,1047,830
85132,2157,1047,830
85133,2141,1046,830
85134,2160,1047,830
85135,2160,1046,831
85136,2159,1047,830
85137,2164,1047,830
85138,2165,1047,831
85139,2156,1047,830
85140,2141,1047,830
85141,2159,1048,830
85142,2159,1048,831
85143,2133,1047,830
85144,2154,1047,831
85145,2155,1047,831
85146,2149,1047,831
85147,2138,1047,831
85148,2152,1047,830
85149,2143,1048,831
85150,2150,1047,831
85151,2153,1047,830
85152,2159,1047,831
85153,2155,1047,831
85154,2156,1047,830
85155,2143,1047,830
85156,2148,1047,830
85157,2172,1047,830
85158,2159,1047,830
85159,2161,1047,831
85160,2158,1047,831
85161,2158,1047,830
85162,2142,1047,830
85163,2176,1047,829
85164,2154,1047,830
85165,2152,1047,830
85166,2143,1048,831
85167,2155,1047,831
85168,2155,1047,831
85169,2169,1051,831
85170,2158,1050,831
85171,2160,1048,830
85172,2163,1047,830
85173,2161,1047,830
85174,2128,1047,829
85175,2162,1047,830
85176,2161,1047,830
85177,2145,1047,830
85178,2144,1047,830
85179,2150,1047,830
85180,2156,1047,830
85181,2150,1047,830
85182,2153,1047,831
85183,2142,1047,830
85184,2157,1047,830
85185,2147,1047,830
85186,2143,1047,830
85187,2159,1048,830
85188,2156,1048,830
85189,2159,1047,830
85190,2147,1048,831
85191,2160,1047,831
85192,2151,1047,831
85193,2160,1047,830
85194,2152,1047,831
85195,2154,1047,830
85196,2132,1047,830
85197,2154,1047,830
85198,2157,1047,830
85199,2158,1047,830
85200,2170,1047,830
85201,2155,1047,831
85202,2128,1047,831
85203,2157,1047,831
85204,2146,1047,830
85205,2165,1047,831
85206,2160,1047,830
85207,2156,1047,830
85208,2171,1047,831
85209,2160,1047,831
85210,2159,1047,830
85211,2165,1047,831
85212,2161,1047,830
85213,2127,1047,831
85214,2146,1047,830
85215,2156,1047,830
85216,2164,1046,831
85217,2133,1047,830
85218,2158,1047,830
85219,2156,1047,830
85220,2162,1048,831
85221,2170,1047,830
85222,2164,1047,830
85223,2162,1047,830
85224,2159,1047,831
85225,2138,1046,830
85226,2152,1047,831
85227,2154,1047,831
85228,2159,1048,830
85229,2136,1047,831
85230,2158,1047,830
85231,2174,1047,831
85232,2158,1047,830
85233,2161,1047,831
85234,2155,1047,830
85235,2161,1047,830
85236,2146,1047,830
85237,2155,1047,830
85238,2149,1047,830
85239,2161,1047,830
85240,2161,1047,831
85241,2161,1047,830
85242,2145,1047,831
85243,2157,1047,830
85244,2166,1047,830
85245,2158,1050,833
85246,2149,1055,832
85247,2160,1053,831
85248,2148,1049,830
85249,2137,1048,831
85250,2134,1048,830
85251,2162,1047,830
85252,2146,1047,830
85253,2154,1047,830
85254,2159,1047,830
85255,2166,1047,830
85256,2155,1047,830
85257,2152,1047,831
85258,2153,1047,830
85259,2148,1048,831
85260,2146,1047,831
85261,2158,1047,833
85262,2160,1053,832
85263,2165,1056,831
85264,2173,1051,830
85265,2159,1048,831
85266,2156,1047,831
85267,2162,1048,830
85268,2141,1047,829
85269,2159,1047,830
85270,2160,1047,831
85271,2160,1047,830
85272,2161,1047,830
85273,2159,1047,830
85274,2165,1047,830
85275,2172,1047,830
85276,2157,1047,830
85277,2149,1047,830
85278,2162,1047,830
85279,2162,1047,830
85280,2161,1048,830
85281,2163,1047,831
85282,2139,1048,831
85283,2179,1047,831
85284,2159,1047,831
85285,2174,1047,830
85286,2147,1047,830
85287,2156,1047,831
85288,2160,1047,830
85289,2166,1047,831
85290,2159,1047,830
85291,2159,1047,831
85292,2159,1047,831
85293,2148,1048,830
85294,2145,1047,830
85295,2144,1047,830
85296,2155,1047,831
85297,2157,1047,830
85298,2159,1047,830
85299,2155,1047,829
85300,2152,1047,830
85301,2150,1047,830
85302,2161,1047,831
85303,2158,1047,830
85304,2164,1047,831
85305,2157,1047,831
85306,2167,1047,830
85307,2140,1047,831
85308,2160,1047,830
85309,2155,1048,831
85310,2159,1047,831
85311,2155,1047,830
85312,2133,1047,831
85313,2161,1047,830
85314,2103,1047,830
85315,2150,1047,829
85316,2153,1047,831
85317,2149,1047,830
85318,2146,1047,830
85319,2152,1047,830
85320,2151,1047,830
85321,2160,1047,830
85322,2141,1047,830
85323,2156,1047,831
85324,2147,1047,830
85325,2149,1047,831
85326,2159,1047,830
85327,2161,1047,830
85328,2157,1048,830
85329,2154,1047,831
85330,2159,1047,831
85331,2147,1048,831
85332,2160,1047,830
85333,2181,1047,830
85334,2161,1047,830
85335,2145,1047,830
85336,2136,1046,830
85337,2182,1047,830
85338,2147,1047,830
85339,2151,1047,830
85340,2145,1047,830
85341,2160,1047,831
85342,2157,1047,831
85343,2157,1047,830
85344,2157,1047,830
85345,2161,1047,830
85346,2160,1047,830
85347,2166,1047,831
85348,2156,1047,831
85349,2190,1047,830
85350,2164,1048,830
85351,2152,1048,830
85352,2153,1047,830
85353,2153,1047,830
85354,2134,1047,831
85355,2158,1047,830
85356,2153,1047,831
85357,2149,1047,830
85358,2161,1047,830
85359,2159,1048,830
85360,2161,1047,831
85361,2170,1047,831
85362,2140,1047,830
85363,2148,1047,830
85364,2162,1047,830
85365,2165,1047,831
85366,2144,1047,830
85367,2200,1047,830
85368,2155,1047,831
85369,2156,1047,830
85370,2152,1047,830
85371,2159,1047,830
85372,2154,1047,830
85373,2146,1048,830
85374,2168,1047,830
85375,2144,1047,830
85376,2163,1048,830
85377,2145,1047,830
85378,2155,1047,830
85379,2160,1047,831
85380,2135,1047,830
85381,2163,1047,830
85382,2159,1047,830
85383,2168,1047,830
85384,2148,1047,830
85385,2162,1047,831
85386,2150,1047,829
85387,2157,1047,831
85388,2166,1051,832
85389,2154,1051,831
85390,2188,1049,830
85391,2164,1048,830
85392,2163,1047,831
85393,2159,1047,830
85394,2119,1047,830
85395,2163,1047,830
85396,2146,1047,830
85397,2162,1047,829
85398,2165,1047,830
85399,2151,1047,830
85400,2180,1047,830
85401,2165,1047,830
85402,2150,1047,831
85403,2144,1047,830
85404,2143,1048,831
85405,2154,1047,831
85406,2157,1048,831
85407,2152,1047,831
85408,2153,1047,830
85409,2154,1047,830
85410,2158,1047,831
85411,2161,1047,830
85412,2150,1047,830
85413,2157,1047,830
85414,2154,1047,830
85415,2161,1047,830
85416,2160,1047,830
85417,2150,1047,830
85418,2161,1047,830
85419,2149,1048,830
85420,2154,1047,830
85421,2146,1048,830
85422,2156,1047,831
85423,2166,1047,830
85424,2151,1047,831
85425,2163,1047,830
85426,2182,1047,830
85427,2155,1047,830
85428,2144,1047,830
85429,2144,1047,831
85430,2153,1047,831
85431,2156,1047,830
85432,2174,1047,830
85433,2158,1047,830
85434,2159,1047,830
85435,2166,1048,830
85436,2160,1047,830
85437,2157,1047,830
85438,2154,1047,830
85439,2162,1047,831
85440,2155,1047,830
85441,2153,1047,830
85442,2151,1046,830
85443,2157,1047,830
85444,2148,1047,831
85445,2153,1047,831
85446,2111,1047,830
85447,2142,1047,830
85448,2164,1047,830
85449,2151,1047,831
85450,2159,1047,830
85451,2163,1047,830
85452,2143,1047,829
85453,2161,1047,831
85454,2143,1047,830
85455,2163,1047,831
85456,2163,1047,830
85457,2228,1047,830
85458,2155,1046,830
85459,2157,1047,830
85460,2159,1047,830
85461,2155,1047,830
85462,2141,1048,830
85463,2130,1047,830
85464,2162,1047,831
85465,2153,1047,831
85466,2159,1047,830
85467,2148,1047,831
85468,2158,1047,830
85469,2157,1047,830
85470,2159,1047,830
85471,2154,1047,830
85472,2140,1047,830
85473,2154,1047,830
85474,2157,1047,830
85475,2148,1047,830
85476,2177,1047,830
85477,2168,1047,830
85478,2151,1047,830
85479,2158,1047,830
85480,2135,1047,830
85481,2167,1047,830
85482,2161,1047,831
85483,2163,1047,830
85484,2145,1046,830
85485,2143,1047,830
85486,2152,1047,830
85487,2160,1047,829
85488,2136,1048,831
85489,2167,1047,831
85490,2156,1048,831
85491,2156,1047,830
85492,2154,1047,830
85493,2220,1047,830
85494,2163,1047,830
85495,2154,1047,831
85496,2161,1047,830
85497,2161,1047,830
85498,2152,1047,830
85499,2165,1048,830
85500,2146,1047,830
85501,2151,1046,830
85502,2138,1046,830
85503,2162,1047,830
85504,2158,1047,830
85505,2150,1047,831
85506,2154,1047,831
85507,2156,1048,831
85508,2150,1047,830
85509,2143,1048,831
85510,2156,1048,831
85511,2151,1047,830
85512,2160,1046,831
85513,2157,1047,830
85514,2154,1047,830
85515,2157,1046,831
85516,2155,1047,831
85517,2162,1047,830
85518,2141,1047,830
85519,2142,1048,830
85520,2161,1048,831
85521,2138,1047,830
85522,2155,1047,830
85523,2159,1047,830
85524,2153,1047,830
85525,2158,1047,830
85526,2155,1047,830
85527,2182,1047,831
85528,2156,1047,831
85529,2150,1047,831
85530,2181,1047,831
85531,2156,1047,830
85532,2157,1047,830
85533,2147,1047,831
85534,2144,1046,829
85535,2159,1047,830
85536,2165,1047,830
85537,2155,1048,831
85538,2156,1047,830
85539,2151,1047,830
85540,2155,1047,830
85541,2152,1047,830
85542,2156,1047,830
85543,2159,1047,830
85544,2150,1047,830
85545,2168,1047,830
85546,2161,1048,830
85547,2157,1048,831
85548,2151,1047,830
85549,2158,1047,831
85550,2175,1047,830
85551,2157,1047,830
85552,2147,1047,830
85553,2149,1047,830
85554,2159,1047,830
85555,2226,1047,830
85556,2155,1048,830
85557,2150,1047,830
85558,2157,1047,831
85559,2153,1047,830
85560,2153,1048,831
85561,2139,1047,830
85562,2162,1047,830
85563,2150,1047,831
85564,2156,1047,829
85565,2153,1047,831
85566,2148,1047,830
85567,2161,1047,830
85568,2167,1047,830
85569,2159,1047,830
85570,2152,1047,830
85571,2159,1047,830
85572,2150,1047,830
85573,2150,1047,831
85574,2146,1047,830
85575,2159,1047,830
85576,2164,1047,831
85577,2180,1046,830
85578,2161,1047,830
85579,2147,1047,830
85580,2143,1047,830
85581,2162,1047,830
85582,2154,1047,830
85583,2160,1047,830
85584,2168,1047,831
85585,2169,1047,831
85586,2162,1047,831
85587,2154,1047,831
85588,2156,1047,830
85589,2148,1047,831
85590,2143,1047,830
85591,2127,1047,830
85592,2138,1047,831
85593,2155,1047,829
85594,2158,1047,829
85595,2155,1047,830
85596,2155,1047,831
85597,2140,1047,830
85598,2150,1047,831
85599,2151,1047,830
85600,2158,1047,830
85601,2148,1047,830
85602,2119,1047,829
85603,2159,1047,830
85604,2185,1047,829
85605,2156,1047,830
85606,2152,1047,830
85607,2157,1047,831
85608,2173,1047,830
85609,2152,1048,830
85610,2136,1047,831
85611,2154,1047,830
85612,2136,1047,831
85613,2150,1047,830
85614,2156,1047,830
85615,2175,1047,830
85616,2162,1047,830
85617,2152,1047,830
85618,2158,1047,830
85619,2156,1047,830
85620,2146,1047,830
85621,2154,1047,829
85622,2177,1047,830
85623,2141,1047,830
85624,2150,1047,829
85625,2152,1047,831
85626,2163,1047,830
85627,2148,1047,831
85628,2140,1047,830
85629,2162,1047,830
85630,2144,1047,830
85631,2160,1047,831
85632,2167,1047,830
85633,2143,1048,831
85634,2151,1047,830
85635,2164,1047,830
85636,2153,1047,830
85637,2131,1047,830
85638,2143,1047,830
85639,2156,1047,830
85640,2156,1047,830
85641,2143,1047,830
85642,2148,1047,831
85643,2179,1047,830
85644,2153,1047,830
85645,2156,1047,830
85646,2155,1047,830
85647,2164,1047,830
85648,2140,1047,831
85649,2151,1047,830
85650,2165,1048,831
85651,2146,1047,831
85652,2153,1047,830
85653,2149,1047,830
85654,2157,1047,830
85655,2156,1047,831
85656,2156,1047,831
85657,2157,1047,830
85658,2145,1047,830
85659,2153,1047,829
85660,2151,1047,831
85661,2165,1047,830
85662,2154,1047,830
85663,2148,1048,831
85664,2153,1047,831
85665,2153,1047,830
85666,2175,1047,830
85667,2159,1047,830
85668,2139,1047,830
85669,2174,1047,830
85670,2143,1047,831
85671,2156,1047,830
85672,2155,1047,830
85673,2137,1047,830
85674,2159,1048,831
85675,2160,1047,830
85676,2167,1047,831
85677,2137,1047,831
85678,2144,1047,831
85679,2145,1047,830
85680,2168,1047,830
85681,2169,1047,830
85682,2167,1047,830
85683,2158,1047,830
85684,2145,1047,831
85685,2168,1048,830
85686,2164,1047,830
85687,2138,1048,831
85688,2162,1047,830
85689,2160,1048,831
85690,2154,1047,830
85691,2173,1047,830
85692,2167,1047,830
85693,2153,1047,830
85694,2169,1047,830
85695,2173,1047,830
85696,2152,1047,830
85697,2154,1047,830
85698,2156,1047,830
85699,2152,1047,830
85700,2156,1047,830
85701,2161,1047,830
85702,2197,1047,831
85703,2120,1047,830
85704,2161,1047,831
85705,2162,1047,831
85706,2143,1047,829
85707,2153,1047,830
85708,2159,1047,831
85709,2155,1047,831
85710,2165,1048,831
85711,2144,1047,831
85712,2176,1047,831
85713,2156,1047,830
85714,2163,1047,831
85715,2159,1047,830
85716,2158,1047,830
85717,2151,1047,830
85718,2152,1047,831
85719,2154,1047,829
85720,2166,1047,830
85721,2178,1047,830
85722,2159,1047,829
85723,2152,1047,830
85724,2163,1047,831
85725,2162,1047,830
85726,2160,1048,831
85727,2151,1047,830
85728,2154,1048,830
85729,2162,1048,830
85730,2149,1048,831
85731,2131,1047,831
85732,2162,1047,831
85733,2167,1047,831
85734,2154,1047,831
85735,2166,1047,831
85736,2154,1046,831
85737,2158,1047,829
85738,2197,1047,830
85739,2160,1047,831
85740,2141,1047,831
85741,2162,1047,830
85742,2155,1047,830
85743,2151,1048,831
85744,2160,1047,830
85745,2161,1048,830
85746,2148,1047,831
85747,2159,1047,831
85748,2173,1048,831
85749,2118,1047,830
85750,2151,1048,831
85751,2148,1047,830
85752,2161,1047,830
85753,2146,1047,830
85754,2190,1047,831
85755,2155,1047,831
85756,2182,1047,830
85757,2169,1047,830
85758,2165,1047,831
85759,2146,1046,830
85760,2166,1047,830
85761,2159,1047,831
85762,2167,1047,830
85763,2153,1048,831
85764,2157,1047,830
85765,2137,1048,830
85766,2156,1047,830
85767,2151,1047,831
85768,2150,1047,831
85769,2152,1048,830
85770,2152,1048,831
85771,2155,1047,831
85772,2153,1047,830
85773,2162,1047,831
85774,2153,1047,830
85775,2158,1048,830
85776,2154,1047,831
85777,2156,1047,830
85778,2163,1047,830
85779,2163,1050,832
85780,2160,1050,829
85781,2155,1048,830
85782,2163,1047,830
85783,2163,1047,830
85784,2162,1047,830
85785,2158,1047,830
85786,2163,1047,830
85787,2171,1051,830
85788,2170,1048,830
85789,2151,1048,830
85790,2168,1047,830
85791,2182,1047,830
85792,2162,1048,831
85793,2192,1047,830
85794,2168,1047,831
85795,2167,1047,830
85796,2155,1047,830
85797,2163,1047,830
85798,2180,1047,831
85799,2158,1047,830
85800,2142,1047,830
85801,2152,1047,830
85802,2156,1048,831
85803,2161,1047,830
85804,2148,1047,830
85805,2156,1047,831
85806,2058,1047,830
85807,2177,1047,830
85808,2134,1047,831
85809,2174,1047,831
85810,2144,1048,831
85811,2162,1048,831
85812,2159,1048,830
85813,2160,1047,831
85814,2157,1047,830
85815,2150,1048,831
85816,2184,1047,830
85817,2157,1048,830
85818,2158,1047,830
85819,2177,1047,830
85820,2156,1047,830
85821,2159,1047,830
85822,2153,1047,830
85823,2157,1047,830
85824,2174,1048,830
85825,2162,1048,830
85826,2177,1051,831
85827,2187,1050,831
85828,2165,1048,831
85829,2163,1049,830
85830,2158,1048,831
85831,2155,1047,830
85832,2157,1048,831
85833,2155,1048,830
85834,2150,1048,830
85835,2161,1047,830
85836,2161,1047,830
85837,2163,1047,831
85838,2159,1047,830
85839,2148,1047,830
85840,2162,1047,831
85841,2148,1048,830
85842,2156,1047,830
85843,2174,1048,830
85844,2131,1047,831
85845,2165,1048,830
85846,2157,1047,831
85847,2156,1047,830
85848,2151,1048,831
85849,2157,1048,830
85850,2195,1047,830
85851,2161,1047,831
85852,2157,1048,831
85853,2159,1047,830
85854,2158,1047,831
85855,2153,1047,831
85856,2152,1047,830
85857,2138,1047,831
85858,2153,1047,830
85859,2151,1047,830
85860,2157,1047,830
85861,2156,1047,830
85862,2160,1047,830
85863,2184,1047,831
85864,2150,1047,830
85865,2160,1047,831
85866,2152,1047,831
85867,2150,1047,831
85868,2159,1047,831
85869,2159,1048,831
85870,2112,1048,831
85871,2158,1048,831
85872,2151,1047,831
85873,2156,1047,831
85874,2150,1047,831
85875,2144,1047,831
85876,2162,1047,830
85877,2160,1047,831
85878,2138,1047,830
85879,2172,1047,831
85880,2167,1047,831
85881,2152,1047,831
85882,2158,1047,831
85883,2168,1047,830
85884,2127,1047,830
85885,2131,1047,831
85886,2160,1047,830
85887,2141,1047,831
85888,2151,1047,831
85889,2143,1047,831
85890,2159,1048,831
85891,2158,1048,831
85892,2165,1048,830
85893,2157,1048,830
85894,2153,1047,831
85895,2142,1047,830
85896,2155,1047,831
85897,2147,1047,831
85898,2152,1047,831
85899,2155,1047,831
85900,2127,1047,830
85901,2158,1047,830
85902,2149,1047,830
85903,2133,1047,830
85904,2153,1047,830
85905,2158,1047,830
85906,2159,1047,830
85907,2144,1047,830
85908,2078,1047,831
85909,2145,1047,831
85910,2151,1048,831
85911,2170,1047,830
85912,2155,1048,831
85913,2152,1047,830
85914,2154,1047,835
85915,2148,1052,833
85916,2129,1055,831
85917,2177,1050,831
85918,2169,1048,831
85919,2160,1047,830
85920,2166,1047,831
85921,2156,1047,830
85922,2155,1047,830
85923,2151,1047,830
85924,2153,1047,830
85925,2146,1046,829
85926,2157,1047,830
85927,2163,1047,830
85928,2152,1047,830
85929,2155,1047,831
85930,2157,1047,830
85931,2156,1047,830
85932,2170,1047,830
85933,2154,1047,830
85934,2154,1047,831
85935,2152,1047,830
85936,2157,1046,831
85937,2163,1047,829
85938,2158,1046,830
85939,2156,1047,830
85940,2156,1047,830
85941,2156,1047,829
85942,2153,1047,830
85943,2154,1047,831
85944,2161,1047,830
85945,2157,1047,830
85946,2155,1047,830
85947,2150,1047,830
85948,2135,1047,830
85949,2153,1047,830
85950,2158,1048,831
85951,2167,1047,832
85952,2158,1049,830
85953,2147,1048,830
85954,2154,1047,830
85955,2152,1048,830
85956,2164,1047,831
85957,2155,1048,831
85958,2158,1047,831
85959,2139,1047,830
85960,2161,1047,831
85961,2148,1047,830
85962,2156,1047,830
85963,2156,1047,831
85964,2136,1047,830
85965,2148,1047,830
85966,2144,1047,830
85967,2155,1048,831
85968,2140,1047,831
85969,2143,1048,830
85970,2156,1047,831
85971,2151,1047,830
85972,2145,1047,830
85973,2154,1047,831
85974,2142,1047,830
85975,2131,1047,831
85976,2173,1047,830
85977,2147,1047,830
85978,2163,1046,830
85979,2151,1047,830
85980,2164,1047,830
85981,2164,1047,830
85982,2159,1048,830
85983,2181,1047,830
85984,2149,1048,830
85985,2165,1047,830
85986,2155,1048,831
85987,2147,1047,831
85988,2135,1047,830
85989,2158,1047,831
85990,2161,1047,830
85991,2161,1047,831
85992,2160,1047,831
85993,2146,1047,830
85994,2173,1046,830
85995,2161,1047,830
85996,2152,1047,831
85997,2153,1047,830
85998,2163,1052,831
85999,2156,1049,830
86000,2148,1048,830
86001,2167,1047,830
86002,2159,1047,830
86003,2145,1047,831
86004,2158,1047,830
86005,2153,1047,830
86006,2156,1047,830
86007,2161,1047,831
86008,2153,1047,830
86009,2136,1047,830
86010,2155,1047,830
86011,2167,1047,831
86012,2148,1047,830
86013,2155,1048,831
86014,2160,1047,831
86015,2137,1048,830
86016,2172,1047,830
86017,2157,1047,830
86018,2136,1047,830
86019,2157,1046,829
86020,2155,1046,830
86021,2156,1047,830
86022,2152,1047,830
86023,2160,1047,831
86024,2144,1047,830
86025,2140,1047,830
86026,2146,1048,830
86027,2161,1047,830
86028,2133,1047,830
86029,2159,1048,830
86030,2157,1047,830
86031,2155,1047,831
86032,2159,1048,831
86033,2153,1047,829
86034,2141,1047,830
86035,2147,1047,831
86036,2143,1047,830
86037,2142,1047,830
86038,2149,1047,830
86039,2128,1047,830
86040,2147,1047,830
86041,2153,1047,830
86042,2157,1047,830
86043,2145,1047,830
86044,2155,1048,830
86045,2157,1047,831
86046,2180,1048,830
86047,2153,1047,830
86048,2153,1047,830
86049,2153,1047,831
86050,2140,1047,830
86051,2150,1047,830
86052,2054,1047,830
86053,2181,1047,830
86054,2154,1047,830
86055,2156,1047,830
86056,2150,1047,831
86057,2149,1046,830
86058,2150,1047,830
86059,2152,1047,830
86060,2156,1047,830
86061,2150,1047,830
86062,2154,1047,830
86063,2180,1047,830
86064,2144,1047,830
86065,2168,1047,830
86066,2146,1047,830
86067,2146,1047,830
86068,2158,1048,830
86069,2178,1048,831
86070,2158,1047,831
86071,2151,1048,830
86072,2101,1048,831
86073,2124,1047,831
86074,2150,1047,830
86075,2165,1047,830
86076,2145,1047,830
86077,2160,1047,830
86078,2147,1047,830
86079,2153,1047,830
86080,2131,1047,830
86081,2154,1048,830
86082,2151,1047,830
86083,2171,1048,831
86084,2176,1047,831
86085,2150,1047,830
86086,2153,1047,830
86087,2149,1047,830
86088,2162,1047,830
86089,2151,1047,830
86090,2140,1047,830
86091,2118,1047,831
86092,2151,1047,831
86093,2160,1049,830
86094,2165,1048,831
86095,2149,1048,830
86096,2150,1047,831
86097,2157,1047,829
86098,2151,1047,831
86099,2154,1047,830
86100,2142,1047,830
86101,2125,1046,830
86102,2157,1047,829
86103,2161,1047,830
86104,2154,1047,830
86105,2160,1047,830
86106,2161,1047,831
86107,2144,1048,831
86108,2166,1051,833
86109,2147,1055,832
86110,2145,1056,831
86111,2145,1049,831
86112,2153,1048,831
86113,2144,1047,830
86114,2146,1047,830
86115,2160,1047,831
86116,2162,1047,830
86117,2156,1047,830
86118,2195,1047,830
86119,2176,1047,830
86120,2134,1047,830
86121,2170,1047,830
86122,2161,1047,831
86123,2150,1047,830
86124,2149,1047,831
86125,2160,1047,831
86126,2164,1047,831
86127,2156,1047,830
86128,2163,1047,831
86129,2146,1047,830
86130,2132,1047,830
86131,2149,1047,830
86132,2163,1047,831
86133,2166,1047,830
86134,2164,1047,830
86135,2159,1048,831
86136,2132,1047,830
86137,2156,1047,830
86138,2143,1047,831
86139,2185,1047,831
86140,2153,1047,830
86141,2160,1046,830
86142,2137,1047,829
86143,2153,1047,830
86144,2144,1047,829
86145,2156,1047,830
86146,2154,1047,831
86147,2144,1047,831
86148,2173,1047,831
86149,2162,1047,830
86150,2151,1047,830
86151,2142,1048,831
86152,2155,1048,830
86153,2141,1047,830
86154,2154,1048,830
86155,2152,1047,830
86156,2156,1047,830
86157,2145,1047,830
86158,2155,1047,830
86159,2154,1047,831
86160,2163,1047,830
86161,2152,1047,830
86162,2161,1047,831
86163,2157,1047,830
86164,2185,1047,830
86165,2151,1047,830
86166,2169,1047,830
86167,2146,1047,831
86168,2154,1047,831
86169,2149,1047,830
86170,2154,1047,832
86171,2158,1050,830
86172,2154,1048,831
86173,2164,1047,830
86174,2139,1047,831
86175,2172,1047,830
86176,2159,1047,830
86177,2144,1047,831
86178,2145,1047,830
86179,2161,1047,831
86180,2158,1047,830
86181,2159,1047,831
86182,2131,1046,829
86183,2152,1047,831
86184,2137,1047,830
86185,2164,1046,830
86186,2161,1047,831
86187,2156,1047,831
86188,2156,1047,831
86189,2148,1047,829
86190,2163,1047,831
86191,2144,1047,830
86192,2151,1047,831
86193,2129,1047,830
86194,2155,1047,830
86195,2129,1047,830
86196,2126,1047,829
86197,2119,1047,830
86198,2128,1046,829
86199,2123,1047,830
86200,2110,1046,829
86201,2088,1047,828
86202,2017,1047,824
86203,1991,1046,821
86204,2000,1045,819
86205,1976,1045,818
86206,1978,1045,818
86207,1973,1045,817
86208,1955,1045,816
86209,1834,1037,805
86210,1751,1027,799
86211,1706,1021,799
86212,1714,1016,804
86213,1676,1020,809
86214,1673,1022,810
86215,1657,1023,811
86216,1654,1023,812
86217,1658,1023,813
86218,1650,1023,812
86219,1651,1023,812
86220,1660,1023,812
86221,1643,1023,812
86222,1654,1023,812
86223,1655,1024,813
86224,1636,1023,811
86225,1583,1023,807
86226,1553,1022,798
86227,1542,1016,795
86228,1475,1012,792
86229,1548,1011,792
86230,1497,1009,791
86231,1520,1009,790
86232,1494,1010,790
86233,1440,1009,788
86234,1401,1008,789
86235,1389,1009,782
86236,1369,997,780
86237,1348,991,778
86238,1348,988,778
86239,1359,987,777
86240,1334,987,777
86241,1254,986,768
86242,1187,993,761
86243,1145,1003,756
86244,1135,1006,754
86245,1122,1006,753
86246,1110,1007,751
86247,1116,992,750
86248,1108,988,749
86249,1096,986,746
86250,1080,986,745
86251,1078,986,744
86252,1062,985,744
86253,1075,985,743
86254,1071,984,742
86255,1071,985,742
86256,1081,985,742
86257,1006,985,742
86258,994,984,741
86259,987,984,741
86260,956,984,740
86261,958,984,740
86262,948,984,740
86263,889,984,740
86264,933,984,738
86265,944,984,734
86266,946,978,733
86267,937,976,726
86268,938,973,723
86269,892,972,722
86270,869,971,721
86271,850,971,719
86272,862,959,719
86273,833,953,719
86274,831,951,718
86275,829,950,717
86276,826,949,718
86277,785,949,711
86278,762,949,710
86279,744,948,708
86280,734,948,708
86281,737,948,706
86282,717,948,707
86283,723,947,707
86284,708,947,706
86285,670,947,705
86286,640,944,702
86287,634,940,703
86288,649,938,697
86289,607,937,690
86290,628,936,689
86291,601,935,687
86292,585,924,686
86293,565,917,684
86294,535,915,683
86295,523,915,682
86296,514,914,682
86297,507,914,682
86298,502,914,682
86299,509,914,681
86300,482,914,681
86301,478,914,692
86302,452,930,697
86303,411,934,699
86304,401,937,700
86305,394,937,700
86306,394,937,701
86307,373,937,701
86308,370,937,700
86309,286,937,689
86310,239,928,683
86311,186,919,681
86312,163,915,674
86313,143,913,670
86314,124,906,667
86315,129,903,667
86316,132,902,666
86317,140,901,669
86318,132,902,667
86319,164,902,670
86320,159,901,671
86321,155,902,670
86322,157,903,670
86323,169,905,669
86324,157,903,668
86325,116,902,669
86326,97,902,667
86327,93,901,666
86328,48,901,665
86329,64,901,665
86330,70,901,665
86331,60,901,664
86332,237,902,677
86333,1675,926,744
86334,2604,969,818
86335,3157,1024,863
86336,3559,1078,914
86337,3822,1105,944
86338,3969,1138,971
86339,4056,1167,985
86340,4095,1185,997
86341,4095,1199,1003
86342,4093,1204,1003
86343,4095,1205,1006
86344,4095,1206,1006
86345,4095,1207,1008
86346,4095,1221,1006
86347,4095,1214,1007
86348,4095,1209,1006
86349,4087,1208,1005
86350,4071,1207,1002
86351,4089,1206,1002
86352,4079,1205,1000
86353,4095,1206,1001
86354,4073,1205,1000
86355,4071,1205,999
86356,4069,1205,999
86357,4041,1205,998
86358,4077,1204,998
86359,4025,1205,997
86360,4017,1205,997
86361,4004,1205,997
86362,3999,1205,996
86363,3986,1203,996
86364,3997,1205,997
86365,3970,1204,997
86366,3961,1205,996
86367,3955,1205,997
86368,3966,1205,996
86369,3951,1205,997
86370,3941,1205,996
86371,3930,1205,997
86372,3934,1205,995
86373,3929,1205,996
86374,3932,1204,996
86375,3935,1205,995
86376,3941,1205,992
86377,3900,1199,992
86378,3928,1201,993
86379,3921,1203,994
86380,3922,1204,995
86381,3879,1201,984
86382,3872,1195,979
86383,3844,1193,977
86384,3857,1192,976
86385,3838,1184,975
86386,3821,1176,975
86387,3832,1172,975
86388,3829,1172,974
86389,3817,1179,977
86390,3810,1180,973
86391,3807,1174,974
86392,3790,1171,974
86393,3788,1171,974
86394,3783,1171,974
86395,3783,1171,974
86396,3784,1171,974
86397,3782,1171,974
86398,3766,1170,973
86399,3771,1170,972
86400,3783,1170,972
86401,3780,1170,973
86402,3755,1170,970
86403,3763,1170,972
86404,3749,1170,972
86405,3750,1171,973
86406,3742,1170,968
86407,3727,1169,965
86408,3696,1169,967
86409,3613,1170,966
86410,3705,1169,964
86411,3745,1169,967
86412,3719,1170,965
86413,3717,1169,966
86414,3705,1169,965
86415,3696,1168,964
86416,3704,1169,964
86417,3695,1168,963
86418,3694,1168,963
86419,3701,1169,964
86420,3679,1169,963
86421,3686,1169,964
86422,3684,1169,964
86423,3672,1169,962
86424,3671,1169,962
86425,3674,1169,963
86426,3671,1169,963
86427,3668,1169,963
86428,3665,1168,963
86429,3642,1169,962
86430,3642,1168,962
86431,3634,1169,962
86432,3644,1169,963
86433,3631,1169,962
86434,3641,1169,962
86435,3634,1168,962
86436,3651,1169,963
86437,3617,1168,962
86438,3606,1169,961
86439,3605,1168,961
86440,3592,1167,955
86441,3592,1163,959
86442,3586,1159,960
86443,3593,1164,960
86444,3564,1166,961
86445,3561,1168,956
86446,3546,1162,949
86447,3531,1158,945
86448,3529,1157,943
86449,3525,1141,941
86450,3514,1137,941
86451,3531,1136,942
86452,3525,1135,941
86453,3510,1135,941
86454,3487,1135,940
86455,3483,1135,940
86456,3477,1134,940
86457,3472,1134,938
86458,3473,1134,939
86459,3470,1135,939
86460,3459,1135,939
86461,3446,1134,939
86462,3456,1135,939
86463,3435,1134,939
86464,3432,1134,939
86465,3425,1135,939
86466,3425,1134,939
86467,3421,1134,939
86468,3421,1135,939
86469,3394,1134,938
86470,3392,1135,936
86471,3377,1134,935
86472,3368,1134,931
86473,3367,1133,930
86474,3373,1133,928
86475,3366,1133,928
86476,3368,1133,928
86477,3347,1132,928
86478,3328,1127,926
86479,3327,1123,927
86480,3319,1123,927
86481,3312,1124,927
86482,3315,1123,927
86483,3317,1126,928
86484,3290,1127,927
86485,3246,1124,927
86486,3272,1123,927
86487,3268,1122,926
86488,3255,1123,925
86489,3247,1122,926
86490,3244,1123,926
86491,3250,1122,926
86492,3245,1122,925
86493,3183,1121,915
86494,3144,1120,909
86495,3106,1106,906
86496,3090,1100,905
86497,3081,1099,903
86498,3072,1097,903
86499,3070,1098,902
86500,3073,1097,902
86501,3093,1098,902
86502,3109,1098,903
86503,3115,1098,903
86504,3125,1098,903
86505,3126,1097,904
86506,3122,1098,903
86507,3115,1098,904
86508,3125,1098,904
86509,3107,1098,904
86510,3086,1097,904
86511,3088,1098,903
86512,3067,1098,902
86513,3083,1097,903
86514,3072,1098,903
86515,3073,1098,902
86516,3068,1098,903
86517,3044,1097,902
86518,3032,1098,902
86519,3024,1097,905
86520,3018,1099,911
86521,3018,1106,918
86522,3025,1116,917
86523,3018,1119,921
86524,3007,1121,921
86525,2995,1121,923
86526,2971,1121,923
86527,2954,1121,922
86528,2961,1121,922
86529,2961,1122,922
86530,2963,1121,923
86531,2942,1122,921
86532,2999,1121,922
86533,2933,1121,922
86534,2918,1121,922
86535,2915,1121,920
86536,2898,1122,922
86537,2901,1121,921
86538,2920,1121,921
86539,2899,1121,921
86540,2893,1121,920
86541,2837,1121,913
86542,2866,1120,913
86543,2853,1110,907
86544,2842,1102,904
86545,2844,1100,903
86546,2844,1098,901
86547,2846,1098,901
86548,2818,1097,901
86549,2827,1097,900
86550,2809,1097,900
86551,2812,1097,900
86552,2797,1097,900
86553,2795,1097,901
86554,2789,1097,900
86555,2768,1097,900
86556,2807,1097,900
86557,2753,1097,899
86558,2659,1097,897
86559,2661,1104,892
86560,2619,1114,889
86561,2621,1116,888
86562,2621,1117,887
86563,2595,1117,886
86564,2603,1117,886
86565,2637,1118,886
86566,2659,1117,887
86567,2668,1118,888
86568,2670,1118,890
86569,2700,1118,891
86570,2647,1118,890
86571,2685,1118,893
86572,2696,1118,893
86573,2666,1117,891
86574,2658,1117,889
86575,2657,1118,888
86576,2629,1117,887
86577,2650,1118,888
86578,2643,1118,887
86579,2641,1117,887
86580,2648,1118,887
86581,2632,1117,887
86582,2599,1116,886
86583,2605,1116,886
86584,2633,1117,886
86585,2601,1117,886
86586,2594,1117,886
86587,2593,1117,886
86588,2594,1117,886
86589,2543,1118,886
86590,2501,1117,875
86591,2479,1102,869
86592,2462,1097,867
86593,2438,1094,864
86594,2403,1093,865
86595,2437,1092,863
86596,2432,1087,862
86597,2512,1084,864
86598,2459,1087,864
86599,2502,1091,864
86600,2492,1092,864
86601,2510,1093,865
86602,2486,1093,865
86603,2498,1093,864
86604,2499,1093,865
86605,2503,1093,865
86606,2479,1093,865
86607,2472,1093,864
86608,2478,1093,866
86609,2467,1093,864
86610,2464,1093,864
86611,2436,1090,864
86612,2466,1092,864
86613,2450,1092,864
86614,2450,1093,864
86615,2436,1091,863
86616,2430,1085,863
86617,2412,1083,863
86618,2452,1082,863
86619,2442,1082,863
86620,2446,1082,863
86621,2378,1083,862
86622,2351,1082,858
86623,2331,1081,855
86624,2316,1082,854
86625,2311,1081,853
86626,2314,1081,853
86627,2321,1081,853
86628,2307,1081,852
86629,2313,1080,852
86630,2322,1081,853
86631,2349,1081,852
86632,2357,1081,855
86633,2348,1080,854
86634,2356,1081,854
86635,2362,1081,856
86636,2344,1081,855
86637,2353,1081,854
86638,2331,1081,853
86639,2340,1081,853
86640,2335,1081,853
86641,2321,1080,852
86642,2325,1080,853
86643,2332,1080,852
86644,2320,1080,852
86645,2319,1081,852
86646,2306,1081,853
86647,2316,1081,853
86648,2312,1081,852
86649,2281,1081,853
86650,2294,1081,853
86651,2307,1080,853
86652,2306,1081,852
86653,2286,1081,853
86654,2276,1081,852
86655,2285,1081,853
86656,2278,1080,851
86657,2279,1080,851
86658,2278,1080,852
86659,2269,1080,851
86660,2271,1080,852
86661,2333,1080,851
86662,2255,1080,851
86663,2254,1080,851
86664,2241,1081,851
86665,2258,1080,851
86666,2244,1080,851
86667,2244,1080,851
86668,2282,1081,851
86669,2226,1080,851
86670,2239,1081,851
86671,2221,1081,851
86672,2228,1080,851
86673,2225,1080,851
86674,2232,1081,850
86675,2226,1081,851
86676,2214,1080,850
86677,2219,1080,851
86678,2219,1080,847
86679,2202,1065,841
86680,2242,1061,842
86681,2186,1058,836
86682,2210,1058,840
86683,2193,1057,835
86684,2210,1057,843
86685,2160,1057,837
86686,2195,1057,833
86687,2182,1057,833
86688,2185,1057,830
86689,2187,1051,831
86690,2184,1049,830
86691,2195,1048,831
86692,2173,1047,830
86693,2172,1048,831
86694,2199,1047,830
86695,2190,1048,831
86696,2174,1047,831
86697,2190,1047,830
86698,2176,1047,831
86699,2183,1047,830
86700,2172,1047,830
86701,2169,1047,830
86702,2164,1047,831
86703,2182,1047,830
86704,2155,1047,830
86705,2145,1048,830
86706,2154,1047,830
86707,2148,1047,829
86708,2145,1047,830
86709,2123,1047,830
86710,2122,1047,830
86711,2151,1047,830
86712,2132,1047,830
86713,2137,1047,830
86714,2150,1047,830
86715,2131,1047,830
86716,2130,1047,829
86717,2134,1047,829
86718,2045,1047,828
86719,2057,1047,825
86720,2054,1046,823
86721,2047,1046,826
86722,2041,1045,827
86723,2034,1046,827
86724,2019,1046,828
86725,2049,1046,822
86726,2069,1046,825
86727,2090,1046,827
86728,2089,1047,827
86729,2088,1047,828
86730,2093,1047,829
86731,2094,1047,829
86732,2096,1047,829
86733,2092,1047,828
86734,2075,1047,829
86735,2076,1047,828
86736,2082,1046,829
86737,2081,1047,828
86738,2069,1047,828
86739,2089,1047,828
86740,2053,1047,828
86741,2073,1046,825
86742,2028,1046,826
86743,2067,1046,827
86744,2097,1046,823
86745,2058,1046,822
86746,2066,1046,825
86747,2054,1046,825
86748,2058,1046,824
86749,2020,1046,822
86750,2001,1045,819
86751,1983,1046,818
86752,1973,1045,818
86753,1960,1045,817
86754,1955,1044,816
86755,1972,1044,816
86756,1950,1045,816
86757,1982,1044,817
86758,2011,1044,817
86759,1987,1045,818
86760,2005,1045,818
86761,2010,1045,818
86762,2029,1045,818
86763,2022,1045,820
86764,2024,1045,824
86765,2021,1045,822
86766,2014,1045,823
86767,2009,1045,821
86768,2026,1045,821
86769,1977,1045,819
86770,2008,1046,819
86771,2018,1045,819
86772,1996,1045,818
86773,2009,1045,818
86774,2011,1045,818
86775,2018,1044,817
86776,2022,1044,817
86777,1994,1045,817
86778,1987,1045,817
86779,1995,1044,817
86780,1993,1045,818
86781,1971,1045,817
86782,1978,1045,816
86783,1996,1045,817
86784,1997,1045,817
86785,1979,1045,817
86786,1992,1045,817
86787,1963,1045,817
86788,1984,1044,817
86789,1984,1045,816
86790,1985,1045,817
86791,1971,1044,817
86792,1966,1044,817
86793,1973,1045,817
86794,1994,1045,817
86795,1972,1046,817
86796,1987,1045,817
86797,1960,1045,816
86798,1922,1045,817
86799,1976,1044,816
86800,1974,1044,816
86801,1948,1037,816
86802,1980,1042,816
86803,1971,1043,817
86804,1977,1044,817
86805,1979,1044,817
86806,1975,1045,817
86807,1976,1045,817
86808,1933,1045,817
86809,1977,1044,817
86810,2003,1044,817
86811,2010,1044,818
86812,2015,1045,818
86813,2010,1045,817
86814,2001,1045,819
86815,2006,1045,818
86816,2022,1045,818
86817,2180,1046,825
86818,2324,1047,840
86819,2436,1055,851
86820,2499,1073,858
86821,2497,1079,869
86822,2558,1089,878
86823,2579,1094,882
86824,2592,1110,883
86825,2483,1107,873
86826,2351,1098,863
86827,2300,1089,858
86828,2267,1084,854
86829,2228,1082,848
86830,2195,1073,839
86831,2219,1062,835
86832,2197,1058,832
86833,2260,1057,842
86834,2221,1058,846
86835,2246,1059,849
86836,2258,1074,851
86837,2262,1079,852
86838,2260,1080,852
86839,2263,1080,851
86840,2282,1080,852
86841,2320,1080,852
86842,2359,1080,854
86843,2386,1081,859
86844,2398,1081,860
86845,2400,1082,862
86846,2417,1082,863
86847,2422,1083,863
86848,2419,1082,863
86849,2488,1086,864
86850,2493,1092,864
86851,2537,1093,872
86852,2566,1094,879
86853,2607,1102,882
86854,2543,1112,884
86855,2574,1115,885
86856,2580,1117,885
86857,2612,1117,886
86858,2665,1117,887
86859,2668,1118,890
86860,2687,1117,894
86861,2709,1119,892
86862,2721,1119,895
86863,2733,1112,897
86864,2763,1101,898
86865,2757,1098,899
86866,2810,1097,900
86867,2821,1097,900
86868,2848,1097,900
86869,2860,1098,900
86870,2856,1097,901
86871,2900,1098,904
86872,2869,1098,909
86873,2896,1099,916
86874,2975,1115,920
86875,2956,1119,920
86876,2975,1121,921
86877,2980,1121,922
86878,2984,1122,923
86879,2980,1122,923
86880,2994,1122,923
86881,3065,1122,912
86882,3162,1114,909
86883,3226,1110,917
86884,3259,1117,922
86885,3261,1120,924
86886,3291,1121,925
86887,3325,1122,926
86888,3329,1122,927
86889,3274,1122,926
86890,3229,1123,926
86891,3212,1122,915
86892,3183,1121,917
86893,3199,1121,911
86894,3156,1109,908
86895,3164,1101,906
86896,3175,1099,906
86897,3168,1098,905
86898,3181,1098,905
86899,3172,1098,905
86900,3200,1098,906
86901,3194,1098,908
86902,3172,1099,910
86903,3185,1107,911
86904,3191,1105,911
86905,3201,1104,908
86906,3205,1100,911
86907,3205,1099,912
86908,3201,1103,908
86909,3225,1100,906
86910,3212,1100,906
86911,3212,1099,906
86912,3223,1099,908
86913,3236,1099,907
86914,3168,1099,910
86915,3202,1099,912
86916,3206,1104,913
86917,3212,1104,908
86918,3230,1100,910
86919,3207,1099,908
86920,3208,1099,910
86921,3161,1099,907
86922,3114,1098,904
86923,3087,1098,903
86924,3066,1098,903
86925,3061,1097,903
86926,3059,1097,902
86927,3025,1097,903
86928,3041,1098,902
86929,3068,1098,903
86930,3091,1098,903
86931,3096,1099,903
86932,3123,1099,904
86933,3125,1098,904
86934,3130,1099,904
86935,3119,1098,903
86936,3145,1098,904
86937,3129,1098,904
86938,3115,1097,903
86939,3098,1097,904
86940,3086,1098,903
86941,3074,1098,903
86942,3091,1098,903
86943,3080,1098,903
86944,3085,1098,902
86945,2970,1098,914
86946,2957,1110,917
86947,2921,1117,920
86948,2908,1120,921
86949,2851,1121,920
86950,2871,1121,921
86951,2863,1121,910
86952,2856,1109,910
86953,2857,1103,909
86954,2905,1111,915
86955,2924,1117,918
86956,2931,1120,920
86957,2938,1120,921
86958,2911,1121,921
86959,2941,1121,922
86960,2969,1121,921
86961,2932,1121,922
86962,2889,1121,922
86963,2892,1121,921
86964,2880,1121,921
86965,2904,1121,922
86966,2894,1121,922
86967,2949,1121,921
86968,2893,1122,921
86969,2877,1121,917
86970,2860,1121,908
86971,2849,1106,905
86972,2827,1100,902
86973,2822,1098,900
86974,2829,1098,901
86975,2826,1098,901
86976,2826,1097,900
86977,2781,1097,900
86978,2713,1097,899
86979,2690,1097,894
86980,2656,1108,891
86981,2671,1115,889
86982,2656,1117,889
86983,2645,1117,888
86984,2670,1118,888
86985,2656,1117,888
86986,2683,1117,890
86987,2690,1117,889
86988,2695,1118,888
86989,2705,1118,892
86990,2733,1118,893
86991,2732,1118,894
86992,2655,1118,895
86993,2695,1119,892
86994,2667,1118,890
86995,2673,1118,892
86996,2665,1119,892
86997,2671,1118,890
86998,2664,1118,888
86999,2665,1118,889
87000,2673,1118,890
87001,2644,1117,888
87002,2628,1117,888
87003,2642,1118,887
87004,2625,1118,887
87005,2625,1117,886
87006,2628,1117,887
87007,2631,1117,887
87008,2651,1117,887
87009,2571,1117,885
87010,2511,1116,875
87011,2485,1102,870
87012,2460,1096,867
87013,2436,1094,865
87014,2432,1093,864
87015,2421,1093,863
87016,2432,1089,863
87017,2450,1085,863
87018,2483,1088,864
87019,2490,1088,864
87020,2507,1088,864
87021,2514,1090,869
87022,2552,1093,873
87023,2539,1094,876
87024,2514,1095,877
87025,2531,1095,877
87026,2503,1098,871
87027,2488,1095,868
87028,2499,1094,866
87029,2553,1094,865
87030,2494,1093,865
87031,2488,1093,865
87032,2497,1094,865
87033,2449,1093,865
87034,2456,1093,864
87035,2454,1092,864
87036,2444,1093,863
87037,2417,1086,863
87038,2444,1085,863
87039,2441,1085,863
87040,2438,1083,863
87041,2466,1083,862
87042,2402,1082,862
87043,2386,1082,863
87044,2402,1082,863
87045,2394,1082,863
87046,2404,1087,864
87047,2386,1087,862
87048,2415,1084,862
87049,2380,1084,863
87050,2370,1083,859
87051,2340,1082,856
87052,2347,1082,855
87053,2349,1081,853
87054,2334,1080,853
87055,2335,1080,853
87056,2340,1081,853
87057,2321,1080,853
87058,2315,1081,852
87059,2301,1081,853
87060,2275,1080,852
87061,2282,1080,851
87062,2265,1080,852
87063,2289,1080,852
87064,2296,1080,852
87065,2277,1081,851
87066,2255,1080,851
87067,2238,1081,850
87068,2238,1081,852
87069,2238,1080,851
87070,2236,1081,851
87071,2237,1080,851
87072,2246,1081,851
87073,2231,1081,851
87074,2218,1080,850
87075,2213,1080,847
87076,2206,1073,841
87077,2221,1062,841
87078,2210,1059,835
87079,2202,1058,833
87080,2189,1056,832
87081,2191,1056,831
87082,2183,1049,831
87083,2177,1048,831
87084,2176,1047,830
87085,2179,1047,830
87086,2169,1047,831
87087,2178,1047,830
87088,2171,1047,831
87089,2172,1048,830
87090,2158,1047,830
87091,2160,1048,830
87092,2151,1048,830
87093,2160,1051,831
87094,2138,1050,831
87095,2152,1047,831
87096,2153,1048,831
87097,2138,1047,830
87098,2150,1047,829
87099,2121,1047,830
87100,2137,1047,829
87101,2137,1047,830
87102,2148,1047,829
87103,2149,1047,830
87104,2148,1047,830
87105,2154,1047,830
87106,2168,1047,830
87107,2167,1051,833
87108,2185,1055,832
87109,2179,1052,831
87110,2184,1051,831
87111,2194,1050,831
87112,2208,1052,835
87113,2200,1054,833
87114,2179,1056,836
87115,2153,1055,833
87116,2160,1056,831
87117,2161,1055,831
87118,2151,1049,830
87119,2149,1048,831
87120,2139,1047,830
87121,2151,1047,830
87122,2158,1046,830
87123,2194,1047,830
87124,2154,1047,831
87125,2160,1047,831
87126,2161,1048,831
87127,2156,1047,831
87128,2164,1047,831
87129,2163,1047,831
87130,2175,1047,830
87131,2172,1048,831
87132,2182,1047,830
87133,2180,1047,831
87134,2193,1046,831
87135,2188,1047,830
87136,2186,1047,831
87137,2196,1047,831
87138,2219,1051,840
87139,2233,1055,846
87140,2254,1058,849
87141,2264,1073,850
87142,2249,1078,850
87143,2255,1080,851
87144,2264,1081,851
87145,2245,1079,850
87146,2241,1080,851
87147,2224,1080,851
87148,2226,1080,847
87149,2194,1072,849
87150,2203,1071,844
87151,2206,1063,847
87152,2218,1068,849
87153,2243,1076,850
87154,2222,1078,850
87155,2224,1079,850
87156,2237,1080,851
87157,2241,1080,850
87158,2230,1080,850
87159,2257,1081,851
87160,2244,1081,851
87161,2188,1080,850
87162,2247,1080,850
87163,2241,1080,851
87164,2243,1080,851
87165,2239,1080,851
87166,2251,1080,850
87167,2233,1081,851
87168,2242,1081,851
87169,2257,1080,851
87170,2241,1080,851
87171,2242,1081,851
87172,2265,1081,852
87173,2243,1080,852
87174,2252,1081,851
87175,2248,1080,851
87176,2240,1081,852
87177,2289,1080,851
87178,2254,1081,851
87179,2251,1080,851
87180,2255,1080,851
87181,2259,1080,851
87182,2267,1080,851
87183,2296,1081,851
87184,2254,1080,851
87185,2252,1081,851
87186,2259,1080,852
87187,2268,1080,851
87188,2255,1080,850
87189,2255,1080,852
87190,2263,1081,852
87191,2269,1081,852
87192,2231,1079,850
87193,2252,1081,851
87194,2226,1080,851
87195,2255,1081,851
87196,2260,1080,851
87197,2260,1080,851
87198,2259,1081,852
87199,2246,1080,851
87200,2251,1081,851
87201,2245,1080,851
87202,2241,1081,851
87203,2242,1080,851
87204,2242,1081,851
87205,2251,1080,850
87206,2237,1080,850
87207,2238,1080,851
87208,2252,1081,851
87209,2229,1080,851
87210,2226,1081,851
87211,2227,1080,851
87212,2204,1073,847
87213,2218,1071,850
87214,2216,1077,842
87215,2202,1063,836
87216,2216,1059,837
87217,2201,1057,833
87218,2187,1057,836
87219,2193,1057,832
87220,2185,1056,831
87221,2186,1051,831
87222,2188,1049,831
87223,2184,1048,831
87224,2142,1048,831
87225,2139,1047,831
87226,2107,1047,830
87227,2083,1047,829
87228,2070,1047,829
87229,2059,1046,826
87230,2054,1046,824
87231,2052,1045,824
87232,2067,1046,825
87233,2084,1047,825
87234,2096,1046,827
87235,2100,1047,828
87236,2118,1047,829
87237,2127,1047,829
87238,2131,1047,830
87239,2126,1046,829
87240,2130,1047,830
87241,2151,1046,829
87242,2135,1047,829
87243,2114,1047,829
87244,2114,1047,829
87245,2112,1047,829
87246,2111,1048,829
87247,2103,1047,830
87248,2115,1047,829
87249,2105,1048,829
87250,2122,1048,829
87251,2094,1047,828
87252,2084,1047,828
87253,2089,1047,828
87254,2097,1047,829
87255,2085,1046,828
87256,2086,1047,828
87257,2111,1047,827
87258,2061,1047,827
87259,2059,1046,828
87260,2089,1046,827
87261,2041,1046,826
87262,1994,1046,821
87263,1960,1046,819
87264,1942,1045,817
87265,1925,1046,817
87266,1909,1045,816
87267,1898,1045,816
87268,1908,1045,816
87269,1931,1044,815
87270,1958,1040,816
87271,1983,1043,817
87272,1959,1045,817
87273,2012,1045,817
87274,2011,1045,818
87275,2030,1045,817
87276,2016,1044,818
87277,2019,1045,818
87278,2010,1045,818
87279,2005,1045,817
87280,1996,1044,817
87281,1987,1044,817
87282,2004,1044,817
87283,1979,1045,816
87284,2002,1045,816
87285,1984,1045,817
87286,1987,1044,816
87287,1983,1045,817
87288,1961,1045,816
87289,1963,1045,817
87290,1961,1045,816
87291,1958,1045,817
87292,1961,1045,817
87293,1968,1045,816
87294,1948,1045,816
87295,1920,1044,816
87296,1932,1044,816
87297,1928,1045,815
87298,1933,1040,815
87299,1929,1030,815
87300,1952,1026,815
87301,1903,1025,815
87302,1933,1024,815
87303,1914,1025,815
87304,1902,1031,815
87305,1905,1036,816
87306,1888,1036,816
87307,1899,1041,815
87308,1890,1039,815
87309,1885,1038,815
87310,1909,1032,815
87311,1874,1026,816
87312,1883,1039,815
87313,1889,1032,815
87314,1874,1027,815
87315,1867,1026,815
87316,1873,1028,815
87317,1869,1026,812
87318,1863,1024,811
87319,1840,1023,802
87320,1871,1022,798
87321,1859,1016,797
87322,1849,1013,795
87323,1844,1011,795
87324,1842,1011,795
87325,1820,1011,794
87326,1777,1011,794
87327,1755,1011,794
87328,1737,1010,793
87329,1693,1010,799
87330,1714,1012,803
87331,1702,1019,805
87332,1710,1021,801
87333,1725,1018,797
87334,1754,1013,795
87335,1769,1012,794
87336,1784,1011,795
87337,1795,1010,794
87338,1813,1010,794
87339,1791,1010,794
87340,1802,1010,793
87341,1842,1010,794
87342,1786,1010,793
87343,1781,1010,794
87344,1787,1010,793
87345,1791,1011,795
87346,1788,1010,794
87347,1783,1011,795
87348,1774,1011,794
87349,1785,1011,794
87350,1786,1010,794
87351,1765,1011,794
87352,1766,1010,794
87353,1772,1011,794
87354,1761,1010,794
87355,1765,1010,793
87356,1800,1009,793
87357,1746,1009,794
87358,1721,1010,792
87359,1721,1009,804
87360,1694,1018,808
87361,1684,1022,811
87362,1675,1023,812
87363,1664,1023,812
87364,1653,1023,812
87365,1678,1023,813
87366,1710,1023,813
87367,1714,1023,803
87368,1737,1022,798
87369,1738,1014,795
87370,1744,1012,794
87371,1745,1011,794
87372,1736,1010,793
87373,1737,1010,794
87374,1742,1011,793
87375,1738,1010,796
87376,1714,1010,794
87377,1731,1009,793
87378,1687,1010,795
87379,1740,1010,794
87380,1730,1010,793
87381,1727,1010,793
87382,1725,1011,792
87383,1730,1010,793
87384,1721,1010,793
87385,1738,1010,797
87386,1713,1011,795
87387,1735,1010,794
87388,1726,1011,793
87389,1720,1010,793
87390,1695,1010,804
87391,1677,1019,808
87392,1669,1022,810
87393,1663,1022,812
87394,1580,1023,812
87395,1582,1023,812
87396,1678,1024,813
87397,1662,1024,813
87398,1696,1024,812
87399,1695,1023,812
87400,1704,1023,813
87401,1710,1023,814
87402,1708,1023,805
87403,1712,1023,806
87404,1720,1022,798
87405,1723,1016,799
87406,1751,1014,799
87407,1731,1014,799
87408,1712,1014,800
87409,1710,1018,799
87410,1714,1015,796
87411,1714,1012,802
87412,1716,1017,797
87413,1705,1016,806
87414,1718,1020,807
87415,1711,1021,805
87416,1707,1022,805
87417,1714,1022,807
87418,1744,1023,807
87419,1709,1023,807
87420,1715,1022,807
87421,1709,1023,807
87422,1708,1022,811
87423,1709,1023,812
87424,1706,1023,812
87425,1710,1024,813
87426,1697,1025,814
87427,1704,1024,805
87428,1729,1022,807
87429,1707,1023,810
87430,1719,1022,809
87431,1706,1023,812
87432,1710,1024,808
87433,1717,1023,808
87434,1705,1023,811
87435,1713,1023,809
87436,1714,1023,808
87437,1716,1023,801
87438,1694,1021,802
87439,1700,1021,808
87440,1712,1022,808
87441,1691,1023,802
87442,1702,1022,808
87443,1707,1022,807
87444,1698,1023,811
87445,1705,1023,812
87446,1710,1024,813
87447,1705,1023,814
87448,1695,1024,813
87449,1698,1024,810
87450,1705,1023,812
87451,1705,1024,813
87452,1699,1023,810
87453,1703,1023,811
87454,1674,1023,812
87455,1662,1023,813
87456,1653,1024,812
87457,1645,1023,812
87458,1657,1023,812
87459,1635,1023,812
87460,1611,1023,811
87461,1651,1023,813
87462,1672,1023,813
87463,1683,1024,812
87464,1691,1023,813
87465,1702,1023,813
87466,1704,1023,813
87467,1702,1023,814
87468,1704,1025,809
87469,1695,1024,808
87470,1685,1023,811
87471,1675,1024,812
87472,1698,1023,808
87473,1701,1023,812
87474,1700,1023,813
87475,1702,1023,813
87476,1700,1024,813
87477,1710,1024,813
87478,1708,1024,813
87479,1699,1024,813
87480,1700,1024,813
87481,1693,1023,813
87482,1703,1024,813
87483,1675,1024,810
87484,1706,1023,812
87485,1687,1023,812
87486,1660,1023,812
87487,1647,1023,812
87488,1642,1024,813
87489,1632,1024,812
87490,1635,1024,812
87491,1603,1024,812
87492,1630,1024,812
87493,1631,1024,812
87494,1660,1023,812
87495,1686,1023,812
87496,1674,1023,812
87497,1682,1024,812
87498,1695,1024,812
87499,1689,1024,813
87500,1692,1024,813
87501,1695,1023,813
87502,1696,1024,813
87503,1674,1024,813
87504,1693,1024,813
87505,1688,1023,813
87506,1695,1024,813
87507,1687,1024,813
87508,1695,1024,813
87509,1693,1024,809
87510,1686,1023,811
87511,1648,1024,812
87512,1688,1023,812
87513,1680,1024,813
87514,1692,1023,814
87515,1690,1024,813
87516,1676,1023,813
87517,1682,1023,813
87518,1643,1023,812
87519,1623,1024,812
87520,1600,1024,811
87521,1599,1024,811
87522,1601,1023,811
87523,1595,1023,811
87524,1579,1023,808
87525,1609,1023,810
87526,1626,1023,811
87527,1646,1023,811
87528,1647,1024,812
87529,1662,1024,813
87530,1663,1024,813
87531,1659,1024,813
87532,1678,1024,813
87533,1668,1023,812
87534,1635,1023,812
87535,1671,1023,812
87536,1661,1023,812
87537,1667,1024,813
87538,1669,1024,812
87539,1665,1024,813
87540,1668,1024,813
87541,1664,1024,812
87542,1641,1023,813
87543,1664,1024,813
87544,1621,1024,812
87545,1660,1023,813
87546,1650,1023,812
87547,1655,1024,813
87548,1644,1023,813
87549,1653,1023,813
87550,1659,1023,813
87551,1652,1024,812
87552,1647,1023,813
87553,1642,1024,812
87554,1674,1024,813
87555,1640,1023,812
87556,1649,1024,813
87557,1650,1024,813
87558,1658,1024,813
87559,1672,1024,813
87560,1658,1024,813
87561,1658,1023,813
87562,1620,1024,813
87563,1668,1024,813
87564,1688,1024,812
87565,1659,1024,813
87566,1673,1024,813
87567,1680,1023,812
87568,1675,1023,812
87569,1684,1023,813
87570,1676,1024,813
87571,1685,1024,813
87572,1670,1024,813
87573,1656,1024,813
87574,1699,1024,813
87575,1710,1024,805
87576,1723,1023,803
87577,1724,1021,797
87578,1721,1014,794
87579,1717,1011,793
87580,1730,1011,796
87581,1734,1010,794
87582,1776,1010,794
87583,1749,1010,793
87584,1786,1010,794
87585,1788,1010,794
87586,1795,1010,794
87587,1799,1011,794
87588,1798,1010,794
87589,1807,1010,793
87590,1840,1010,794
87591,1860,1010,795
87592,1901,1011,801
87593,1873,1019,808
87594,1899,1021,812
87595,1895,1023,813
87596,1889,1024,814
87597,1913,1025,815
87598,1949,1027,816
87599,1986,1036,816
87600,1908,1042,817
87601,2007,1044,816
87602,2023,1044,818
87603,2006,1044,819
87604,2025,1045,819
87605,2036,1045,824
87606,2083,1046,826
87607,2118,1047,828
87608,2137,1047,829
87609,2159,1047,831
87610,2162,1047,831
87611,2160,1047,830
87612,2159,1046,831
87613,2273,1051,842
87614,2470,1057,853
87615,2641,1074,871
87616,2726,1089,885
87617,2791,1109,893
87618,2820,1115,897
87619,2845,1103,899
87620,2869,1099,906
87621,2848,1098,902
87622,2726,1097,900
87623,2615,1096,893
87624,2583,1112,888
87625,2546,1116,884
87626,2505,1109,874
87627,2500,1099,869
87628,2482,1095,867
87629,2488,1094,865
87630,2525,1094,871
87631,2562,1095,879
87632,2578,1102,882
87633,2589,1113,885
87634,2584,1115,885
87635,2607,1116,886
87636,2612,1117,886
87637,2603,1117,886
87638,2677,1117,887
87639,2692,1117,891
87640,2692,1117,891
87641,2712,1118,894
87642,2736,1118,897
87643,2712,1104,897
87644,2708,1098,898
87645,2758,1097,899
87646,2860,1098,904
87647,2917,1098,913
87648,2963,1111,918
87649,2996,1118,921
87650,3023,1120,922
87651,3016,1122,914
87652,3047,1120,908
87653,3034,1106,914
87654,2980,1113,919
87655,2953,1118,920
87656,2941,1121,921
87657,2940,1121,921
87658,2906,1122,922
87659,2907,1121,921
87660,2905,1121,921
87661,2871,1121,913
87662,2730,1112,905
87663,2648,1103,896
87664,2588,1105,891
87665,2521,1114,888
87666,2504,1116,884
87667,2506,1117,877
87668,2509,1104,871
87669,2512,1097,870
87670,2493,1095,867
87671,2499,1094,867
87672,2510,1094,865
87673,2489,1093,866
87674,2498,1093,865
87675,2507,1094,865
87676,2500,1093,865
87677,2491,1093,864
87678,2510,1093,865
87679,2493,1093,867
87680,2497,1093,866
87681,2503,1093,865
87682,2494,1093,864
87683,2496,1093,865
87684,2492,1093,865
87685,2487,1093,864
87686,2456,1093,864
87687,2441,1093,864
87688,2467,1093,863
87689,2445,1088,864
87690,2443,1090,863
87691,2401,1090,863
87692,2419,1089,863
87693,2420,1089,863
87694,2441,1088,863
87695,2451,1087,863
87696,2437,1089,863
87697,2459,1085,864
87698,2468,1087,864
87699,2479,1091,863
87700,2423,1085,864
87701,2467,1090,863
87702,2448,1086,864
87703,2455,1091,863
87704,2451,1086,863
87705,2437,1084,863
87706,2449,1084,863
87707,2449,1084,863
87708,2424,1089,863
87709,2447,1088,864
87710,2398,1087,862
87711,2402,1084,863
87712,2373,1083,862
87713,2366,1082,857
87714,2362,1081,856
87715,2358,1081,854
87716,2342,1081,853
87717,2357,1080,854
87718,2314,1081,855
87719,2419,1082,859
87720,2377,1082,861
87721,2373,1082,861
87722,2404,1082,862
87723,2397,1082,862
87724,2389,1082,863
87725,2398,1082,863
87726,2382,1082,862
87727,2374,1082,861
87728,2360,1082,862
87729,2374,1082,859
87730,2360,1083,856
87731,2373,1081,858
87732,2370,1082,858
87733,2373,1082,859
87734,2350,1082,856
87735,2355,1081,855
87736,2352,1081,854
87737,2353,1081,853
87738,2342,1081,853
87739,2345,1080,853
87740,2348,1081,853
87741,2334,1080,853
87742,2303,1080,853
87743,2291,1081,853
87744,2273,1080,852
87745,2258,1081,852
87746,2259,1080,852
87747,2243,1081,851
87748,2251,1080,852
87749,2257,1081,851
87750,2279,1081,852
87751,2271,1081,853
87752,2289,1081,852
87753,2329,1080,853
87754,2294,1081,852
87755,2309,1080,852
87756,2281,1081,853
87757,2300,1080,853
87758,2298,1081,853
87759,2299,1081,853
87760,2299,1081,853
87761,2294,1080,853
87762,2336,1080,852
87763,2273,1081,852
87764,2282,1080,852
87765,2264,1080,852
87766,2278,1080,852
87767,2278,1081,851
87768,2277,1080,852
87769,2264,1081,852
87770,2276,1081,852
87771,2259,1080,852
87772,2267,1081,852
87773,2289,1080,852
87774,2266,1081,851
87775,2245,1081,852
87776,2265,1080,851
87777,2259,1080,851
87778,2225,1080,851
87779,2205,1073,840
87780,2199,1062,835
87781,2186,1059,834
87782,2159,1057,831
87783,2169,1050,831
87784,2174,1048,831
87785,2175,1047,831
87786,2194,1048,831
87787,2201,1048,831
87788,2212,1047,835
87789,2220,1054,842
87790,2215,1056,846
87791,2227,1065,848
87792,2230,1076,849
87793,2238,1079,850
87794,2231,1079,850
87795,2202,1080,850
87796,2210,1080,850
87797,2203,1081,851
87798,2210,1081,843
87799,2205,1065,840
87800,2211,1059,841
87801,2198,1058,838
87802,2204,1057,834
87803,2191,1057,832
87804,2162,1057,831
87805,2181,1052,831
87806,2188,1049,831
87807,2162,1048,831
87808,2181,1047,831
87809,2187,1047,830
87810,2175,1047,830
87811,2172,1047,831
87812,2162,1047,831
87813,2176,1047,831
87814,2153,1047,831
87815,2169,1048,831
87816,2150,1047,831
87817,2150,1047,830
87818,2148,1047,830
87819,2153,1046,830
87820,2149,1047,830
87821,2150,1047,830
87822,2147,1047,831
87823,2141,1047,830
87824,2143,1047,830
87825,2153,1047,830
87826,2146,1047,830
87827,2116,1047,829
87828,2095,1048,830
87829,2121,1047,830
87830,2138,1047,830
87831,2130,1047,829
87832,2117,1047,829
87833,2132,1046,830
87834,2109,1047,830
87835,2118,1047,829
87836,2124,1047,830
87837,2119,1047,830
87838,2136,1047,829
87839,2076,1046,829
87840,2145,1047,828
87841,2112,1046,829
87842,2092,1046,829
87843,2097,1047,829
87844,2096,1046,829
87845,2090,1047,828
87846,2084,1047,828
87847,2090,1046,828
87848,2099,1046,829
87849,2084,1047,828
87850,2096,1047,829
87851,2094,1047,828
87852,2102,1047,828
87853,2090,1047,829
87854,2096,1047,829
87855,2085,1047,828
87856,2084,1047,828
87857,2089,1047,829
87858,2098,1047,829
87859,2096,1046,828
87860,2081,1047,829
87861,2094,1046,828
87862,2062,1047,827
87863,2090,1046,828
87864,2089,1046,828
87865,2096,1046,828
87866,2089,1047,828
87867,2084,1048,829
87868,2090,1047,829
87869,2067,1046,829
87870,2095,1046,828
87871,2086,1046,829
87872,2075,1047,828
87873,2146,1047,829
87874,2113,1047,828
87875,2111,1047,830
87876,2113,1046,830
87877,2150,1047,829
87878,2129,1047,829
87879,2110,1047,829
87880,2128,1047,829
87881,2129,1046,829
87882,2112,1047,829
87883,2108,1047,829
87884,2130,1047,829
87885,2121,1047,829
87886,2092,1047,830
87887,2092,1047,829
87888,2088,1046,829
87889,2106,1047,829
87890,2102,1047,829
87891,2120,1047,829
87892,2118,1047,829
87893,2133,1047,829
87894,2094,1047,830
87895,2017,1047,830
87896,2123,1047,829
87897,2119,1048,830
87898,2117,1047,829
87899,2088,1047,829
87900,2119,1046,829
87901,2122,1047,829
87902,2128,1046,829
87903,2116,1047,830
87904,2129,1047,830
87905,2130,1048,829
87906,2140,1047,830
87907,2150,1047,829
87908,2145,1047,830
87909,2141,1047,831
87910,2158,1048,830
87911,2148,1047,831
87912,2148,1047,831
87913,2147,1047,831
87914,2188,1048,831
87915,2145,1047,830
87916,2156,1047,830
87917,2141,1047,831
87918,2147,1047,830
87919,2131,1047,831
87920,2168,1047,830
87921,2141,1047,830
87922,2161,1047,829
87923,2150,1046,830
87924,2149,1047,830
87925,2150,1047,830
87926,2166,1047,830
87927,2144,1047,829
87928,2145,1047,830
87929,2137,1047,831
87930,2144,1047,831
87931,2158,1047,830
87932,2151,1047,830
87933,2150,1047,830
87934,2151,1047,830
87935,2159,1047,830
87936,2149,1047,830
87937,2153,1047,831
87938,2167,1048,831
87939,2159,1047,831
87940,2114,1047,830
87941,2152,1047,831
87942,2159,1047,831
87943,2161,1047,830
87944,2148,1047,830
87945,2142,1047,830
87946,2153,1047,829
87947,2157,1047,831
87948,2152,1047,830
87949,2153,1047,831
87950,2156,1047,830
87951,2174,1047,831
87952,2143,1046,831
87953,2150,1047,831
87954,2168,1047,830
87955,2151,1047,830
87956,2162,1046,830
87957,2157,1047,830
87958,2158,1047,831
87959,2138,1047,830
87960,2148,1048,830
87961,2149,1047,830
87962,2149,1047,830
87963,2132,1047,830
87964,2146,1047,830
87965,2149,1047,830
87966,2154,1047,830
87967,2155,1047,830
87968,2127,1047,831
87969,2115,1048,830
87970,2140,1047,830
87971,2132,1047,830
87972,2122,1047,830
87973,2120,1047,830
87974,2129,1047,829
87975,2136,1048,831
87976,2137,1047,830
87977,2142,1047,830
87978,2130,1046,830
87979,2140,1047,829
87980,2127,1047,829
87981,2080,1047,830
87982,2117,1047,829
87983,2122,1047,829
87984,2127,1047,829
87985,2119,1047,830
87986,2123,1047,829
87987,2114,1048,829
87988,2112,1047,830
87989,2119,1047,829
87990,2126,1047,830
87991,2096,1047,829
87992,2120,1046,829
87993,2107,1046,829
87994,2112,1047,829
87995,2118,1047,829
87996,2108,1048,829
87997,2106,1047,829
87998,2108,1047,829
87999,2101,1047,829
88000,2107,1047,830
88001,2107,1047,829
88002,2111,1047,829
88003,2080,1046,829
88004,2086,1047,829
88005,2095,1046,829
88006,2080,1047,828
88007,2076,1046,829
88008,2100,1047,828
88009,2096,1047,828
88010,2064,1047,828
88011,2101,1047,829
88012,2075,1047,828
88013,2082,1047,827
88014,2064,1046,828
88015,2082,1046,828
88016,2072,1046,828
88017,2079,1047,828
88018,2069,1047,827
88019,2071,1047,828
88020,2065,1046,828
88021,2050,1046,825
88022,2063,1046,827
88023,2063,1046,825
88024,2064,1046,827
88025,2062,1046,824
88026,2038,1046,826
88027,2022,1046,822
88028,2016,1046,820
88029,2009,1045,819
88030,1999,1045,818
88031,1997,1045,818
88032,1997,1045,817
88033,1997,1044,817
88034,2014,1044,817
88035,2015,1045,820
88036,2029,1045,822
88037,2026,1046,821
88038,2032,1046,825
88039,2037,1046,824
88040,2024,1046,827
88041,2036,1046,827
88042,2036,1046,827
88043,2035,1046,825
88044,2025,1046,826
88045,2034,1046,824
88046,2030,1046,820
88047,2035,1046,826
88048,2031,1046,823
88049,2024,1045,824
88050,2031,1046,826
88051,2019,1046,822
