sample,timestamp,ecg[bpm],spo2,p1[mmHg],resp
0,1776876009533,591.0,473.0,2.58
1,1776876009545,570.0,461.0,2.58
2,1776876009555,565.0,448.0,2.58
3,1776876009566,559.0,462.0,2.58
4,1776876009577,560.0,455.0,2.58
5,1776876009588,556.0,452.0,2.58
6,1776876009599,548.0,451.0,2.58
7,1776876009610,551.0,448.0,2.58
8,1776876009621,553.0,442.0,2.58
9,1776876009632,555.0,442.0,2.58
10,1776876009644,560.0,446.0,2.58
11,1776876009654,558.0,449.0,2.58
12,1776876009665,559.0,447.0,2.58
13,1776876009676,556.0,439.0,2.58
14,1776876009687,546.0,441.0,2.58
15,1776876009698,531.0,445.0,2.58
16,1776876009709,525.0,429.0,2.58
17,1776876009720,520.0,437.0,2.58
18,1776876009731,524.0,439.0,2.58
19,1776876009742,524.0,420.0,2.58
20,1776876009753,526.0,434.0,2.58
21,1776876009764,529.0,433.0,2.58
22,1776876009775,533.0,428.0,2.58
23,1776876009786,537.0,426.0,2.58
24,1776876009797,538.0,424.0,2.58
25,1776876009808,539.0,425.0,2.58
26,1776876009819,540.0,416.0,2.58
27,1776876009830,546.0,416.0,2.58
28,1776876009841,546.0,415.0,2.58
29,1776876009852,541.0,412.0,2.58
30,1776876009863,545.0,415.0,2.58
31,1776876009874,542.0,558.0,2.58
32,1776876009885,541.0,467.0,2.58
33,1776876009896,541.0,516.0,2.58
34,1776876009907,544.0,569.0,2.58
35,1776876009918,539.0,662.0,2.58
36,1776876009929,542.0,719.0,2.58
37,1776876009940,544.0,816.0,2.58
38,1776876009951,542.0,801.0,2.58
39,1776876009962,543.0,809.0,2.58
40,1776876009973,546.0,778.0,2.58
41,1776876009984,545.0,786.0,2.58
42,1776876009995,542.0,770.0,2.58
43,1776876010006,539.0,740.0,2.58
44,1776876010017,545.0,720.0,2.58
45,1776876010028,546.0,699.0,2.58
46,1776876010039,541.0,685.0,2.58
47,1776876010050,542.0,672.0,2.58
48,1776876010061,540.0,667.0,2.58
49,1776876010072,543.0,652.0,2.58
50,1776876010083,545.0,648.0,2.58
51,1776876010094,545.0,646.0,2.58
52,1776876010105,544.0,630.0,2.58
53,1776876010116,545.0,632.0,2.58
54,1776876010127,544.0,620.0,2.58
55,1776876010138,541.0,597.0,2.58
56,1776876010149,543.0,591.0,2.58
57,1776876010160,543.0,579.0,2.58
58,1776876010171,544.0,571.0,2.58
59,1776876010182,539.0,554.0,2.58
60,1776876010193,541.0,560.0,2.58
61,1776876010204,544.0,558.0,2.58
62,1776876010215,546.0,556.0,2.58
63,1776876010226,543.0,556.0,2.58
64,1776876010237,545.0,553.0,2.58
65,1776876010248,542.0,540.0,2.58
66,1776876010259,544.0,540.0,2.58
67,1776876010270,543.0,538.0,2.58
68,1776876010281,540.0,530.0,2.58
69,1776876010292,560.0,525.0,2.58
70,1776876010303,595.0,516.0,2.58
71,1776876010314,588.0,487.0,2.58
72,1776876010325,457.0,499.0,2.58
73,1776876010336,366.0,496.0,2.58
74,1776876010348,448.0,489.0,2.58
75,1776876010358,515.0,484.0,2.58
76,1776876010369,607.0,479.0,2.58
77,1776876010382,619.0,474.0,2.58
78,1776876010391,611.0,463.0,2.58
79,1776876010402,590.0,467.0,2.58
80,1776876010413,587.0,461.0,2.58
81,1776876010424,569.0,460.0,2.58
82,1776876010435,564.0,458.0,2.58
83,1776876010447,562.0,442.0,2.58
84,1776876010457,554.0,456.0,2.58
85,1776876010468,555.0,452.0,2.58
86,1776876010480,553.0,440.0,2.58
87,1776876010490,551.0,452.0,2.58
88,1776876010501,548.0,453.0,2.58
89,1776876010512,555.0,444.0,2.58
90,1776876010523,555.0,452.0,2.58
91,1776876010534,557.0,452.0,2.58
92,1776876010545,560.0,450.0,2.58
93,1776876010556,548.0,446.0,2.58
94,1776876010567,540.0,446.0,2.58
95,1776876010578,537.0,445.0,2.58
96,1776876010589,520.0,441.0,2.58
97,1776876010600,520.0,439.0,2.58
98,1776876010611,523.0,433.0,2.58
99,1776876010622,527.0,438.0,2.58
100,1776876010633,526.0,439.0,2.58
101,1776876010644,530.0,423.0,2.58
102,1776876010655,532.0,435.0,2.58
103,1776876010666,538.0,434.0,2.58
104,1776876010677,539.0,428.0,2.58
105,1776876010688,541.0,430.0,2.58
106,1776876010699,540.0,427.0,2.58
107,1776876010710,542.0,416.0,2.58
108,1776876010721,539.0,418.0,2.58
109,1776876010732,541.0,410.0,2.58
110,1776876010743,544.0,414.0,2.58
111,1776876010753,545.0,425.0,2.58
112,1776876010765,543.0,462.0,2.58
113,1776876010775,542.0,515.0,2.58
114,1776876010787,543.0,570.0,2.58
115,1776876010797,544.0,653.0,2.58
116,1776876010808,544.0,716.0,2.58
117,1776876010820,543.0,766.0,2.58
118,1776876010831,540.0,801.0,2.58
119,1776876010842,546.0,700.0,2.58
120,1776876010852,545.0,808.0,2.58
121,1776876010864,542.0,767.0,2.58
122,1776876010874,543.0,787.0,2.58
123,1776876010885,542.0,755.0,2.58
124,1776876010897,544.0,706.0,2.58
125,1776876010907,541.0,719.0,2.58
126,1776876010918,540.0,697.0,2.58
127,1776876010930,546.0,682.0,2.58
128,1776876010940,546.0,669.0,2.58
129,1776876010951,544.0,663.0,2.58
130,1776876010963,543.0,645.0,2.58
131,1776876010973,544.0,645.0,2.58
132,1776876010984,542.0,602.0,2.58
133,1776876010995,544.0,619.0,2.58
134,1776876011006,539.0,604.0,2.58
135,1776876011017,544.0,581.0,2.58
136,1776876011028,542.0,580.0,2.58
137,1776876011039,546.0,575.0,2.58
138,1776876011050,546.0,576.0,2.58
139,1776876011062,546.0,577.0,2.58
140,1776876011072,545.0,573.0,2.58
141,1776876011083,577.0,574.0,2.58
142,1776876011095,599.0,576.0,2.58
143,1776876011105,567.0,575.0,2.58
144,1776876011116,371.0,569.0,2.58
145,1776876011127,390.0,566.0,2.58
146,1776876011138,487.0,559.0,2.58
147,1776876011149,546.0,529.0,2.58
148,1776876011160,616.0,543.0,2.58
149,1776876011171,621.0,535.0,2.58
150,1776876011182,608.0,530.0,2.58
151,1776876011193,594.0,521.0,2.58
152,1776876011204,577.0,519.0,2.58
153,1776876011215,570.0,495.0,2.58
154,1776876011226,562.0,505.0,2.58
155,1776876011237,554.0,501.0,2.58
156,1776876011248,554.0,486.0,2.58
157,1776876011259,557.0,488.0,2.58
158,1776876011273,552.0,487.0,2.58
159,1776876011281,556.0,481.0,2.58
160,1776876011292,553.0,486.0,2.58
161,1776876011303,553.0,482.0,2.58
162,1776876011314,554.0,479.0,2.58
163,1776876011325,560.0,478.0,2.58
164,1776876011336,555.0,474.0,2.58
165,1776876011347,543.0,470.0,2.58
166,1776876011358,541.0,469.0,2.58
167,1776876011369,531.0,462.0,2.58
168,1776876011380,522.0,463.0,2.58
169,1776876011391,522.0,465.0,2.58
170,1776876011402,522.0,453.0,2.58
171,1776876011413,528.0,466.0,2.58
172,1776876011424,533.0,462.0,2.58
173,1776876011435,535.0,462.0,2.58
174,1776876011446,534.0,466.0,2.58
175,1776876011457,535.0,458.0,2.58
176,1776876011468,541.0,437.0,2.58
177,1776876011479,546.0,455.0,2.58
178,1776876011490,544.0,452.0,2.58
179,1776876011501,539.0,437.0,2.58
180,1776876011512,541.0,443.0,2.58
181,1776876011523,542.0,441.0,2.58
182,1776876011534,541.0,517.0,2.58
183,1776876011546,541.0,450.0,2.58
184,1776876011556,542.0,477.0,2.58
185,1776876011567,540.0,527.0,2.58
186,1776876011578,539.0,570.0,2.58
187,1776876011589,542.0,645.0,2.58
188,1776876011600,541.0,812.0,2.58
189,1776876011611,543.0,750.0,2.58
190,1776876011622,539.0,788.0,2.58
191,1776876011633,543.0,798.0,2.58
192,1776876011645,541.0,795.0,2.58
193,1776876011655,547.0,785.0,2.58
194,1776876011666,543.0,731.0,2.58
195,1776876011677,547.0,744.0,2.58
196,1776876011688,545.0,726.0,2.58
197,1776876011699,542.0,708.0,2.58
198,1776876011710,540.0,687.0,2.58
199,1776876011721,545.0,676.0,2.58
200,1776876011732,545.0,665.0,2.58
201,1776876011743,547.0,658.0,2.58
202,1776876011754,542.0,617.0,2.58
203,1776876011765,544.0,631.0,2.58
204,1776876011776,541.0,618.0,2.58
205,1776876011787,542.0,578.0,2.58
206,1776876011798,545.0,589.0,2.58
207,1776876011809,541.0,575.0,2.58
208,1776876011820,538.0,570.0,2.58
209,1776876011831,542.0,568.0,2.58
210,1776876011842,549.0,565.0,2.58
211,1776876011853,585.0,564.0,2.58
212,1776876011864,591.0,565.0,2.58
213,1776876011875,470.0,563.0,2.58
214,1776876011886,350.0,561.0,2.58
215,1776876011897,383.0,562.0,2.58
216,1776876011908,516.0,558.0,2.58
217,1776876011919,606.0,550.0,2.58
218,1776876011930,622.0,546.0,2.58
219,1776876011941,622.0,538.0,2.58
220,1776876011952,592.0,528.0,2.58
221,1776876011963,580.0,521.0,2.58
222,1776876011974,570.0,495.0,2.58
223,1776876011985,568.0,506.0,2.58
224,1776876011996,561.0,501.0,2.58
225,1776876012007,556.0,477.0,2.58
226,1776876012018,545.0,489.0,2.58
227,1776876012029,550.0,482.0,2.58
228,1776876012040,559.0,464.0,2.58
229,1776876012051,555.0,476.0,2.58
230,1776876012062,558.0,472.0,2.58
231,1776876012073,561.0,471.0,2.58
232,1776876012084,563.0,466.0,2.58
233,1776876012095,560.0,462.0,2.58
234,1776876012106,552.0,453.0,2.58
235,1776876012117,543.0,455.0,2.58
236,1776876012128,533.0,456.0,2.58
237,1776876012139,520.0,453.0,2.58
238,1776876012150,516.0,461.0,2.58
239,1776876012161,517.0,462.0,2.58
240,1776876012172,522.0,446.0,2.58
241,1776876012183,526.0,458.0,2.58
242,1776876012194,528.0,458.0,2.58
243,1776876012205,533.0,456.0,2.58
244,1776876012216,537.0,454.0,2.58
245,1776876012227,541.0,454.0,2.58
246,1776876012238,539.0,431.0,2.58
247,1776876012249,541.0,449.0,2.58
248,1776876012260,539.0,448.0,2.58
249,1776876012271,542.0,441.0,2.58
250,1776876012282,543.0,435.0,2.58
251,1776876012293,548.0,436.0,2.58
252,1776876012304,544.0,524.0,2.58
253,1776876012315,545.0,480.0,2.58
254,1776876012326,545.0,517.0,2.58
255,1776876012337,543.0,594.0,2.58
256,1776876012348,542.0,659.0,2.58
257,1776876012359,542.0,710.0,2.58
258,1776876012370,541.0,790.0,2.58
259,1776876012381,540.0,797.0,2.58
260,1776876012392,543.0,800.0,2.58
261,1776876012403,544.0,796.0,2.58
262,1776876012414,543.0,784.0,2.58
263,1776876012425,541.0,747.0,2.58
264,1776876012436,545.0,741.0,2.58
265,1776876012447,552.0,728.0,2.58
266,1776876012458,543.0,710.0,2.58
267,1776876012469,543.0,696.0,2.58
268,1776876012480,541.0,687.0,2.58
269,1776876012491,543.0,676.0,2.58
270,1776876012502,540.0,672.0,2.58
271,1776876012513,540.0,640.0,2.58
272,1776876012524,539.0,650.0,2.58
273,1776876012535,542.0,641.0,2.58
274,1776876012546,545.0,630.0,2.58
275,1776876012557,545.0,589.0,2.58
276,1776876012568,546.0,595.0,2.58
277,1776876012579,540.0,584.0,2.58
278,1776876012590,545.0,573.0,2.58
279,1776876012600,544.0,567.0,2.58
280,1776876012612,544.0,560.0,2.58
281,1776876012623,541.0,562.0,2.58
282,1776876012633,544.0,559.0,2.58
283,1776876012645,545.0,557.0,2.58
284,1776876012655,546.0,552.0,2.58
285,1776876012666,576.0,548.0,2.58
286,1776876012677,593.0,531.0,2.58
287,1776876012688,562.0,537.0,2.58
288,1776876012699,363.0,537.0,2.58
289,1776876012710,355.0,529.0,2.58
290,1776876012721,453.0,521.0,2.58
291,1776876012732,560.0,515.0,2.58
292,1776876012748,623.0,494.0,2.58
293,1776876012754,627.0,506.0,2.58
294,1776876012765,614.0,498.0,2.58
295,1776876012776,595.0,470.0,2.58
296,1776876012787,582.0,486.0,2.58
297,1776876012798,575.0,482.0,2.58
298,1776876012809,566.0,460.0,2.58
299,1776876012820,564.0,471.0,2.58
300,1776876012831,556.0,469.0,2.58
301,1776876012842,556.0,469.0,2.58
302,1776876012853,556.0,466.0,2.58
303,1776876012865,555.0,464.0,2.58
304,1776876012875,556.0,450.0,2.58
305,1776876012886,562.0,457.0,2.58
306,1776876012897,561.0,454.0,2.58
307,1776876012908,561.0,444.0,2.58
308,1776876012919,555.0,451.0,2.58
309,1776876012930,549.0,453.0,2.58
310,1776876012941,540.0,447.0,2.58
311,1776876012952,525.0,451.0,2.58
312,1776876012963,518.0,451.0,2.58
313,1776876012974,517.0,446.0,2.58
314,1776876012985,516.0,446.0,2.58
315,1776876012996,520.0,439.0,2.58
316,1776876013007,528.0,444.0,2.58
317,1776876013018,530.0,443.0,2.58
318,1776876013029,537.0,425.0,2.58
319,1776876013040,536.0,436.0,2.58
320,1776876013051,540.0,438.0,2.58
321,1776876013062,543.0,432.0,2.58
322,1776876013073,544.0,424.0,2.58
323,1776876013084,541.0,429.0,2.58
324,1776876013095,542.0,427.0,2.58
325,1776876013106,545.0,424.0,2.58
326,1776876013117,545.0,434.0,2.58
327,1776876013128,547.0,551.0,2.58
328,1776876013139,545.0,527.0,2.58
329,1776876013150,545.0,554.0,2.58
330,1776876013161,544.0,743.0,2.58
331,1776876013172,539.0,712.0,2.58
332,1776876013183,542.0,746.0,2.58
333,1776876013194,543.0,789.0,2.58
334,1776876013205,542.0,807.0,2.58
335,1776876013216,544.0,809.0,2.58
336,1776876013227,542.0,797.0,2.58
337,1776876013238,542.0,788.0,2.58
338,1776876013249,547.0,762.0,2.58
339,1776876013260,542.0,726.0,2.58
340,1776876013271,540.0,716.0,2.58
341,1776876013282,542.0,707.0,2.58
342,1776876013293,544.0,695.0,2.58
343,1776876013304,542.0,687.0,2.58
344,1776876013315,545.0,673.0,2.58
345,1776876013326,545.0,682.0,2.58
346,1776876013337,542.0,667.0,2.58
347,1776876013348,546.0,657.0,2.58
348,1776876013359,545.0,641.0,2.58
349,1776876013370,544.0,619.0,2.58
350,1776876013381,545.0,575.0,2.58
351,1776876013392,546.0,587.0,2.58
352,1776876013403,544.0,577.0,2.58
353,1776876013414,543.0,565.0,2.58
354,1776876013425,541.0,564.0,2.58
355,1776876013436,542.0,563.0,2.58
356,1776876013447,545.0,558.0,2.58
357,1776876013458,544.0,557.0,2.58
358,1776876013469,542.0,556.0,2.58
359,1776876013480,542.0,557.0,2.58
360,1776876013491,546.0,552.0,2.58
361,1776876013502,542.0,544.0,2.58
362,1776876013513,546.0,534.0,2.58
363,1776876013524,542.0,530.0,2.58
364,1776876013535,544.0,524.0,2.58
365,1776876013546,540.0,501.0,2.58
366,1776876013557,541.0,514.0,2.58
367,1776876013568,541.0,506.0,2.58
368,1776876013579,541.0,485.0,2.58
369,1776876013590,541.0,493.0,2.58
370,1776876013601,540.0,489.0,2.58
371,1776876013612,546.0,488.0,2.58
372,1776876013623,574.0,479.0,2.58
373,1776876013634,592.0,477.0,2.58
374,1776876013645,563.0,468.0,2.58
375,1776876013656,380.0,466.0,2.58
376,1776876013667,375.0,468.0,2.58
377,1776876013678,453.0,466.0,2.58
378,1776876013689,540.0,464.0,2.58
379,1776876013700,620.0,454.0,2.58
380,1776876013711,625.0,459.0,2.58
381,1776876013722,614.0,453.0,2.58
382,1776876013733,595.0,450.0,2.58
383,1776876013744,580.0,447.0,2.58
384,1776876013755,574.0,446.0,2.58
385,1776876013766,560.0,446.0,2.58
386,1776876013777,562.0,449.0,2.58
387,1776876013788,552.0,451.0,2.58
388,1776876013799,551.0,435.0,2.58
389,1776876013810,551.0,452.0,2.58
390,1776876013821,550.0,444.0,2.58
391,1776876013832,554.0,423.0,2.58
392,1776876013843,562.0,442.0,2.58
393,1776876013854,564.0,436.0,2.58
394,1776876013865,563.0,434.0,2.58
395,1776876013876,558.0,433.0,2.58
396,1776876013887,548.0,432.0,2.58
397,1776876013898,541.0,411.0,2.58
398,1776876013909,524.0,429.0,2.58
399,1776876013920,523.0,428.0,2.58
400,1776876013931,519.0,415.0,2.58
401,1776876013942,514.0,425.0,2.58
402,1776876013953,522.0,425.0,2.58
403,1776876013964,526.0,418.0,2.58
404,1776876013975,527.0,430.0,2.58
405,1776876013986,534.0,422.0,2.58
406,1776876013997,536.0,420.0,2.58
407,1776876014008,543.0,418.0,2.58
408,1776876014019,538.0,420.0,2.58
409,1776876014030,543.0,403.0,2.58
410,1776876014041,545.0,409.0,2.58
411,1776876014052,542.0,462.0,2.58
412,1776876014063,548.0,413.0,2.58
413,1776876014074,545.0,444.0,2.58
414,1776876014085,538.0,662.0,2.58
415,1776876014096,540.0,535.0,2.58
416,1776876014107,539.0,609.0,2.58
417,1776876014118,541.0,669.0,2.58
418,1776876014129,541.0,741.0,2.58
419,1776876014140,541.0,782.0,2.58
420,1776876014151,543.0,800.0,2.58
421,1776876014162,540.0,782.0,2.58
422,1776876014173,542.0,811.0,2.58
423,1776876014184,536.0,772.0,2.58
424,1776876014195,542.0,769.0,2.58
425,1776876014206,541.0,750.0,2.58
426,1776876014217,540.0,725.0,2.58
427,1776876014228,541.0,715.0,2.58
428,1776876014239,535.0,704.0,2.58
429,1776876014250,541.0,697.0,2.58
430,1776876014261,542.0,694.0,2.58
431,1776876014272,543.0,681.0,2.58
432,1776876014284,543.0,680.0,2.58
433,1776876014294,548.0,675.0,2.58
434,1776876014305,547.0,633.0,2.58
435,1776876014316,541.0,639.0,2.58
436,1776876014327,545.0,632.0,2.58
437,1776876014338,542.0,587.0,2.58
438,1776876014349,543.0,593.0,2.58
439,1776876014360,547.0,583.0,2.58
440,1776876014371,541.0,573.0,2.58
441,1776876014382,544.0,567.0,2.58
442,1776876014393,547.0,563.0,2.58
443,1776876014404,541.0,554.0,2.58
444,1776876014415,539.0,558.0,2.58
445,1776876014425,544.0,556.0,2.58
446,1776876014437,549.0,540.0,2.58
447,1776876014448,542.0,548.0,2.58
448,1776876014458,545.0,543.0,2.58
449,1776876014469,543.0,517.0,2.58
450,1776876014481,545.0,529.0,2.58
451,1776876014491,547.0,522.0,2.58
452,1776876014502,544.0,517.0,2.58
453,1776876014514,539.0,507.0,2.58
454,1776876014524,543.0,507.0,2.58
455,1776876014535,548.0,480.0,2.58
456,1776876014546,540.0,493.0,2.58
457,1776876014557,542.0,490.0,2.58
458,1776876014568,542.0,465.0,2.58
459,1776876014579,572.0,478.0,2.58
460,1776876014590,598.0,475.0,2.58
461,1776876014601,569.0,454.0,2.58
462,1776876014612,390.0,472.0,2.58
463,1776876014623,376.0,468.0,2.58
464,1776876014634,478.0,461.0,2.58
465,1776876014645,541.0,456.0,2.58
466,1776876014656,616.0,457.0,2.58
467,1776876014667,619.0,446.0,2.58
468,1776876014678,616.0,456.0,2.58
469,1776876014689,592.0,455.0,2.58
470,1776876014701,580.0,452.0,2.58
471,1776876014712,566.0,446.0,2.58
472,1776876014722,557.0,450.0,2.58
473,1776876014733,561.0,439.0,2.58
474,1776876014744,560.0,447.0,2.58
475,1776876014755,554.0,444.0,2.58
476,1776876014766,553.0,440.0,2.58
477,1776876014777,551.0,439.0,2.58
478,1776876014788,554.0,435.0,2.58
479,1776876014799,558.0,436.0,2.58
480,1776876014810,557.0,436.0,2.58
481,1776876014821,553.0,426.0,2.58
482,1776876014832,553.0,433.0,2.58
483,1776876014843,554.0,423.0,2.58
484,1776876014854,541.0,425.0,2.58
485,1776876014865,531.0,426.0,2.58
486,1776876014876,524.0,426.0,2.58
487,1776876014887,525.0,426.0,2.58
488,1776876014898,528.0,422.0,2.58
489,1776876014909,524.0,415.0,2.58
490,1776876014920,533.0,423.0,2.58
491,1776876014931,534.0,424.0,2.58
492,1776876014942,536.0,408.0,2.58
493,1776876014953,537.0,425.0,2.58
494,1776876014964,538.0,426.0,2.58
495,1776876014975,542.0,397.0,2.58
496,1776876014986,545.0,416.0,2.58
497,1776876014997,544.0,412.0,2.58
498,1776876015008,542.0,409.0,2.58
499,1776876015019,542.0,410.0,2.58
500,1776876015030,543.0,427.0,2.58
501,1776876015041,544.0,455.0,2.58
502,1776876015052,544.0,487.0,2.58
503,1776876015063,544.0,538.0,2.58
504,1776876015074,544.0,749.0,2.58
505,1776876015085,540.0,682.0,2.58
506,1776876015096,537.0,731.0,2.58
507,1776876015107,539.0,809.0,2.58
508,1776876015118,540.0,792.0,2.58
509,1776876015129,538.0,795.0,2.58
510,1776876015140,544.0,786.0,2.58
511,1776876015151,541.0,762.0,2.58
512,1776876015162,538.0,746.0,2.58
513,1776876015173,542.0,704.0,2.58
514,1776876015184,544.0,710.0,2.58
515,1776876015195,544.0,692.0,2.58
516,1776876015206,540.0,678.0,2.58
517,1776876015217,543.0,669.0,2.58
518,1776876015228,547.0,660.0,2.58
519,1776876015239,546.0,648.0,2.58
520,1776876015250,544.0,649.0,2.58
521,1776876015261,545.0,640.0,2.58
522,1776876015272,547.0,626.0,2.58
523,1776876015283,540.0,614.0,2.58
524,1776876015294,541.0,602.0,2.58
525,1776876015305,545.0,574.0,2.58
526,1776876015316,550.0,569.0,2.58
527,1776876015327,543.0,566.0,2.58
528,1776876015338,544.0,561.0,2.58
529,1776876015349,544.0,562.0,2.58
530,1776876015360,543.0,562.0,2.58
531,1776876015371,541.0,561.0,2.58
532,1776876015382,545.0,561.0,2.58
533,1776876015393,545.0,558.0,2.58
534,1776876015404,546.0,556.0,2.58
535,1776876015415,546.0,551.0,2.58
536,1776876015426,541.0,530.0,2.58
537,1776876015437,567.0,539.0,2.58
538,1776876015448,600.0,531.0,2.58
539,1776876015459,546.0,503.0,2.58
540,1776876015470,394.0,520.0,2.58
541,1776876015481,373.0,510.0,2.58
542,1776876015492,483.0,482.0,2.58
543,1776876015503,572.0,500.0,2.58
544,1776876015514,620.0,488.0,2.58
545,1776876015525,629.0,489.0,2.58
546,1776876015536,604.0,482.0,2.58
547,1776876015547,590.0,478.0,2.58
548,1776876015558,578.0,470.0,2.58
549,1776876015569,571.0,470.0,2.58
550,1776876015580,565.0,464.0,2.58
551,1776876015591,562.0,467.0,2.58
552,1776876015602,556.0,465.0,2.58
553,1776876015613,557.0,455.0,2.58
554,1776876015624,552.0,455.0,2.58
555,1776876015635,555.0,455.0,2.58
556,1776876015646,554.0,458.0,2.58
557,1776876015657,557.0,454.0,2.58
558,1776876015668,560.0,457.0,2.58
559,1776876015679,563.0,442.0,2.58
560,1776876015690,556.0,454.0,2.58
561,1776876015701,554.0,450.0,2.58
562,1776876015712,537.0,434.0,2.58
563,1776876015723,527.0,447.0,2.58
564,1776876015734,522.0,442.0,2.58
565,1776876015745,518.0,432.0,2.58
566,1776876015756,521.0,443.0,2.58
567,1776876015767,527.0,443.0,2.58
568,1776876015778,528.0,441.0,2.58
569,1776876015789,531.0,438.0,2.58
570,1776876015800,535.0,436.0,2.58
571,1776876015811,535.0,411.0,2.58
572,1776876015821,538.0,427.0,2.58
573,1776876015833,542.0,431.0,2.58
574,1776876015844,542.0,412.0,2.58
575,1776876015854,541.0,426.0,2.58
576,1776876015865,541.0,422.0,2.58
577,1776876015876,544.0,435.0,2.58
578,1776876015887,544.0,417.0,2.58
579,1776876015898,541.0,430.0,2.58
580,1776876015909,547.0,475.0,2.58
581,1776876015920,545.0,523.0,2.58
582,1776876015931,543.0,624.0,2.58
583,1776876015942,543.0,681.0,2.58
584,1776876015953,544.0,695.0,2.58
585,1776876015964,545.0,737.0,2.58
586,1776876015976,544.0,755.0,2.58
587,1776876015986,542.0,758.0,2.58
588,1776876015997,547.0,747.0,2.58
589,1776876016008,542.0,730.0,2.58
590,1776876016019,543.0,711.0,2.58
591,1776876016030,544.0,686.0,2.58
592,1776876016041,546.0,671.0,2.58
593,1776876016052,544.0,661.0,2.58
594,1776876016063,544.0,644.0,2.58
595,1776876016074,547.0,634.0,2.58
596,1776876016085,545.0,627.0,2.58
597,1776876016096,543.0,613.0,2.58
598,1776876016107,542.0,611.0,2.58
599,1776876016118,540.0,610.0,2.58
600,1776876016129,543.0,570.0,2.58
601,1776876016140,543.0,581.0,2.58
602,1776876016151,542.0,569.0,2.58
603,1776876016162,542.0,551.0,2.58
604,1776876016173,542.0,541.0,2.58
605,1776876016184,541.0,533.0,2.58
606,1776876016195,547.0,526.0,2.58
607,1776876016206,546.0,529.0,2.58
608,1776876016217,545.0,528.0,2.58
609,1776876016228,543.0,522.0,2.58
610,1776876016239,544.0,526.0,2.58
611,1776876016250,541.0,526.0,2.58
612,1776876016261,544.0,509.0,2.58
613,1776876016272,544.0,518.0,2.58
614,1776876016283,543.0,515.0,2.58
615,1776876016294,543.0,508.0,2.58
616,1776876016305,539.0,499.0,2.58
617,1776876016316,546.0,465.0,2.58
618,1776876016327,544.0,479.0,2.58
619,1776876016338,545.0,474.0,2.58
620,1776876016349,545.0,449.0,2.58
621,1776876016360,544.0,464.0,2.58
622,1776876016371,569.0,463.0,2.58
623,1776876016383,594.0,437.0,2.58
624,1776876016393,567.0,452.0,2.58
625,1776876016404,393.0,446.0,2.58
626,1776876016415,371.0,429.0,2.58
627,1776876016426,443.0,441.0,2.58
628,1776876016437,534.0,438.0,2.58
629,1776876016448,623.0,427.0,2.58
630,1776876016459,623.0,434.0,2.58
631,1776876016470,613.0,432.0,2.58
632,1776876016481,596.0,428.0,2.58
633,1776876016492,584.0,431.0,2.58
634,1776876016503,570.0,429.0,2.58
635,1776876016514,563.0,427.0,2.58
636,1776876016525,562.0,432.0,2.58
637,1776876016536,556.0,430.0,2.58
638,1776876016547,554.0,413.0,2.58
639,1776876016558,554.0,426.0,2.58
640,1776876016569,551.0,425.0,2.58
641,1776876016580,552.0,416.0,2.58
642,1776876016591,558.0,424.0,2.58
643,1776876016602,559.0,424.0,2.58
644,1776876016613,562.0,415.0,2.58
645,1776876016624,558.0,422.0,2.58
646,1776876016635,550.0,416.0,2.58
647,1776876016646,536.0,412.0,2.58
648,1776876016657,527.0,416.0,2.58
649,1776876016668,524.0,415.0,2.58
650,1776876016679,519.0,413.0,2.58
651,1776876016690,519.0,414.0,2.58
652,1776876016701,522.0,397.0,2.58
653,1776876016712,527.0,405.0,2.58
654,1776876016723,532.0,406.0,2.58
655,1776876016734,537.0,404.0,2.58
656,1776876016745,538.0,402.0,2.58
657,1776876016756,535.0,403.0,2.58
658,1776876016767,545.0,386.0,2.58
659,1776876016778,546.0,403.0,2.58
660,1776876016789,548.0,401.0,2.58
661,1776876016800,544.0,414.0,2.58
662,1776876016811,540.0,398.0,2.58
663,1776876016822,545.0,407.0,2.58
664,1776876016833,545.0,574.0,2.58
665,1776876016844,541.0,469.0,2.58
666,1776876016855,545.0,528.0,2.58
667,1776876016866,544.0,748.0,2.58
668,1776876016877,540.0,658.0,2.58
669,1776876016888,544.0,706.0,2.58
670,1776876016899,539.0,736.0,2.58
671,1776876016910,538.0,761.0,2.58
672,1776876016921,543.0,765.0,2.58
673,1776876016932,542.0,755.0,2.58
674,1776876016943,542.0,767.0,2.58
675,1776876016956,541.0,747.0,2.58
676,1776876016965,540.0,711.0,2.58
677,1776876016976,545.0,704.0,2.58
678,1776876016987,540.0,689.0,2.58
679,1776876016998,543.0,671.0,2.58
680,1776876017009,545.0,665.0,2.58
681,1776876017020,542.0,657.0,2.58
682,1776876017031,544.0,651.0,2.58
683,1776876017042,541.0,649.0,2.58
684,1776876017053,536.0,641.0,2.58
685,1776876017064,548.0,633.0,2.58
686,1776876017075,543.0,619.0,2.58
687,1776876017086,545.0,570.0,2.58
688,1776876017097,543.0,588.0,2.58
689,1776876017108,547.0,572.0,2.58
690,1776876017119,545.0,551.0,2.58
691,1776876017130,543.0,556.0,2.58
692,1776876017141,542.0,551.0,2.58
693,1776876017152,548.0,541.0,2.58
694,1776876017163,542.0,549.0,2.58
695,1776876017174,547.0,545.0,2.58
696,1776876017185,541.0,537.0,2.58
697,1776876017196,537.0,538.0,2.58
698,1776876017207,543.0,536.0,2.58
699,1776876017218,540.0,527.0,2.58
700,1776876017229,542.0,524.0,2.58
701,1776876017240,542.0,506.0,2.58
702,1776876017251,544.0,505.0,2.58
703,1776876017262,543.0,505.0,2.58
704,1776876017273,545.0,482.0,2.58
705,1776876017284,540.0,484.0,2.58
706,1776876017295,546.0,482.0,2.58
707,1776876017306,546.0,459.0,2.58
708,1776876017317,546.0,469.0,2.58
709,1776876017328,559.0,466.0,2.58
710,1776876017339,594.0,447.0,2.58
711,1776876017350,580.0,461.0,2.58
712,1776876017361,448.0,455.0,2.58
713,1776876017371,368.0,436.0,2.58
714,1776876017383,446.0,453.0,2.58
715,1776876017394,520.0,449.0,2.58
716,1776876017405,621.0,427.0,2.58
717,1776876017416,627.0,439.0,2.58
718,1776876017427,618.0,442.0,2.58
719,1776876017437,594.0,438.0,2.58
720,1776876017448,586.0,440.0,2.58
721,1776876017459,576.0,438.0,2.58
722,1776876017470,565.0,416.0,2.58
723,1776876017481,557.0,430.0,2.58
724,1776876017492,552.0,432.0,2.58
725,1776876017504,552.0,423.0,2.58
726,1776876017514,550.0,432.0,2.58
727,1776876017526,553.0,430.0,2.58
728,1776876017536,550.0,414.0,2.58
729,1776876017547,552.0,429.0,2.58
730,1776876017558,556.0,431.0,2.58
731,1776876017570,556.0,425.0,2.58
732,1776876017580,559.0,422.0,2.58
733,1776876017591,550.0,421.0,2.58
734,1776876017602,541.0,392.0,2.58
735,1776876017613,540.0,411.0,2.58
736,1776876017625,525.0,412.0,2.58
737,1776876017635,522.0,397.0,2.58
738,1776876017646,520.0,410.0,2.58
739,1776876017657,520.0,411.0,2.58
740,1776876017668,532.0,403.0,2.58
741,1776876017679,529.0,412.0,2.58
742,1776876017690,529.0,408.0,2.58
743,1776876017701,532.0,402.0,2.58
744,1776876017712,536.0,406.0,2.58
745,1776876017723,542.0,400.0,2.58
746,1776876017734,542.0,401.0,2.58
747,1776876017745,541.0,402.0,2.58
748,1776876017756,543.0,405.0,2.58
749,1776876017767,543.0,399.0,2.58
750,1776876017778,542.0,400.0,2.58
751,1776876017789,541.0,527.0,2.58
752,1776876017800,546.0,461.0,2.58
753,1776876017811,545.0,498.0,2.58
754,1776876017822,541.0,575.0,2.58
755,1776876017833,542.0,640.0,2.58
756,1776876017844,542.0,753.0,2.58
757,1776876017855,544.0,790.0,2.58
758,1776876017866,543.0,799.0,2.58
759,1776876017877,542.0,795.0,2.58
760,1776876017888,543.0,759.0,2.58
761,1776876017899,540.0,771.0,2.58
762,1776876017910,545.0,713.0,2.58
763,1776876017921,543.0,724.0,2.58
764,1776876017932,542.0,701.0,2.58
765,1776876017943,542.0,684.0,2.58
766,1776876017954,543.0,673.0,2.58
767,1776876017965,542.0,656.0,2.58
768,1776876017976,548.0,633.0,2.58
769,1776876017987,541.0,643.0,2.58
770,1776876017998,546.0,633.0,2.58
771,1776876018009,538.0,599.0,2.58
772,1776876018020,542.0,614.0,2.58
773,1776876018031,541.0,601.0,2.58
774,1776876018042,548.0,566.0,2.58
775,1776876018053,544.0,577.0,2.58
776,1776876018064,541.0,563.0,2.58
777,1776876018075,544.0,549.0,2.58
778,1776876018086,546.0,550.0,2.58
779,1776876018097,542.0,545.0,2.58
780,1776876018108,540.0,544.0,2.58
781,1776876018119,542.0,546.0,2.58
782,1776876018130,546.0,542.0,2.58
783,1776876018141,540.0,533.0,2.58
784,1776876018152,541.0,541.0,2.58
785,1776876018163,541.0,538.0,2.58
786,1776876018174,546.0,505.0,2.58
787,1776876018185,541.0,520.0,2.58
788,1776876018196,545.0,517.0,2.58
789,1776876018207,544.0,508.0,2.58
790,1776876018221,575.0,499.0,2.58
791,1776876018229,593.0,500.0,2.58
792,1776876018240,546.0,472.0,2.58
793,1776876018251,355.0,482.0,2.58
794,1776876018262,380.0,475.0,2.58
795,1776876018273,485.0,458.0,2.58
796,1776876018284,552.0,462.0,2.58
797,1776876018295,613.0,457.0,2.58
798,1776876018306,619.0,450.0,2.58
799,1776876018317,612.0,453.0,2.58
800,1776876018328,587.0,450.0,2.58
801,1776876018339,579.0,446.0,2.58
802,1776876018350,566.0,447.0,2.58
803,1776876018361,562.0,429.0,2.58
804,1776876018372,557.0,439.0,2.58
805,1776876018383,551.0,439.0,2.58
806,1776876018394,549.0,428.0,2.58
807,1776876018405,546.0,439.0,2.58
808,1776876018416,553.0,436.0,2.58
809,1776876018427,556.0,426.0,2.58
810,1776876018438,558.0,439.0,2.58
811,1776876018449,556.0,441.0,2.58
812,1776876018460,557.0,424.0,2.58
813,1776876018471,555.0,436.0,2.58
814,1776876018482,550.0,435.0,2.58
815,1776876018493,538.0,419.0,2.58
816,1776876018504,532.0,438.0,2.58
817,1776876018515,525.0,433.0,2.58
818,1776876018527,521.0,411.0,2.58
819,1776876018537,524.0,436.0,2.58
820,1776876018548,526.0,428.0,2.58
821,1776876018559,533.0,411.0,2.58
822,1776876018570,535.0,424.0,2.58
823,1776876018581,536.0,421.0,2.58
824,1776876018593,537.0,400.0,2.58
825,1776876018603,540.0,420.0,2.58
826,1776876018614,541.0,392.0,2.58
827,1776876018625,545.0,410.0,2.58
828,1776876018636,540.0,407.0,2.58
829,1776876018647,538.0,417.0,2.58
830,1776876018658,545.0,403.0,2.58
831,1776876018669,545.0,412.0,2.58
832,1776876018680,542.0,560.0,2.58
833,1776876018691,542.0,457.0,2.58
834,1776876018702,542.0,519.0,2.58
835,1776876018713,542.0,579.0,2.58
836,1776876018724,543.0,650.0,2.58
837,1776876018735,541.0,710.0,2.58
838,1776876018746,541.0,748.0,2.58
839,1776876018757,540.0,774.0,2.58
840,1776876018768,544.0,777.0,2.58
841,1776876018779,546.0,778.0,2.58
842,1776876018790,545.0,758.0,2.58
843,1776876018801,541.0,740.0,2.58
844,1776876018812,544.0,690.0,2.58
845,1776876018823,544.0,694.0,2.58
846,1776876018834,542.0,676.0,2.58
847,1776876018845,545.0,643.0,2.58
848,1776876018856,541.0,640.0,2.58
849,1776876018867,542.0,630.0,2.58
850,1776876018878,547.0,611.0,2.58
851,1776876018889,544.0,610.0,2.58
852,1776876018900,542.0,589.0,2.58
853,1776876018911,543.0,577.0,2.58
854,1776876018922,541.0,575.0,2.58
855,1776876018933,546.0,549.0,2.58
856,1776876018944,541.0,548.0,2.58
857,1776876018955,539.0,545.0,2.58
858,1776876018966,537.0,540.0,2.58
859,1776876018977,545.0,538.0,2.58
860,1776876018988,542.0,539.0,2.58
861,1776876018999,544.0,539.0,2.58
862,1776876019010,545.0,543.0,2.58
863,1776876019021,568.0,542.0,2.58
864,1776876019032,603.0,530.0,2.58
865,1776876019043,570.0,535.0,2.58
866,1776876019054,458.0,536.0,2.58
867,1776876019065,355.0,517.0,2.58
868,1776876019076,446.0,521.0,2.58
869,1776876019087,540.0,519.0,2.58
870,1776876019098,613.0,496.0,2.58
871,1776876019109,620.0,492.0,2.58
872,1776876019120,618.0,471.0,2.58
873,1776876019131,594.0,443.0,2.58
874,1776876019142,591.0,458.0,2.58
875,1776876019153,571.0,452.0,2.58
876,1776876019164,560.0,423.0,2.58
877,1776876019175,559.0,441.0,2.58
878,1776876019186,554.0,432.0,2.58
879,1776876019197,553.0,412.0,2.58
880,1776876019208,555.0,425.0,2.58
881,1776876019219,553.0,422.0,2.58
882,1776876019230,555.0,407.0,2.58
883,1776876019241,560.0,420.0,2.58
884,1776876019252,562.0,418.0,2.58
885,1776876019263,567.0,405.0,2.58
886,1776876019274,561.0,417.0,2.58
887,1776876019285,553.0,415.0,2.58
888,1776876019296,544.0,409.0,2.58
889,1776876019307,531.0,417.0,2.58
890,1776876019318,524.0,417.0,2.58
891,1776876019328,516.0,415.0,2.58
892,1776876019340,518.0,419.0,2.58
893,1776876019351,519.0,418.0,2.58
894,1776876019362,525.0,414.0,2.58
895,1776876019373,528.0,417.0,2.58
896,1776876019384,534.0,404.0,2.58
897,1776876019394,538.0,413.0,2.58
898,1776876019406,538.0,412.0,2.58
899,1776876019417,544.0,397.0,2.58
900,1776876019428,543.0,405.0,2.58
901,1776876019439,548.0,401.0,2.58
902,1776876019449,546.0,396.0,2.58
903,1776876019461,542.0,393.0,2.58
904,1776876019472,540.0,432.0,2.58
905,1776876019482,546.0,448.0,2.58
906,1776876019494,546.0,460.0,2.58
907,1776876019504,542.0,635.0,2.58
908,1776876019515,543.0,615.0,2.58
909,1776876019526,542.0,650.0,2.58
910,1776876019537,540.0,693.0,2.58
911,1776876019548,542.0,781.0,2.58
912,1776876019559,545.0,772.0,2.58
913,1776876019570,542.0,781.0,2.58
914,1776876019581,543.0,774.0,2.58
915,1776876019592,544.0,761.0,2.58
916,1776876019603,542.0,736.0,2.58
917,1776876019614,542.0,717.0,2.58
918,1776876019625,544.0,706.0,2.58
919,1776876019636,543.0,674.0,2.58
920,1776876019647,541.0,664.0,2.58
921,1776876019658,540.0,654.0,2.58
922,1776876019669,545.0,643.0,2.58
923,1776876019680,547.0,632.0,2.58
924,1776876019691,547.0,626.0,2.58
925,1776876019703,547.0,593.0,2.58
926,1776876019713,546.0,609.0,2.58
927,1776876019724,540.0,597.0,2.58
928,1776876019735,543.0,552.0,2.58
929,1776876019746,542.0,572.0,2.58
930,1776876019757,545.0,555.0,2.58
931,1776876019768,544.0,544.0,2.58
932,1776876019779,540.0,541.0,2.58
933,1776876019790,547.0,541.0,2.58
934,1776876019801,546.0,540.0,2.58
935,1776876019812,577.0,542.0,2.58
936,1776876019823,595.0,542.0,2.58
937,1776876019834,545.0,531.0,2.58
938,1776876019845,393.0,539.0,2.58
939,1776876019856,372.0,534.0,2.58
940,1776876019867,476.0,529.0,2.58
941,1776876019878,570.0,526.0,2.58
942,1776876019889,623.0,521.0,2.58
943,1776876019900,624.0,497.0,2.58
944,1776876019911,608.0,504.0,2.58
945,1776876019922,592.0,500.0,2.58
946,1776876019933,580.0,481.0,2.58
947,1776876019944,578.0,483.0,2.58
948,1776876019955,563.0,474.0,2.58
949,1776876019966,560.0,457.0,2.58
950,1776876019977,552.0,467.0,2.58
951,1776876019988,553.0,447.0,2.58
952,1776876019999,551.0,451.0,2.58
953,1776876020010,552.0,451.0,2.58
954,1776876020021,555.0,433.0,2.58
955,1776876020032,560.0,440.0,2.58
956,1776876020043,561.0,439.0,2.58
957,1776876020054,561.0,439.0,2.58
958,1776876020065,555.0,437.0,2.58
959,1776876020076,552.0,440.0,2.58
960,1776876020087,539.0,441.0,2.58
961,1776876020098,530.0,439.0,2.58
962,1776876020109,521.0,443.0,2.58
963,1776876020120,521.0,436.0,2.58
964,1776876020131,518.0,443.0,2.58
965,1776876020142,521.0,444.0,2.58
966,1776876020153,529.0,435.0,2.58
967,1776876020164,530.0,443.0,2.58
968,1776876020175,533.0,439.0,2.58
969,1776876020186,536.0,437.0,2.58
970,1776876020197,538.0,440.0,2.58
971,1776876020208,538.0,426.0,2.58
972,1776876020219,540.0,429.0,2.58
973,1776876020230,541.0,427.0,2.58
974,1776876020241,544.0,445.0,2.58
975,1776876020252,542.0,422.0,2.58
976,1776876020263,545.0,430.0,2.58
977,1776876020274,544.0,597.0,2.58
978,1776876020285,544.0,510.0,2.58
979,1776876020296,543.0,564.0,2.58
980,1776876020307,546.0,766.0,2.58
981,1776876020318,543.0,686.0,2.58
982,1776876020329,542.0,728.0,2.58
983,1776876020340,544.0,796.0,2.58
984,1776876020351,544.0,786.0,2.58
985,1776876020362,542.0,781.0,2.58
986,1776876020373,542.0,772.0,2.58
987,1776876020384,542.0,753.0,2.58
988,1776876020395,544.0,730.0,2.58
989,1776876020406,542.0,682.0,2.58
990,1776876020417,545.0,689.0,2.58
991,1776876020428,547.0,677.0,2.58
992,1776876020439,546.0,655.0,2.58
993,1776876020450,545.0,650.0,2.58
994,1776876020461,543.0,646.0,2.58
995,1776876020472,545.0,624.0,2.58
996,1776876020483,541.0,622.0,2.58
997,1776876020494,542.0,612.0,2.58
998,1776876020505,545.0,585.0,2.58
999,1776876020516,541.0,583.0,2.58
1000,1776876020527,545.0,573.0,2.58
1001,1776876020538,544.0,550.0,2.58
1002,1776876020549,548.0,552.0,2.58
1003,1776876020560,543.0,549.0,2.58
1004,1776876020571,544.0,539.0,2.58
1005,1776876020582,541.0,545.0,2.58
1006,1776876020593,551.0,536.0,2.58
1007,1776876020604,586.0,540.0,2.58
1008,1776876020615,583.0,535.0,2.58
1009,1776876020626,496.0,535.0,2.58
1010,1776876020637,354.0,530.0,2.58
1011,1776876020648,381.0,531.0,2.58
1012,1776876020659,506.0,529.0,2.58
1013,1776876020670,588.0,516.0,2.58
1014,1776876020681,620.0,523.0,2.58
1015,1776876020692,621.0,500.0,2.58
1016,1776876020703,592.0,502.0,2.58
1017,1776876020714,591.0,500.0,2.58
1018,1776876020725,578.0,473.0,2.58
1019,1776876020736,571.0,483.0,2.58
1020,1776876020747,555.0,480.0,2.58
1021,1776876020758,553.0,455.0,2.58
1022,1776876020769,553.0,463.0,2.58
1023,1776876020780,555.0,462.0,2.58
1024,1776876020791,556.0,438.0,2.58
1025,1776876020802,556.0,452.0,2.58
1026,1776876020813,559.0,447.0,2.58
1027,1776876020824,556.0,429.0,2.58
1028,1776876020835,554.0,444.0,2.58
1029,1776876020846,554.0,442.0,2.58
1030,1776876020857,553.0,433.0,2.58
1031,1776876020868,543.0,442.0,2.58
1032,1776876020879,533.0,443.0,2.58
1033,1776876020890,527.0,437.0,2.58
1034,1776876020901,520.0,447.0,2.58
1035,1776876020912,529.0,430.0,2.58
1036,1776876020923,519.0,446.0,2.58
1037,1776876020934,524.0,441.0,2.58
1038,1776876020945,526.0,429.0,2.58
1039,1776876020956,529.0,438.0,2.58
1040,1776876020967,536.0,443.0,2.58
1041,1776876020978,537.0,421.0,2.58
1042,1776876020989,542.0,440.0,2.58
1043,1776876021000,539.0,438.0,2.58
1044,1776876021011,537.0,412.0,2.58
1045,1776876021022,538.0,426.0,2.58
1046,1776876021033,542.0,426.0,2.58
1047,1776876021044,545.0,505.0,2.58
1048,1776876021055,545.0,437.0,2.58
1049,1776876021066,542.0,478.0,2.58
1050,1776876021077,543.0,693.0,2.58
1051,1776876021088,544.0,578.0,2.58
1052,1776876021099,539.0,650.0,2.58
1053,1776876021110,545.0,803.0,2.58
1054,1776876021121,541.0,753.0,2.58
1055,1776876021132,540.0,775.0,2.58
1056,1776876021143,545.0,780.0,2.58
1057,1776876021154,538.0,778.0,2.58
1058,1776876021165,541.0,763.0,2.58
1059,1776876021176,546.0,713.0,2.58
1060,1776876021187,541.0,717.0,2.58
1061,1776876021198,543.0,695.0,2.58
1062,1776876021209,543.0,669.0,2.58
1063,1776876021220,540.0,661.0,2.58
1064,1776876021231,540.0,652.0,2.58
1065,1776876021242,545.0,643.0,2.58
1066,1776876021253,544.0,638.0,2.58
1067,1776876021264,542.0,622.0,2.58
1068,1776876021275,543.0,616.0,2.58
1069,1776876021286,543.0,614.0,2.58
1070,1776876021297,542.0,576.0,2.58
1071,1776876021308,544.0,574.0,2.58
1072,1776876021319,546.0,566.0,2.58
1073,1776876021330,543.0,546.0,2.58
1074,1776876021341,543.0,544.0,2.58
1075,1776876021352,544.0,541.0,2.58
1076,1776876021363,541.0,539.0,2.58
1077,1776876021374,541.0,542.0,2.58
1078,1776876021385,542.0,538.0,2.58
1079,1776876021396,542.0,533.0,2.58
1080,1776876021407,544.0,535.0,2.58
1081,1776876021418,568.0,535.0,2.58
1082,1776876021429,597.0,518.0,2.58
1083,1776876021440,549.0,526.0,2.58
1084,1776876021451,373.0,525.0,2.58
1085,1776876021462,375.0,499.0,2.58
1086,1776876021473,472.0,512.0,2.58
1087,1776876021484,560.0,510.0,2.58
1088,1776876021495,616.0,476.0,2.58
1089,1776876021506,615.0,491.0,2.58
1090,1776876021517,602.0,487.0,2.58
1091,1776876021528,589.0,477.0,2.58
1092,1776876021539,584.0,476.0,2.58
1093,1776876021550,567.0,477.0,2.58
1094,1776876021561,565.0,448.0,2.58
1095,1776876021572,556.0,467.0,2.58
1096,1776876021583,554.0,458.0,2.58
1097,1776876021594,553.0,444.0,2.58
1098,1776876021605,553.0,452.0,2.58
1099,1776876021616,554.0,456.0,2.58
1100,1776876021627,555.0,432.0,2.58
1101,1776876021638,557.0,448.0,2.58
1102,1776876021649,559.0,446.0,2.58
1103,1776876021660,554.0,437.0,2.58
1104,1776876021671,556.0,447.0,2.58
1105,1776876021682,553.0,437.0,2.58
1106,1776876021693,538.0,450.0,2.58
1107,1776876021704,529.0,451.0,2.58
1108,1776876021715,525.0,442.0,2.58
1109,1776876021726,520.0,454.0,2.58
1110,1776876021737,524.0,449.0,2.58
1111,1776876021748,525.0,437.0,2.58
1112,1776876021759,529.0,449.0,2.58
1113,1776876021770,535.0,449.0,2.58
1114,1776876021781,536.0,440.0,2.58
1115,1776876021792,538.0,442.0,2.58
1116,1776876021803,539.0,442.0,2.58
1117,1776876021814,543.0,428.0,2.58
1118,1776876021824,541.0,432.0,2.58
1119,1776876021836,541.0,435.0,2.58
1120,1776876021846,545.0,425.0,2.58
1121,1776876021858,542.0,425.0,2.58
1122,1776876021869,543.0,515.0,2.58
1123,1776876021880,546.0,485.0,2.58
1124,1776876021891,542.0,498.0,2.58
1125,1776876021902,540.0,575.0,2.58
1126,1776876021913,544.0,636.0,2.58
1127,1776876021924,542.0,698.0,2.58
1128,1776876021934,539.0,809.0,2.58
1129,1776876021945,540.0,784.0,2.58
1130,1776876021956,541.0,799.0,2.58
1131,1776876021967,542.0,798.0,2.58
1132,1776876021978,544.0,789.0,2.58
1133,1776876021989,542.0,765.0,2.58
1134,1776876022000,542.0,712.0,2.58
1135,1776876022011,543.0,724.0,2.58
1136,1776876022022,545.0,703.0,2.58
1137,1776876022033,543.0,673.0,2.58
1138,1776876022044,547.0,675.0,2.58
1139,1776876022056,546.0,669.0,2.58
1140,1776876022066,547.0,642.0,2.58
1141,1776876022078,547.0,645.0,2.58
1142,1776876022088,542.0,635.0,2.58
1143,1776876022099,543.0,596.0,2.58
1144,1776876022110,542.0,612.0,2.58
1145,1776876022121,542.0,599.0,2.58
1146,1776876022132,541.0,565.0,2.58
1147,1776876022143,543.0,571.0,2.58
1148,1776876022154,542.0,563.0,2.58
1149,1776876022165,543.0,562.0,2.58
1150,1776876022176,560.0,561.0,2.58
1151,1776876022187,597.0,562.0,2.58
1152,1776876022198,578.0,556.0,2.58
1153,1776876022209,473.0,559.0,2.58
1154,1776876022220,366.0,557.0,2.58
1155,1776876022231,452.0,553.0,2.58
1156,1776876022242,522.0,553.0,2.58
1157,1776876022253,598.0,553.0,2.58
1158,1776876022264,610.0,536.0,2.58
1159,1776876022275,610.0,544.0,2.58
1160,1776876022286,589.0,539.0,2.58
1161,1776876022297,587.0,520.0,2.58
1162,1776876022308,568.0,521.0,2.58
1163,1776876022319,565.0,507.0,2.58
1164,1776876022330,558.0,496.0,2.58
1165,1776876022341,555.0,495.0,2.58
1166,1776876022352,554.0,479.0,2.58
1167,1776876022363,548.0,483.0,2.58
1168,1776876022374,546.0,481.0,2.58
1169,1776876022385,548.0,470.0,2.58
1170,1776876022396,555.0,473.0,2.58
1171,1776876022407,562.0,476.0,2.58
1172,1776876022418,555.0,472.0,2.58
1173,1776876022429,554.0,471.0,2.58
1174,1776876022440,551.0,468.0,2.58
1175,1776876022451,543.0,467.0,2.58
1176,1776876022462,534.0,467.0,2.58
1177,1776876022473,529.0,466.0,2.58
1178,1776876022484,526.0,468.0,2.58
1179,1776876022495,523.0,469.0,2.58
1180,1776876022506,530.0,457.0,2.58
1181,1776876022517,535.0,465.0,2.58
1182,1776876022528,533.0,467.0,2.58
1183,1776876022539,537.0,464.0,2.58
1184,1776876022550,540.0,463.0,2.58
1185,1776876022561,543.0,466.0,2.58
1186,1776876022572,542.0,455.0,2.58
1187,1776876022583,543.0,461.0,2.58
1188,1776876022594,543.0,460.0,2.58
1189,1776876022605,545.0,457.0,2.58
1190,1776876022616,540.0,451.0,2.58
1191,1776876022627,541.0,454.0,2.58
1192,1776876022638,546.0,564.0,2.58
1193,1776876022649,540.0,489.0,2.58
1194,1776876022660,542.0,530.0,2.58
1195,1776876022671,543.0,742.0,2.58
1196,1776876022683,540.0,642.0,2.58
1197,1776876022693,541.0,708.0,2.58
1198,1776876022704,542.0,805.0,2.58
1199,1776876022715,542.0,780.0,2.58
1200,1776876022726,541.0,791.0,2.58
1201,1776876022737,546.0,783.0,2.58
1202,1776876022748,540.0,774.0,2.58
1203,1776876022759,551.0,754.0,2.58
1204,1776876022770,545.0,705.0,2.58
1205,1776876022781,546.0,711.0,2.58
1206,1776876022792,544.0,697.0,2.58
1207,1776876022803,544.0,664.0,2.58
1208,1776876022814,546.0,664.0,2.58
1209,1776876022825,541.0,655.0,2.58
1210,1776876022836,545.0,632.0,2.58
1211,1776876022847,540.0,636.0,2.58
1212,1776876022858,541.0,624.0,2.58
1213,1776876022869,544.0,601.0,2.58
1214,1776876022880,542.0,597.0,2.58
1215,1776876022891,548.0,589.0,2.58
1216,1776876022902,544.0,571.0,2.58
1217,1776876022913,545.0,568.0,2.58
1218,1776876022924,589.0,563.0,2.58
1219,1776876022935,583.0,566.0,2.58
1220,1776876022946,491.0,560.0,2.58
1221,1776876022957,338.0,564.0,2.58
1222,1776876022968,378.0,562.0,2.58
1223,1776876022979,513.0,561.0,2.58
1224,1776876022990,592.0,554.0,2.58
1225,1776876023001,625.0,561.0,2.58
1226,1776876023012,620.0,553.0,2.58
1227,1776876023023,594.0,552.0,2.58
1228,1776876023034,587.0,545.0,2.58
1229,1776876023045,571.0,538.0,2.58
1230,1776876023056,568.0,514.0,2.58
1231,1776876023067,564.0,511.0,2.58
1232,1776876023078,558.0,512.0,2.58
1233,1776876023089,553.0,480.0,2.58
1234,1776876023100,552.0,491.0,2.58
1235,1776876023111,554.0,489.0,2.58
1236,1776876023122,551.0,459.0,2.58
1237,1776876023133,558.0,467.0,2.58
1238,1776876023144,559.0,467.0,2.58
1239,1776876023155,565.0,446.0,2.58
1240,1776876023166,557.0,458.0,2.58
1241,1776876023177,552.0,455.0,2.58
1242,1776876023188,541.0,453.0,2.58
1243,1776876023199,530.0,449.0,2.58
1244,1776876023210,523.0,446.0,2.58
1245,1776876023221,519.0,457.0,2.58
1246,1776876023232,519.0,457.0,2.58
1247,1776876023243,520.0,450.0,2.58
1248,1776876023254,522.0,455.0,2.58
1249,1776876023265,528.0,448.0,2.58
1250,1776876023276,531.0,433.0,2.58
1251,1776876023287,536.0,454.0,2.58
1252,1776876023298,536.0,456.0,2.58
1253,1776876023309,541.0,431.0,2.58
1254,1776876023320,541.0,452.0,2.58
1255,1776876023331,541.0,445.0,2.58
1256,1776876023342,542.0,450.0,2.58
1257,1776876023353,541.0,441.0,2.58
1258,1776876023364,542.0,451.0,2.58
1259,1776876023375,544.0,460.0,2.58
1260,1776876023386,547.0,514.0,2.58
1261,1776876023397,543.0,560.0,2.58
1262,1776876023408,542.0,734.0,2.58
1263,1776876023419,545.0,686.0,2.58
1264,1776876023430,548.0,729.0,2.58
1265,1776876023441,543.0,793.0,2.58
1266,1776876023452,540.0,789.0,2.58
1267,1776876023463,546.0,791.0,2.58
1268,1776876023474,545.0,783.0,2.58
1269,1776876023485,545.0,768.0,2.58
1270,1776876023496,541.0,738.0,2.58
1271,1776876023507,540.0,718.0,2.58
1272,1776876023518,542.0,706.0,2.58
1273,1776876023529,546.0,694.0,2.58
1274,1776876023540,549.0,676.0,2.58
1275,1776876023551,544.0,669.0,2.58
1276,1776876023562,548.0,668.0,2.58
1277,1776876023573,542.0,659.0,2.58
1278,1776876023584,541.0,657.0,2.58
1279,1776876023595,540.0,650.0,2.58
1280,1776876023606,547.0,623.0,2.58
1281,1776876023617,544.0,619.0,2.58
1282,1776876023628,543.0,585.0,2.58
1283,1776876023639,544.0,571.0,2.58
1284,1776876023650,543.0,565.0,2.58
1285,1776876023662,541.0,546.0,2.58
1286,1776876023672,544.0,541.0,2.58
1287,1776876023683,544.0,539.0,2.58
1288,1776876023694,552.0,538.0,2.58
1289,1776876023705,592.0,537.0,2.58
1290,1776876023716,583.0,538.0,2.58
1291,1776876023727,464.0,525.0,2.58
1292,1776876023738,355.0,531.0,2.58
1293,1776876023749,386.0,529.0,2.58
1294,1776876023760,510.0,517.0,2.58
1295,1776876023771,609.0,522.0,2.58
1296,1776876023782,618.0,517.0,2.58
1297,1776876023793,621.0,497.0,2.58
1298,1776876023804,593.0,510.0,2.58
1299,1776876023815,588.0,504.0,2.58
1300,1776876023826,570.0,470.0,2.58
1301,1776876023837,565.0,489.0,2.58
1302,1776876023848,554.0,484.0,2.58
1303,1776876023859,555.0,452.0,2.58
1304,1776876023870,555.0,473.0,2.58
1305,1776876023881,553.0,465.0,2.58
1306,1776876023892,549.0,444.0,2.58
1307,1776876023903,553.0,457.0,2.58
1308,1776876023914,555.0,451.0,2.58
1309,1776876023925,559.0,449.0,2.58
1310,1776876023936,558.0,455.0,2.58
1311,1776876023947,555.0,452.0,2.58
1312,1776876023958,553.0,453.0,2.58
1313,1776876023969,544.0,455.0,2.58
1314,1776876023980,533.0,446.0,2.58
1315,1776876023991,527.0,456.0,2.58
1316,1776876024002,519.0,457.0,2.58
1317,1776876024013,514.0,451.0,2.58
1318,1776876024024,522.0,456.0,2.58
1319,1776876024035,527.0,456.0,2.58
1320,1776876024046,531.0,439.0,2.58
1321,1776876024057,532.0,450.0,2.58
1322,1776876024068,537.0,448.0,2.58
1323,1776876024079,536.0,425.0,2.58
1324,1776876024090,538.0,443.0,2.58
1325,1776876024101,538.0,443.0,2.58
1326,1776876024112,547.0,424.0,2.58
1327,1776876024123,546.0,431.0,2.58
1328,1776876024133,545.0,432.0,2.58
1329,1776876024145,544.0,483.0,2.58
1330,1776876024156,543.0,461.0,2.58
1331,1776876024166,542.0,489.0,2.58
1332,1776876024177,538.0,619.0,2.58
1333,1776876024188,544.0,620.0,2.58
1334,1776876024200,542.0,708.0,2.58
1335,1776876024210,544.0,767.0,2.58
1336,1776876024221,542.0,774.0,2.58
1337,1776876024232,542.0,799.0,2.58
1338,1776876024243,541.0,797.0,2.58
1339,1776876024254,543.0,791.0,2.58
1340,1776876024265,538.0,749.0,2.58
1341,1776876024276,545.0,753.0,2.58
1342,1776876024288,539.0,734.0,2.58
1343,1776876024298,543.0,716.0,2.58
1344,1776876024309,546.0,703.0,2.58
1345,1776876024320,542.0,691.0,2.58
1346,1776876024331,544.0,675.0,2.58
1347,1776876024342,544.0,674.0,2.58
1348,1776876024353,541.0,666.0,2.58
1349,1776876024365,546.0,634.0,2.58
1350,1776876024375,547.0,647.0,2.58
1351,1776876024386,540.0,631.0,2.58
1352,1776876024398,540.0,588.0,2.58
1353,1776876024408,544.0,603.0,2.58
1354,1776876024419,547.0,584.0,2.58
1355,1776876024430,542.0,563.0,2.58
1356,1776876024441,543.0,562.0,2.58
1357,1776876024452,545.0,557.0,2.58
1358,1776876024463,546.0,558.0,2.58
1359,1776876024474,542.0,559.0,2.58
1360,1776876024485,546.0,557.0,2.58
1361,1776876024496,542.0,556.0,2.58
1362,1776876024507,541.0,554.0,2.58
1363,1776876024518,542.0,554.0,2.58
1364,1776876024529,542.0,532.0,2.58
1365,1776876024540,545.0,543.0,2.58
1366,1776876024551,546.0,537.0,2.58
1367,1776876024563,542.0,516.0,2.58
1368,1776876024573,534.0,520.0,2.58
1369,1776876024584,538.0,520.0,2.58
1370,1776876024595,542.0,497.0,2.58
1371,1776876024606,543.0,509.0,2.58
1372,1776876024617,545.0,500.0,2.58
1373,1776876024628,542.0,482.0,2.58
1374,1776876024639,551.0,487.0,2.58
1375,1776876024650,580.0,489.0,2.58
1376,1776876024661,595.0,473.0,2.58
1377,1776876024672,541.0,475.0,2.58
1378,1776876024683,354.0,470.0,2.58
1379,1776876024694,384.0,465.0,2.58
1380,1776876024705,485.0,465.0,2.58
1381,1776876024716,572.0,457.0,2.58
1382,1776876024727,622.0,461.0,2.58
1383,1776876024738,619.0,462.0,2.58
1384,1776876024749,606.0,462.0,2.58
1385,1776876024760,584.0,464.0,2.58
1386,1776876024771,563.0,457.0,2.58
1387,1776876024782,568.0,449.0,2.58
1388,1776876024793,565.0,452.0,2.58
1389,1776876024804,561.0,448.0,2.58
1390,1776876024815,553.0,445.0,2.58
1391,1776876024826,551.0,448.0,2.58
1392,1776876024837,550.0,440.0,2.58
1393,1776876024848,552.0,450.0,2.58
1394,1776876024859,551.0,448.0,2.58
1395,1776876024870,556.0,428.0,2.58
1396,1776876024881,558.0,439.0,2.58
1397,1776876024892,558.0,440.0,2.58
1398,1776876024903,554.0,425.0,2.58
1399,1776876024914,550.0,433.0,2.58
1400,1776876024925,538.0,433.0,2.58
1401,1776876024936,529.0,425.0,2.58
1402,1776876024947,521.0,434.0,2.58
1403,1776876024958,523.0,437.0,2.58
1404,1776876024969,525.0,415.0,2.58
1405,1776876024980,523.0,432.0,2.58
1406,1776876024991,533.0,430.0,2.58
1407,1776876025002,535.0,416.0,2.58
1408,1776876025013,535.0,429.0,2.58
1409,1776876025024,540.0,429.0,2.58
1410,1776876025035,538.0,413.0,2.58
1411,1776876025046,539.0,431.0,2.58
1412,1776876025057,545.0,427.0,2.58
1413,1776876025068,544.0,424.0,2.58
1414,1776876025079,545.0,422.0,2.58
1415,1776876025090,542.0,423.0,2.58
1416,1776876025101,544.0,581.0,2.58
1417,1776876025112,542.0,474.0,2.58
1418,1776876025123,542.0,535.0,2.58
1419,1776876025134,542.0,793.0,2.58
1420,1776876025145,540.0,678.0,2.58
1421,1776876025156,538.0,740.0,2.58
1422,1776876025167,541.0,851.0,2.58
1423,1776876025178,540.0,815.0,2.58
1424,1776876025189,540.0,823.0,2.58
1425,1776876025200,541.0,817.0,2.58
1426,1776876025211,540.0,803.0,2.58
1427,1776876025222,538.0,785.0,2.58
1428,1776876025233,541.0,758.0,2.58
1429,1776876025244,540.0,733.0,2.58
1430,1776876025255,542.0,720.0,2.58
1431,1776876025266,545.0,697.0,2.58
1432,1776876025277,546.0,688.0,2.58
1433,1776876025288,549.0,678.0,2.58
1434,1776876025299,544.0,670.0,2.58
1435,1776876025310,545.0,667.0,2.58
1436,1776876025321,542.0,642.0,2.58
1437,1776876025332,542.0,647.0,2.58
1438,1776876025343,542.0,634.0,2.58
1439,1776876025354,545.0,595.0,2.58
1440,1776876025365,547.0,603.0,2.58
1441,1776876025376,542.0,593.0,2.58
1442,1776876025387,543.0,574.0,2.58
1443,1776876025398,543.0,574.0,2.58
1444,1776876025409,546.0,570.0,2.58
1445,1776876025420,543.0,571.0,2.58
1446,1776876025431,540.0,564.0,2.58
1447,1776876025442,540.0,566.0,2.58
1448,1776876025453,544.0,560.0,2.58
1449,1776876025464,550.0,565.0,2.58
1450,1776876025475,545.0,542.0,2.58
1451,1776876025486,540.0,557.0,2.58
1452,1776876025497,549.0,550.0,2.58
1453,1776876025508,589.0,518.0,2.58
1454,1776876025519,586.0,535.0,2.58
1455,1776876025530,543.0,533.0,2.58
1456,1776876025541,355.0,510.0,2.58
1457,1776876025552,402.0,511.0,2.58
1458,1776876025563,505.0,510.0,2.58
1459,1776876025574,563.0,486.0,2.58
1460,1776876025585,617.0,500.0,2.58
1461,1776876025596,621.0,492.0,2.58
1462,1776876025607,593.0,490.0,2.58
1463,1776876025618,592.0,483.0,2.58
1464,1776876025629,573.0,480.0,2.58
1465,1776876025640,568.0,467.0,2.58
1466,1776876025651,557.0,475.0,2.58
1467,1776876025662,562.0,475.0,2.58
1468,1776876025673,553.0,460.0,2.58
1469,1776876025684,545.0,466.0,2.58
1470,1776876025695,549.0,469.0,2.58
1471,1776876025706,548.0,457.0,2.58
1472,1776876025717,556.0,468.0,2.58
1473,1776876025728,555.0,464.0,2.58
1474,1776876025739,556.0,450.0,2.58
1475,1776876025750,553.0,462.0,2.58
1476,1776876025761,555.0,461.0,2.58
1477,1776876025772,546.0,454.0,2.58
1478,1776876025783,535.0,461.0,2.58
1479,1776876025794,531.0,461.0,2.58
1480,1776876025805,522.0,456.0,2.58
1481,1776876025816,525.0,458.0,2.58
1482,1776876025827,524.0,455.0,2.58
1483,1776876025838,527.0,446.0,2.58
1484,1776876025849,534.0,452.0,2.58
1485,1776876025860,532.0,443.0,2.58
1486,1776876025871,535.0,443.0,2.58
1487,1776876025882,539.0,447.0,2.58
1488,1776876025893,540.0,436.0,2.58
1489,1776876025904,544.0,441.0,2.58
1490,1776876025915,542.0,442.0,2.58
1491,1776876025926,539.0,428.0,2.58
1492,1776876025937,541.0,431.0,2.58
1493,1776876025948,542.0,432.0,2.58
1494,1776876025959,541.0,531.0,2.58
1495,1776876025970,545.0,461.0,2.58
1496,1776876025981,541.0,501.0,2.58
1497,1776876025992,542.0,728.0,2.58
1498,1776876026003,541.0,611.0,2.58
1499,1776876026014,540.0,691.0,2.58
1500,1776876026025,543.0,809.0,2.58
1501,1776876026036,543.0,775.0,2.58
1502,1776876026047,544.0,786.0,2.58
1503,1776876026058,539.0,789.0,2.58
1504,1776876026069,539.0,782.0,2.58
1505,1776876026080,542.0,771.0,2.58
1506,1776876026091,540.0,719.0,2.58
1507,1776876026102,541.0,730.0,2.58
1508,1776876026113,543.0,709.0,2.58
1509,1776876026124,546.0,672.0,2.58
1510,1776876026135,543.0,680.0,2.58
1511,1776876026146,542.0,660.0,2.58
1512,1776876026157,546.0,655.0,2.58
1513,1776876026168,547.0,649.0,2.58
1514,1776876026179,540.0,637.0,2.58
1515,1776876026190,542.0,601.0,2.58
1516,1776876026201,549.0,612.0,2.58
1517,1776876026212,547.0,598.0,2.58
1518,1776876026223,544.0,566.0,2.58
1519,1776876026236,546.0,571.0,2.58
1520,1776876026244,543.0,563.0,2.58
1521,1776876026255,544.0,558.0,2.58
1522,1776876026267,543.0,559.0,2.58
1523,1776876026278,555.0,565.0,2.58
1524,1776876026289,541.0,565.0,2.58
1525,1776876026300,538.0,565.0,2.58
1526,1776876026310,544.0,553.0,2.58
1527,1776876026321,544.0,559.0,2.58
1528,1776876026333,542.0,554.0,2.58
1529,1776876026344,543.0,549.0,2.58
1530,1776876026354,547.0,540.0,2.58
1531,1776876026366,573.0,536.0,2.58
1532,1776876026376,596.0,510.0,2.58
1533,1776876026387,527.0,518.0,2.58
1534,1776876026398,350.0,510.0,2.58
1535,1776876026409,375.0,494.0,2.58
1536,1776876026421,484.0,495.0,2.58
1537,1776876026431,573.0,485.0,2.58
1538,1776876026442,620.0,480.0,2.58
1539,1776876026453,623.0,479.0,2.58
1540,1776876026464,607.0,465.0,2.58
1541,1776876026475,594.0,471.0,2.58
1542,1776876026486,578.0,472.0,2.58
1543,1776876026497,574.0,458.0,2.58
1544,1776876026508,561.0,467.0,2.58
1545,1776876026519,555.0,466.0,2.58
1546,1776876026530,552.0,461.0,2.58
1547,1776876026541,551.0,457.0,2.58
1548,1776876026554,551.0,464.0,2.58
1549,1776876026563,552.0,459.0,2.58
1550,1776876026574,553.0,453.0,2.58
1551,1776876026585,558.0,458.0,2.58
1552,1776876026596,560.0,454.0,2.58
1553,1776876026607,554.0,456.0,2.58
1554,1776876026618,556.0,457.0,2.58
1555,1776876026629,550.0,441.0,2.58
1556,1776876026640,540.0,455.0,2.58
1557,1776876026651,526.0,450.0,2.58
1558,1776876026662,520.0,437.0,2.58
1559,1776876026673,519.0,447.0,2.58
1560,1776876026684,518.0,447.0,2.58
1561,1776876026695,523.0,427.0,2.58
1562,1776876026706,527.0,440.0,2.58
1563,1776876026717,530.0,440.0,2.58
1564,1776876026728,535.0,422.0,2.58
1565,1776876026739,540.0,437.0,2.58
1566,1776876026750,545.0,438.0,2.58
1567,1776876026761,542.0,412.0,2.58
1568,1776876026772,539.0,432.0,2.58
1569,1776876026783,545.0,428.0,2.58
1570,1776876026794,548.0,439.0,2.58
1571,1776876026805,546.0,422.0,2.58
1572,1776876026816,542.0,430.0,2.58
1573,1776876026827,543.0,581.0,2.58
1574,1776876026838,541.0,504.0,2.58
1575,1776876026849,541.0,552.0,2.58
1576,1776876026860,543.0,723.0,2.58
1577,1776876026871,542.0,687.0,2.58
1578,1776876026882,544.0,736.0,2.58
1579,1776876026893,545.0,799.0,2.58
1580,1776876026904,536.0,795.0,2.58
1581,1776876026915,544.0,798.0,2.58
1582,1776876026926,543.0,791.0,2.58
1583,1776876026937,544.0,775.0,2.58
1584,1776876026948,540.0,739.0,2.58
1585,1776876026959,541.0,726.0,2.58
1586,1776876026970,542.0,718.0,2.58
1587,1776876026981,543.0,688.0,2.58
1588,1776876026992,546.0,683.0,2.58
1589,1776876027003,540.0,669.0,2.58
1590,1776876027015,543.0,664.0,2.58
1591,1776876027025,543.0,656.0,2.58
1592,1776876027036,542.0,650.0,2.58
1593,1776876027047,544.0,615.0,2.58
1594,1776876027058,542.0,625.0,2.58
1595,1776876027069,546.0,615.0,2.58
1596,1776876027080,543.0,586.0,2.58
1597,1776876027091,544.0,587.0,2.58
1598,1776876027102,540.0,577.0,2.58
1599,1776876027113,545.0,564.0,2.58
1600,1776876027124,547.0,568.0,2.58
1601,1776876027135,549.0,562.0,2.58
1602,1776876027146,542.0,560.0,2.58
1603,1776876027157,543.0,563.0,2.58
1604,1776876027168,544.0,553.0,2.58
1605,1776876027179,541.0,551.0,2.58
1606,1776876027190,542.0,548.0,2.58
1607,1776876027201,543.0,532.0,2.58
1608,1776876027212,544.0,537.0,2.58
1609,1776876027223,547.0,539.0,2.58
1610,1776876027234,541.0,512.0,2.58
1611,1776876027245,555.0,522.0,2.58
1612,1776876027256,588.0,519.0,2.58
1613,1776876027267,579.0,506.0,2.58
1614,1776876027278,490.0,506.0,2.58
1615,1776876027289,342.0,494.0,2.58
1616,1776876027300,396.0,466.0,2.58
1617,1776876027311,514.0,486.0,2.58
1618,1776876027322,606.0,476.0,2.58
1619,1776876027333,623.0,454.0,2.58
1620,1776876027344,626.0,470.0,2.58
1621,1776876027355,593.0,468.0,2.58
1622,1776876027366,588.0,447.0,2.58
1623,1776876027377,574.0,461.0,2.58
1624,1776876027388,574.0,461.0,2.58
1625,1776876027399,561.0,446.0,2.58
1626,1776876027410,558.0,455.0,2.58
1627,1776876027421,550.0,454.0,2.58
1628,1776876027432,555.0,443.0,2.58
1629,1776876027443,552.0,454.0,2.58
1630,1776876027454,553.0,451.0,2.58
1631,1776876027465,558.0,447.0,2.58
1632,1776876027476,557.0,450.0,2.58
1633,1776876027487,563.0,446.0,2.58
1634,1776876027498,556.0,444.0,2.58
1635,1776876027509,553.0,444.0,2.58
1636,1776876027520,547.0,436.0,2.58
1637,1776876027531,531.0,429.0,2.58
1638,1776876027542,531.0,441.0,2.58
1639,1776876027553,520.0,443.0,2.58
1640,1776876027564,517.0,428.0,2.58
1641,1776876027575,519.0,436.0,2.58
1642,1776876027586,520.0,438.0,2.58
1643,1776876027597,529.0,428.0,2.58
1644,1776876027608,535.0,430.0,2.58
1645,1776876027619,538.0,428.0,2.58
1646,1776876027630,542.0,427.0,2.58
1647,1776876027641,542.0,433.0,2.58
1648,1776876027652,542.0,420.0,2.58
1649,1776876027663,542.0,419.0,2.58
1650,1776876027674,541.0,421.0,2.58
1651,1776876027685,544.0,444.0,2.58
1652,1776876027696,541.0,424.0,2.58
1653,1776876027707,542.0,425.0,2.58
1654,1776876027718,543.0,605.0,2.58
1655,1776876027729,541.0,523.0,2.58
1656,1776876027740,542.0,579.0,2.58
1657,1776876027751,543.0,780.0,2.58
1658,1776876027762,547.0,709.0,2.58
1659,1776876027773,541.0,782.0,2.58
1660,1776876027784,540.0,801.0,2.58
1661,1776876027795,540.0,803.0,2.58
1662,1776876027806,539.0,772.0,2.58
1663,1776876027817,540.0,780.0,2.58
1664,1776876027828,542.0,760.0,2.58
1665,1776876027839,543.0,716.0,2.58
1666,1776876027850,541.0,722.0,2.58
1667,1776876027861,545.0,701.0,2.58
1668,1776876027872,544.0,680.0,2.58
1669,1776876027883,542.0,679.0,2.58
1670,1776876027894,524.0,668.0,2.58
1671,1776876027905,545.0,651.0,2.58
1672,1776876027916,546.0,651.0,2.58
1673,1776876027927,542.0,646.0,2.58
1674,1776876027938,545.0,604.0,2.58
1675,1776876027949,540.0,620.0,2.58
1676,1776876027960,545.0,607.0,2.58
1677,1776876027971,540.0,570.0,2.58
1678,1776876027982,542.0,584.0,2.58
1679,1776876027993,539.0,572.0,2.58
1680,1776876028004,546.0,562.0,2.58
1681,1776876028015,544.0,565.0,2.58
1682,1776876028026,540.0,562.0,2.58
1683,1776876028037,543.0,553.0,2.58
1684,1776876028048,546.0,559.0,2.58
1685,1776876028059,547.0,555.0,2.58
1686,1776876028070,536.0,538.0,2.58
1687,1776876028081,544.0,546.0,2.58
1688,1776876028092,543.0,542.0,2.58
1689,1776876028103,543.0,518.0,2.58
1690,1776876028114,545.0,531.0,2.58
1691,1776876028125,544.0,523.0,2.58
1692,1776876028136,546.0,501.0,2.58
1693,1776876028147,543.0,515.0,2.58
1694,1776876028158,544.0,507.0,2.58
1695,1776876028169,542.0,489.0,2.58
1696,1776876028180,542.0,494.0,2.58
1697,1776876028191,540.0,487.0,2.58
1698,1776876028202,557.0,474.0,2.58
1699,1776876028213,590.0,476.0,2.58
1700,1776876028224,577.0,464.0,2.58
1701,1776876028235,424.0,461.0,2.58
1702,1776876028246,349.0,459.0,2.58
1703,1776876028257,429.0,450.0,2.58
1704,1776876028268,535.0,452.0,2.58
1705,1776876028279,615.0,455.0,2.58
1706,1776876028290,624.0,443.0,2.58
1707,1776876028301,619.0,451.0,2.58
1708,1776876028312,591.0,453.0,2.58
1709,1776876028323,586.0,445.0,2.58
1710,1776876028334,570.0,449.0,2.58
1711,1776876028345,563.0,454.0,2.58
1712,1776876028356,553.0,433.0,2.58
1713,1776876028367,555.0,450.0,2.58
1714,1776876028378,558.0,444.0,2.58
1715,1776876028389,550.0,425.0,2.58
1716,1776876028400,548.0,438.0,2.58
1717,1776876028411,554.0,438.0,2.58
1718,1776876028421,558.0,420.0,2.58
1719,1776876028433,559.0,433.0,2.58
1720,1776876028444,560.0,436.0,2.58
1721,1776876028456,556.0,416.0,2.58
1722,1776876028465,555.0,432.0,2.58
1723,1776876028476,545.0,432.0,2.58
1724,1776876028487,536.0,410.0,2.58
1725,1776876028498,519.0,428.0,2.58
1726,1776876028509,518.0,425.0,2.58
1727,1776876028520,521.0,411.0,2.58
1728,1776876028531,525.0,419.0,2.58
1729,1776876028542,521.0,403.0,2.58
1730,1776876028554,531.0,419.0,2.58
1731,1776876028564,532.0,420.0,2.58
1732,1776876028575,535.0,400.0,2.58
1733,1776876028586,537.0,415.0,2.58
1734,1776876028597,539.0,414.0,2.58
1735,1776876028608,543.0,394.0,2.58
1736,1776876028619,542.0,409.0,2.58
1737,1776876028630,543.0,407.0,2.58
1738,1776876028641,547.0,460.0,2.58
1739,1776876028652,539.0,419.0,2.58
1740,1776876028663,541.0,440.0,2.58
1741,1776876028674,545.0,667.0,2.58
1742,1776876028685,538.0,551.0,2.58
1743,1776876028696,542.0,617.0,2.58
1744,1776876028707,544.0,796.0,2.58
1745,1776876028718,540.0,744.0,2.58
1746,1776876028729,546.0,774.0,2.58
1747,1776876028740,544.0,795.0,2.58
1748,1776876028751,541.0,801.0,2.58
1749,1776876028762,544.0,791.0,2.58
1750,1776876028773,543.0,763.0,2.58
1751,1776876028784,546.0,753.0,2.58
1752,1776876028795,546.0,732.0,2.58
1753,1776876028806,546.0,708.0,2.58
1754,1776876028817,544.0,700.0,2.58
1755,1776876028828,541.0,682.0,2.58
1756,1776876028839,543.0,674.0,2.58
1757,1776876028850,542.0,668.0,2.58
1758,1776876028861,542.0,648.0,2.58
1759,1776876028872,543.0,649.0,2.58
1760,1776876028883,542.0,643.0,2.58
1761,1776876028894,545.0,607.0,2.58
1762,1776876028905,546.0,618.0,2.58
1763,1776876028916,546.0,601.0,2.58
1764,1776876028927,544.0,589.0,2.58
1765,1776876028938,547.0,580.0,2.58
1766,1776876028949,540.0,571.0,2.58
1767,1776876028960,542.0,559.0,2.58
1768,1776876028971,545.0,560.0,2.58
1769,1776876028982,544.0,556.0,2.58
1770,1776876028993,547.0,557.0,2.58
1771,1776876029004,546.0,555.0,2.58
1772,1776876029015,542.0,557.0,2.58
1773,1776876029026,538.0,547.0,2.58
1774,1776876029037,545.0,555.0,2.58
1775,1776876029048,546.0,551.0,2.58
1776,1776876029059,543.0,525.0,2.58
1777,1776876029070,540.0,537.0,2.58
1778,1776876029081,545.0,527.0,2.58
1779,1776876029092,548.0,503.0,2.58
1780,1776876029103,589.0,516.0,2.58
1781,1776876029114,590.0,506.0,2.58
1782,1776876029126,493.0,481.0,2.58
1783,1776876029136,350.0,496.0,2.58
1784,1776876029147,411.0,492.0,2.58
1785,1776876029158,504.0,461.0,2.58
1786,1776876029169,591.0,483.0,2.58
1787,1776876029180,616.0,474.0,2.58
1788,1776876029191,619.0,456.0,2.58
1789,1776876029202,595.0,468.0,2.58
1790,1776876029213,588.0,469.0,2.58
1791,1776876029224,574.0,456.0,2.58
1792,1776876029235,563.0,463.0,2.58
1793,1776876029246,555.0,463.0,2.58
1794,1776876029257,554.0,453.0,2.58
1795,1776876029268,554.0,454.0,2.58
1796,1776876029279,554.0,452.0,2.58
1797,1776876029290,555.0,449.0,2.58
1798,1776876029301,555.0,455.0,2.58
1799,1776876029312,555.0,448.0,2.58
1800,1776876029323,554.0,452.0,2.58
1801,1776876029334,561.0,451.0,2.58
1802,1776876029345,558.0,446.0,2.58
1803,1776876029356,552.0,453.0,2.58
1804,1776876029367,546.0,448.0,2.58
1805,1776876029378,536.0,445.0,2.58
1806,1776876029389,530.0,442.0,2.58
1807,1776876029400,520.0,437.0,2.58
1808,1776876029411,521.0,438.0,2.58
1809,1776876029422,521.0,444.0,2.58
1810,1776876029433,527.0,425.0,2.58
1811,1776876029444,527.0,434.0,2.58
1812,1776876029455,532.0,433.0,2.58
1813,1776876029466,534.0,415.0,2.58
1814,1776876029477,537.0,427.0,2.58
1815,1776876029488,540.0,431.0,2.58
1816,1776876029499,546.0,403.0,2.58
1817,1776876029510,545.0,423.0,2.58
1818,1776876029521,538.0,418.0,2.58
1819,1776876029532,547.0,430.0,2.58
1820,1776876029543,543.0,422.0,2.58
1821,1776876029554,542.0,422.0,2.58
1822,1776876029565,539.0,555.0,2.58
1823,1776876029576,542.0,510.0,2.58
1824,1776876029587,539.0,539.0,2.58
1825,1776876029598,543.0,736.0,2.58
1826,1776876029609,540.0,683.0,2.58
1827,1776876029620,544.0,728.0,2.58
1828,1776876029631,540.0,791.0,2.58
1829,1776876029642,543.0,781.0,2.58
1830,1776876029653,543.0,782.0,2.58
1831,1776876029664,545.0,773.0,2.58
1832,1776876029675,541.0,766.0,2.58
1833,1776876029686,541.0,740.0,2.58
1834,1776876029697,543.0,685.0,2.58
1835,1776876029708,543.0,701.0,2.58
1836,1776876029719,542.0,680.0,2.58
1837,1776876029730,543.0,645.0,2.58
1838,1776876029741,546.0,651.0,2.58
1839,1776876029752,545.0,638.0,2.58
1840,1776876029763,543.0,620.0,2.58
1841,1776876029774,542.0,618.0,2.58
1842,1776876029785,542.0,617.0,2.58
1843,1776876029796,542.0,583.0,2.58
1844,1776876029807,546.0,590.0,2.58
1845,1776876029818,543.0,579.0,2.58
1846,1776876029829,541.0,556.0,2.58
1847,1776876029840,543.0,557.0,2.58
1848,1776876029851,545.0,549.0,2.58
1849,1776876029862,542.0,545.0,2.58
1850,1776876029873,542.0,546.0,2.58
1851,1776876029884,542.0,542.0,2.58
1852,1776876029895,544.0,543.0,2.58
1853,1776876029906,543.0,546.0,2.58
1854,1776876029917,546.0,538.0,2.58
1855,1776876029928,543.0,538.0,2.58
1856,1776876029939,543.0,538.0,2.58
1857,1776876029950,553.0,519.0,2.58
1858,1776876029961,540.0,531.0,2.58
1859,1776876029972,540.0,526.0,2.58
1860,1776876029983,542.0,489.0,2.58
1861,1776876029994,545.0,510.0,2.58
1862,1776876030005,581.0,496.0,2.58
1863,1776876030016,590.0,471.0,2.58
1864,1776876030027,523.0,480.0,2.58
1865,1776876030038,376.0,482.0,2.58
1866,1776876030049,383.0,472.0,2.58
1867,1776876030060,483.0,470.0,2.58
1868,1776876030071,585.0,467.0,2.58
1869,1776876030082,619.0,455.0,2.58
1870,1776876030093,620.0,459.0,2.58
1871,1776876030104,597.0,448.0,2.58
1872,1776876030115,588.0,448.0,2.58
1873,1776876030126,576.0,450.0,2.58
1874,1776876030137,567.0,439.0,2.58
1875,1776876030148,563.0,444.0,2.58
1876,1776876030159,558.0,442.0,2.58
1877,1776876030170,559.0,438.0,2.58
1878,1776876030181,554.0,442.0,2.58
1879,1776876030192,551.0,446.0,2.58
1880,1776876030203,551.0,432.0,2.58
1881,1776876030214,553.0,448.0,2.58
1882,1776876030225,559.0,448.0,2.58
1883,1776876030236,560.0,430.0,2.58
1884,1776876030247,559.0,446.0,2.58
1885,1776876030258,558.0,442.0,2.58
1886,1776876030269,553.0,421.0,2.58
1887,1776876030280,535.0,437.0,2.58
1888,1776876030291,527.0,424.0,2.58
1889,1776876030302,524.0,417.0,2.58
1890,1776876030313,521.0,432.0,2.58
1891,1776876030324,522.0,430.0,2.58
1892,1776876030335,522.0,414.0,2.58
1893,1776876030346,532.0,430.0,2.58
1894,1776876030357,532.0,430.0,2.58
1895,1776876030368,538.0,411.0,2.58
1896,1776876030379,537.0,426.0,2.58
1897,1776876030390,540.0,420.0,2.58
1898,1776876030400,540.0,405.0,2.58
1899,1776876030412,543.0,413.0,2.58
1900,1776876030423,544.0,409.0,2.58
1901,1776876030434,543.0,409.0,2.58
1902,1776876030445,546.0,407.0,2.58
1903,1776876030456,543.0,458.0,2.58
1904,1776876030467,542.0,488.0,2.58
1905,1776876030478,541.0,494.0,2.58
1906,1776876030489,538.0,661.0,2.58
1907,1776876030500,541.0,659.0,2.58
1908,1776876030510,543.0,681.0,2.58
1909,1776876030522,544.0,725.0,2.58
1910,1776876030533,546.0,801.0,2.58
1911,1776876030544,543.0,791.0,2.58
1912,1776876030555,542.0,796.0,2.58
1913,1776876030566,528.0,790.0,2.58
1914,1776876030576,541.0,777.0,2.58
1915,1776876030587,543.0,757.0,2.58
1916,1776876030598,540.0,729.0,2.58
1917,1776876030610,543.0,721.0,2.58
1918,1776876030620,541.0,690.0,2.58
1919,1776876030631,542.0,681.0,2.58
1920,1776876030642,540.0,673.0,2.58
1921,1776876030653,544.0,648.0,2.58
1922,1776876030664,544.0,646.0,2.58
1923,1776876030675,543.0,639.0,2.58
1924,1776876030686,542.0,608.0,2.58
1925,1776876030697,542.0,619.0,2.58
1926,1776876030708,538.0,608.0,2.58
1927,1776876030719,543.0,565.0,2.58
1928,1776876030730,541.0,581.0,2.58
1929,1776876030741,545.0,567.0,2.58
1930,1776876030752,543.0,550.0,2.58
1931,1776876030763,545.0,553.0,2.58
1932,1776876030774,544.0,549.0,2.58
1933,1776876030785,544.0,548.0,2.58
1934,1776876030796,541.0,550.0,2.58
1935,1776876030807,543.0,547.0,2.58
1936,1776876030818,544.0,553.0,2.58
1937,1776876030829,544.0,545.0,2.58
1938,1776876030840,543.0,521.0,2.58
1939,1776876030851,542.0,536.0,2.58
1940,1776876030862,545.0,533.0,2.58
1941,1776876030873,558.0,502.0,2.58
1942,1776876030884,593.0,515.0,2.58
1943,1776876030896,568.0,510.0,2.58
1944,1776876030906,436.0,478.0,2.58
1945,1776876030917,367.0,494.0,2.58
1946,1776876030928,436.0,489.0,2.58
1947,1776876030939,530.0,463.0,2.58
1948,1776876030950,613.0,479.0,2.58
1949,1776876030961,626.0,475.0,2.58
1950,1776876030972,609.0,472.0,2.58
1951,1776876030983,591.0,466.0,2.58
1952,1776876030994,582.0,462.0,2.58
1953,1776876031005,570.0,451.0,2.58
1954,1776876031016,561.0,457.0,2.58
1955,1776876031027,559.0,454.0,2.58
1956,1776876031038,555.0,437.0,2.58
1957,1776876031049,551.0,450.0,2.58
1958,1776876031060,553.0,453.0,2.58
1959,1776876031071,548.0,433.0,2.58
1960,1776876031082,557.0,447.0,2.58
1961,1776876031093,555.0,449.0,2.58
1962,1776876031104,556.0,441.0,2.58
1963,1776876031115,560.0,446.0,2.58
1964,1776876031126,553.0,444.0,2.58
1965,1776876031137,553.0,441.0,2.58
1966,1776876031148,548.0,445.0,2.58
1967,1776876031159,534.0,443.0,2.58
1968,1776876031170,525.0,442.0,2.58
1969,1776876031181,518.0,450.0,2.58
1970,1776876031192,518.0,439.0,2.58
1971,1776876031203,524.0,443.0,2.58
1972,1776876031214,525.0,444.0,2.58
1973,1776876031225,530.0,430.0,2.58
1974,1776876031236,534.0,436.0,2.58
1975,1776876031247,535.0,436.0,2.58
1976,1776876031258,538.0,414.0,2.58
1977,1776876031269,539.0,433.0,2.58
1978,1776876031280,542.0,431.0,2.58
1979,1776876031291,544.0,404.0,2.58
1980,1776876031302,546.0,420.0,2.58
1981,1776876031313,543.0,417.0,2.58
1982,1776876031324,543.0,494.0,2.58
1983,1776876031335,539.0,432.0,2.58
1984,1776876031346,538.0,463.0,2.58
1985,1776876031357,544.0,695.0,2.58
1986,1776876031368,543.0,571.0,2.58
1987,1776876031379,537.0,641.0,2.58
1988,1776876031390,540.0,813.0,2.58
1989,1776876031401,542.0,748.0,2.58
1990,1776876031412,543.0,782.0,2.58
1991,1776876031423,540.0,795.0,2.58
1992,1776876031434,545.0,798.0,2.58
1993,1776876031445,541.0,787.0,2.58
1994,1776876031456,544.0,751.0,2.58
1995,1776876031467,546.0,749.0,2.58
1996,1776876031478,541.0,726.0,2.58
1997,1776876031489,546.0,687.0,2.58
1998,1776876031500,546.0,686.0,2.58
1999,1776876031511,542.0,674.0,2.58
2000,1776876031522,542.0,646.0,2.58
2001,1776876031533,541.0,649.0,2.58
2002,1776876031544,543.0,638.0,2.58
2003,1776876031555,546.0,611.0,2.58
2004,1776876031566,541.0,619.0,2.58
2005,1776876031577,542.0,610.0,2.58
2006,1776876031588,540.0,586.0,2.58
2007,1776876031599,541.0,571.0,2.58
2008,1776876031610,543.0,550.0,2.58
2009,1776876031621,542.0,558.0,2.58
2010,1776876031632,543.0,554.0,2.58
2011,1776876031643,547.0,550.0,2.58
2012,1776876031654,546.0,551.0,2.58
2013,1776876031665,542.0,548.0,2.58
2014,1776876031676,541.0,550.0,2.58
2015,1776876031687,542.0,553.0,2.58
2016,1776876031698,540.0,549.0,2.58
2017,1776876031709,541.0,543.0,2.58
2018,1776876031720,547.0,545.0,2.58
2019,1776876031731,545.0,537.0,2.58
2020,1776876031742,537.0,523.0,2.58
2021,1776876031753,539.0,524.0,2.58
2022,1776876031764,573.0,510.0,2.58
2023,1776876031775,594.0,509.0,2.58
2024,1776876031786,570.0,505.0,2.58
2025,1776876031797,401.0,483.0,2.58
2026,1776876031808,382.0,489.0,2.58
2027,1776876031819,481.0,484.0,2.58
2028,1776876031830,534.0,462.0,2.58
2029,1776876031841,619.0,472.0,2.58
2030,1776876031852,621.0,467.0,2.58
2031,1776876031863,606.0,450.0,2.58
2032,1776876031874,587.0,460.0,2.58
2033,1776876031885,580.0,460.0,2.58
2034,1776876031896,571.0,448.0,2.58
2035,1776876031907,565.0,454.0,2.58
2036,1776876031918,558.0,454.0,2.58
2037,1776876031929,549.0,441.0,2.58
2038,1776876031940,545.0,459.0,2.58
2039,1776876031951,549.0,452.0,2.58
2040,1776876031962,554.0,437.0,2.58
2041,1776876031973,536.0,450.0,2.58
2042,1776876031984,558.0,449.0,2.58
2043,1776876031995,556.0,435.0,2.58
2044,1776876032006,554.0,451.0,2.58
2045,1776876032017,561.0,447.0,2.58
2046,1776876032028,551.0,434.0,2.58
2047,1776876032039,543.0,447.0,2.58
2048,1776876032050,536.0,449.0,2.58
2049,1776876032061,521.0,430.0,2.58
2050,1776876032072,526.0,445.0,2.58
2051,1776876032083,521.0,440.0,2.58
2052,1776876032094,524.0,421.0,2.58
2053,1776876032105,526.0,438.0,2.58
2054,1776876032116,534.0,438.0,2.58
2055,1776876032127,535.0,417.0,2.58
2056,1776876032138,536.0,434.0,2.58
2057,1776876032149,539.0,431.0,2.58
2058,1776876032160,543.0,414.0,2.58
2059,1776876032171,547.0,429.0,2.58
2060,1776876032182,544.0,423.0,2.58
2061,1776876032193,542.0,410.0,2.58
2062,1776876032204,545.0,413.0,2.58
2063,1776876032215,541.0,414.0,2.58
2064,1776876032226,540.0,460.0,2.58
2065,1776876032237,544.0,458.0,2.58
2066,1776876032248,542.0,566.0,2.58
2067,1776876032259,541.0,611.0,2.58
2068,1776876032270,545.0,630.0,2.58
2069,1776876032281,545.0,769.0,2.58
2070,1776876032292,541.0,768.0,2.58
2071,1776876032303,541.0,785.0,2.58
2072,1776876032314,543.0,806.0,2.58
2073,1776876032325,540.0,803.0,2.58
2074,1776876032336,542.0,774.0,2.58
2075,1776876032347,541.0,746.0,2.58
2076,1776876032358,543.0,736.0,2.58
2077,1776876032369,540.0,695.0,2.58
2078,1776876032380,541.0,689.0,2.58
2079,1776876032391,543.0,678.0,2.58
2080,1776876032402,542.0,651.0,2.58
2081,1776876032413,541.0,653.0,2.58
2082,1776876032424,544.0,646.0,2.58
2083,1776876032435,543.0,610.0,2.58
2084,1776876032446,541.0,625.0,2.58
2085,1776876032457,545.0,608.0,2.58
2086,1776876032468,545.0,571.0,2.58
2087,1776876032479,543.0,586.0,2.58
2088,1776876032490,543.0,571.0,2.58
2089,1776876032501,543.0,555.0,2.58
2090,1776876032512,541.0,560.0,2.58
2091,1776876032523,543.0,556.0,2.58
2092,1776876032534,546.0,555.0,2.58
2093,1776876032545,542.0,556.0,2.58
2094,1776876032556,542.0,557.0,2.58
2095,1776876032567,541.0,553.0,2.58
2096,1776876032578,546.0,556.0,2.58
2097,1776876032589,582.0,555.0,2.58
2098,1776876032600,591.0,540.0,2.58
2099,1776876032611,506.0,549.0,2.58
2100,1776876032622,350.0,543.0,2.58
2101,1776876032633,388.0,538.0,2.58
2102,1776876032644,501.0,528.0,2.58
2103,1776876032655,576.0,520.0,2.58
2104,1776876032666,614.0,491.0,2.58
2105,1776876032677,616.0,511.0,2.58
2106,1776876032688,597.0,500.0,2.58
2107,1776876032699,588.0,474.0,2.58
2108,1776876032710,572.0,488.0,2.58
2109,1776876032721,566.0,481.0,2.58
2110,1776876032732,562.0,460.0,2.58
2111,1776876032743,557.0,471.0,2.58
2112,1776876032754,549.0,470.0,2.58
2113,1776876032765,551.0,455.0,2.58
2114,1776876032776,548.0,460.0,2.58
2115,1776876032787,547.0,458.0,2.58
2116,1776876032798,552.0,454.0,2.58
2117,1776876032809,549.0,459.0,2.58
2118,1776876032820,558.0,455.0,2.58
2119,1776876032831,557.0,454.0,2.58
2120,1776876032842,551.0,458.0,2.58
2121,1776876032853,544.0,457.0,2.58
2122,1776876032864,540.0,462.0,2.58
2123,1776876032875,532.0,461.0,2.58
2124,1776876032886,525.0,451.0,2.58
2125,1776876032897,524.0,459.0,2.58
2126,1776876032908,524.0,460.0,2.58
2127,1776876032919,528.0,452.0,2.58
2128,1776876032930,532.0,460.0,2.58
2129,1776876032941,533.0,457.0,2.58
2130,1776876032952,534.0,438.0,2.58
2131,1776876032963,540.0,458.0,2.58
2132,1776876032974,545.0,455.0,2.58
2133,1776876032985,542.0,424.0,2.58
2134,1776876032996,545.0,446.0,2.58
2135,1776876033007,542.0,440.0,2.58
2136,1776876033018,547.0,429.0,2.58
2137,1776876033029,542.0,435.0,2.58
2138,1776876033040,544.0,434.0,2.58
2139,1776876033051,541.0,525.0,2.58
2140,1776876033062,545.0,466.0,2.58
2141,1776876033073,540.0,497.0,2.58
2142,1776876033083,540.0,707.0,2.58
2143,1776876033095,543.0,603.0,2.58
2144,1776876033106,539.0,752.0,2.58
2145,1776876033117,540.0,758.0,2.58
2146,1776876033128,544.0,770.0,2.58
2147,1776876033138,545.0,782.0,2.58
2148,1776876033149,544.0,780.0,2.58
2149,1776876033161,541.0,763.0,2.58
2150,1776876033172,541.0,711.0,2.58
2151,1776876033182,544.0,728.0,2.58
2152,1776876033194,540.0,703.0,2.58
2153,1776876033204,545.0,654.0,2.58
2154,1776876033216,544.0,668.0,2.58
2155,1776876033227,546.0,651.0,2.58
2156,1776876033237,544.0,617.0,2.58
2157,1776876033248,544.0,628.0,2.58
2158,1776876033260,542.0,619.0,2.58
2159,1776876033270,541.0,574.0,2.58
2160,1776876033281,548.0,594.0,2.58
2161,1776876033292,544.0,577.0,2.58
2162,1776876033303,542.0,554.0,2.58
2163,1776876033314,541.0,556.0,2.58
2164,1776876033325,544.0,552.0,2.58
2165,1776876033336,561.0,556.0,2.58
2166,1776876033347,595.0,550.0,2.58
2167,1776876033358,578.0,553.0,2.58
2168,1776876033369,478.0,561.0,2.58
2169,1776876033380,362.0,562.0,2.58
2170,1776876033391,434.0,559.0,2.58
2171,1776876033402,517.0,560.0,2.58
2172,1776876033413,588.0,560.0,2.58
2173,1776876033424,617.0,557.0,2.58
2174,1776876033435,614.0,549.0,2.58
2175,1776876033446,595.0,548.0,2.58
2176,1776876033457,587.0,521.0,2.58
2177,1776876033468,569.0,528.0,2.58
2178,1776876033479,567.0,525.0,2.58
2179,1776876033490,559.0,498.0,2.58
2180,1776876033501,560.0,506.0,2.58
2181,1776876033512,552.0,499.0,2.58
2182,1776876033523,558.0,499.0,2.58
2183,1776876033534,549.0,488.0,2.58
2184,1776876033545,552.0,490.0,2.58
2185,1776876033556,554.0,480.0,2.58
2186,1776876033567,553.0,479.0,2.58
2187,1776876033578,560.0,481.0,2.58
2188,1776876033589,556.0,461.0,2.58
2189,1776876033600,555.0,465.0,2.58
2190,1776876033611,539.0,465.0,2.58
2191,1776876033622,537.0,457.0,2.58
2192,1776876033633,528.0,464.0,2.58
2193,1776876033644,528.0,465.0,2.58
2194,1776876033655,525.0,459.0,2.58
2195,1776876033668,527.0,468.0,2.58
2196,1776876033677,530.0,466.0,2.58
2197,1776876033688,533.0,457.0,2.58
2198,1776876033699,534.0,465.0,2.58
2199,1776876033710,535.0,464.0,2.58
2200,1776876033721,542.0,453.0,2.58
2201,1776876033732,544.0,466.0,2.58
2202,1776876033743,545.0,463.0,2.58
2203,1776876033754,545.0,442.0,2.58
2204,1776876033765,540.0,461.0,2.58
2205,1776876033776,542.0,456.0,2.58
2206,1776876033787,542.0,483.0,2.58
2207,1776876033798,543.0,460.0,2.58
2208,1776876033809,543.0,472.0,2.58
2209,1776876033820,544.0,589.0,2.58
2210,1776876033831,542.0,552.0,2.58
2211,1776876033842,543.0,596.0,2.58
2212,1776876033853,542.0,721.0,2.58
2213,1776876033864,543.0,709.0,2.58
2214,1776876033875,539.0,803.0,2.58
2215,1776876033886,540.0,784.0,2.58
2216,1776876033897,541.0,784.0,2.58
2217,1776876033908,539.0,774.0,2.58
2218,1776876033919,540.0,752.0,2.58
2219,1776876033930,545.0,736.0,2.58
2220,1776876033941,543.0,703.0,2.58
2221,1776876033952,543.0,698.0,2.58
2222,1776876033963,537.0,683.0,2.58
2223,1776876033974,541.0,659.0,2.58
2224,1776876033985,543.0,655.0,2.58
2225,1776876033996,544.0,632.0,2.58
2226,1776876034007,542.0,626.0,2.58
2227,1776876034018,546.0,622.0,2.58
2228,1776876034029,546.0,611.0,2.58
2229,1776876034040,546.0,584.0,2.58
2230,1776876034051,577.0,584.0,2.58
2231,1776876034062,597.0,574.0,2.58
2232,1776876034073,561.0,564.0,2.58
2233,1776876034084,365.0,558.0,2.58
2234,1776876034095,377.0,554.0,2.58
2235,1776876034106,472.0,558.0,2.58
2236,1776876034117,549.0,560.0,2.58
2237,1776876034128,618.0,561.0,2.58
2238,1776876034139,623.0,563.0,2.58
2239,1776876034150,612.0,563.0,2.58
2240,1776876034161,595.0,557.0,2.58
2241,1776876034172,579.0,558.0,2.58
2242,1776876034183,567.0,552.0,2.58
2243,1776876034194,562.0,530.0,2.58
2244,1776876034205,557.0,540.0,2.58
2245,1776876034216,550.0,531.0,2.58
2246,1776876034227,550.0,507.0,2.58
2247,1776876034238,549.0,522.0,2.58
2248,1776876034249,553.0,512.0,2.58
2249,1776876034260,554.0,488.0,2.58
2250,1776876034271,556.0,502.0,2.58
2251,1776876034282,559.0,495.0,2.58
2252,1776876034293,559.0,470.0,2.58
2253,1776876034304,556.0,482.0,2.58
2254,1776876034315,548.0,482.0,2.58
2255,1776876034326,539.0,465.0,2.58
2256,1776876034337,530.0,474.0,2.58
2257,1776876034348,518.0,471.0,2.58
2258,1776876034359,519.0,451.0,2.58
2259,1776876034370,519.0,467.0,2.58
2260,1776876034381,526.0,464.0,2.58
2261,1776876034392,525.0,461.0,2.58
2262,1776876034403,528.0,467.0,2.58
2263,1776876034414,533.0,461.0,2.58
2264,1776876034425,535.0,461.0,2.58
2265,1776876034436,541.0,465.0,2.58
2266,1776876034447,542.0,461.0,2.58
2267,1776876034458,538.0,457.0,2.58
2268,1776876034469,546.0,459.0,2.58
2269,1776876034480,545.0,467.0,2.58
2270,1776876034491,543.0,462.0,2.58
2271,1776876034502,541.0,462.0,2.58
2272,1776876034513,541.0,559.0,2.58
2273,1776876034524,541.0,606.0,2.58
2274,1776876034535,544.0,551.0,2.58
2275,1776876034546,539.0,594.0,2.58
2276,1776876034557,536.0,732.0,2.58
2277,1776876034568,539.0,716.0,2.58
2278,1776876034579,544.0,750.0,2.58
2279,1776876034590,542.0,804.0,2.58
2280,1776876034601,536.0,800.0,2.58
2281,1776876034612,543.0,800.0,2.58
2282,1776876034623,546.0,785.0,2.58
2283,1776876034634,542.0,756.0,2.58
2284,1776876034645,546.0,723.0,2.58
2285,1776876034656,546.0,719.0,2.58
2286,1776876034667,540.0,709.0,2.58
2287,1776876034678,543.0,685.0,2.58
2288,1776876034689,541.0,679.0,2.58
2289,1776876034700,544.0,664.0,2.58
2290,1776876034711,541.0,655.0,2.58
2291,1776876034722,546.0,650.0,2.58
2292,1776876034733,545.0,624.0,2.58
2293,1776876034744,544.0,628.0,2.58
2294,1776876034755,544.0,619.0,2.58
2295,1776876034766,562.0,587.0,2.58
2296,1776876034777,593.0,591.0,2.58
2297,1776876034788,561.0,582.0,2.58
2298,1776876034799,387.0,569.0,2.58
2299,1776876034810,363.0,570.0,2.58
2300,1776876034821,450.0,569.0,2.58
2301,1776876034832,555.0,565.0,2.58
2302,1776876034843,620.0,566.0,2.58
2303,1776876034854,626.0,566.0,2.58
2304,1776876034865,609.0,552.0,2.58
2305,1776876034876,595.0,555.0,2.58
2306,1776876034887,579.0,552.0,2.58
2307,1776876034898,573.0,534.0,2.58
2308,1776876034909,563.0,545.0,2.58
2309,1776876034920,556.0,533.0,2.58
2310,1776876034931,552.0,512.0,2.58
2311,1776876034942,553.0,525.0,2.58
2312,1776876034953,552.0,515.0,2.58
2313,1776876034964,552.0,494.0,2.58
2314,1776876034975,555.0,501.0,2.58
2315,1776876034986,561.0,496.0,2.58
2316,1776876034997,562.0,481.0,2.58
2317,1776876035008,559.0,489.0,2.58
2318,1776876035019,556.0,483.0,2.58
2319,1776876035030,548.0,465.0,2.58
2320,1776876035041,538.0,470.0,2.58
2321,1776876035052,527.0,476.0,2.58
2322,1776876035063,519.0,461.0,2.58
2323,1776876035074,518.0,472.0,2.58
2324,1776876035085,516.0,469.0,2.58
2325,1776876035096,524.0,459.0,2.58
2326,1776876035106,529.0,466.0,2.58
2327,1776876035117,532.0,465.0,2.58
2328,1776876035128,533.0,460.0,2.58
2329,1776876035140,539.0,465.0,2.58
2330,1776876035150,539.0,465.0,2.58
2331,1776876035161,539.0,458.0,2.58
2332,1776876035172,540.0,460.0,2.58
2333,1776876035183,544.0,457.0,2.58
2334,1776876035194,539.0,452.0,2.58
2335,1776876035205,540.0,450.0,2.58
2336,1776876035216,540.0,522.0,2.58
2337,1776876035227,545.0,504.0,2.58
2338,1776876035238,542.0,517.0,2.58
2339,1776876035249,546.0,698.0,2.58
2340,1776876035260,542.0,656.0,2.58
2341,1776876035271,538.0,693.0,2.58
2342,1776876035282,545.0,813.0,2.58
2343,1776876035293,541.0,787.0,2.58
2344,1776876035304,544.0,802.0,2.58
2345,1776876035315,540.0,810.0,2.58
2346,1776876035326,541.0,805.0,2.58
2347,1776876035337,543.0,787.0,2.58
2348,1776876035348,545.0,750.0,2.58
2349,1776876035359,542.0,756.0,2.58
2350,1776876035370,542.0,738.0,2.58
2351,1776876035381,541.0,714.0,2.58
2352,1776876035392,540.0,709.0,2.58
2353,1776876035403,544.0,691.0,2.58
2354,1776876035414,544.0,691.0,2.58
2355,1776876035425,546.0,679.0,2.58
2356,1776876035436,541.0,651.0,2.58
2357,1776876035447,540.0,662.0,2.58
2358,1776876035458,547.0,643.0,2.58
2359,1776876035469,541.0,600.0,2.58
2360,1776876035480,545.0,612.0,2.58
2361,1776876035491,544.0,598.0,2.58
2362,1776876035502,545.0,578.0,2.58
2363,1776876035513,547.0,583.0,2.58
2364,1776876035524,541.0,578.0,2.58
2365,1776876035535,543.0,573.0,2.58
2366,1776876035546,537.0,572.0,2.58
2367,1776876035557,546.0,573.0,2.58
2368,1776876035568,539.0,564.0,2.58
2369,1776876035579,545.0,569.0,2.58
2370,1776876035590,543.0,565.0,2.58
2371,1776876035601,545.0,545.0,2.58
2372,1776876035612,567.0,556.0,2.58
2373,1776876035623,593.0,555.0,2.58
2374,1776876035634,573.0,525.0,2.58
2375,1776876035645,424.0,535.0,2.58
2376,1776876035656,367.0,531.0,2.58
2377,1776876035667,465.0,502.0,2.58
2378,1776876035678,532.0,515.0,2.58
2379,1776876035689,619.0,512.0,2.58
2380,1776876035700,624.0,488.0,2.58
2381,1776876035711,610.0,495.0,2.58
2382,1776876035722,590.0,489.0,2.58
2383,1776876035733,582.0,483.0,2.58
2384,1776876035744,575.0,481.0,2.58
2385,1776876035755,564.0,480.0,2.58
2386,1776876035766,557.0,472.0,2.58
2387,1776876035777,556.0,474.0,2.58
2388,1776876035788,554.0,463.0,2.58
2389,1776876035799,550.0,462.0,2.58
2390,1776876035810,552.0,460.0,2.58
2391,1776876035821,552.0,455.0,2.58
2392,1776876035832,557.0,460.0,2.58
2393,1776876035843,559.0,457.0,2.58
2394,1776876035854,558.0,451.0,2.58
2395,1776876035865,559.0,460.0,2.58
2396,1776876035876,549.0,460.0,2.58
2397,1776876035887,538.0,448.0,2.58
2398,1776876035898,535.0,459.0,2.58
2399,1776876035909,521.0,460.0,2.58
2400,1776876035920,521.0,442.0,2.58
2401,1776876035931,519.0,456.0,2.58
2402,1776876035942,524.0,455.0,2.58
2403,1776876035953,528.0,439.0,2.58
2404,1776876035964,531.0,448.0,2.58
2405,1776876035975,536.0,445.0,2.58
2406,1776876035986,534.0,426.0,2.58
2407,1776876035997,535.0,447.0,2.58
2408,1776876036008,541.0,441.0,2.58
2409,1776876036019,544.0,419.0,2.58
2410,1776876036030,545.0,432.0,2.58
2411,1776876036041,542.0,430.0,2.58
2412,1776876036052,547.0,482.0,2.58
2413,1776876036063,544.0,433.0,2.58
2414,1776876036074,538.0,459.0,2.58
2415,1776876036085,540.0,692.0,2.58
2416,1776876036096,539.0,559.0,2.58
2417,1776876036107,543.0,639.0,2.58
2418,1776876036118,542.0,843.0,2.58
2419,1776876036129,540.0,764.0,2.58
2420,1776876036140,540.0,802.0,2.58
2421,1776876036151,543.0,825.0,2.58
2422,1776876036162,541.0,826.0,2.58
2423,1776876036173,542.0,786.0,2.58
2424,1776876036184,545.0,795.0,2.58
2425,1776876036195,545.0,774.0,2.58
2426,1776876036206,545.0,738.0,2.58
2427,1776876036217,542.0,741.0,2.58
2428,1776876036228,541.0,726.0,2.58
2429,1776876036239,542.0,709.0,2.58
2430,1776876036250,545.0,702.0,2.58
2431,1776876036261,541.0,698.0,2.58
2432,1776876036272,543.0,679.0,2.58
2433,1776876036283,544.0,683.0,2.58
2434,1776876036294,542.0,672.0,2.58
2435,1776876036305,541.0,640.0,2.58
2436,1776876036316,543.0,636.0,2.58
2437,1776876036327,537.0,626.0,2.58
2438,1776876036338,542.0,604.0,2.58
2439,1776876036349,548.0,600.0,2.58
2440,1776876036360,546.0,594.0,2.58
2441,1776876036371,545.0,583.0,2.58
2442,1776876036382,544.0,585.0,2.58
2443,1776876036393,545.0,581.0,2.58
2444,1776876036404,543.0,581.0,2.58
2445,1776876036415,545.0,581.0,2.58
2446,1776876036426,541.0,571.0,2.58
2447,1776876036437,540.0,570.0,2.58
2448,1776876036448,547.0,569.0,2.58
2449,1776876036459,543.0,550.0,2.58
2450,1776876036470,554.0,556.0,2.58
2451,1776876036481,594.0,552.0,2.58
2452,1776876036492,574.0,522.0,2.58
2453,1776876036503,434.0,536.0,2.58
2454,1776876036514,343.0,531.0,2.58
2455,1776876036525,424.0,516.0,2.58
2456,1776876036536,520.0,517.0,2.58
2457,1776876036547,603.0,519.0,2.58
2458,1776876036558,616.0,494.0,2.58
2459,1776876036569,621.0,500.0,2.58
2460,1776876036580,589.0,497.0,2.58
2461,1776876036591,588.0,478.0,2.58
2462,1776876036602,575.0,487.0,2.58
2463,1776876036613,569.0,486.0,2.58
2464,1776876036624,555.0,473.0,2.58
2465,1776876036635,551.0,481.0,2.58
2466,1776876036646,551.0,479.0,2.58
2467,1776876036657,552.0,465.0,2.58
2468,1776876036668,549.0,473.0,2.58
2469,1776876036679,546.0,475.0,2.58
2470,1776876036690,552.0,462.0,2.58
2471,1776876036701,553.0,472.0,2.58
2472,1776876036712,556.0,472.0,2.58
2473,1776876036723,551.0,461.0,2.58
2474,1776876036734,553.0,478.0,2.58
2475,1776876036745,546.0,470.0,2.58
2476,1776876036756,538.0,461.0,2.58
2477,1776876036767,528.0,470.0,2.58
2478,1776876036778,526.0,471.0,2.58
2479,1776876036789,520.0,458.0,2.58
2480,1776876036800,527.0,468.0,2.58
2481,1776876036811,532.0,460.0,2.58
2482,1776876036822,536.0,454.0,2.58
2483,1776876036833,533.0,460.0,2.58
2484,1776876036844,541.0,453.0,2.58
2485,1776876036855,542.0,454.0,2.58
2486,1776876036866,541.0,452.0,2.58
2487,1776876036877,545.0,444.0,2.58
2488,1776876036887,543.0,448.0,2.58
2489,1776876036899,546.0,439.0,2.58
2490,1776876036909,543.0,475.0,2.58
2491,1776876036920,542.0,460.0,2.58
2492,1776876036932,547.0,507.0,2.58
2493,1776876036942,539.0,560.0,2.58
2494,1776876036953,544.0,568.0,2.58
2495,1776876036965,544.0,727.0,2.58
2496,1776876036975,544.0,734.0,2.58
2497,1776876036986,539.0,762.0,2.58
2498,1776876036997,539.0,836.0,2.58
2499,1776876037008,545.0,832.0,2.58
2500,1776876037019,539.0,834.0,2.58
2501,1776876037030,545.0,830.0,2.58
2502,1776876037042,545.0,814.0,2.58
2503,1776876037052,540.0,794.0,2.58
2504,1776876037063,544.0,769.0,2.58
2505,1776876037074,542.0,740.0,2.58
2506,1776876037085,545.0,732.0,2.58
2507,1776876037096,543.0,718.0,2.58
2508,1776876037107,546.0,703.0,2.58
2509,1776876037118,539.0,699.0,2.58
2510,1776876037129,545.0,679.0,2.58
2511,1776876037140,546.0,681.0,2.58
2512,1776876037151,545.0,675.0,2.58
2513,1776876037162,547.0,632.0,2.58
2514,1776876037173,546.0,640.0,2.58
2515,1776876037184,545.0,629.0,2.58
2516,1776876037195,541.0,597.0,2.58
2517,1776876037206,544.0,602.0,2.58
2518,1776876037218,545.0,591.0,2.58
2519,1776876037228,542.0,582.0,2.58
2520,1776876037239,542.0,584.0,2.58
2521,1776876037250,543.0,584.0,2.58
2522,1776876037261,541.0,579.0,2.58
2523,1776876037272,542.0,578.0,2.58
2524,1776876037283,577.0,574.0,2.58
2525,1776876037294,603.0,555.0,2.58
2526,1776876037305,562.0,564.0,2.58
2527,1776876037316,362.0,559.0,2.58
2528,1776876037327,369.0,533.0,2.58
2529,1776876037338,474.0,541.0,2.58
2530,1776876037349,555.0,537.0,2.58
2531,1776876037360,626.0,513.0,2.58
2532,1776876037371,627.0,522.0,2.58
2533,1776876037382,612.0,513.0,2.58
2534,1776876037393,594.0,498.0,2.58
2535,1776876037404,582.0,503.0,2.58
2536,1776876037415,568.0,496.0,2.58
2537,1776876037426,565.0,489.0,2.58
2538,1776876037437,560.0,491.0,2.58
2539,1776876037448,555.0,487.0,2.58
2540,1776876037459,553.0,482.0,2.58
2541,1776876037470,550.0,486.0,2.58
2542,1776876037481,552.0,474.0,2.58
2543,1776876037492,551.0,479.0,2.58
2544,1776876037503,558.0,478.0,2.58
2545,1776876037514,563.0,475.0,2.58
2546,1776876037525,561.0,470.0,2.58
2547,1776876037536,558.0,476.0,2.58
2548,1776876037547,550.0,473.0,2.58
2549,1776876037558,538.0,472.0,2.58
2550,1776876037569,528.0,475.0,2.58
2551,1776876037580,517.0,465.0,2.58
2552,1776876037591,518.0,470.0,2.58
2553,1776876037602,521.0,470.0,2.58
2554,1776876037613,521.0,456.0,2.58
2555,1776876037624,525.0,468.0,2.58
2556,1776876037635,528.0,463.0,2.58
2557,1776876037646,532.0,457.0,2.58
2558,1776876037657,534.0,466.0,2.58
2559,1776876037668,539.0,464.0,2.58
2560,1776876037679,540.0,442.0,2.58
2561,1776876037690,543.0,458.0,2.58
2562,1776876037701,538.0,452.0,2.58
2563,1776876037712,550.0,446.0,2.58
2564,1776876037723,545.0,445.0,2.58
2565,1776876037734,542.0,556.0,2.58
2566,1776876037745,543.0,490.0,2.58
2567,1776876037756,542.0,522.0,2.58
2568,1776876037767,543.0,745.0,2.58
2569,1776876037778,542.0,650.0,2.58
2570,1776876037790,541.0,718.0,2.58
2571,1776876037800,542.0,834.0,2.58
2572,1776876037811,541.0,795.0,2.58
2573,1776876037822,541.0,810.0,2.58
2574,1776876037833,546.0,811.0,2.58
2575,1776876037844,544.0,803.0,2.58
2576,1776876037855,544.0,783.0,2.58
2577,1776876037866,544.0,751.0,2.58
2578,1776876037877,542.0,754.0,2.58
2579,1776876037888,545.0,739.0,2.58
2580,1776876037901,540.0,716.0,2.58
2581,1776876037910,544.0,708.0,2.58
2582,1776876037921,540.0,703.0,2.58
2583,1776876037932,548.0,685.0,2.58
2584,1776876037943,545.0,682.0,2.58
2585,1776876037954,544.0,676.0,2.58
2586,1776876037965,543.0,648.0,2.58
2587,1776876037976,545.0,649.0,2.58
2588,1776876037987,539.0,640.0,2.58
2589,1776876037998,541.0,610.0,2.58
2590,1776876038009,540.0,606.0,2.58
2591,1776876038020,544.0,594.0,2.58
2592,1776876038031,546.0,581.0,2.58
2593,1776876038042,544.0,581.0,2.58
2594,1776876038053,544.0,578.0,2.58
2595,1776876038064,540.0,574.0,2.58
2596,1776876038075,552.0,574.0,2.58
2597,1776876038086,579.0,573.0,2.58
2598,1776876038097,591.0,567.0,2.58
2599,1776876038108,505.0,567.0,2.58
2600,1776876038119,354.0,568.0,2.58
2601,1776876038130,363.0,559.0,2.58
2602,1776876038141,484.0,557.0,2.58
2603,1776876038152,582.0,543.0,2.58
2604,1776876038163,617.0,539.0,2.58
2605,1776876038174,622.0,537.0,2.58
2606,1776876038185,602.0,515.0,2.58
2607,1776876038196,588.0,517.0,2.58
2608,1776876038207,574.0,514.0,2.58
2609,1776876038219,573.0,495.0,2.58
2610,1776876038229,561.0,500.0,2.58
2611,1776876038240,556.0,498.0,2.58
2612,1776876038251,554.0,476.0,2.58
2613,1776876038262,555.0,488.0,2.58
2614,1776876038273,551.0,486.0,2.58
2615,1776876038284,550.0,466.0,2.58
2616,1776876038295,555.0,474.0,2.58
2617,1776876038306,558.0,471.0,2.58
2618,1776876038317,560.0,464.0,2.58
2619,1776876038328,558.0,470.0,2.58
2620,1776876038339,551.0,473.0,2.58
2621,1776876038350,548.0,455.0,2.58
2622,1776876038361,532.0,471.0,2.58
2623,1776876038372,527.0,467.0,2.58
2624,1776876038383,522.0,452.0,2.58
2625,1776876038394,517.0,466.0,2.58
2626,1776876038405,520.0,463.0,2.58
2627,1776876038416,524.0,455.0,2.58
2628,1776876038427,527.0,460.0,2.58
2629,1776876038438,532.0,462.0,2.58
2630,1776876038449,533.0,458.0,2.58
2631,1776876038460,536.0,462.0,2.58
2632,1776876038471,538.0,432.0,2.58
2633,1776876038482,547.0,456.0,2.58
2634,1776876038493,542.0,451.0,2.58
2635,1776876038504,544.0,439.0,2.58
2636,1776876038515,544.0,442.0,2.58
2637,1776876038526,537.0,441.0,2.58
2638,1776876038537,541.0,568.0,2.58
2639,1776876038548,543.0,483.0,2.58
2640,1776876038559,542.0,532.0,2.58
2641,1776876038570,541.0,755.0,2.58
2642,1776876038581,545.0,649.0,2.58
2643,1776876038592,541.0,710.0,2.58
2644,1776876038603,542.0,821.0,2.58
2645,1776876038614,542.0,785.0,2.58
2646,1776876038625,541.0,793.0,2.58
2647,1776876038636,546.0,794.0,2.58
2648,1776876038647,545.0,783.0,2.58
2649,1776876038658,544.0,770.0,2.58
2650,1776876038669,545.0,744.0,2.58
2651,1776876038680,543.0,735.0,2.58
2652,1776876038691,542.0,724.0,2.58
2653,1776876038702,541.0,703.0,2.58
2654,1776876038713,545.0,698.0,2.58
2655,1776876038724,541.0,686.0,2.58
2656,1776876038735,547.0,676.0,2.58
2657,1776876038746,544.0,672.0,2.58
2658,1776876038757,542.0,650.0,2.58
2659,1776876038768,540.0,648.0,2.58
2660,1776876038779,549.0,639.0,2.58
2661,1776876038790,544.0,601.0,2.58
2662,1776876038801,541.0,609.0,2.58
2663,1776876038812,543.0,595.0,2.58
2664,1776876038823,544.0,572.0,2.58
2665,1776876038834,544.0,575.0,2.58
2666,1776876038845,546.0,569.0,2.58
2667,1776876038856,541.0,572.0,2.58
2668,1776876038867,544.0,569.0,2.58
2669,1776876038878,541.0,570.0,2.58
2670,1776876038889,541.0,557.0,2.58
2671,1776876038900,542.0,566.0,2.58
2672,1776876038911,544.0,561.0,2.58
2673,1776876038922,543.0,539.0,2.58
2674,1776876038933,539.0,542.0,2.58
2675,1776876038944,548.0,540.0,2.58
2676,1776876038955,573.0,521.0,2.58
2677,1776876038966,598.0,531.0,2.58
2678,1776876038977,552.0,526.0,2.58
2679,1776876038988,359.0,499.0,2.58
2680,1776876038999,378.0,511.0,2.58
2681,1776876039010,473.0,502.0,2.58
2682,1776876039020,547.0,479.0,2.58
2683,1776876039032,622.0,496.0,2.58
2684,1776876039043,625.0,485.0,2.58
2685,1776876039054,614.0,471.0,2.58
2686,1776876039064,593.0,480.0,2.58
2687,1776876039076,580.0,474.0,2.58
2688,1776876039087,571.0,467.0,2.58
2689,1776876039097,562.0,473.0,2.58
2690,1776876039108,560.0,473.0,2.58
2691,1776876039120,554.0,456.0,2.58
2692,1776876039131,551.0,476.0,2.58
2693,1776876039142,548.0,465.0,2.58
2694,1776876039153,548.0,455.0,2.58
2695,1776876039163,558.0,461.0,2.58
2696,1776876039174,558.0,456.0,2.58
2697,1776876039185,561.0,452.0,2.58
2698,1776876039196,561.0,456.0,2.58
2699,1776876039207,557.0,459.0,2.58
2700,1776876039219,545.0,455.0,2.58
2701,1776876039229,534.0,457.0,2.58
2702,1776876039240,536.0,444.0,2.58
2703,1776876039251,524.0,450.0,2.58
2704,1776876039262,522.0,445.0,2.58
2705,1776876039273,522.0,440.0,2.58
2706,1776876039284,524.0,444.0,2.58
2707,1776876039295,526.0,443.0,2.58
2708,1776876039306,534.0,440.0,2.58
2709,1776876039317,537.0,445.0,2.58
2710,1776876039328,539.0,427.0,2.58
2711,1776876039339,541.0,430.0,2.58
2712,1776876039350,539.0,431.0,2.58
2713,1776876039361,539.0,418.0,2.58
2714,1776876039372,546.0,421.0,2.58
2715,1776876039383,544.0,421.0,2.58
2716,1776876039394,543.0,491.0,2.58
2717,1776876039405,549.0,437.0,2.58
2718,1776876039416,543.0,467.0,2.58
2719,1776876039427,542.0,680.0,2.58
2720,1776876039438,539.0,567.0,2.58
2721,1776876039449,544.0,644.0,2.58
2722,1776876039460,542.0,804.0,2.58
2723,1776876039471,544.0,743.0,2.58
2724,1776876039482,545.0,777.0,2.58
2725,1776876039493,543.0,790.0,2.58
2726,1776876039504,541.0,787.0,2.58
2727,1776876039515,542.0,784.0,2.58
2728,1776876039526,541.0,748.0,2.58
2729,1776876039537,543.0,753.0,2.58
2730,1776876039548,545.0,734.0,2.58
2731,1776876039559,543.0,695.0,2.58
2732,1776876039570,544.0,701.0,2.58
2733,1776876039581,545.0,685.0,2.58
2734,1776876039592,542.0,676.0,2.58
2735,1776876039603,545.0,670.0,2.58
2736,1776876039614,542.0,667.0,2.58
2737,1776876039625,543.0,634.0,2.58
2738,1776876039636,540.0,648.0,2.58
2739,1776876039647,547.0,634.0,2.58
2740,1776876039658,545.0,592.0,2.58
2741,1776876039669,542.0,606.0,2.58
2742,1776876039680,546.0,591.0,2.58
2743,1776876039691,547.0,570.0,2.58
2744,1776876039702,541.0,577.0,2.58
2745,1776876039713,544.0,573.0,2.58
2746,1776876039724,542.0,564.0,2.58
2747,1776876039735,544.0,567.0,2.58
2748,1776876039746,541.0,564.0,2.58
2749,1776876039757,544.0,560.0,2.58
2750,1776876039768,542.0,559.0,2.58
2751,1776876039779,543.0,559.0,2.58
2752,1776876039790,541.0,551.0,2.58
2753,1776876039801,542.0,550.0,2.58
2754,1776876039812,543.0,533.0,2.58
2755,1776876039823,543.0,530.0,2.58
2756,1776876039834,540.0,524.0,2.58
2757,1776876039845,542.0,501.0,2.58
2758,1776876039856,540.0,511.0,2.58
2759,1776876039867,545.0,508.0,2.58
2760,1776876039878,547.0,481.0,2.58
2761,1776876039889,537.0,494.0,2.58
2762,1776876039900,547.0,493.0,2.58
2763,1776876039911,544.0,464.0,2.58
2764,1776876039922,558.0,475.0,2.58
2765,1776876039933,596.0,474.0,2.58
2766,1776876039944,567.0,453.0,2.58
2767,1776876039955,392.0,469.0,2.58
2768,1776876039966,369.0,457.0,2.58
2769,1776876039977,445.0,463.0,2.58
2770,1776876039988,542.0,461.0,2.58
2771,1776876039999,617.0,449.0,2.58
2772,1776876040010,613.0,463.0,2.58
2773,1776876040021,612.0,457.0,2.58
2774,1776876040032,592.0,455.0,2.58
2775,1776876040043,580.0,445.0,2.58
2776,1776876040054,575.0,454.0,2.58
2777,1776876040065,555.0,445.0,2.58
2778,1776876040076,562.0,452.0,2.58
2779,1776876040087,552.0,451.0,2.58
2780,1776876040098,550.0,438.0,2.58
2781,1776876040109,546.0,450.0,2.58
2782,1776876040120,547.0,448.0,2.58
2783,1776876040131,555.0,423.0,2.58
2784,1776876040142,555.0,440.0,2.58
2785,1776876040153,557.0,434.0,2.58
2786,1776876040164,556.0,418.0,2.58
2787,1776876040175,558.0,429.0,2.58
2788,1776876040186,553.0,426.0,2.58
2789,1776876040197,538.0,409.0,2.58
2790,1776876040208,531.0,427.0,2.58
2791,1776876040219,523.0,428.0,2.58
2792,1776876040230,523.0,407.0,2.58
2793,1776876040241,518.0,427.0,2.58
2794,1776876040252,525.0,422.0,2.58
2795,1776876040263,529.0,401.0,2.58
2796,1776876040274,525.0,419.0,2.58
2797,1776876040285,533.0,414.0,2.58
2798,1776876040296,536.0,407.0,2.58
2799,1776876040307,536.0,415.0,2.58
2800,1776876040318,542.0,421.0,2.58
2801,1776876040329,548.0,404.0,2.58
2802,1776876040340,545.0,412.0,2.58
2803,1776876040351,546.0,410.0,2.58
2804,1776876040362,547.0,415.0,2.58
2805,1776876040373,543.0,415.0,2.58
2806,1776876040384,542.0,494.0,2.58
2807,1776876040395,539.0,508.0,2.58
2808,1776876040406,536.0,521.0,2.58
2809,1776876040417,540.0,692.0,2.58
2810,1776876040428,539.0,679.0,2.58
2811,1776876040439,540.0,706.0,2.58
2812,1776876040450,542.0,779.0,2.58
2813,1776876040461,542.0,772.0,2.58
2814,1776876040472,540.0,777.0,2.58
2815,1776876040483,539.0,764.0,2.58
2816,1776876040494,541.0,756.0,2.58
2817,1776876040505,543.0,733.0,2.58
2818,1776876040516,543.0,713.0,2.58
2819,1776876040527,541.0,699.0,2.58
2820,1776876040538,547.0,689.0,2.58
2821,1776876040549,545.0,668.0,2.58
2822,1776876040560,545.0,661.0,2.58
2823,1776876040571,543.0,652.0,2.58
2824,1776876040582,544.0,631.0,2.58
2825,1776876040593,542.0,639.0,2.58
2826,1776876040604,540.0,630.0,2.58
2827,1776876040615,548.0,589.0,2.58
2828,1776876040626,546.0,606.0,2.58
2829,1776876040637,542.0,587.0,2.58
2830,1776876040648,541.0,554.0,2.58
2831,1776876040659,540.0,565.0,2.58
2832,1776876040670,546.0,554.0,2.58
2833,1776876040681,544.0,548.0,2.58
2834,1776876040692,545.0,546.0,2.58
2835,1776876040703,540.0,545.0,2.58
2836,1776876040714,545.0,542.0,2.58
2837,1776876040725,544.0,541.0,2.58
2838,1776876040736,545.0,533.0,2.58
2839,1776876040747,542.0,541.0,2.58
2840,1776876040758,542.0,534.0,2.58
2841,1776876040769,543.0,511.0,2.58
2842,1776876040780,542.0,530.0,2.58
2843,1776876040791,540.0,519.0,2.58
2844,1776876040802,544.0,487.0,2.58
2845,1776876040813,544.0,503.0,2.58
2846,1776876040824,540.0,494.0,2.58
2847,1776876040835,532.0,464.0,2.58
2848,1776876040846,539.0,481.0,2.58
2849,1776876040857,542.0,476.0,2.58
2850,1776876040868,546.0,455.0,2.58
2851,1776876040879,545.0,465.0,2.58
2852,1776876040890,543.0,461.0,2.58
2853,1776876040901,540.0,453.0,2.58
2854,1776876040912,558.0,453.0,2.58
2855,1776876040923,596.0,453.0,2.58
2856,1776876040934,582.0,444.0,2.58
2857,1776876040945,461.0,448.0,2.58
2858,1776876040956,364.0,441.0,2.58
2859,1776876040967,432.0,443.0,2.58
2860,1776876040978,505.0,443.0,2.58
2861,1776876040989,611.0,436.0,2.58
2862,1776876041000,623.0,437.0,2.58
2863,1776876041011,615.0,442.0,2.58
2864,1776876041022,594.0,443.0,2.58
2865,1776876041033,585.0,433.0,2.58
2866,1776876041044,573.0,441.0,2.58
2867,1776876041055,571.0,441.0,2.58
2868,1776876041066,561.0,429.0,2.58
2869,1776876041077,554.0,434.0,2.58
2870,1776876041088,554.0,427.0,2.58
2871,1776876041099,553.0,421.0,2.58
2872,1776876041110,549.0,427.0,2.58
2873,1776876041121,551.0,407.0,2.58
2874,1776876041132,557.0,415.0,2.58
2875,1776876041143,555.0,418.0,2.58
2876,1776876041154,553.0,400.0,2.58
2877,1776876041165,554.0,409.0,2.58
2878,1776876041176,554.0,409.0,2.58
2879,1776876041187,542.0,387.0,2.58
2880,1776876041198,535.0,404.0,2.58
2881,1776876041209,526.0,401.0,2.58
2882,1776876041220,517.0,386.0,2.58
2883,1776876041231,521.0,397.0,2.58
2884,1776876041242,521.0,397.0,2.58
2885,1776876041253,521.0,381.0,2.58
2886,1776876041264,529.0,395.0,2.58
2887,1776876041275,532.0,399.0,2.58
2888,1776876041286,532.0,376.0,2.58
2889,1776876041297,536.0,395.0,2.58
2890,1776876041308,537.0,392.0,2.58
2891,1776876041319,545.0,369.0,2.58
2892,1776876041330,544.0,390.0,2.58
2893,1776876041341,546.0,388.0,2.58
2894,1776876041352,546.0,395.0,2.58
2895,1776876041363,542.0,392.0,2.58
2896,1776876041374,544.0,399.0,2.58
2897,1776876041385,539.0,496.0,2.58
2898,1776876041396,541.0,473.0,2.58
2899,1776876041407,541.0,519.0,2.58
2900,1776876041418,540.0,644.0,2.58
2901,1776876041429,539.0,650.0,2.58
2902,1776876041440,535.0,708.0,2.58
2903,1776876041451,539.0,746.0,2.58
2904,1776876041462,541.0,750.0,2.58
2905,1776876041473,539.0,757.0,2.58
2906,1776876041484,543.0,746.0,2.58
2907,1776876041495,541.0,738.0,2.58
2908,1776876041506,546.0,686.0,2.58
2909,1776876041517,541.0,689.0,2.58
2910,1776876041528,542.0,670.0,2.58
2911,1776876041539,543.0,633.0,2.58
2912,1776876041550,542.0,637.0,2.58
2913,1776876041561,540.0,627.0,2.58
2914,1776876041572,545.0,609.0,2.58
2915,1776876041583,545.0,610.0,2.58
2916,1776876041594,544.0,605.0,2.58
2917,1776876041605,545.0,578.0,2.58
2918,1776876041616,544.0,586.0,2.58
2919,1776876041627,543.0,570.0,2.58
2920,1776876041638,541.0,543.0,2.58
2921,1776876041649,542.0,542.0,2.58
2922,1776876041660,546.0,534.0,2.58
2923,1776876041671,545.0,532.0,2.58
2924,1776876041682,543.0,529.0,2.58
2925,1776876041693,546.0,532.0,2.58
2926,1776876041704,546.0,532.0,2.58
2927,1776876041715,543.0,534.0,2.58
2928,1776876041726,538.0,521.0,2.58
2929,1776876041737,542.0,531.0,2.58
2930,1776876041748,543.0,524.0,2.58
2931,1776876041759,541.0,508.0,2.58
2932,1776876041770,547.0,516.0,2.58
2933,1776876041781,543.0,512.0,2.58
2934,1776876041792,540.0,482.0,2.58
2935,1776876041803,544.0,499.0,2.58
2936,1776876041814,555.0,491.0,2.58
2937,1776876041825,594.0,463.0,2.58
2938,1776876041835,582.0,477.0,2.58
2939,1776876041847,461.0,475.0,2.58
2940,1776876041858,339.0,443.0,2.58
2941,1776876041869,423.0,462.0,2.58
2942,1776876041880,513.0,459.0,2.58
2943,1776876041891,590.0,424.0,2.58
2944,1776876041901,619.0,444.0,2.58
2945,1776876041912,616.0,441.0,2.58
2946,1776876041924,594.0,428.0,2.58
2947,1776876041934,587.0,439.0,2.58
2948,1776876041945,570.0,435.0,2.58
2949,1776876041957,561.0,428.0,2.58
2950,1776876041967,560.0,440.0,2.58
2951,1776876041978,556.0,437.0,2.58
2952,1776876041990,552.0,428.0,2.58
2953,1776876042000,550.0,426.0,2.58
2954,1776876042011,549.0,431.0,2.58
2955,1776876042022,547.0,420.0,2.58
2956,1776876042033,551.0,427.0,2.58
2957,1776876042044,555.0,431.0,2.58
2958,1776876042055,557.0,418.0,2.58
2959,1776876042066,553.0,435.0,2.58
2960,1776876042077,558.0,433.0,2.58
2961,1776876042089,550.0,419.0,2.58
2962,1776876042099,538.0,431.0,2.58
2963,1776876042110,531.0,426.0,2.58
2964,1776876042121,527.0,418.0,2.58
2965,1776876042132,526.0,423.0,2.58
2966,1776876042143,525.0,418.0,2.58
2967,1776876042154,530.0,415.0,2.58
2968,1776876042165,535.0,418.0,2.58
2969,1776876042176,536.0,407.0,2.58
2970,1776876042187,538.0,409.0,2.58
2971,1776876042198,540.0,413.0,2.58
2972,1776876042209,537.0,393.0,2.58
2973,1776876042220,539.0,403.0,2.58
2974,1776876042231,545.0,406.0,2.58
2975,1776876042242,546.0,382.0,2.58
2976,1776876042254,544.0,397.0,2.58
2977,1776876042264,542.0,427.0,2.58
2978,1776876042276,542.0,413.0,2.58
2979,1776876042286,544.0,418.0,2.58
2980,1776876042297,537.0,569.0,2.58
2981,1776876042309,547.0,523.0,2.58
2982,1776876042319,538.0,555.0,2.58
2983,1776876042330,540.0,718.0,2.58
2984,1776876042341,550.0,677.0,2.58
2985,1776876042352,543.0,711.0,2.58
2986,1776876042363,539.0,735.0,2.58
2987,1776876042374,543.0,739.0,2.58
2988,1776876042385,541.0,734.0,2.58
2989,1776876042396,539.0,687.0,2.58
2990,1776876042409,540.0,709.0,2.58
2991,1776876042418,546.0,684.0,2.58
2992,1776876042429,542.0,630.0,2.58
2993,1776876042440,546.0,647.0,2.58
2994,1776876042451,542.0,627.0,2.58
2995,1776876042462,544.0,588.0,2.58
2996,1776876042473,544.0,601.0,2.58
2997,1776876042484,544.0,581.0,2.58
2998,1776876042495,543.0,549.0,2.58
2999,1776876042506,544.0,573.0,2.58
3000,1776876042517,544.0,559.0,2.58
3001,1776876042528,541.0,530.0,2.58
3002,1776876042539,539.0,538.0,2.58
3003,1776876042550,541.0,532.0,2.58
3004,1776876042561,541.0,521.0,2.58
3005,1776876042572,541.0,522.0,2.58
3006,1776876042583,544.0,522.0,2.58
3007,1776876042594,546.0,530.0,2.58
3008,1776876042605,546.0,527.0,2.58
3009,1776876042616,590.0,530.0,2.58
3010,1776876042627,577.0,530.0,2.58
3011,1776876042638,519.0,532.0,2.58
3012,1776876042649,345.0,531.0,2.58
3013,1776876042660,407.0,520.0,2.58
3014,1776876042671,514.0,524.0,2.58
3015,1776876042682,576.0,522.0,2.58
3016,1776876042693,618.0,504.0,2.58
3017,1776876042704,616.0,502.0,2.58
3018,1776876042715,589.0,499.0,2.58
3019,1776876042726,586.0,484.0,2.58
3020,1776876042737,574.0,484.0,2.58
3021,1776876042748,562.0,469.0,2.58
3022,1776876042759,557.0,465.0,2.58
3023,1776876042770,557.0,465.0,2.58
3024,1776876042781,553.0,442.0,2.58
3025,1776876042792,554.0,450.0,2.58
3026,1776876042803,547.0,454.0,2.58
3027,1776876042814,548.0,432.0,2.58
3028,1776876042825,553.0,443.0,2.58
3029,1776876042836,556.0,440.0,2.58
3030,1776876042847,552.0,427.0,2.58
3031,1776876042858,552.0,436.0,2.58
3032,1776876042869,552.0,437.0,2.58
3033,1776876042880,542.0,430.0,2.58
3034,1776876042891,535.0,433.0,2.58
3035,1776876042902,529.0,438.0,2.58
3036,1776876042913,528.0,431.0,2.58
3037,1776876042924,521.0,441.0,2.58
3038,1776876042935,526.0,445.0,2.58
3039,1776876042946,532.0,433.0,2.58
3040,1776876042957,529.0,444.0,2.58
3041,1776876042968,530.0,441.0,2.58
3042,1776876042979,540.0,428.0,2.58
3043,1776876042990,544.0,445.0,2.58
3044,1776876043001,541.0,440.0,2.58
3045,1776876043012,545.0,416.0,2.58
3046,1776876043023,545.0,439.0,2.58
3047,1776876043034,544.0,409.0,2.58
3048,1776876043045,546.0,419.0,2.58
3049,1776876043056,546.0,417.0,2.58
3050,1776876043067,539.0,484.0,2.58
3051,1776876043078,543.0,432.0,2.58
3052,1776876043089,543.0,460.0,2.58
3053,1776876043100,542.0,656.0,2.58
3054,1776876043111,542.0,550.0,2.58
3055,1776876043122,539.0,618.0,2.58
3056,1776876043133,544.0,755.0,2.58
3057,1776876043144,541.0,710.0,2.58
3058,1776876043155,542.0,733.0,2.58
3059,1776876043166,543.0,741.0,2.58
3060,1776876043177,540.0,739.0,2.58
3061,1776876043188,539.0,729.0,2.58
3062,1776876043199,549.0,674.0,2.58
3063,1776876043210,546.0,687.0,2.58
3064,1776876043221,543.0,673.0,2.58
3065,1776876043233,542.0,638.0,2.58
3066,1776876043243,547.0,640.0,2.58
3067,1776876043254,541.0,625.0,2.58
3068,1776876043265,540.0,604.0,2.58
3069,1776876043276,545.0,605.0,2.58
3070,1776876043287,548.0,598.0,2.58
3071,1776876043298,542.0,567.0,2.58
3072,1776876043309,545.0,567.0,2.58
3073,1776876043320,563.0,545.0,2.58
3074,1776876043331,600.0,536.0,2.58
3075,1776876043342,582.0,531.0,2.58
3076,1776876043353,440.0,526.0,2.58
3077,1776876043364,365.0,522.0,2.58
3078,1776876043377,444.0,524.0,2.58
3079,1776876043386,513.0,534.0,2.58
3080,1776876043397,596.0,531.0,2.58
3081,1776876043408,615.0,537.0,2.58
3082,1776876043419,615.0,534.0,2.58
3083,1776876043430,592.0,535.0,2.58
3084,1776876043441,585.0,536.0,2.58
3085,1776876043452,567.0,515.0,2.58
3086,1776876043463,562.0,529.0,2.58
3087,1776876043474,560.0,521.0,2.58
3088,1776876043485,560.0,493.0,2.58
3089,1776876043496,554.0,510.0,2.58
3090,1776876043507,548.0,507.0,2.58
3091,1776876043518,551.0,479.0,2.58
3092,1776876043529,552.0,490.0,2.58
3093,1776876043540,552.0,483.0,2.58
3094,1776876043551,559.0,457.0,2.58
3095,1776876043562,555.0,471.0,2.58
3096,1776876043573,552.0,466.0,2.58
3097,1776876043584,549.0,443.0,2.58
3098,1776876043595,542.0,462.0,2.58
3099,1776876043606,536.0,453.0,2.58
3100,1776876043617,523.0,440.0,2.58
3101,1776876043628,524.0,450.0,2.58
3102,1776876043639,524.0,456.0,2.58
3103,1776876043650,522.0,439.0,2.58
3104,1776876043661,527.0,448.0,2.58
3105,1776876043672,535.0,452.0,2.58
3106,1776876043683,538.0,441.0,2.58
3107,1776876043694,538.0,454.0,2.58
3108,1776876043705,540.0,450.0,2.58
3109,1776876043716,537.0,443.0,2.58
3110,1776876043727,544.0,454.0,2.58
3111,1776876043738,548.0,453.0,2.58
3112,1776876043749,548.0,440.0,2.58
3113,1776876043760,546.0,448.0,2.58
3114,1776876043771,545.0,447.0,2.58
3115,1776876043782,542.0,468.0,2.58
3116,1776876043793,539.0,482.0,2.58
3117,1776876043804,536.0,636.0,2.58
3118,1776876043815,540.0,573.0,2.58
3119,1776876043826,544.0,622.0,2.58
3120,1776876043837,541.0,731.0,2.58
3121,1776876043848,540.0,718.0,2.58
3122,1776876043859,545.0,736.0,2.58
3123,1776876043870,540.0,754.0,2.58
3124,1776876043881,542.0,759.0,2.58
3125,1776876043892,545.0,742.0,2.58
3126,1776876043903,544.0,726.0,2.58
3127,1776876043914,544.0,716.0,2.58
3128,1776876043925,546.0,678.0,2.58
3129,1776876043936,542.0,675.0,2.58
3130,1776876043947,544.0,661.0,2.58
3131,1776876043958,534.0,635.0,2.58
3132,1776876043969,538.0,636.0,2.58
3133,1776876043980,543.0,633.0,2.58
3134,1776876043991,548.0,602.0,2.58
3135,1776876044002,546.0,612.0,2.58
3136,1776876044013,546.0,604.0,2.58
3137,1776876044024,547.0,595.0,2.58
3138,1776876044035,562.0,577.0,2.58
3139,1776876044046,591.0,573.0,2.58
3140,1776876044057,576.0,554.0,2.58
3141,1776876044068,418.0,552.0,2.58
3142,1776876044079,359.0,550.0,2.58
3143,1776876044090,417.0,542.0,2.58
3144,1776876044101,524.0,542.0,2.58
3145,1776876044112,624.0,539.0,2.58
3146,1776876044123,620.0,538.0,2.58
3147,1776876044134,624.0,538.0,2.58
3148,1776876044145,594.0,540.0,2.58
3149,1776876044156,584.0,526.0,2.58
3150,1776876044167,580.0,541.0,2.58
3151,1776876044178,570.0,535.0,2.58
3152,1776876044189,563.0,507.0,2.58
3153,1776876044200,558.0,521.0,2.58
3154,1776876044211,556.0,513.0,2.58
3155,1776876044222,550.0,480.0,2.58
3156,1776876044233,553.0,500.0,2.58
3157,1776876044244,549.0,493.0,2.58
3158,1776876044255,558.0,466.0,2.58
3159,1776876044266,556.0,483.0,2.58
3160,1776876044277,561.0,463.0,2.58
3161,1776876044288,564.0,452.0,2.58
3162,1776876044299,553.0,464.0,2.58
3163,1776876044310,538.0,465.0,2.58
3164,1776876044321,529.0,455.0,2.58
3165,1776876044332,526.0,458.0,2.58
3166,1776876044344,523.0,455.0,2.58
3167,1776876044354,516.0,451.0,2.58
3168,1776876044365,522.0,454.0,2.58
3169,1776876044376,530.0,450.0,2.58
3170,1776876044386,530.0,451.0,2.58
3171,1776876044398,530.0,457.0,2.58
3172,1776876044409,541.0,447.0,2.58
3173,1776876044420,537.0,451.0,2.58
3174,1776876044431,539.0,455.0,2.58
3175,1776876044442,545.0,442.0,2.58
3176,1776876044453,543.0,452.0,2.58
3177,1776876044463,542.0,442.0,2.58
3178,1776876044475,540.0,474.0,2.58
3179,1776876044486,543.0,448.0,2.58
3180,1776876044497,542.0,460.0,2.58
3181,1776876044508,542.0,494.0,2.58
3182,1776876044519,544.0,551.0,2.58
3183,1776876044530,543.0,560.0,2.58
3184,1776876044541,545.0,684.0,2.58
3185,1776876044551,541.0,700.0,2.58
3186,1776876044562,541.0,721.0,2.58
3187,1776876044573,545.0,772.0,2.58
3188,1776876044584,541.0,784.0,2.58
3189,1776876044596,541.0,781.0,2.58
3190,1776876044606,545.0,762.0,2.58
3191,1776876044617,545.0,749.0,2.58
3192,1776876044629,544.0,722.0,2.58
3193,1776876044639,542.0,707.0,2.58
3194,1776876044650,541.0,696.0,2.58
3195,1776876044663,547.0,678.0,2.58
3196,1776876044672,547.0,677.0,2.58
3197,1776876044683,543.0,672.0,2.58
3198,1776876044694,545.0,637.0,2.58
3199,1776876044705,542.0,649.0,2.58
3200,1776876044716,540.0,634.0,2.58
3201,1776876044727,544.0,593.0,2.58
3202,1776876044738,541.0,610.0,2.58
3203,1776876044749,543.0,597.0,2.58
3204,1776876044761,542.0,565.0,2.58
3205,1776876044771,541.0,574.0,2.58
3206,1776876044782,544.0,567.0,2.58
3207,1776876044793,546.0,557.0,2.58
3208,1776876044804,545.0,554.0,2.58
3209,1776876044815,559.0,547.0,2.58
3210,1776876044826,590.0,550.0,2.58
3211,1776876044838,594.0,551.0,2.58
3212,1776876044848,466.0,551.0,2.58
3213,1776876044859,340.0,535.0,2.58
3214,1776876044870,363.0,545.0,2.58
3215,1776876044881,497.0,539.0,2.58
3216,1776876044892,604.0,524.0,2.58
3217,1776876044903,624.0,529.0,2.58
3218,1776876044914,625.0,525.0,2.58
3219,1776876044925,598.0,506.0,2.58
3220,1776876044936,588.0,510.0,2.58
3221,1776876044947,573.0,504.0,2.58
3222,1776876044958,571.0,491.0,2.58
3223,1776876044969,560.0,492.0,2.58
3224,1776876044980,555.0,471.0,2.58
3225,1776876044991,555.0,471.0,2.58
3226,1776876045002,548.0,472.0,2.58
3227,1776876045013,555.0,466.0,2.58
3228,1776876045024,554.0,458.0,2.58
3229,1776876045035,559.0,464.0,2.58
3230,1776876045046,560.0,465.0,2.58
3231,1776876045057,559.0,458.0,2.58
3232,1776876045069,558.0,462.0,2.58
3233,1776876045079,554.0,458.0,2.58
3234,1776876045090,544.0,451.0,2.58
3235,1776876045101,530.0,453.0,2.58
3236,1776876045112,521.0,449.0,2.58
3237,1776876045123,520.0,449.0,2.58
3238,1776876045134,516.0,453.0,2.58
3239,1776876045145,519.0,450.0,2.58
3240,1776876045156,524.0,445.0,2.58
3241,1776876045167,527.0,453.0,2.58
3242,1776876045178,529.0,443.0,2.58
3243,1776876045189,527.0,451.0,2.58
3244,1776876045200,542.0,450.0,2.58
3245,1776876045211,541.0,427.0,2.58
3246,1776876045222,540.0,442.0,2.58
3247,1776876045233,544.0,440.0,2.58
3248,1776876045244,546.0,440.0,2.58
3249,1776876045255,545.0,437.0,2.58
3250,1776876045266,543.0,441.0,2.58
3251,1776876045277,544.0,578.0,2.58
3252,1776876045288,542.0,482.0,2.58
3253,1776876045299,541.0,540.0,2.58
3254,1776876045310,542.0,772.0,2.58
3255,1776876045321,543.0,707.0,2.58
3256,1776876045332,542.0,824.0,2.58
3257,1776876045343,539.0,787.0,2.58
3258,1776876045354,543.0,801.0,2.58
3259,1776876045365,542.0,804.0,2.58
3260,1776876045376,543.0,793.0,2.58
3261,1776876045387,542.0,775.0,2.58
3262,1776876045398,540.0,732.0,2.58
3263,1776876045409,540.0,740.0,2.58
3264,1776876045420,543.0,723.0,2.58
3265,1776876045431,544.0,700.0,2.58
3266,1776876045442,542.0,693.0,2.58
3267,1776876045453,542.0,689.0,2.58
3268,1776876045464,541.0,673.0,2.58
3269,1776876045475,541.0,673.0,2.58
3270,1776876045486,543.0,667.0,2.58
3271,1776876045497,545.0,639.0,2.58
3272,1776876045508,546.0,645.0,2.58
3273,1776876045519,544.0,627.0,2.58
3274,1776876045530,542.0,586.0,2.58
3275,1776876045541,543.0,598.0,2.58
3276,1776876045552,545.0,586.0,2.58
3277,1776876045563,541.0,568.0,2.58
3278,1776876045574,543.0,568.0,2.58
3279,1776876045585,543.0,562.0,2.58
3280,1776876045596,542.0,559.0,2.58
3281,1776876045607,541.0,558.0,2.58
3282,1776876045618,543.0,559.0,2.58
3283,1776876045630,544.0,550.0,2.58
3284,1776876045640,540.0,553.0,2.58
3285,1776876045651,544.0,546.0,2.58
3286,1776876045662,543.0,536.0,2.58
3287,1776876045673,539.0,539.0,2.58
3288,1776876045684,540.0,527.0,2.58
3289,1776876045695,544.0,520.0,2.58
3290,1776876045706,539.0,524.0,2.58
3291,1776876045717,539.0,498.0,2.58
3292,1776876045728,543.0,501.0,2.58
3293,1776876045739,561.0,500.0,2.58
3294,1776876045750,592.0,475.0,2.58
3295,1776876045761,587.0,482.0,2.58
3296,1776876045772,438.0,480.0,2.58
3297,1776876045783,357.0,456.0,2.58
3298,1776876045794,393.0,470.0,2.58
3299,1776876045805,519.0,467.0,2.58
3300,1776876045816,620.0,453.0,2.58
3301,1776876045827,620.0,463.0,2.58
3302,1776876045838,622.0,462.0,2.58
3303,1776876045849,595.0,445.0,2.58
3304,1776876045860,583.0,460.0,2.58
3305,1776876045871,577.0,457.0,2.58
3306,1776876045882,566.0,442.0,2.58
3307,1776876045893,559.0,456.0,2.58
3308,1776876045904,556.0,452.0,2.58
3309,1776876045915,552.0,441.0,2.58
3310,1776876045926,552.0,453.0,2.58
3311,1776876045937,549.0,452.0,2.58
3312,1776876045948,554.0,447.0,2.58
3313,1776876045959,553.0,453.0,2.58
3314,1776876045970,556.0,451.0,2.58
3315,1776876045981,560.0,443.0,2.58
3316,1776876045992,559.0,448.0,2.58
3317,1776876046003,552.0,449.0,2.58
3318,1776876046014,547.0,426.0,2.58
3319,1776876046025,536.0,445.0,2.58
3320,1776876046036,525.0,436.0,2.58
3321,1776876046047,517.0,424.0,2.58
3322,1776876046058,519.0,435.0,2.58
3323,1776876046069,519.0,436.0,2.58
3324,1776876046080,522.0,436.0,2.58
3325,1776876046091,531.0,434.0,2.58
3326,1776876046102,533.0,417.0,2.58
3327,1776876046113,538.0,435.0,2.58
3328,1776876046124,539.0,435.0,2.58
3329,1776876046135,544.0,404.0,2.58
3330,1776876046146,544.0,425.0,2.58
3331,1776876046157,545.0,419.0,2.58
3332,1776876046168,542.0,432.0,2.58
3333,1776876046179,545.0,422.0,2.58
3334,1776876046190,544.0,432.0,2.58
3335,1776876046201,539.0,548.0,2.58
3336,1776876046212,545.0,512.0,2.58
3337,1776876046223,543.0,571.0,2.58
3338,1776876046234,543.0,717.0,2.58
3339,1776876046245,541.0,723.0,2.58
3340,1776876046256,539.0,785.0,2.58
3341,1776876046267,537.0,824.0,2.58
3342,1776876046279,537.0,825.0,2.58
3343,1776876046289,544.0,825.0,2.58
3344,1776876046300,542.0,811.0,2.58
3345,1776876046311,541.0,797.0,2.58
3346,1776876046322,541.0,749.0,2.58
3347,1776876046333,540.0,750.0,2.58
3348,1776876046344,540.0,733.0,2.58
3349,1776876046355,542.0,706.0,2.58
3350,1776876046366,546.0,706.0,2.58
3351,1776876046377,544.0,694.0,2.58
3352,1776876046388,542.0,681.0,2.58
3353,1776876046399,543.0,680.0,2.58
3354,1776876046410,547.0,671.0,2.58
3355,1776876046421,546.0,631.0,2.58
3356,1776876046432,542.0,648.0,2.58
3357,1776876046443,543.0,631.0,2.58
3358,1776876046454,544.0,594.0,2.58
3359,1776876046465,545.0,605.0,2.58
3360,1776876046476,547.0,590.0,2.58
3361,1776876046487,545.0,572.0,2.58
3362,1776876046498,545.0,575.0,2.58
3363,1776876046509,541.0,577.0,2.58
3364,1776876046520,544.0,567.0,2.58
3365,1776876046531,547.0,565.0,2.58
3366,1776876046542,540.0,568.0,2.58
3367,1776876046553,539.0,558.0,2.58
3368,1776876046564,544.0,568.0,2.58
3369,1776876046575,543.0,563.0,2.58
3370,1776876046586,540.0,538.0,2.58
3371,1776876046598,543.0,551.0,2.58
3372,1776876046608,569.0,543.0,2.58
3373,1776876046619,600.0,514.0,2.58
3374,1776876046630,588.0,530.0,2.58
3375,1776876046641,425.0,523.0,2.58
3376,1776876046652,355.0,496.0,2.58
3377,1776876046663,448.0,509.0,2.58
3378,1776876046674,522.0,503.0,2.58
3379,1776876046685,615.0,486.0,2.58
3380,1776876046696,614.0,492.0,2.58
3381,1776876046707,617.0,488.0,2.58
3382,1776876046718,599.0,473.0,2.58
3383,1776876046729,584.0,475.0,2.58
3384,1776876046740,568.0,472.0,2.58
3385,1776876046751,567.0,463.0,2.58
3386,1776876046762,556.0,463.0,2.58
3387,1776876046773,554.0,459.0,2.58
3388,1776876046784,555.0,457.0,2.58
3389,1776876046795,551.0,463.0,2.58
3390,1776876046806,554.0,454.0,2.58
3391,1776876046817,551.0,458.0,2.58
3392,1776876046828,552.0,459.0,2.58
3393,1776876046839,553.0,460.0,2.58
3394,1776876046850,556.0,459.0,2.58
3395,1776876046861,553.0,449.0,2.58
3396,1776876046872,551.0,449.0,2.58
3397,1776876046883,545.0,449.0,2.58
3398,1776876046893,539.0,442.0,2.58
3399,1776876046904,532.0,450.0,2.58
3400,1776876046916,526.0,452.0,2.58
3401,1776876046926,527.0,439.0,2.58
3402,1776876046937,528.0,445.0,2.58
3403,1776876046949,534.0,448.0,2.58
3404,1776876046959,534.0,433.0,2.58
3405,1776876046970,537.0,447.0,2.58
3406,1776876046981,541.0,442.0,2.58
3407,1776876046992,542.0,420.0,2.58
3408,1776876047003,540.0,438.0,2.58
3409,1776876047014,544.0,437.0,2.58
3410,1776876047025,543.0,423.0,2.58
3411,1776876047036,542.0,424.0,2.58
3412,1776876047048,542.0,423.0,2.58
3413,1776876047058,541.0,493.0,2.58
3414,1776876047069,544.0,436.0,2.58
3415,1776876047080,544.0,471.0,2.58
3416,1776876047091,542.0,685.0,2.58
3417,1776876047102,541.0,577.0,2.58
3418,1776876047113,541.0,646.0,2.58
3419,1776876047124,543.0,810.0,2.58
3420,1776876047135,538.0,748.0,2.58
3421,1776876047146,544.0,783.0,2.58
3422,1776876047157,543.0,801.0,2.58
3423,1776876047168,547.0,796.0,2.58
3424,1776876047179,544.0,784.0,2.58
3425,1776876047190,542.0,738.0,2.58
3426,1776876047201,537.0,741.0,2.58
3427,1776876047212,543.0,724.0,2.58
3428,1776876047223,547.0,682.0,2.58
3429,1776876047236,543.0,688.0,2.58
3430,1776876047245,544.0,678.0,2.58
3431,1776876047256,545.0,653.0,2.58
3432,1776876047267,546.0,653.0,2.58
3433,1776876047278,541.0,648.0,2.58
3434,1776876047289,542.0,623.0,2.58
3435,1776876047300,544.0,624.0,2.58
3436,1776876047311,541.0,610.0,2.58
3437,1776876047322,547.0,584.0,2.58
3438,1776876047333,537.0,585.0,2.58
3439,1776876047344,544.0,574.0,2.58
3440,1776876047355,542.0,567.0,2.58
3441,1776876047366,545.0,565.0,2.58
3442,1776876047377,542.0,566.0,2.58
3443,1776876047388,543.0,570.0,2.58
3444,1776876047399,547.0,565.0,2.58
3445,1776876047410,560.0,561.0,2.58
3446,1776876047421,600.0,564.0,2.58
3447,1776876047432,564.0,561.0,2.58
3448,1776876047443,365.0,547.0,2.58
3449,1776876047454,366.0,551.0,2.58
3450,1776876047465,465.0,546.0,2.58
3451,1776876047476,546.0,519.0,2.58
3452,1776876047487,620.0,533.0,2.58
3453,1776876047498,618.0,526.0,2.58
3454,1776876047509,615.0,506.0,2.58
3455,1776876047520,590.0,512.0,2.58
3456,1776876047531,578.0,508.0,2.58
3457,1776876047544,572.0,486.0,2.58
3458,1776876047553,563.0,492.0,2.58
3459,1776876047564,554.0,491.0,2.58
3460,1776876047575,551.0,472.0,2.58
3461,1776876047586,552.0,483.0,2.58
3462,1776876047597,552.0,476.0,2.58
3463,1776876047608,554.0,461.0,2.58
3464,1776876047619,548.0,465.0,2.58
3465,1776876047630,553.0,462.0,2.58
3466,1776876047641,554.0,468.0,2.58
3467,1776876047652,560.0,470.0,2.58
3468,1776876047663,555.0,450.0,2.58
3469,1776876047674,550.0,469.0,2.58
3470,1776876047685,542.0,463.0,2.58
3471,1776876047696,534.0,453.0,2.58
3472,1776876047707,524.0,461.0,2.58
3473,1776876047718,521.0,460.0,2.58
3474,1776876047729,522.0,452.0,2.58
3475,1776876047740,526.0,464.0,2.58
3476,1776876047751,531.0,464.0,2.58
3477,1776876047762,534.0,449.0,2.58
3478,1776876047773,538.0,469.0,2.58
3479,1776876047784,537.0,463.0,2.58
3480,1776876047795,540.0,442.0,2.58
3481,1776876047806,539.0,454.0,2.58
3482,1776876047817,542.0,450.0,2.58
3483,1776876047828,548.0,441.0,2.58
3484,1776876047839,545.0,448.0,2.58
3485,1776876047850,544.0,443.0,2.58
3486,1776876047861,543.0,479.0,2.58
3487,1776876047872,545.0,460.0,2.58
3488,1776876047883,540.0,487.0,2.58
3489,1776876047894,539.0,595.0,2.58
3490,1776876047905,540.0,599.0,2.58
3491,1776876047916,545.0,696.0,2.58
3492,1776876047927,541.0,742.0,2.58
3493,1776876047938,543.0,756.0,2.58
3494,1776876047949,541.0,785.0,2.58
3495,1776876047960,541.0,787.0,2.58
3496,1776876047971,540.0,793.0,2.58
3497,1776876047982,544.0,752.0,2.58
3498,1776876047993,545.0,758.0,2.58
3499,1776876048004,542.0,743.0,2.58
3500,1776876048015,544.0,722.0,2.58
3501,1776876048026,544.0,697.0,2.58
3502,1776876048037,542.0,691.0,2.58
3503,1776876048048,544.0,675.0,2.58
3504,1776876048059,548.0,673.0,2.58
3505,1776876048070,548.0,666.0,2.58
3506,1776876048081,542.0,641.0,2.58
3507,1776876048092,543.0,641.0,2.58
3508,1776876048103,544.0,633.0,2.58
3509,1776876048114,541.0,596.0,2.58
3510,1776876048125,543.0,606.0,2.58
3511,1776876048136,547.0,594.0,2.58
3512,1776876048147,542.0,566.0,2.58
3513,1776876048158,543.0,570.0,2.58
3514,1776876048169,546.0,564.0,2.58
3515,1776876048180,556.0,566.0,2.58
3516,1776876048191,591.0,560.0,2.58
3517,1776876048202,593.0,561.0,2.58
3518,1776876048213,475.0,563.0,2.58
3519,1776876048224,339.0,561.0,2.58
3520,1776876048235,421.0,562.0,2.58
3521,1776876048246,508.0,546.0,2.58
3522,1776876048257,603.0,552.0,2.58
3523,1776876048268,622.0,551.0,2.58
3524,1776876048279,624.0,525.0,2.58
3525,1776876048290,598.0,538.0,2.58
3526,1776876048301,589.0,529.0,2.58
3527,1776876048312,574.0,503.0,2.58
3528,1776876048323,568.0,514.0,2.58
3529,1776876048334,555.0,509.0,2.58
3530,1776876048345,559.0,490.0,2.58
3531,1776876048356,554.0,494.0,2.58
3532,1776876048367,553.0,473.0,2.58
3533,1776876048378,547.0,486.0,2.58
3534,1776876048389,551.0,481.0,2.58
3535,1776876048400,558.0,463.0,2.58
3536,1776876048411,561.0,477.0,2.58
3537,1776876048422,558.0,470.0,2.58
3538,1776876048433,562.0,462.0,2.58
3539,1776876048444,551.0,468.0,2.58
3540,1776876048455,539.0,464.0,2.58
3541,1776876048466,529.0,460.0,2.58
3542,1776876048477,523.0,468.0,2.58
3543,1776876048488,520.0,465.0,2.58
3544,1776876048500,521.0,453.0,2.58
3545,1776876048510,523.0,467.0,2.58
3546,1776876048521,525.0,467.0,2.58
3547,1776876048532,528.0,456.0,2.58
3548,1776876048543,530.0,466.0,2.58
3549,1776876048554,535.0,465.0,2.58
3550,1776876048565,535.0,456.0,2.58
3551,1776876048576,542.0,460.0,2.58
3552,1776876048587,543.0,458.0,2.58
3553,1776876048598,542.0,450.0,2.58
3554,1776876048609,545.0,453.0,2.58
3555,1776876048620,545.0,455.0,2.58
3556,1776876048631,542.0,455.0,2.58
3557,1776876048642,543.0,458.0,2.58
3558,1776876048653,542.0,571.0,2.58
3559,1776876048664,544.0,553.0,2.58
3560,1776876048675,539.0,582.0,2.58
3561,1776876048686,545.0,756.0,2.58
3562,1776876048697,537.0,726.0,2.58
3563,1776876048708,540.0,757.0,2.58
3564,1776876048719,540.0,791.0,2.58
3565,1776876048730,540.0,801.0,2.58
3566,1776876048741,541.0,799.0,2.58
3567,1776876048752,545.0,771.0,2.58
3568,1776876048763,545.0,778.0,2.58
3569,1776876048774,544.0,758.0,2.58
3570,1776876048785,548.0,725.0,2.58
3571,1776876048796,541.0,725.0,2.58
3572,1776876048807,539.0,709.0,2.58
3573,1776876048818,541.0,699.0,2.58
3574,1776876048829,542.0,690.0,2.58
3575,1776876048840,542.0,682.0,2.58
3576,1776876048851,542.0,663.0,2.58
3577,1776876048862,540.0,668.0,2.58
3578,1776876048873,538.0,665.0,2.58
3579,1776876048884,545.0,616.0,2.58
3580,1776876048895,548.0,630.0,2.58
3581,1776876048906,546.0,615.0,2.58
3582,1776876048917,544.0,588.0,2.58
3583,1776876048928,547.0,585.0,2.58
3584,1776876048939,541.0,587.0,2.58
3585,1776876048950,540.0,578.0,2.58
3586,1776876048961,543.0,575.0,2.58
3587,1776876048972,540.0,577.0,2.58
3588,1776876048983,547.0,575.0,2.58
3589,1776876048994,543.0,578.0,2.58
3590,1776876049004,543.0,572.0,2.58
3591,1776876049016,545.0,557.0,2.58
3592,1776876049026,578.0,559.0,2.58
3593,1776876049037,600.0,558.0,2.58
3594,1776876049048,547.0,543.0,2.58
3595,1776876049059,345.0,548.0,2.58
3596,1776876049070,363.0,541.0,2.58
3597,1776876049081,470.0,525.0,2.58
3598,1776876049093,575.0,528.0,2.58
3599,1776876049103,627.0,523.0,2.58
3600,1776876049114,626.0,505.0,2.58
3601,1776876049126,613.0,508.0,2.58
3602,1776876049136,593.0,488.0,2.58
3603,1776876049147,578.0,494.0,2.58
3604,1776876049158,571.0,491.0,2.58
3605,1776876049169,567.0,479.0,2.58
3606,1776876049180,562.0,482.0,2.58
3607,1776876049191,554.0,478.0,2.58
3608,1776876049202,554.0,473.0,2.58
3609,1776876049213,552.0,475.0,2.58
3610,1776876049225,559.0,465.0,2.58
3611,1776876049235,559.0,468.0,2.58
3612,1776876049246,563.0,469.0,2.58
3613,1776876049257,563.0,462.0,2.58
3614,1776876049268,557.0,469.0,2.58
3615,1776876049279,560.0,466.0,2.58
3616,1776876049290,551.0,458.0,2.58
3617,1776876049301,537.0,466.0,2.58
3618,1776876049312,526.0,465.0,2.58
3619,1776876049323,510.0,456.0,2.58
3620,1776876049334,515.0,463.0,2.58
3621,1776876049345,514.0,461.0,2.58
3622,1776876049357,525.0,449.0,2.58
3623,1776876049368,527.0,460.0,2.58
3624,1776876049378,531.0,461.0,2.58
3625,1776876049389,529.0,445.0,2.58
3626,1776876049400,536.0,457.0,2.58
3627,1776876049411,539.0,456.0,2.58
3628,1776876049422,542.0,427.0,2.58
3629,1776876049433,543.0,447.0,2.58
3630,1776876049444,541.0,440.0,2.58
3631,1776876049455,544.0,470.0,2.58
3632,1776876049466,545.0,444.0,2.58
3633,1776876049477,547.0,453.0,2.58
3634,1776876049488,542.0,607.0,2.58
3635,1776876049499,544.0,508.0,2.58
3636,1776876049510,545.0,585.0,2.58
3637,1776876049521,542.0,807.0,2.58
3638,1776876049532,541.0,715.0,2.58
3639,1776876049543,538.0,768.0,2.58
3640,1776876049554,542.0,846.0,2.58
3641,1776876049565,545.0,822.0,2.58
3642,1776876049576,539.0,819.0,2.58
3643,1776876049587,542.0,815.0,2.58
3644,1776876049598,539.0,800.0,2.58
3645,1776876049609,539.0,784.0,2.58
3646,1776876049620,543.0,756.0,2.58
3647,1776876049631,545.0,749.0,2.58
3648,1776876049642,538.0,736.0,2.58
3649,1776876049653,545.0,724.0,2.58
3650,1776876049664,543.0,716.0,2.58
3651,1776876049675,540.0,712.0,2.58
3652,1776876049686,544.0,703.0,2.58
3653,1776876049697,545.0,702.0,2.58
3654,1776876049708,545.0,680.0,2.58
3655,1776876049719,544.0,675.0,2.58
3656,1776876049730,540.0,665.0,2.58
3657,1776876049741,542.0,626.0,2.58
3658,1776876049752,539.0,620.0,2.58
3659,1776876049764,547.0,615.0,2.58
3660,1776876049774,544.0,598.0,2.58
3661,1776876049785,543.0,595.0,2.58
3662,1776876049796,544.0,589.0,2.58
3663,1776876049807,540.0,594.0,2.58
3664,1776876049818,541.0,586.0,2.58
3665,1776876049829,542.0,588.0,2.58
3666,1776876049840,543.0,576.0,2.58
3667,1776876049851,543.0,585.0,2.58
3668,1776876049862,544.0,576.0,2.58
3669,1776876049873,544.0,552.0,2.58
3670,1776876049884,542.0,567.0,2.58
3671,1776876049895,541.0,533.0,2.58
3672,1776876049906,545.0,543.0,2.58
3673,1776876049917,543.0,536.0,2.58
3674,1776876049928,546.0,511.0,2.58
3675,1776876049939,543.0,525.0,2.58
3676,1776876049950,543.0,516.0,2.58
3677,1776876049961,543.0,496.0,2.58
3678,1776876049972,543.0,509.0,2.58
3679,1776876049983,545.0,507.0,2.58
3680,1776876049994,547.0,484.0,2.58
3681,1776876050005,543.0,497.0,2.58
3682,1776876050016,541.0,497.0,2.58
3683,1776876050027,542.0,479.0,2.58
3684,1776876050038,544.0,488.0,2.58
3685,1776876050049,543.0,483.0,2.58
3686,1776876050060,545.0,471.0,2.58
3687,1776876050071,541.0,482.0,2.58
3688,1776876050082,544.0,479.0,2.58
3689,1776876050093,542.0,468.0,2.58
3690,1776876050104,540.0,477.0,2.58
3691,1776876050115,540.0,475.0,2.58
3692,1776876050126,542.0,458.0,2.58
3693,1776876050137,539.0,475.0,2.58
3694,1776876050148,545.0,467.0,2.58
3695,1776876050159,539.0,451.0,2.58
3696,1776876050170,542.0,462.0,2.58
3697,1776876050181,546.0,464.0,2.58
3698,1776876050192,585.0,452.0,2.58
3699,1776876050203,587.0,463.0,2.58
3700,1776876050214,535.0,462.0,2.58
3701,1776876050225,337.0,447.0,2.58
3702,1776876050236,385.0,455.0,2.58
3703,1776876050247,498.0,452.0,2.58
3704,1776876050258,579.0,445.0,2.58
3705,1776876050269,627.0,445.0,2.58
3706,1776876050280,626.0,440.0,2.58
3707,1776876050291,601.0,441.0,2.58
3708,1776876050302,594.0,445.0,2.58
3709,1776876050313,576.0,427.0,2.58
3710,1776876050324,567.0,439.0,2.58
3711,1776876050335,558.0,439.0,2.58
3712,1776876050346,558.0,422.0,2.58
3713,1776876050357,554.0,435.0,2.58
3714,1776876050368,552.0,431.0,2.58
3715,1776876050379,549.0,416.0,2.58
3716,1776876050390,549.0,426.0,2.58
3717,1776876050401,550.0,428.0,2.58
3718,1776876050412,558.0,418.0,2.58
3719,1776876050423,557.0,431.0,2.58
3720,1776876050434,559.0,433.0,2.58
3721,1776876050445,558.0,412.0,2.58
3722,1776876050456,550.0,425.0,2.58
3723,1776876050467,537.0,425.0,2.58
3724,1776876050478,531.0,410.0,2.58
3725,1776876050489,519.0,426.0,2.58
3726,1776876050500,518.0,420.0,2.58
3727,1776876050511,520.0,415.0,2.58
3728,1776876050522,523.0,425.0,2.58
3729,1776876050533,525.0,425.0,2.58
3730,1776876050544,528.0,415.0,2.58
3731,1776876050555,532.0,427.0,2.58
3732,1776876050566,536.0,428.0,2.58
3733,1776876050577,536.0,409.0,2.58
3734,1776876050588,542.0,426.0,2.58
3735,1776876050599,544.0,427.0,2.58
3736,1776876050610,544.0,417.0,2.58
3737,1776876050621,541.0,420.0,2.58
3738,1776876050632,549.0,419.0,2.58
3739,1776876050643,544.0,556.0,2.58
3740,1776876050654,541.0,464.0,2.58
3741,1776876050665,543.0,510.0,2.58
3742,1776876050676,540.0,627.0,2.58
3743,1776876050687,537.0,716.0,2.58
3744,1776876050698,548.0,870.0,2.58
3745,1776876050709,542.0,815.0,2.58
3746,1776876050720,541.0,840.0,2.58
3747,1776876050731,546.0,846.0,2.58
3748,1776876050742,540.0,839.0,2.58
3749,1776876050753,539.0,825.0,2.58
3750,1776876050764,545.0,787.0,2.58
3751,1776876050775,544.0,784.0,2.58
3752,1776876050786,545.0,765.0,2.58
3753,1776876050797,542.0,747.0,2.58
3754,1776876050808,544.0,741.0,2.58
3755,1776876050819,544.0,727.0,2.58
3756,1776876050830,544.0,713.0,2.58
3757,1776876050841,537.0,705.0,2.58
3758,1776876050852,543.0,701.0,2.58
3759,1776876050863,545.0,689.0,2.58
3760,1776876050874,546.0,684.0,2.58
3761,1776876050885,543.0,661.0,2.58
3762,1776876050896,544.0,655.0,2.58
3763,1776876050907,544.0,647.0,2.58
3764,1776876050918,547.0,619.0,2.58
3765,1776876050929,545.0,620.0,2.58
3766,1776876050940,544.0,615.0,2.58
3767,1776876050951,542.0,605.0,2.58
3768,1776876050962,542.0,603.0,2.58
3769,1776876050973,541.0,600.0,2.58
3770,1776876050984,544.0,591.0,2.58
3771,1776876050995,542.0,595.0,2.58
3772,1776876051006,541.0,596.0,2.58
3773,1776876051017,542.0,581.0,2.58
3774,1776876051028,544.0,581.0,2.58
3775,1776876051039,545.0,583.0,2.58
3776,1776876051050,545.0,559.0,2.58
3777,1776876051061,544.0,562.0,2.58
3778,1776876051072,546.0,552.0,2.58
3779,1776876051083,543.0,530.0,2.58
3780,1776876051094,538.0,541.0,2.58
3781,1776876051105,541.0,529.0,2.58
3782,1776876051116,545.0,506.0,2.58
3783,1776876051128,545.0,517.0,2.58
3784,1776876051137,539.0,514.0,2.58
3785,1776876051148,544.0,491.0,2.58
3786,1776876051159,550.0,507.0,2.58
3787,1776876051170,589.0,501.0,2.58
3788,1776876051181,596.0,482.0,2.58
3789,1776876051192,487.0,488.0,2.58
3790,1776876051204,336.0,492.0,2.58
3791,1776876051214,407.0,472.0,2.58
3792,1776876051225,508.0,484.0,2.58
3793,1776876051236,601.0,480.0,2.58
3794,1776876051247,617.0,473.0,2.58
3795,1776876051258,620.0,480.0,2.58
3796,1776876051269,598.0,479.0,2.58
3797,1776876051280,590.0,471.0,2.58
3798,1776876051291,573.0,479.0,2.58
3799,1776876051302,568.0,477.0,2.58
3800,1776876051314,559.0,466.0,2.58
3801,1776876051324,556.0,472.0,2.58
3802,1776876051335,553.0,471.0,2.58
3803,1776876051346,547.0,462.0,2.58
3804,1776876051357,549.0,466.0,2.58
3805,1776876051368,555.0,454.0,2.58
3806,1776876051379,552.0,458.0,2.58
3807,1776876051391,551.0,460.0,2.58
3808,1776876051401,560.0,444.0,2.58
3809,1776876051412,552.0,456.0,2.58
3810,1776876051423,552.0,449.0,2.58
3811,1776876051434,547.0,450.0,2.58
3812,1776876051445,534.0,451.0,2.58
3813,1776876051457,530.0,447.0,2.58
3814,1776876051467,522.0,446.0,2.58
3815,1776876051478,523.0,452.0,2.58
3816,1776876051489,524.0,438.0,2.58
3817,1776876051500,526.0,438.0,2.58
3818,1776876051511,535.0,447.0,2.58
3819,1776876051522,529.0,447.0,2.58
3820,1776876051533,537.0,435.0,2.58
3821,1776876051544,537.0,446.0,2.58
3822,1776876051555,539.0,442.0,2.58
3823,1776876051566,540.0,438.0,2.58
3824,1776876051577,545.0,439.0,2.58
3825,1776876051588,542.0,436.0,2.58
3826,1776876051599,545.0,435.0,2.58
3827,1776876051610,541.0,436.0,2.58
3828,1776876051621,545.0,505.0,2.58
3829,1776876051632,542.0,465.0,2.58
3830,1776876051643,541.0,477.0,2.58
3831,1776876051654,544.0,681.0,2.58
3832,1776876051665,541.0,606.0,2.58
3833,1776876051676,541.0,661.0,2.58
3834,1776876051687,542.0,805.0,2.58
3835,1776876051698,537.0,762.0,2.58
3836,1776876051709,541.0,787.0,2.58
3837,1776876051720,541.0,800.0,2.58
3838,1776876051731,539.0,794.0,2.58
3839,1776876051742,542.0,781.0,2.58
3840,1776876051753,547.0,730.0,2.58
3841,1776876051764,546.0,741.0,2.58
3842,1776876051777,545.0,716.0,2.58
3843,1776876051786,540.0,683.0,2.58
3844,1776876051797,542.0,682.0,2.58
3845,1776876051808,542.0,671.0,2.58
3846,1776876051819,544.0,656.0,2.58
3847,1776876051830,543.0,655.0,2.58
3848,1776876051841,545.0,650.0,2.58
3849,1776876051852,543.0,630.0,2.58
3850,1776876051863,540.0,636.0,2.58
3851,1776876051874,544.0,624.0,2.58
3852,1776876051885,544.0,592.0,2.58
3853,1776876051896,540.0,591.0,2.58
3854,1776876051907,544.0,583.0,2.58
3855,1776876051918,542.0,576.0,2.58
3856,1776876051929,544.0,575.0,2.58
3857,1776876051940,542.0,575.0,2.58
3858,1776876051951,544.0,575.0,2.58
3859,1776876051962,540.0,575.0,2.58
3860,1776876051973,543.0,569.0,2.58
3861,1776876051984,539.0,574.0,2.58
3862,1776876051995,541.0,570.0,2.58
3863,1776876052006,540.0,566.0,2.58
3864,1776876052017,547.0,554.0,2.58
3865,1776876052028,543.0,554.0,2.58
3866,1776876052039,546.0,547.0,2.58
3867,1776876052050,544.0,534.0,2.58
3868,1776876052061,548.0,532.0,2.58
3869,1776876052072,588.0,522.0,2.58
3870,1776876052083,586.0,521.0,2.58
3871,1776876052094,520.0,517.0,2.58
3872,1776876052105,337.0,501.0,2.58
3873,1776876052116,393.0,503.0,2.58
3874,1776876052127,500.0,501.0,2.58
3875,1776876052138,568.0,480.0,2.58
3876,1776876052149,627.0,486.0,2.58
3877,1776876052160,624.0,487.0,2.58
3878,1776876052171,596.0,469.0,2.58
3879,1776876052182,589.0,476.0,2.58
3880,1776876052193,570.0,469.0,2.58
3881,1776876052204,570.0,475.0,2.58
3882,1776876052215,557.0,471.0,2.58
3883,1776876052226,560.0,461.0,2.58
3884,1776876052237,554.0,467.0,2.58
3885,1776876052248,546.0,469.0,2.58
3886,1776876052259,554.0,456.0,2.58
3887,1776876052270,550.0,466.0,2.58
3888,1776876052281,552.0,463.0,2.58
3889,1776876052292,559.0,447.0,2.58
3890,1776876052303,562.0,460.0,2.58
3891,1776876052314,558.0,463.0,2.58
3892,1776876052325,559.0,445.0,2.58
3893,1776876052336,551.0,461.0,2.58
3894,1776876052347,535.0,460.0,2.58
3895,1776876052358,532.0,441.0,2.58
3896,1776876052369,521.0,453.0,2.58
3897,1776876052380,520.0,455.0,2.58
3898,1776876052391,520.0,436.0,2.58
3899,1776876052402,523.0,447.0,2.58
3900,1776876052414,524.0,447.0,2.58
3901,1776876052424,535.0,434.0,2.58
3902,1776876052435,534.0,445.0,2.58
3903,1776876052446,537.0,446.0,2.58
3904,1776876052457,537.0,430.0,2.58
3905,1776876052468,543.0,437.0,2.58
3906,1776876052479,542.0,434.0,2.58
3907,1776876052490,544.0,428.0,2.58
3908,1776876052501,544.0,429.0,2.58
3909,1776876052512,552.0,428.0,2.58
3910,1776876052523,546.0,511.0,2.58
3911,1776876052534,538.0,453.0,2.58
3912,1776876052545,542.0,485.0,2.58
3913,1776876052556,539.0,690.0,2.58
3914,1776876052567,542.0,608.0,2.58
3915,1776876052578,544.0,655.0,2.58
3916,1776876052589,543.0,786.0,2.58
3917,1776876052600,542.0,766.0,2.58
3918,1776876052611,540.0,789.0,2.58
3919,1776876052622,542.0,801.0,2.58
3920,1776876052633,543.0,792.0,2.58
3921,1776876052644,542.0,780.0,2.58
3922,1776876052655,540.0,754.0,2.58
3923,1776876052666,545.0,746.0,2.58
3924,1776876052677,542.0,720.0,2.58
3925,1776876052688,541.0,710.0,2.58
3926,1776876052699,544.0,698.0,2.58
3927,1776876052710,543.0,680.0,2.58
3928,1776876052721,543.0,675.0,2.58
3929,1776876052732,544.0,673.0,2.58
3930,1776876052743,542.0,652.0,2.58
3931,1776876052754,542.0,657.0,2.58
3932,1776876052765,544.0,648.0,2.58
3933,1776876052776,545.0,609.0,2.58
3934,1776876052786,544.0,624.0,2.58
3935,1776876052798,542.0,607.0,2.58
3936,1776876052808,545.0,584.0,2.58
3937,1776876052819,541.0,590.0,2.58
3938,1776876052830,542.0,581.0,2.58
3939,1776876052842,542.0,573.0,2.58
3940,1776876052853,547.0,573.0,2.58
3941,1776876052863,540.0,572.0,2.58
3942,1776876052875,545.0,567.0,2.58
3943,1776876052885,541.0,569.0,2.58
3944,1776876052896,544.0,570.0,2.58
3945,1776876052908,543.0,552.0,2.58
3946,1776876052918,542.0,557.0,2.58
3947,1776876052929,540.0,555.0,2.58
3948,1776876052940,546.0,536.0,2.58
3949,1776876052951,543.0,541.0,2.58
3950,1776876052962,541.0,509.0,2.58
3951,1776876052973,546.0,526.0,2.58
3952,1776876052984,546.0,517.0,2.58
3953,1776876052995,543.0,491.0,2.58
3954,1776876053006,546.0,505.0,2.58
3955,1776876053017,546.0,500.0,2.58
3956,1776876053028,544.0,483.0,2.58
3957,1776876053039,543.0,493.0,2.58
3958,1776876053052,541.0,488.0,2.58
3959,1776876053061,552.0,470.0,2.58
3960,1776876053072,587.0,482.0,2.58
3961,1776876053083,580.0,478.0,2.58
3962,1776876053094,496.0,468.0,2.58
3963,1776876053105,338.0,477.0,2.58
3964,1776876053116,409.0,479.0,2.58
3965,1776876053127,511.0,464.0,2.58
3966,1776876053138,592.0,476.0,2.58
3967,1776876053149,624.0,473.0,2.58
3968,1776876053160,625.0,459.0,2.58
3969,1776876053171,595.0,472.0,2.58
3970,1776876053183,593.0,465.0,2.58
3971,1776876053193,576.0,462.0,2.58
3972,1776876053204,563.0,462.0,2.58
3973,1776876053215,561.0,447.0,2.58
3974,1776876053226,556.0,457.0,2.58
3975,1776876053237,553.0,461.0,2.58
3976,1776876053248,555.0,449.0,2.58
3977,1776876053259,553.0,453.0,2.58
3978,1776876053270,548.0,451.0,2.58
3979,1776876053281,555.0,441.0,2.58
3980,1776876053292,559.0,448.0,2.58
3981,1776876053303,559.0,449.0,2.58
3982,1776876053314,560.0,435.0,2.58
3983,1776876053325,555.0,444.0,2.58
3984,1776876053336,547.0,447.0,2.58
3985,1776876053347,535.0,430.0,2.58
3986,1776876053358,527.0,440.0,2.58
3987,1776876053369,521.0,441.0,2.58
3988,1776876053380,518.0,427.0,2.58
3989,1776876053391,516.0,439.0,2.58
3990,1776876053402,523.0,424.0,2.58
3991,1776876053413,525.0,422.0,2.58
3992,1776876053424,531.0,437.0,2.58
3993,1776876053435,537.0,438.0,2.58
3994,1776876053446,540.0,418.0,2.58
3995,1776876053457,544.0,434.0,2.58
3996,1776876053468,539.0,435.0,2.58
3997,1776876053479,542.0,415.0,2.58
3998,1776876053490,540.0,432.0,2.58
3999,1776876053501,542.0,425.0,2.58
4000,1776876053512,549.0,484.0,2.58
4001,1776876053523,545.0,432.0,2.58
4002,1776876053534,542.0,460.0,2.58
4003,1776876053545,544.0,675.0,2.58
4004,1776876053556,542.0,558.0,2.58
4005,1776876053567,542.0,633.0,2.58
4006,1776876053578,543.0,821.0,2.58
4007,1776876053589,540.0,747.0,2.58
4008,1776876053600,536.0,787.0,2.58
4009,1776876053611,542.0,804.0,2.58
4010,1776876053622,540.0,811.0,2.58
4011,1776876053633,546.0,789.0,2.58
4012,1776876053644,545.0,778.0,2.58
4013,1776876053655,543.0,777.0,2.58
4014,1776876053666,543.0,759.0,2.58
4015,1776876053677,542.0,733.0,2.58
4016,1776876053688,543.0,727.0,2.58
4017,1776876053699,545.0,712.0,2.58
4018,1776876053710,547.0,697.0,2.58
4019,1776876053721,544.0,694.0,2.58
4020,1776876053732,541.0,679.0,2.58
4021,1776876053743,544.0,678.0,2.58
4022,1776876053754,545.0,673.0,2.58
4023,1776876053765,544.0,646.0,2.58
4024,1776876053776,543.0,644.0,2.58
4025,1776876053787,545.0,609.0,2.58
4026,1776876053798,543.0,611.0,2.58
4027,1776876053809,543.0,607.0,2.58
4028,1776876053820,543.0,598.0,2.58
4029,1776876053831,544.0,587.0,2.58
4030,1776876053842,541.0,588.0,2.58
4031,1776876053853,544.0,585.0,2.58
4032,1776876053864,538.0,584.0,2.58
4033,1776876053875,542.0,584.0,2.58
4034,1776876053886,546.0,573.0,2.58
4035,1776876053897,548.0,576.0,2.58
4036,1776876053908,544.0,574.0,2.58
4037,1776876053919,543.0,550.0,2.58
4038,1776876053930,546.0,557.0,2.58
4039,1776876053941,543.0,551.0,2.58
4040,1776876053952,543.0,533.0,2.58
4041,1776876053963,545.0,537.0,2.58
4042,1776876053974,541.0,518.0,2.58
4043,1776876053985,544.0,505.0,2.58
4044,1776876053996,545.0,520.0,2.58
4045,1776876054007,547.0,516.0,2.58
4046,1776876054018,545.0,496.0,2.58
4047,1776876054029,540.0,502.0,2.58
4048,1776876054041,541.0,504.0,2.58
4049,1776876054051,543.0,490.0,2.58
4050,1776876054062,541.0,498.0,2.58
4051,1776876054073,541.0,496.0,2.58
4052,1776876054084,542.0,474.0,2.58
4053,1776876054095,543.0,489.0,2.58
4054,1776876054106,545.0,472.0,2.58
4055,1776876054117,544.0,465.0,2.58
4056,1776876054128,543.0,476.0,2.58
4057,1776876054139,545.0,467.0,2.58
4058,1776876054150,541.0,467.0,2.58
4059,1776876054161,541.0,471.0,2.58
4060,1776876054172,545.0,460.0,2.58
4061,1776876054183,541.0,456.0,2.58
4062,1776876054194,543.0,472.0,2.58
4063,1776876054205,549.0,469.0,2.58
4064,1776876054216,580.0,454.0,2.58
4065,1776876054227,591.0,465.0,2.58
4066,1776876054238,531.0,460.0,2.58
4067,1776876054249,352.0,455.0,2.58
4068,1776876054260,380.0,460.0,2.58
4069,1776876054271,483.0,457.0,2.58
4070,1776876054282,569.0,451.0,2.58
4071,1776876054293,623.0,455.0,2.58
4072,1776876054304,623.0,435.0,2.58
4073,1776876054315,604.0,445.0,2.58
4074,1776876054326,593.0,446.0,2.58
4075,1776876054337,576.0,441.0,2.58
4076,1776876054348,571.0,445.0,2.58
4077,1776876054359,562.0,444.0,2.58
4078,1776876054370,557.0,427.0,2.58
4079,1776876054380,554.0,444.0,2.58
4080,1776876054391,550.0,442.0,2.58
4081,1776876054402,549.0,427.0,2.58
4082,1776876054413,555.0,442.0,2.58
4083,1776876054424,548.0,439.0,2.58
4084,1776876054435,557.0,422.0,2.58
4085,1776876054446,561.0,434.0,2.58
4086,1776876054457,559.0,436.0,2.58
4087,1776876054468,558.0,435.0,2.58
4088,1776876054479,553.0,435.0,2.58
4089,1776876054490,542.0,420.0,2.58
4090,1776876054501,531.0,422.0,2.58
4091,1776876054512,528.0,433.0,2.58
4092,1776876054523,517.0,434.0,2.58
4093,1776876054534,516.0,426.0,2.58
4094,1776876054545,520.0,430.0,2.58
4095,1776876054556,525.0,417.0,2.58
4096,1776876054567,528.0,429.0,2.58
4097,1776876054578,532.0,434.0,2.58
4098,1776876054589,537.0,423.0,2.58
4099,1776876054600,538.0,428.0,2.58
4100,1776876054611,540.0,432.0,2.58
4101,1776876054622,542.0,416.0,2.58
4102,1776876054633,545.0,428.0,2.58
4103,1776876054644,546.0,426.0,2.58
4104,1776876054655,548.0,491.0,2.58
4105,1776876054666,542.0,434.0,2.58
4106,1776876054677,544.0,573.0,2.58
4107,1776876054688,545.0,700.0,2.58
4108,1776876054699,542.0,548.0,2.58
4109,1776876054710,538.0,631.0,2.58
4110,1776876054721,537.0,836.0,2.58
4111,1776876054732,544.0,753.0,2.58
4112,1776876054743,545.0,801.0,2.58
4113,1776876054754,540.0,821.0,2.58
4114,1776876054765,541.0,830.0,2.58
4115,1776876054776,543.0,822.0,2.58
4116,1776876054787,540.0,783.0,2.58
4117,1776876054798,542.0,783.0,2.58
4118,1776876054809,542.0,767.0,2.58
4119,1776876054820,539.0,732.0,2.58
4120,1776876054831,544.0,728.0,2.58
4121,1776876054842,545.0,718.0,2.58
4122,1776876054853,543.0,703.0,2.58
4123,1776876054864,542.0,692.0,2.58
4124,1776876054875,542.0,686.0,2.58
4125,1776876054886,545.0,678.0,2.58
4126,1776876054897,546.0,673.0,2.58
4127,1776876054908,543.0,641.0,2.58
4128,1776876054919,545.0,653.0,2.58
4129,1776876054930,533.0,645.0,2.58
4130,1776876054941,542.0,611.0,2.58
4131,1776876054952,542.0,619.0,2.58
4132,1776876054963,538.0,614.0,2.58
4133,1776876054974,541.0,598.0,2.58
4134,1776876054985,545.0,598.0,2.58
4135,1776876054997,542.0,597.0,2.58
4136,1776876055007,542.0,590.0,2.58
4137,1776876055018,541.0,587.0,2.58
4138,1776876055029,541.0,587.0,2.58
4139,1776876055040,544.0,573.0,2.58
4140,1776876055051,546.0,576.0,2.58
4141,1776876055062,542.0,577.0,2.58
4142,1776876055073,544.0,545.0,2.58
4143,1776876055084,545.0,556.0,2.58
4144,1776876055095,542.0,553.0,2.58
4145,1776876055106,548.0,530.0,2.58
4146,1776876055117,547.0,533.0,2.58
4147,1776876055128,541.0,528.0,2.58
4148,1776876055139,544.0,503.0,2.58
4149,1776876055150,545.0,521.0,2.58
4150,1776876055161,543.0,512.0,2.58
4151,1776876055172,542.0,494.0,2.58
4152,1776876055183,542.0,503.0,2.58
4153,1776876055194,542.0,497.0,2.58
4154,1776876055205,541.0,487.0,2.58
4155,1776876055216,541.0,496.0,2.58
4156,1776876055227,541.0,494.0,2.58
4157,1776876055238,539.0,488.0,2.58
4158,1776876055249,538.0,473.0,2.58
4159,1776876055260,538.0,469.0,2.58
4160,1776876055271,545.0,478.0,2.58
4161,1776876055282,542.0,471.0,2.58
4162,1776876055293,546.0,463.0,2.58
4163,1776876055304,540.0,474.0,2.58
4164,1776876055315,545.0,465.0,2.58
4165,1776876055326,576.0,459.0,2.58
4166,1776876055337,595.0,471.0,2.58
4167,1776876055348,528.0,471.0,2.58
4168,1776876055359,354.0,453.0,2.58
4169,1776876055370,375.0,463.0,2.58
4170,1776876055381,489.0,462.0,2.58
4171,1776876055392,565.0,449.0,2.58
4172,1776876055403,623.0,455.0,2.58
4173,1776876055414,619.0,445.0,2.58
4174,1776876055425,605.0,448.0,2.58
4175,1776876055436,591.0,455.0,2.58
4176,1776876055447,577.0,436.0,2.58
4177,1776876055458,565.0,445.0,2.58
4178,1776876055469,562.0,452.0,2.58
4179,1776876055480,556.0,451.0,2.58
4180,1776876055491,554.0,429.0,2.58
4181,1776876055502,556.0,446.0,2.58
4182,1776876055513,546.0,450.0,2.58
4183,1776876055524,550.0,423.0,2.58
4184,1776876055535,552.0,437.0,2.58
4185,1776876055546,554.0,433.0,2.58
4186,1776876055557,552.0,426.0,2.58
4187,1776876055568,559.0,423.0,2.58
4188,1776876055579,559.0,433.0,2.58
4189,1776876055590,547.0,429.0,2.58
4190,1776876055601,544.0,430.0,2.58
4191,1776876055612,535.0,428.0,2.58
4192,1776876055623,525.0,431.0,2.58
4193,1776876055634,524.0,435.0,2.58
4194,1776876055645,519.0,420.0,2.58
4195,1776876055656,521.0,435.0,2.58
4196,1776876055667,529.0,436.0,2.58
4197,1776876055678,530.0,415.0,2.58
4198,1776876055689,529.0,431.0,2.58
4199,1776876055700,536.0,431.0,2.58
4200,1776876055711,536.0,418.0,2.58
4201,1776876055722,540.0,434.0,2.58
4202,1776876055733,543.0,433.0,2.58
4203,1776876055744,550.0,412.0,2.58
4204,1776876055755,543.0,429.0,2.58
4205,1776876055766,546.0,427.0,2.58
4206,1776876055777,544.0,491.0,2.58
4207,1776876055788,543.0,435.0,2.58
4208,1776876055799,543.0,603.0,2.58
4209,1776876055810,540.0,696.0,2.58
4210,1776876055821,542.0,565.0,2.58
4211,1776876055832,543.0,779.0,2.58
4212,1776876055843,542.0,830.0,2.58
4213,1776876055854,541.0,747.0,2.58
4214,1776876055864,542.0,781.0,2.58
4215,1776876055876,542.0,809.0,2.58
4216,1776876055887,544.0,815.0,2.58
4217,1776876055898,544.0,783.0,2.58
4218,1776876055908,545.0,774.0,2.58
4219,1776876055919,539.0,772.0,2.58
4220,1776876055930,541.0,756.0,2.58
4221,1776876055942,543.0,718.0,2.58
4222,1776876055952,547.0,709.0,2.58
4223,1776876055963,537.0,683.0,2.58
4224,1776876055974,540.0,681.0,2.58
4225,1776876055985,541.0,672.0,2.58
4226,1776876055997,546.0,654.0,2.58
4227,1776876056007,545.0,659.0,2.58
4228,1776876056018,543.0,626.0,2.58
4229,1776876056029,545.0,611.0,2.58
4230,1776876056040,540.0,624.0,2.58
4231,1776876056051,541.0,595.0,2.58
4232,1776876056062,543.0,587.0,2.58
4233,1776876056073,545.0,592.0,2.58
4234,1776876056084,542.0,587.0,2.58
4235,1776876056095,545.0,584.0,2.58
4236,1776876056106,544.0,578.0,2.58
4237,1776876056117,543.0,580.0,2.58
4238,1776876056128,543.0,579.0,2.58
4239,1776876056139,542.0,576.0,2.58
4240,1776876056150,544.0,574.0,2.58
4241,1776876056161,542.0,573.0,2.58
4242,1776876056172,543.0,572.0,2.58
4243,1776876056183,533.0,553.0,2.58
4244,1776876056194,544.0,558.0,2.58
4245,1776876056205,541.0,560.0,2.58
4246,1776876056216,541.0,526.0,2.58
4247,1776876056227,548.0,539.0,2.58
4248,1776876056238,571.0,533.0,2.58
4249,1776876056249,601.0,514.0,2.58
4250,1776876056260,562.0,519.0,2.58
4251,1776876056271,367.0,516.0,2.58
4252,1776876056283,367.0,498.0,2.58
4253,1776876056293,468.0,504.0,2.58
4254,1776876056304,544.0,500.0,2.58
4255,1776876056315,619.0,480.0,2.58
4256,1776876056326,614.0,496.0,2.58
4257,1776876056337,607.0,488.0,2.58
4258,1776876056348,588.0,480.0,2.58
4259,1776876056359,575.0,492.0,2.58
4260,1776876056370,568.0,486.0,2.58
4261,1776876056381,563.0,474.0,2.58
4262,1776876056392,557.0,487.0,2.58
4263,1776876056403,552.0,473.0,2.58
4264,1776876056414,553.0,469.0,2.58
4265,1776876056425,548.0,479.0,2.58
4266,1776876056436,548.0,474.0,2.58
4267,1776876056447,546.0,471.0,2.58
4268,1776876056458,551.0,477.0,2.58
4269,1776876056469,556.0,469.0,2.58
4270,1776876056480,555.0,469.0,2.58
4271,1776876056491,554.0,477.0,2.58
4272,1776876056502,548.0,474.0,2.58
4273,1776876056513,539.0,461.0,2.58
4274,1776876056524,534.0,476.0,2.58
4275,1776876056535,521.0,458.0,2.58
4276,1776876056546,527.0,451.0,2.58
4277,1776876056557,529.0,470.0,2.58
4278,1776876056568,526.0,458.0,2.58
4279,1776876056579,530.0,449.0,2.58
4280,1776876056590,532.0,466.0,2.58
4281,1776876056601,537.0,451.0,2.58
4282,1776876056612,538.0,450.0,2.58
4283,1776876056623,538.0,462.0,2.58
4284,1776876056634,543.0,459.0,2.58
4285,1776876056645,543.0,448.0,2.58
4286,1776876056656,548.0,458.0,2.58
4287,1776876056667,549.0,427.0,2.58
4288,1776876056678,544.0,443.0,2.58
4289,1776876056689,542.0,430.0,2.58
4290,1776876056700,546.0,464.0,2.58
4291,1776876056711,544.0,467.0,2.58
4292,1776876056722,539.0,474.0,2.58
4293,1776876056733,535.0,702.0,2.58
4294,1776876056744,541.0,599.0,2.58
4295,1776876056755,542.0,624.0,2.58
4296,1776876056766,540.0,717.0,2.58
4297,1776876056777,544.0,764.0,2.58
4298,1776876056788,541.0,785.0,2.58
4299,1776876056799,543.0,789.0,2.58
4300,1776876056810,542.0,782.0,2.58
4301,1776876056821,541.0,746.0,2.58
4302,1776876056832,543.0,749.0,2.58
4303,1776876056843,541.0,741.0,2.58
4304,1776876056854,545.0,695.0,2.58
4305,1776876056865,544.0,701.0,2.58
4306,1776876056876,542.0,688.0,2.58
4307,1776876056887,544.0,667.0,2.58
4308,1776876056898,541.0,669.0,2.58
4309,1776876056909,547.0,650.0,2.58
4310,1776876056920,545.0,630.0,2.58
4311,1776876056932,543.0,642.0,2.58
4312,1776876056942,540.0,614.0,2.58
4313,1776876056953,540.0,594.0,2.58
4314,1776876056964,537.0,606.0,2.58
4315,1776876056975,541.0,595.0,2.58
4316,1776876056986,545.0,595.0,2.58
4317,1776876056997,546.0,586.0,2.58
4318,1776876057008,545.0,588.0,2.58
4319,1776876057019,543.0,591.0,2.58
4320,1776876057030,544.0,592.0,2.58
4321,1776876057041,580.0,587.0,2.58
4322,1776876057052,592.0,585.0,2.58
4323,1776876057063,524.0,591.0,2.58
4324,1776876057074,348.0,573.0,2.58
4325,1776876057085,382.0,568.0,2.58
4326,1776876057096,502.0,574.0,2.58
4327,1776876057107,571.0,552.0,2.58
4328,1776876057118,621.0,546.0,2.58
4329,1776876057129,621.0,555.0,2.58
4330,1776876057140,603.0,548.0,2.58
4331,1776876057151,593.0,526.0,2.58
4332,1776876057162,583.0,537.0,2.58
4333,1776876057173,569.0,519.0,2.58
4334,1776876057184,559.0,514.0,2.58
4335,1776876057195,561.0,523.0,2.58
4336,1776876057206,550.0,504.0,2.58
4337,1776876057217,552.0,506.0,2.58
4338,1776876057228,552.0,510.0,2.58
4339,1776876057239,551.0,494.0,2.58
4340,1776876057250,557.0,497.0,2.58
4341,1776876057261,553.0,503.0,2.58
4342,1776876057272,558.0,497.0,2.58
4343,1776876057283,560.0,492.0,2.58
4344,1776876057294,556.0,495.0,2.58
4345,1776876057305,550.0,480.0,2.58
4346,1776876057316,537.0,489.0,2.58
4347,1776876057327,526.0,489.0,2.58
4348,1776876057338,525.0,485.0,2.58
4349,1776876057349,517.0,487.0,2.58
4350,1776876057360,521.0,491.0,2.58
4351,1776876057371,526.0,481.0,2.58
4352,1776876057382,526.0,493.0,2.58
4353,1776876057393,526.0,492.0,2.58
4354,1776876057404,530.0,475.0,2.58
4355,1776876057415,535.0,489.0,2.58
4356,1776876057426,539.0,475.0,2.58
4357,1776876057437,544.0,462.0,2.58
4358,1776876057448,544.0,478.0,2.58
4359,1776876057459,541.0,461.0,2.58
4360,1776876057470,547.0,464.0,2.58
4361,1776876057481,547.0,466.0,2.58
4362,1776876057492,544.0,469.0,2.58
4363,1776876057503,546.0,558.0,2.58
4364,1776876057514,543.0,485.0,2.58
4365,1776876057525,542.0,605.0,2.58
4366,1776876057536,539.0,629.0,2.58
4367,1776876057547,543.0,651.0,2.58
4368,1776876057558,539.0,828.0,2.58
4369,1776876057568,544.0,767.0,2.58
4370,1776876057579,541.0,784.0,2.58
4371,1776876057591,542.0,801.0,2.58
4372,1776876057601,542.0,801.0,2.58
4373,1776876057612,540.0,799.0,2.58
4374,1776876057624,544.0,763.0,2.58
4375,1776876057635,542.0,769.0,2.58
4376,1776876057645,543.0,744.0,2.58
4377,1776876057656,542.0,721.0,2.58
4378,1776876057667,541.0,722.0,2.58
4379,1776876057678,542.0,704.0,2.58
4380,1776876057689,545.0,703.0,2.58
4381,1776876057701,541.0,695.0,2.58
4382,1776876057711,543.0,680.0,2.58
4383,1776876057723,538.0,670.0,2.58
4384,1776876057733,547.0,673.0,2.58
4385,1776876057744,542.0,663.0,2.58
4386,1776876057755,541.0,629.0,2.58
4387,1776876057767,542.0,634.0,2.58
4388,1776876057777,544.0,624.0,2.58
4389,1776876057788,541.0,614.0,2.58
4390,1776876057799,542.0,611.0,2.58
4391,1776876057810,542.0,611.0,2.58
4392,1776876057821,549.0,604.0,2.58
4393,1776876057832,546.0,603.0,2.58
4394,1776876057843,545.0,604.0,2.58
4395,1776876057854,542.0,603.0,2.58
4396,1776876057865,545.0,602.0,2.58
4397,1776876057876,544.0,590.0,2.58
4398,1776876057887,544.0,589.0,2.58
4399,1776876057898,564.0,588.0,2.58
4400,1776876057909,598.0,565.0,2.58
4401,1776876057920,553.0,571.0,2.58
4402,1776876057931,357.0,561.0,2.58
4403,1776876057942,361.0,543.0,2.58
4404,1776876057953,459.0,556.0,2.58
4405,1776876057964,560.0,545.0,2.58
4406,1776876057975,628.0,535.0,2.58
4407,1776876057986,627.0,542.0,2.58
4408,1776876057997,615.0,541.0,2.58
4409,1776876058008,597.0,521.0,2.58
4410,1776876058019,580.0,529.0,2.58
4411,1776876058030,572.0,528.0,2.58
4412,1776876058041,564.0,515.0,2.58
4413,1776876058052,559.0,516.0,2.58
4414,1776876058063,552.0,513.0,2.58
4415,1776876058074,553.0,503.0,2.58
4416,1776876058085,550.0,508.0,2.58
4417,1776876058096,553.0,509.0,2.58
4418,1776876058107,555.0,508.0,2.58
4419,1776876058118,556.0,513.0,2.58
4420,1776876058129,562.0,506.0,2.58
4421,1776876058140,557.0,500.0,2.58
4422,1776876058151,553.0,513.0,2.58
4423,1776876058162,548.0,506.0,2.58
4424,1776876058173,541.0,494.0,2.58
4425,1776876058184,528.0,501.0,2.58
4426,1776876058195,523.0,490.0,2.58
4427,1776876058206,516.0,486.0,2.58
4428,1776876058217,515.0,494.0,2.58
4429,1776876058228,526.0,486.0,2.58
4430,1776876058239,530.0,487.0,2.58
4431,1776876058250,516.0,492.0,2.58
4432,1776876058261,530.0,481.0,2.58
4433,1776876058272,534.0,477.0,2.58
4434,1776876058283,534.0,487.0,2.58
4435,1776876058294,544.0,468.0,2.58
4436,1776876058305,545.0,477.0,2.58
4437,1776876058316,544.0,477.0,2.58
4438,1776876058327,543.0,489.0,2.58
4439,1776876058338,544.0,477.0,2.58
4440,1776876058349,542.0,594.0,2.58
4441,1776876058360,542.0,611.0,2.58
4442,1776876058371,540.0,552.0,2.58
4443,1776876058382,541.0,782.0,2.58
4444,1776876058393,546.0,747.0,2.58
4445,1776876058404,543.0,724.0,2.58
4446,1776876058415,543.0,770.0,2.58
4447,1776876058426,542.0,835.0,2.58
4448,1776876058437,540.0,830.0,2.58
4449,1776876058448,542.0,834.0,2.58
4450,1776876058459,541.0,822.0,2.58
4451,1776876058470,540.0,813.0,2.58
4452,1776876058481,543.0,801.0,2.58
4453,1776876058492,543.0,791.0,2.58
4454,1776876058503,541.0,778.0,2.58
4455,1776876058514,543.0,789.0,2.58
4456,1776876058525,543.0,777.0,2.58
4457,1776876058536,543.0,761.0,2.58
4458,1776876058547,542.0,763.0,2.58
4459,1776876058558,542.0,766.0,2.58
4460,1776876058569,545.0,760.0,2.58
4461,1776876058580,547.0,749.0,2.58
4462,1776876058591,543.0,743.0,2.58
4463,1776876058602,541.0,732.0,2.58
4464,1776876058613,546.0,684.0,2.58
4465,1776876058624,542.0,693.0,2.58
4466,1776876058635,546.0,682.0,2.58
4467,1776876058646,542.0,666.0,2.58
4468,1776876058657,539.0,655.0,2.58
4469,1776876058668,545.0,651.0,2.58
4470,1776876058679,542.0,656.0,2.58
4471,1776876058690,543.0,647.0,2.58
4472,1776876058701,543.0,647.0,2.58
4473,1776876058712,544.0,644.0,2.58
4474,1776876058723,547.0,642.0,2.58
4475,1776876058734,543.0,635.0,2.58
4476,1776876058745,542.0,626.0,2.58
4477,1776876058756,542.0,630.0,2.58
4478,1776876058767,545.0,609.0,2.58
4479,1776876058778,544.0,599.0,2.58
4480,1776876058789,545.0,607.0,2.58
4481,1776876058800,542.0,599.0,2.58
4482,1776876058811,541.0,586.0,2.58
4483,1776876058822,542.0,590.0,2.58
4484,1776876058835,542.0,573.0,2.58
4485,1776876058844,548.0,569.0,2.58
4486,1776876058855,544.0,570.0,2.58
4487,1776876058866,544.0,558.0,2.58
4488,1776876058877,543.0,558.0,2.58
4489,1776876058888,544.0,558.0,2.58
4490,1776876058899,547.0,550.0,2.58
4491,1776876058910,544.0,552.0,2.58
4492,1776876058921,542.0,552.0,2.58
4493,1776876058932,544.0,544.0,2.58
4494,1776876058943,542.0,548.0,2.58
4495,1776876058954,539.0,544.0,2.58
4496,1776876058965,542.0,528.0,2.58
4497,1776876058976,545.0,534.0,2.58
4498,1776876058987,542.0,532.0,2.58
4499,1776876058998,540.0,531.0,2.58
4500,1776876059009,546.0,529.0,2.58
4501,1776876059020,540.0,530.0,2.58
4502,1776876059031,544.0,519.0,2.58
4503,1776876059042,542.0,527.0,2.58
4504,1776876059053,543.0,527.0,2.58
4505,1776876059064,545.0,507.0,2.58
4506,1776876059075,545.0,515.0,2.58
4507,1776876059086,544.0,500.0,2.58
4508,1776876059097,544.0,500.0,2.58
4509,1776876059108,547.0,504.0,2.58
4510,1776876059119,546.0,489.0,2.58
4511,1776876059130,542.0,494.0,2.58
4512,1776876059141,545.0,498.0,2.58
4513,1776876059152,549.0,486.0,2.58
4514,1776876059163,540.0,491.0,2.58
4515,1776876059174,538.0,493.0,2.58
4516,1776876059185,542.0,482.0,2.58
4517,1776876059196,544.0,487.0,2.58
4518,1776876059207,545.0,490.0,2.58
4519,1776876059218,542.0,475.0,2.58
4520,1776876059229,540.0,487.0,2.58
4521,1776876059240,545.0,484.0,2.58
4522,1776876059251,541.0,466.0,2.58
4523,1776876059262,569.0,475.0,2.58
4524,1776876059273,598.0,471.0,2.58
4525,1776876059284,556.0,466.0,2.58
4526,1776876059295,397.0,477.0,2.58
4527,1776876059306,352.0,477.0,2.58
4528,1776876059317,466.0,466.0,2.58
4529,1776876059328,553.0,474.0,2.58
4530,1776876059339,628.0,461.0,2.58
4531,1776876059350,624.0,458.0,2.58
4532,1776876059361,617.0,468.0,2.58
4533,1776876059372,595.0,456.0,2.58
4534,1776876059383,583.0,459.0,2.58
4535,1776876059394,572.0,464.0,2.58
4536,1776876059405,566.0,458.0,2.58
4537,1776876059416,562.0,457.0,2.58
4538,1776876059427,553.0,467.0,2.58
4539,1776876059438,549.0,467.0,2.58
4540,1776876059449,549.0,456.0,2.58
4541,1776876059460,548.0,459.0,2.58
4542,1776876059471,549.0,457.0,2.58
4543,1776876059482,552.0,450.0,2.58
4544,1776876059493,557.0,456.0,2.58
4545,1776876059504,559.0,447.0,2.58
4546,1776876059515,560.0,447.0,2.58
4547,1776876059526,552.0,455.0,2.58
4548,1776876059537,549.0,449.0,2.58
4549,1776876059548,533.0,450.0,2.58
4550,1776876059559,524.0,462.0,2.58
4551,1776876059570,519.0,459.0,2.58
4552,1776876059581,514.0,451.0,2.58
4553,1776876059592,524.0,457.0,2.58
4554,1776876059603,527.0,444.0,2.58
4555,1776876059614,528.0,449.0,2.58
4556,1776876059625,533.0,455.0,2.58
4557,1776876059636,535.0,445.0,2.58
4558,1776876059647,538.0,451.0,2.58
4559,1776876059658,538.0,459.0,2.58
4560,1776876059669,543.0,441.0,2.58
4561,1776876059680,540.0,445.0,2.58
4562,1776876059691,542.0,455.0,2.58
4563,1776876059701,552.0,487.0,2.58
4564,1776876059713,548.0,458.0,2.58
4565,1776876059724,547.0,462.0,2.58
4566,1776876059734,546.0,713.0,2.58
4567,1776876059745,541.0,565.0,2.58
4568,1776876059757,542.0,707.0,2.58
4569,1776876059767,541.0,879.0,2.58
4570,1776876059778,541.0,762.0,2.58
4571,1776876059789,540.0,816.0,2.58
4572,1776876059801,538.0,847.0,2.58
4573,1776876059812,540.0,860.0,2.58
4574,1776876059822,538.0,842.0,2.58
4575,1776876059833,542.0,837.0,2.58
4576,1776876059844,539.0,817.0,2.58
4577,1776876059855,542.0,808.0,2.58
4578,1776876059866,545.0,795.0,2.58
4579,1776876059877,547.0,798.0,2.58
4580,1776876059888,541.0,802.0,2.58
4581,1776876059899,540.0,773.0,2.58
4582,1776876059910,541.0,789.0,2.58
4583,1776876059921,547.0,787.0,2.58
4584,1776876059932,548.0,772.0,2.58
4585,1776876059943,543.0,773.0,2.58
4586,1776876059954,540.0,730.0,2.58
4587,1776876059965,546.0,740.0,2.58
4588,1776876059976,543.0,697.0,2.58
4589,1776876059987,542.0,685.0,2.58
4590,1776876059998,543.0,691.0,2.58
4591,1776876060009,541.0,679.0,2.58
4592,1776876060020,546.0,668.0,2.58
4593,1776876060031,547.0,663.0,2.58
4594,1776876060042,547.0,662.0,2.58
4595,1776876060053,543.0,657.0,2.58
4596,1776876060064,542.0,654.0,2.58
4597,1776876060075,546.0,649.0,2.58
4598,1776876060086,544.0,647.0,2.58
4599,1776876060097,545.0,640.0,2.58
4600,1776876060108,546.0,626.0,2.58
4601,1776876060119,545.0,619.0,2.58
4602,1776876060130,543.0,624.0,2.58
4603,1776876060141,541.0,600.0,2.58
4604,1776876060152,547.0,600.0,2.58
4605,1776876060163,536.0,599.0,2.58
4606,1776876060174,541.0,590.0,2.58
4607,1776876060185,541.0,585.0,2.58
4608,1776876060196,545.0,587.0,2.58
4609,1776876060207,542.0,580.0,2.58
4610,1776876060218,541.0,575.0,2.58
4611,1776876060229,540.0,569.0,2.58
4612,1776876060240,561.0,552.0,2.58
4613,1776876060251,593.0,562.0,2.58
4614,1776876060262,594.0,555.0,2.58
4615,1776876060273,484.0,536.0,2.58
4616,1776876060284,337.0,541.0,2.58
4617,1776876060295,434.0,535.0,2.58
4618,1776876060306,506.0,533.0,2.58
4619,1776876060317,598.0,539.0,2.58
4620,1776876060328,619.0,536.0,2.58
4621,1776876060339,619.0,530.0,2.58
4622,1776876060350,596.0,535.0,2.58
4623,1776876060361,588.0,522.0,2.58
4624,1776876060372,575.0,512.0,2.58
4625,1776876060383,565.0,529.0,2.58
4626,1776876060394,556.0,520.0,2.58
4627,1776876060405,557.0,509.0,2.58
4628,1776876060416,551.0,515.0,2.58
4629,1776876060427,549.0,501.0,2.58
4630,1776876060438,552.0,495.0,2.58
4631,1776876060449,551.0,507.0,2.58
4632,1776876060460,554.0,503.0,2.58
4633,1776876060471,550.0,491.0,2.58
4634,1776876060482,554.0,501.0,2.58
4635,1776876060493,552.0,493.0,2.58
4636,1776876060504,552.0,486.0,2.58
4637,1776876060515,545.0,495.0,2.58
4638,1776876060526,531.0,484.0,2.58
4639,1776876060537,528.0,481.0,2.58
4640,1776876060548,515.0,490.0,2.58
4641,1776876060559,523.0,485.0,2.58
4642,1776876060570,524.0,480.0,2.58
4643,1776876060581,525.0,484.0,2.58
4644,1776876060592,526.0,477.0,2.58
4645,1776876060603,531.0,488.0,2.58
4646,1776876060614,539.0,473.0,2.58
4647,1776876060625,536.0,472.0,2.58
4648,1776876060636,541.0,483.0,2.58
4649,1776876060647,546.0,462.0,2.58
4650,1776876060658,544.0,457.0,2.58
4651,1776876060669,551.0,473.0,2.58
4652,1776876060680,549.0,479.0,2.58
4653,1776876060691,547.0,499.0,2.58
4654,1776876060702,547.0,467.0,2.58
4655,1776876060713,540.0,488.0,2.58
4656,1776876060724,542.0,632.0,2.58
4657,1776876060735,544.0,560.0,2.58
4658,1776876060746,542.0,772.0,2.58
4659,1776876060757,540.0,745.0,2.58
4660,1776876060768,543.0,724.0,2.58
4661,1776876060779,540.0,832.0,2.58
4662,1776876060790,540.0,805.0,2.58
4663,1776876060801,542.0,800.0,2.58
4664,1776876060812,539.0,803.0,2.58
4665,1776876060823,542.0,790.0,2.58
4666,1776876060834,544.0,778.0,2.58
4667,1776876060845,543.0,756.0,2.58
4668,1776876060856,543.0,746.0,2.58
4669,1776876060867,543.0,736.0,2.58
4670,1776876060878,542.0,735.0,2.58
4671,1776876060889,545.0,723.0,2.58
4672,1776876060900,543.0,721.0,2.58
4673,1776876060911,547.0,708.0,2.58
4674,1776876060922,543.0,707.0,2.58
4675,1776876060933,546.0,689.0,2.58
4676,1776876060944,540.0,667.0,2.58
4677,1776876060955,545.0,679.0,2.58
4678,1776876060966,544.0,663.0,2.58
4679,1776876060977,547.0,629.0,2.58
4680,1776876060988,542.0,637.0,2.58
4681,1776876060999,543.0,628.0,2.58
4682,1776876061010,543.0,614.0,2.58
4683,1776876061021,547.0,614.0,2.58
4684,1776876061032,544.0,613.0,2.58
4685,1776876061043,541.0,613.0,2.58
4686,1776876061054,544.0,608.0,2.58
4687,1776876061065,546.0,609.0,2.58
4688,1776876061076,542.0,598.0,2.58
4689,1776876061088,542.0,604.0,2.58
4690,1776876061098,538.0,594.0,2.58
4691,1776876061109,547.0,574.0,2.58
4692,1776876061120,546.0,581.0,2.58
4693,1776876061131,541.0,562.0,2.58
4694,1776876061142,546.0,549.0,2.58
4695,1776876061153,543.0,559.0,2.58
4696,1776876061164,543.0,536.0,2.58
4697,1776876061175,540.0,536.0,2.58
4698,1776876061186,544.0,543.0,2.58
4699,1776876061197,547.0,525.0,2.58
4700,1776876061208,543.0,519.0,2.58
4701,1776876061219,544.0,526.0,2.58
4702,1776876061230,545.0,513.0,2.58
4703,1776876061241,582.0,513.0,2.58
4704,1776876061252,595.0,518.0,2.58
4705,1776876061263,519.0,503.0,2.58
4706,1776876061274,332.0,507.0,2.58
4707,1776876061285,373.0,507.0,2.58
4708,1776876061296,501.0,495.0,2.58
4709,1776876061307,590.0,501.0,2.58
4710,1776876061318,628.0,506.0,2.58
4711,1776876061329,630.0,491.0,2.58
4712,1776876061340,607.0,490.0,2.58
4713,1776876061351,599.0,477.0,2.58
4714,1776876061362,587.0,481.0,2.58
4715,1776876061373,567.0,484.0,2.58
4716,1776876061384,562.0,472.0,2.58
4717,1776876061395,559.0,479.0,2.58
4718,1776876061406,550.0,483.0,2.58
4719,1776876061417,555.0,461.0,2.58
4720,1776876061428,553.0,474.0,2.58
4721,1776876061439,551.0,471.0,2.58
4722,1776876061450,553.0,450.0,2.58
4723,1776876061461,562.0,465.0,2.58
4724,1776876061472,563.0,463.0,2.58
4725,1776876061483,564.0,459.0,2.58
4726,1776876061494,560.0,457.0,2.58
4727,1776876061505,551.0,459.0,2.58
4728,1776876061516,538.0,444.0,2.58
4729,1776876061527,530.0,454.0,2.58
4730,1776876061538,516.0,457.0,2.58
4731,1776876061549,512.0,442.0,2.58
4732,1776876061560,515.0,453.0,2.58
4733,1776876061571,519.0,454.0,2.58
4734,1776876061582,525.0,435.0,2.58
4735,1776876061593,530.0,447.0,2.58
4736,1776876061604,534.0,449.0,2.58
4737,1776876061615,534.0,434.0,2.58
4738,1776876061626,540.0,446.0,2.58
4739,1776876061637,540.0,436.0,2.58
4740,1776876061648,543.0,424.0,2.58
4741,1776876061659,545.0,442.0,2.58
4742,1776876061670,550.0,446.0,2.58
4743,1776876061681,544.0,469.0,2.58
4744,1776876061692,548.0,442.0,2.58
4745,1776876061703,550.0,561.0,2.58
4746,1776876061714,545.0,646.0,2.58
4747,1776876061724,542.0,523.0,2.58
4748,1776876061735,542.0,736.0,2.58
4749,1776876061747,538.0,796.0,2.58
4750,1776876061757,540.0,708.0,2.58
4751,1776876061768,540.0,803.0,2.58
4752,1776876061779,537.0,803.0,2.58
4753,1776876061790,542.0,781.0,2.58
4754,1776876061801,539.0,785.0,2.58
4755,1776876061812,542.0,765.0,2.58
4756,1776876061824,540.0,759.0,2.58
4757,1776876061834,544.0,738.0,2.58
4758,1776876061845,542.0,728.0,2.58
4759,1776876061856,544.0,719.0,2.58
4760,1776876061867,541.0,714.0,2.58
4761,1776876061878,542.0,707.0,2.58
4762,1776876061889,544.0,704.0,2.58
4763,1776876061900,546.0,714.0,2.58
4764,1776876061911,540.0,700.0,2.58
4765,1776876061923,546.0,696.0,2.58
4766,1776876061933,547.0,670.0,2.58
4767,1776876061944,545.0,682.0,2.58
4768,1776876061955,541.0,672.0,2.58
4769,1776876061966,540.0,612.0,2.58
4770,1776876061977,545.0,633.0,2.58
4771,1776876061988,543.0,624.0,2.58
4772,1776876061999,546.0,612.0,2.58
4773,1776876062010,539.0,590.0,2.58
4774,1776876062021,541.0,593.0,2.58
4775,1776876062032,544.0,587.0,2.58
4776,1776876062043,542.0,583.0,2.58
4777,1776876062054,541.0,582.0,2.58
4778,1776876062065,545.0,574.0,2.58
4779,1776876062076,543.0,579.0,2.58
4780,1776876062087,542.0,580.0,2.58
4781,1776876062098,542.0,571.0,2.58
4782,1776876062109,544.0,559.0,2.58
4783,1776876062120,543.0,533.0,2.58
4784,1776876062131,538.0,540.0,2.58
4785,1776876062142,538.0,538.0,2.58
4786,1776876062153,541.0,514.0,2.58
4787,1776876062164,542.0,524.0,2.58
4788,1776876062175,543.0,524.0,2.58
4789,1776876062186,541.0,494.0,2.58
4790,1776876062197,545.0,511.0,2.58
4791,1776876062208,541.0,502.0,2.58
4792,1776876062219,540.0,483.0,2.58
4793,1776876062230,544.0,497.0,2.58
4794,1776876062241,544.0,494.0,2.58
4795,1776876062252,542.0,475.0,2.58
4796,1776876062263,543.0,490.0,2.58
4797,1776876062274,547.0,470.0,2.58
4798,1776876062285,549.0,461.0,2.58
4799,1776876062296,541.0,476.0,2.58
4800,1776876062307,543.0,466.0,2.58
4801,1776876062318,542.0,464.0,2.58
4802,1776876062329,539.0,474.0,2.58
4803,1776876062340,545.0,456.0,2.58
4804,1776876062351,544.0,456.0,2.58
4805,1776876062362,546.0,467.0,2.58
4806,1776876062373,546.0,468.0,2.58
4807,1776876062384,542.0,451.0,2.58
4808,1776876062395,573.0,460.0,2.58
4809,1776876062406,597.0,445.0,2.58
4810,1776876062417,553.0,453.0,2.58
4811,1776876062428,351.0,456.0,2.58
4812,1776876062439,375.0,437.0,2.58
4813,1776876062450,460.0,444.0,2.58
4814,1776876062461,558.0,450.0,2.58
4815,1776876062472,630.0,427.0,2.58
4816,1776876062483,627.0,427.0,2.58
4817,1776876062494,620.0,446.0,2.58
4818,1776876062505,596.0,424.0,2.58
4819,1776876062516,580.0,424.0,2.58
4820,1776876062527,577.0,437.0,2.58
4821,1776876062538,564.0,424.0,2.58
4822,1776876062549,559.0,429.0,2.58
4823,1776876062560,556.0,434.0,2.58
4824,1776876062571,551.0,416.0,2.58
4825,1776876062582,549.0,428.0,2.58
4826,1776876062593,549.0,432.0,2.58
4827,1776876062604,555.0,415.0,2.58
4828,1776876062615,559.0,422.0,2.58
4829,1776876062626,560.0,427.0,2.58
4830,1776876062637,564.0,417.0,2.58
4831,1776876062648,557.0,420.0,2.58
4832,1776876062659,554.0,426.0,2.58
4833,1776876062670,542.0,408.0,2.58
4834,1776876062682,534.0,420.0,2.58
4835,1776876062692,522.0,416.0,2.58
4836,1776876062703,520.0,404.0,2.58
4837,1776876062714,515.0,422.0,2.58
4838,1776876062725,518.0,412.0,2.58
4839,1776876062736,525.0,400.0,2.58
4840,1776876062747,525.0,422.0,2.58
4841,1776876062758,532.0,422.0,2.58
4842,1776876062769,535.0,397.0,2.58
4843,1776876062780,538.0,416.0,2.58
4844,1776876062791,537.0,401.0,2.58
4845,1776876062802,538.0,396.0,2.58
4846,1776876062813,545.0,416.0,2.58
4847,1776876062824,543.0,408.0,2.58
4848,1776876062835,544.0,425.0,2.58
4849,1776876062846,545.0,413.0,2.58
4850,1776876062857,547.0,531.0,2.58
4851,1776876062868,548.0,577.0,2.58
4852,1776876062879,544.0,688.0,2.58
4853,1776876062890,543.0,769.0,2.58
4854,1776876062901,545.0,658.0,2.58
4855,1776876062912,540.0,792.0,2.58
4856,1776876062923,538.0,808.0,2.58
4857,1776876062934,541.0,776.0,2.58
4858,1776876062945,543.0,786.0,2.58
4859,1776876062956,545.0,781.0,2.58
4860,1776876062967,538.0,767.0,2.58
4861,1776876062978,541.0,736.0,2.58
4862,1776876062989,540.0,723.0,2.58
4863,1776876063001,541.0,726.0,2.58
4864,1776876063011,543.0,706.0,2.58
4865,1776876063022,541.0,700.0,2.58
4866,1776876063033,541.0,693.0,2.58
4867,1776876063044,544.0,691.0,2.58
4868,1776876063055,543.0,683.0,2.58
4869,1776876063066,543.0,676.0,2.58
4870,1776876063077,544.0,660.0,2.58
4871,1776876063088,542.0,646.0,2.58
4872,1776876063099,544.0,662.0,2.58
4873,1776876063110,544.0,617.0,2.58
4874,1776876063121,541.0,613.0,2.58
4875,1776876063132,545.0,616.0,2.58
4876,1776876063143,547.0,604.0,2.58
4877,1776876063154,541.0,583.0,2.58
4878,1776876063165,542.0,584.0,2.58
4879,1776876063176,542.0,577.0,2.58
4880,1776876063187,543.0,572.0,2.58
4881,1776876063198,544.0,569.0,2.58
4882,1776876063209,548.0,564.0,2.58
4883,1776876063220,544.0,569.0,2.58
4884,1776876063231,548.0,567.0,2.58
4885,1776876063242,541.0,545.0,2.58
4886,1776876063253,544.0,558.0,2.58
4887,1776876063264,544.0,552.0,2.58
4888,1776876063275,545.0,518.0,2.58
4889,1776876063286,544.0,537.0,2.58
4890,1776876063297,543.0,521.0,2.58
4891,1776876063308,546.0,502.0,2.58
4892,1776876063320,544.0,513.0,2.58
4893,1776876063330,544.0,502.0,2.58
4894,1776876063341,545.0,493.0,2.58
4895,1776876063352,544.0,502.0,2.58
4896,1776876063363,544.0,485.0,2.58
4897,1776876063374,541.0,481.0,2.58
4898,1776876063385,542.0,492.0,2.58
4899,1776876063396,544.0,471.0,2.58
4900,1776876063407,541.0,461.0,2.58
4901,1776876063418,541.0,475.0,2.58
4902,1776876063429,540.0,462.0,2.58
4903,1776876063440,542.0,461.0,2.58
4904,1776876063450,543.0,464.0,2.58
4905,1776876063462,547.0,461.0,2.58
4906,1776876063473,544.0,462.0,2.58
4907,1776876063483,569.0,465.0,2.58
4908,1776876063495,594.0,456.0,2.58
4909,1776876063505,576.0,455.0,2.58
4910,1776876063517,406.0,470.0,2.58
4911,1776876063528,361.0,451.0,2.58
4912,1776876063538,424.0,446.0,2.58
4913,1776876063549,535.0,457.0,2.58
4914,1776876063560,624.0,441.0,2.58
4915,1776876063571,617.0,433.0,2.58
4916,1776876063582,618.0,451.0,2.58
4917,1776876063593,594.0,433.0,2.58
4918,1776876063604,583.0,436.0,2.58
4919,1776876063615,569.0,442.0,2.58
4920,1776876063626,565.0,430.0,2.58
4921,1776876063639,559.0,444.0,2.58
4922,1776876063648,556.0,425.0,2.58
4923,1776876063659,553.0,423.0,2.58
4924,1776876063670,548.0,440.0,2.58
4925,1776876063681,555.0,419.0,2.58
4926,1776876063692,551.0,424.0,2.58
4927,1776876063703,554.0,436.0,2.58
4928,1776876063714,553.0,415.0,2.58
4929,1776876063725,556.0,422.0,2.58
4930,1776876063736,554.0,430.0,2.58
4931,1776876063747,554.0,414.0,2.58
4932,1776876063758,544.0,425.0,2.58
4933,1776876063769,539.0,429.0,2.58
4934,1776876063780,526.0,413.0,2.58
4935,1776876063791,516.0,428.0,2.58
4936,1776876063802,524.0,426.0,2.58
4937,1776876063813,519.0,415.0,2.58
4938,1776876063824,530.0,430.0,2.58
4939,1776876063835,531.0,427.0,2.58
4940,1776876063846,538.0,413.0,2.58
4941,1776876063857,535.0,427.0,2.58
4942,1776876063868,536.0,423.0,2.58
4943,1776876063879,539.0,409.0,2.58
4944,1776876063890,540.0,431.0,2.58
4945,1776876063901,546.0,419.0,2.58
4946,1776876063912,547.0,412.0,2.58
4947,1776876063923,540.0,425.0,2.58
4948,1776876063934,543.0,467.0,2.58
4949,1776876063945,541.0,526.0,2.58
4950,1776876063957,541.0,446.0,2.58
4951,1776876063967,547.0,640.0,2.58
4952,1776876063978,542.0,723.0,2.58
4953,1776876063989,544.0,583.0,2.58
4954,1776876064000,544.0,671.0,2.58
4955,1776876064011,541.0,797.0,2.58
4956,1776876064022,540.0,742.0,2.58
4957,1776876064033,539.0,765.0,2.58
4958,1776876064044,539.0,775.0,2.58
4959,1776876064055,544.0,771.0,2.58
4960,1776876064066,542.0,738.0,2.58
4961,1776876064077,538.0,715.0,2.58
4962,1776876064088,546.0,723.0,2.58
4963,1776876064099,545.0,705.0,2.58
4964,1776876064110,543.0,676.0,2.58
4965,1776876064121,543.0,679.0,2.58
4966,1776876064132,542.0,665.0,2.58
4967,1776876064143,544.0,661.0,2.58
4968,1776876064154,546.0,652.0,2.58
4969,1776876064165,546.0,641.0,2.58
4970,1776876064176,540.0,633.0,2.58
4971,1776876064187,545.0,637.0,2.58
4972,1776876064198,541.0,603.0,2.58
4973,1776876064209,543.0,604.0,2.58
4974,1776876064220,542.0,601.0,2.58
4975,1776876064231,545.0,581.0,2.58
4976,1776876064242,537.0,580.0,2.58
4977,1776876064253,540.0,578.0,2.58
4978,1776876064264,541.0,564.0,2.58
4979,1776876064275,547.0,566.0,2.58
4980,1776876064286,546.0,568.0,2.58
4981,1776876064297,546.0,560.0,2.58
4982,1776876064308,540.0,562.0,2.58
4983,1776876064319,545.0,560.0,2.58
4984,1776876064330,547.0,541.0,2.58
4985,1776876064341,542.0,551.0,2.58
4986,1776876064352,541.0,543.0,2.58
4987,1776876064363,548.0,520.0,2.58
4988,1776876064374,544.0,532.0,2.58
4989,1776876064385,543.0,514.0,2.58
4990,1776876064396,542.0,513.0,2.58
4991,1776876064407,542.0,513.0,2.58
4992,1776876064418,544.0,486.0,2.58
4993,1776876064429,544.0,501.0,2.58
4994,1776876064440,543.0,493.0,2.58
4995,1776876064451,542.0,472.0,2.58
4996,1776876064462,541.0,485.0,2.58
4997,1776876064473,542.0,477.0,2.58
4998,1776876064484,546.0,468.0,2.58
4999,1776876064495,540.0,477.0,2.58
5000,1776876064506,543.0,479.0,2.58
5001,1776876064517,541.0,459.0,2.58
5002,1776876064528,565.0,472.0,2.58
5003,1776876064539,597.0,468.0,2.58
5004,1776876064550,581.0,456.0,2.58
5005,1776876064561,443.0,463.0,2.58
5006,1776876064572,356.0,461.0,2.58
5007,1776876064583,427.0,449.0,2.58
5008,1776876064594,510.0,460.0,2.58
5009,1776876064605,615.0,454.0,2.58
5010,1776876064616,623.0,442.0,2.58
5011,1776876064627,624.0,455.0,2.58
5012,1776876064638,594.0,448.0,2.58
5013,1776876064649,588.0,436.0,2.58
5014,1776876064660,577.0,451.0,2.58
5015,1776876064671,566.0,452.0,2.58
5016,1776876064682,559.0,435.0,2.58
5017,1776876064693,556.0,446.0,2.58
5018,1776876064704,551.0,429.0,2.58
5019,1776876064715,553.0,428.0,2.58
5020,1776876064726,553.0,442.0,2.58
5021,1776876064737,547.0,423.0,2.58
5022,1776876064748,556.0,425.0,2.58
5023,1776876064759,556.0,434.0,2.58
5024,1776876064770,561.0,420.0,2.58
5025,1776876064781,561.0,427.0,2.58
5026,1776876064792,556.0,430.0,2.58
5027,1776876064803,547.0,415.0,2.58
5028,1776876064814,536.0,424.0,2.58
5029,1776876064825,527.0,431.0,2.58
5030,1776876064836,521.0,416.0,2.58
5031,1776876064847,516.0,428.0,2.58
5032,1776876064858,517.0,430.0,2.58
5033,1776876064869,519.0,414.0,2.58
5034,1776876064880,526.0,431.0,2.58
5035,1776876064891,529.0,430.0,2.58
5036,1776876064902,531.0,417.0,2.58
5037,1776876064913,532.0,429.0,2.58
5038,1776876064924,538.0,427.0,2.58
5039,1776876064935,542.0,407.0,2.58
5040,1776876064946,540.0,428.0,2.58
5041,1776876064957,543.0,421.0,2.58
5042,1776876064968,547.0,428.0,2.58
5043,1776876064979,544.0,424.0,2.58
5044,1776876064990,545.0,423.0,2.58
5045,1776876065001,545.0,556.0,2.58
5046,1776876065012,550.0,484.0,2.58
5047,1776876065023,544.0,498.0,2.58
5048,1776876065034,546.0,678.0,2.58
5049,1776876065045,544.0,649.0,2.58
5050,1776876065056,542.0,681.0,2.58
5051,1776876065067,540.0,810.0,2.58
5052,1776876065078,548.0,768.0,2.58
5053,1776876065089,545.0,781.0,2.58
5054,1776876065100,542.0,781.0,2.58
5055,1776876065111,545.0,774.0,2.58
5056,1776876065122,540.0,735.0,2.58
5057,1776876065133,543.0,705.0,2.58
5058,1776876065144,543.0,719.0,2.58
5059,1776876065154,542.0,687.0,2.58
5060,1776876065166,545.0,676.0,2.58
5061,1776876065177,543.0,670.0,2.58
5062,1776876065187,547.0,661.0,2.58
5063,1776876065199,544.0,661.0,2.58
5064,1776876065210,543.0,646.0,2.58
5065,1776876065220,544.0,631.0,2.58
5066,1776876065232,542.0,641.0,2.58
5067,1776876065243,546.0,625.0,2.58
5068,1776876065255,538.0,594.0,2.58
5069,1776876065264,545.0,606.0,2.58
5070,1776876065276,539.0,576.0,2.58
5071,1776876065286,540.0,573.0,2.58
5072,1776876065297,545.0,578.0,2.58
5073,1776876065308,542.0,567.0,2.58
5074,1776876065319,543.0,562.0,2.58
5075,1776876065330,546.0,562.0,2.58
5076,1776876065341,541.0,555.0,2.58
5077,1776876065352,541.0,556.0,2.58
5078,1776876065363,542.0,556.0,2.58
5079,1776876065374,546.0,538.0,2.58
5080,1776876065385,542.0,540.0,2.58
5081,1776876065396,541.0,543.0,2.58
5082,1776876065407,543.0,514.0,2.58
5083,1776876065419,544.0,522.0,2.58
5084,1776876065429,537.0,525.0,2.58
5085,1776876065440,538.0,498.0,2.58
5086,1776876065452,542.0,509.0,2.58
5087,1776876065462,541.0,508.0,2.58
5088,1776876065473,540.0,483.0,2.58
5089,1776876065484,544.0,491.0,2.58
5090,1776876065495,547.0,497.0,2.58
5091,1776876065506,544.0,475.0,2.58
5092,1776876065517,574.0,479.0,2.58
5093,1776876065528,597.0,486.0,2.58
5094,1776876065539,540.0,460.0,2.58
5095,1776876065550,399.0,469.0,2.58
5096,1776876065561,370.0,471.0,2.58
5097,1776876065573,478.0,458.0,2.58
5098,1776876065583,560.0,464.0,2.58
5099,1776876065594,621.0,464.0,2.58
5100,1776876065605,621.0,446.0,2.58
5101,1776876065616,608.0,462.0,2.58
5102,1776876065627,594.0,463.0,2.58
5103,1776876065638,586.0,444.0,2.58
5104,1776876065649,573.0,461.0,2.58
5105,1776876065660,560.0,454.0,2.58
5106,1776876065671,557.0,442.0,2.58
5107,1776876065682,553.0,455.0,2.58
5108,1776876065693,548.0,444.0,2.58
5109,1776876065704,548.0,434.0,2.58
5110,1776876065715,552.0,449.0,2.58
5111,1776876065726,553.0,437.0,2.58
5112,1776876065737,554.0,428.0,2.58
5113,1776876065748,555.0,445.0,2.58
5114,1776876065759,561.0,429.0,2.58
5115,1776876065770,559.0,424.0,2.58
5116,1776876065781,554.0,441.0,2.58
5117,1776876065792,545.0,426.0,2.58
5118,1776876065803,532.0,416.0,2.58
5119,1776876065814,524.0,435.0,2.58
5120,1776876065825,517.0,415.0,2.58
5121,1776876065836,515.0,420.0,2.58
5122,1776876065847,521.0,429.0,2.58
5123,1776876065858,525.0,420.0,2.58
5124,1776876065869,526.0,421.0,2.58
5125,1776876065880,531.0,430.0,2.58
5126,1776876065891,534.0,405.0,2.58
5127,1776876065902,537.0,428.0,2.58
5128,1776876065913,547.0,409.0,2.58
5129,1776876065924,543.0,408.0,2.58
5130,1776876065935,544.0,427.0,2.58
5131,1776876065946,545.0,421.0,2.58
5132,1776876065957,542.0,428.0,2.58
5133,1776876065968,547.0,423.0,2.58
5134,1776876065979,546.0,548.0,2.58
5135,1776876065990,542.0,601.0,2.58
5136,1776876066001,539.0,490.0,2.58
5137,1776876066012,543.0,708.0,2.58
5138,1776876066023,536.0,766.0,2.58
5139,1776876066034,534.0,670.0,2.58
5140,1776876066045,537.0,791.0,2.58
5141,1776876066056,539.0,786.0,2.58
5142,1776876066067,539.0,770.0,2.58
5143,1776876066078,539.0,772.0,2.58
5144,1776876066089,539.0,762.0,2.58
5145,1776876066100,543.0,748.0,2.58
5146,1776876066111,538.0,701.0,2.58
5147,1776876066122,542.0,705.0,2.58
5148,1776876066133,543.0,696.0,2.58
5149,1776876066144,546.0,666.0,2.58
5150,1776876066155,542.0,664.0,2.58
5151,1776876066166,545.0,655.0,2.58
5152,1776876066177,544.0,645.0,2.58
5153,1776876066188,548.0,644.0,2.58
5154,1776876066199,546.0,638.0,2.58
5155,1776876066210,544.0,613.0,2.58
5156,1776876066221,544.0,623.0,2.58
5157,1776876066232,539.0,614.0,2.58
5158,1776876066243,539.0,581.0,2.58
5159,1776876066254,547.0,594.0,2.58
5160,1776876066265,545.0,578.0,2.58
5161,1776876066276,543.0,557.0,2.58
5162,1776876066287,543.0,568.0,2.58
5163,1776876066298,544.0,560.0,2.58
5164,1776876066309,539.0,560.0,2.58
5165,1776876066320,542.0,561.0,2.58
5166,1776876066331,543.0,555.0,2.58
5167,1776876066342,544.0,552.0,2.58
5168,1776876066353,542.0,555.0,2.58
5169,1776876066364,547.0,538.0,2.58
5170,1776876066375,540.0,534.0,2.58
5171,1776876066386,553.0,543.0,2.58
5172,1776876066397,591.0,520.0,2.58
5173,1776876066408,577.0,516.0,2.58
5174,1776876066419,463.0,526.0,2.58
5175,1776876066430,336.0,503.0,2.58
5176,1776876066441,423.0,505.0,2.58
5177,1776876066452,515.0,510.0,2.58
5178,1776876066463,596.0,492.0,2.58
5179,1776876066474,614.0,496.0,2.58
5180,1776876066485,617.0,501.0,2.58
5181,1776876066496,591.0,484.0,2.58
5182,1776876066507,585.0,478.0,2.58
5183,1776876066518,572.0,488.0,2.58
5184,1776876066529,572.0,468.0,2.58
5185,1776876066540,562.0,469.0,2.58
5186,1776876066551,556.0,476.0,2.58
5187,1776876066562,551.0,464.0,2.58
5188,1776876066573,548.0,465.0,2.58
5189,1776876066584,552.0,473.0,2.58
5190,1776876066595,547.0,458.0,2.58
5191,1776876066606,551.0,462.0,2.58
5192,1776876066617,552.0,461.0,2.58
5193,1776876066628,560.0,460.0,2.58
5194,1776876066639,559.0,467.0,2.58
5195,1776876066650,554.0,470.0,2.58
5196,1776876066661,547.0,455.0,2.58
5197,1776876066672,534.0,467.0,2.58
5198,1776876066683,527.0,449.0,2.58
5199,1776876066694,525.0,459.0,2.58
5200,1776876066705,526.0,464.0,2.58
5201,1776876066716,527.0,460.0,2.58
5202,1776876066727,528.0,458.0,2.58
5203,1776876066738,533.0,455.0,2.58
5204,1776876066749,534.0,440.0,2.58
5205,1776876066760,535.0,452.0,2.58
5206,1776876066771,537.0,456.0,2.58
5207,1776876066782,544.0,434.0,2.58
5208,1776876066793,545.0,445.0,2.58
5209,1776876066804,545.0,444.0,2.58
5210,1776876066815,541.0,429.0,2.58
5211,1776876066826,546.0,443.0,2.58
5212,1776876066837,546.0,449.0,2.58
5213,1776876066849,546.0,512.0,2.58
5214,1776876066859,544.0,447.0,2.58
5215,1776876066870,539.0,483.0,2.58
5216,1776876066881,542.0,688.0,2.58
5217,1776876066892,542.0,567.0,2.58
5218,1776876066903,541.0,746.0,2.58
5219,1776876066914,541.0,797.0,2.58
5220,1776876066925,539.0,737.0,2.58
5221,1776876066936,539.0,763.0,2.58
5222,1776876066947,539.0,768.0,2.58
5223,1776876066958,540.0,767.0,2.58
5224,1776876066969,542.0,726.0,2.58
5225,1776876066980,544.0,707.0,2.58
5226,1776876066991,544.0,726.0,2.58
5227,1776876067002,542.0,688.0,2.58
5228,1776876067013,552.0,670.0,2.58
5229,1776876067024,543.0,679.0,2.58
5230,1776876067034,545.0,654.0,2.58
5231,1776876067046,542.0,647.0,2.58
5232,1776876067057,547.0,647.0,2.58
5233,1776876067068,546.0,623.0,2.58
5234,1776876067079,543.0,612.0,2.58
5235,1776876067089,546.0,624.0,2.58
5236,1776876067100,542.0,591.0,2.58
5237,1776876067112,544.0,582.0,2.58
5238,1776876067122,544.0,591.0,2.58
5239,1776876067133,547.0,575.0,2.58
5240,1776876067144,541.0,570.0,2.58
5241,1776876067155,545.0,571.0,2.58
5242,1776876067166,539.0,570.0,2.58
5243,1776876067177,542.0,569.0,2.58
5244,1776876067188,543.0,568.0,2.58
5245,1776876067199,542.0,565.0,2.58
5246,1776876067210,540.0,567.0,2.58
5247,1776876067221,541.0,565.0,2.58
5248,1776876067232,545.0,541.0,2.58
5249,1776876067243,542.0,552.0,2.58
5250,1776876067254,546.0,549.0,2.58
5251,1776876067265,587.0,524.0,2.58
5252,1776876067276,591.0,535.0,2.58
5253,1776876067287,482.0,533.0,2.58
5254,1776876067298,343.0,500.0,2.58
5255,1776876067309,365.0,518.0,2.58
5256,1776876067320,506.0,507.0,2.58
5257,1776876067331,594.0,484.0,2.58
5258,1776876067342,624.0,502.0,2.58
5259,1776876067353,620.0,487.0,2.58
5260,1776876067364,601.0,481.0,2.58
5261,1776876067375,588.0,492.0,2.58
5262,1776876067386,574.0,478.0,2.58
5263,1776876067397,568.0,471.0,2.58
5264,1776876067408,563.0,483.0,2.58
5265,1776876067419,556.0,471.0,2.58
5266,1776876067430,550.0,466.0,2.58
5267,1776876067441,549.0,469.0,2.58
5268,1776876067452,552.0,463.0,2.58
5269,1776876067463,551.0,477.0,2.58
5270,1776876067474,552.0,463.0,2.58
5271,1776876067485,559.0,458.0,2.58
5272,1776876067498,564.0,470.0,2.58
5273,1776876067507,562.0,469.0,2.58
5274,1776876067518,560.0,457.0,2.58
5275,1776876067529,548.0,470.0,2.58
5276,1776876067540,535.0,468.0,2.58
5277,1776876067551,526.0,459.0,2.58
5278,1776876067562,520.0,468.0,2.58
5279,1776876067573,522.0,459.0,2.58
5280,1776876067584,513.0,447.0,2.58
5281,1776876067595,524.0,464.0,2.58
5282,1776876067606,532.0,450.0,2.58
5283,1776876067617,529.0,442.0,2.58
5284,1776876067628,533.0,457.0,2.58
5285,1776876067639,538.0,441.0,2.58
5286,1776876067650,538.0,438.0,2.58
5287,1776876067661,541.0,452.0,2.58
5288,1776876067672,543.0,434.0,2.58
5289,1776876067683,543.0,436.0,2.58
5290,1776876067694,545.0,445.0,2.58
5291,1776876067705,541.0,484.0,2.58
5292,1776876067716,545.0,508.0,2.58
5293,1776876067727,541.0,466.0,2.58
5294,1776876067738,544.0,657.0,2.58
5295,1776876067749,539.0,634.0,2.58
5296,1776876067760,543.0,599.0,2.58
5297,1776876067771,543.0,798.0,2.58
5298,1776876067782,546.0,758.0,2.58
5299,1776876067793,541.0,753.0,2.58
5300,1776876067804,538.0,781.0,2.58
5301,1776876067815,542.0,789.0,2.58
5302,1776876067826,544.0,787.0,2.58
5303,1776876067837,539.0,742.0,2.58
5304,1776876067848,543.0,749.0,2.58
5305,1776876067859,542.0,738.0,2.58
5306,1776876067870,542.0,698.0,2.58
5307,1776876067881,541.0,699.0,2.58
5308,1776876067892,543.0,691.0,2.58
5309,1776876067903,542.0,686.0,2.58
5310,1776876067914,540.0,677.0,2.58
5311,1776876067925,544.0,671.0,2.58
5312,1776876067936,545.0,657.0,2.58
5313,1776876067947,544.0,666.0,2.58
5314,1776876067958,542.0,641.0,2.58
5315,1776876067969,540.0,614.0,2.58
5316,1776876067980,539.0,633.0,2.58
5317,1776876067992,541.0,626.0,2.58
5318,1776876068002,546.0,592.0,2.58
5319,1776876068013,542.0,592.0,2.58
5320,1776876068024,538.0,589.0,2.58
5321,1776876068035,546.0,581.0,2.58
5322,1776876068046,544.0,578.0,2.58
5323,1776876068057,539.0,576.0,2.58
5324,1776876068068,545.0,572.0,2.58
5325,1776876068079,545.0,573.0,2.58
5326,1776876068090,543.0,565.0,2.58
5327,1776876068101,543.0,556.0,2.58
5328,1776876068112,539.0,563.0,2.58
5329,1776876068123,545.0,543.0,2.58
5330,1776876068134,547.0,533.0,2.58
5331,1776876068145,542.0,544.0,2.58
5332,1776876068156,542.0,520.0,2.58
5333,1776876068167,546.0,516.0,2.58
5334,1776876068178,544.0,526.0,2.58
5335,1776876068189,541.0,508.0,2.58
5336,1776876068200,540.0,501.0,2.58
5337,1776876068211,541.0,495.0,2.58
5338,1776876068222,542.0,488.0,2.58
5339,1776876068233,541.0,505.0,2.58
5340,1776876068244,543.0,483.0,2.58
5341,1776876068255,544.0,481.0,2.58
5342,1776876068266,572.0,490.0,2.58
5343,1776876068277,598.0,477.0,2.58
5344,1776876068288,534.0,477.0,2.58
5345,1776876068299,370.0,487.0,2.58
5346,1776876068310,381.0,467.0,2.58
5347,1776876068321,481.0,472.0,2.58
5348,1776876068332,568.0,477.0,2.58
5349,1776876068343,625.0,461.0,2.58
5350,1776876068354,624.0,466.0,2.58
5351,1776876068365,606.0,473.0,2.58
5352,1776876068376,595.0,459.0,2.58
5353,1776876068387,585.0,466.0,2.58
5354,1776876068398,569.0,468.0,2.58
5355,1776876068409,560.0,459.0,2.58
5356,1776876068420,557.0,462.0,2.58
5357,1776876068431,555.0,468.0,2.58
5358,1776876068442,549.0,453.0,2.58
5359,1776876068453,551.0,462.0,2.58
5360,1776876068464,552.0,462.0,2.58
5361,1776876068475,551.0,445.0,2.58
5362,1776876068486,558.0,454.0,2.58
5363,1776876068497,558.0,460.0,2.58
5364,1776876068508,562.0,436.0,2.58
5365,1776876068519,555.0,446.0,2.58
5366,1776876068530,551.0,452.0,2.58
5367,1776876068541,544.0,431.0,2.58
5368,1776876068552,525.0,443.0,2.58
5369,1776876068563,527.0,442.0,2.58
5370,1776876068574,520.0,429.0,2.58
5371,1776876068585,516.0,444.0,2.58
5372,1776876068596,518.0,443.0,2.58
5373,1776876068607,522.0,432.0,2.58
5374,1776876068618,528.0,443.0,2.58
5375,1776876068629,532.0,433.0,2.58
5376,1776876068640,532.0,426.0,2.58
5377,1776876068651,538.0,441.0,2.58
5378,1776876068662,537.0,429.0,2.58
5379,1776876068673,547.0,419.0,2.58
5380,1776876068684,545.0,442.0,2.58
5381,1776876068695,544.0,445.0,2.58
5382,1776876068706,544.0,467.0,2.58
5383,1776876068717,547.0,438.0,2.58
5384,1776876068728,543.0,452.0,2.58
5385,1776876068739,543.0,643.0,2.58
5386,1776876068750,543.0,538.0,2.58
5387,1776876068761,541.0,766.0,2.58
5388,1776876068773,543.0,812.0,2.58
5389,1776876068783,543.0,723.0,2.58
5390,1776876068794,545.0,828.0,2.58
5391,1776876068805,541.0,816.0,2.58
5392,1776876068816,543.0,805.0,2.58
5393,1776876068826,544.0,801.0,2.58
5394,1776876068837,544.0,789.0,2.58
5395,1776876068848,544.0,771.0,2.58
5396,1776876068859,544.0,733.0,2.58
5397,1776876068871,539.0,726.0,2.58
5398,1776876068881,543.0,720.0,2.58
5399,1776876068892,541.0,706.0,2.58
5400,1776876068903,540.0,697.0,2.58
5401,1776876068915,543.0,692.0,2.58
5402,1776876068925,543.0,689.0,2.58
5403,1776876068936,546.0,682.0,2.58
5404,1776876068947,549.0,679.0,2.58
5405,1776876068958,543.0,655.0,2.58
5406,1776876068969,545.0,652.0,2.58
5407,1776876068980,539.0,614.0,2.58
5408,1776876068991,544.0,603.0,2.58
5409,1776876069002,544.0,617.0,2.58
5410,1776876069013,543.0,588.0,2.58
5411,1776876069024,545.0,588.0,2.58
5412,1776876069035,542.0,588.0,2.58
5413,1776876069046,544.0,585.0,2.58
5414,1776876069057,542.0,581.0,2.58
5415,1776876069068,544.0,584.0,2.58
5416,1776876069079,541.0,574.0,2.58
5417,1776876069090,541.0,572.0,2.58
5418,1776876069101,542.0,576.0,2.58
5419,1776876069112,540.0,549.0,2.58
5420,1776876069123,542.0,557.0,2.58
5421,1776876069134,545.0,554.0,2.58
5422,1776876069145,543.0,524.0,2.58
5423,1776876069156,543.0,541.0,2.58
5424,1776876069167,546.0,534.0,2.58
5425,1776876069178,545.0,510.0,2.58
5426,1776876069189,544.0,521.0,2.58
5427,1776876069200,541.0,512.0,2.58
5428,1776876069211,546.0,499.0,2.58
5429,1776876069222,546.0,509.0,2.58
5430,1776876069233,542.0,496.0,2.58
5431,1776876069244,545.0,486.0,2.58
5432,1776876069255,541.0,503.0,2.58
5433,1776876069266,544.0,485.0,2.58
5434,1776876069277,539.0,479.0,2.58
5435,1776876069288,579.0,488.0,2.58
5436,1776876069299,596.0,478.0,2.58
5437,1776876069310,553.0,471.0,2.58
5438,1776876069321,357.0,482.0,2.58
5439,1776876069332,385.0,471.0,2.58
5440,1776876069343,486.0,470.0,2.58
5441,1776876069354,545.0,476.0,2.58
5442,1776876069365,617.0,465.0,2.58
5443,1776876069376,624.0,466.0,2.58
5444,1776876069387,611.0,477.0,2.58
5445,1776876069398,590.0,465.0,2.58
5446,1776876069410,580.0,466.0,2.58
5447,1776876069420,570.0,473.0,2.58
5448,1776876069431,560.0,453.0,2.58
5449,1776876069442,555.0,463.0,2.58
5450,1776876069453,552.0,469.0,2.58
5451,1776876069464,551.0,452.0,2.58
5452,1776876069475,548.0,444.0,2.58
5453,1776876069486,550.0,458.0,2.58
5454,1776876069497,547.0,445.0,2.58
5455,1776876069508,555.0,446.0,2.58
5456,1776876069519,557.0,457.0,2.58
5457,1776876069530,559.0,433.0,2.58
5458,1776876069541,555.0,442.0,2.58
5459,1776876069552,550.0,451.0,2.58
5460,1776876069563,543.0,435.0,2.58
5461,1776876069574,534.0,442.0,2.58
5462,1776876069585,525.0,444.0,2.58
5463,1776876069596,523.0,430.0,2.58
5464,1776876069607,522.0,444.0,2.58
5465,1776876069618,523.0,448.0,2.58
5466,1776876069629,527.0,437.0,2.58
5467,1776876069640,527.0,445.0,2.58
5468,1776876069651,537.0,447.0,2.58
5469,1776876069662,530.0,439.0,2.58
5470,1776876069673,538.0,445.0,2.58
5471,1776876069684,539.0,445.0,2.58
5472,1776876069695,541.0,424.0,2.58
5473,1776876069706,548.0,444.0,2.58
5474,1776876069717,547.0,440.0,2.58
5475,1776876069729,544.0,434.0,2.58
5476,1776876069739,543.0,437.0,2.58
5477,1776876069750,544.0,599.0,2.58
5478,1776876069761,540.0,497.0,2.58
5479,1776876069772,545.0,562.0,2.58
5480,1776876069783,541.0,786.0,2.58
5481,1776876069794,539.0,667.0,2.58
5482,1776876069805,544.0,757.0,2.58
5483,1776876069816,543.0,820.0,2.58
5484,1776876069827,545.0,784.0,2.58
5485,1776876069838,544.0,795.0,2.58
5486,1776876069849,543.0,769.0,2.58
5487,1776876069860,541.0,780.0,2.58
5488,1776876069871,540.0,730.0,2.58
5489,1776876069882,542.0,708.0,2.58
5490,1776876069893,545.0,717.0,2.58
5491,1776876069904,529.0,689.0,2.58
5492,1776876069915,542.0,684.0,2.58
5493,1776876069926,541.0,678.0,2.58
5494,1776876069937,544.0,671.0,2.58
5495,1776876069948,545.0,665.0,2.58
5496,1776876069959,544.0,654.0,2.58
5497,1776876069970,541.0,638.0,2.58
5498,1776876069981,544.0,627.0,2.58
5499,1776876069992,543.0,645.0,2.58
5500,1776876070003,542.0,605.0,2.58
5501,1776876070014,546.0,593.0,2.58
5502,1776876070025,542.0,601.0,2.58
5503,1776876070036,541.0,592.0,2.58
5504,1776876070048,545.0,584.0,2.58
5505,1776876070058,545.0,580.0,2.58
5506,1776876070069,542.0,576.0,2.58
5507,1776876070080,545.0,574.0,2.58
5508,1776876070091,540.0,571.0,2.58
5509,1776876070102,548.0,564.0,2.58
5510,1776876070113,544.0,568.0,2.58
5511,1776876070124,542.0,567.0,2.58
5512,1776876070135,543.0,548.0,2.58
5513,1776876070146,536.0,551.0,2.58
5514,1776876070157,542.0,550.0,2.58
5515,1776876070168,542.0,525.0,2.58
5516,1776876070179,545.0,533.0,2.58
5517,1776876070190,546.0,530.0,2.58
5518,1776876070201,549.0,504.0,2.58
5519,1776876070212,543.0,516.0,2.58
5520,1776876070223,541.0,513.0,2.58
5521,1776876070234,546.0,489.0,2.58
5522,1776876070245,548.0,501.0,2.58
5523,1776876070256,541.0,500.0,2.58
5524,1776876070267,542.0,480.0,2.58
5525,1776876070278,547.0,490.0,2.58
5526,1776876070289,541.0,484.0,2.58
5527,1776876070300,542.0,478.0,2.58
5528,1776876070311,546.0,485.0,2.58
5529,1776876070322,567.0,472.0,2.58
5530,1776876070333,600.0,467.0,2.58
5531,1776876070344,556.0,479.0,2.58
5532,1776876070355,418.0,466.0,2.58
5533,1776876070366,368.0,457.0,2.58
5534,1776876070377,460.0,469.0,2.58
5535,1776876070388,550.0,461.0,2.58
5536,1776876070399,620.0,454.0,2.58
5537,1776876070410,618.0,465.0,2.58
5538,1776876070421,606.0,457.0,2.58
5539,1776876070432,598.0,453.0,2.58
5540,1776876070443,585.0,466.0,2.58
5541,1776876070454,576.0,446.0,2.58
5542,1776876070465,566.0,453.0,2.58
5543,1776876070476,561.0,461.0,2.58
5544,1776876070487,553.0,450.0,2.58
5545,1776876070498,554.0,455.0,2.58
5546,1776876070509,550.0,446.0,2.58
5547,1776876070520,553.0,436.0,2.58
5548,1776876070531,551.0,449.0,2.58
5549,1776876070542,553.0,439.0,2.58
5550,1776876070553,555.0,428.0,2.58
5551,1776876070564,558.0,442.0,2.58
5552,1776876070575,557.0,443.0,2.58
5553,1776876070586,550.0,428.0,2.58
5554,1776876070597,546.0,437.0,2.58
5555,1776876070608,536.0,432.0,2.58
5556,1776876070619,531.0,428.0,2.58
5557,1776876070630,521.0,440.0,2.58
5558,1776876070641,523.0,428.0,2.58
5559,1776876070652,521.0,429.0,2.58
5560,1776876070663,522.0,438.0,2.58
5561,1776876070675,531.0,428.0,2.58
5562,1776876070684,537.0,427.0,2.58
5563,1776876070696,531.0,439.0,2.58
5564,1776876070707,537.0,423.0,2.58
5565,1776876070718,544.0,429.0,2.58
5566,1776876070728,540.0,437.0,2.58
5567,1776876070739,545.0,422.0,2.58
5568,1776876070751,545.0,429.0,2.58
5569,1776876070761,542.0,436.0,2.58
5570,1776876070772,544.0,499.0,2.58
5571,1776876070783,544.0,455.0,2.58
5572,1776876070794,539.0,461.0,2.58
5573,1776876070805,542.0,709.0,2.58
5574,1776876070816,544.0,591.0,2.58
5575,1776876070827,543.0,623.0,2.58
5576,1776876070838,543.0,821.0,2.58
5577,1776876070849,543.0,755.0,2.58
5578,1776876070860,540.0,776.0,2.58
5579,1776876070871,542.0,794.0,2.58
5580,1776876070882,539.0,794.0,2.58
5581,1776876070893,542.0,758.0,2.58
5582,1776876070904,540.0,729.0,2.58
5583,1776876070915,543.0,745.0,2.58
5584,1776876070926,543.0,706.0,2.58
5585,1776876070937,544.0,695.0,2.58
5586,1776876070948,546.0,691.0,2.58
5587,1776876070959,538.0,680.0,2.58
5588,1776876070970,539.0,675.0,2.58
5589,1776876070981,547.0,670.0,2.58
5590,1776876070992,541.0,663.0,2.58
5591,1776876071003,546.0,647.0,2.58
5592,1776876071014,544.0,657.0,2.58
5593,1776876071025,542.0,630.0,2.58
5594,1776876071036,544.0,602.0,2.58
5595,1776876071047,542.0,624.0,2.58
5596,1776876071058,541.0,590.0,2.58
5597,1776876071069,545.0,579.0,2.58
5598,1776876071080,547.0,586.0,2.58
5599,1776876071091,542.0,580.0,2.58
5600,1776876071102,546.0,574.0,2.58
5601,1776876071113,542.0,573.0,2.58
5602,1776876071124,548.0,566.0,2.58
5603,1776876071135,544.0,562.0,2.58
5604,1776876071146,541.0,568.0,2.58
5605,1776876071157,541.0,564.0,2.58
5606,1776876071168,546.0,544.0,2.58
5607,1776876071179,543.0,555.0,2.58
5608,1776876071190,544.0,531.0,2.58
5609,1776876071201,546.0,532.0,2.58
5610,1776876071212,540.0,533.0,2.58
5611,1776876071223,541.0,511.0,2.58
5612,1776876071234,543.0,519.0,2.58
5613,1776876071245,546.0,521.0,2.58
5614,1776876071256,544.0,500.0,2.58
5615,1776876071267,544.0,502.0,2.58
5616,1776876071278,545.0,481.0,2.58
5617,1776876071289,539.0,490.0,2.58
5618,1776876071300,544.0,490.0,2.58
5619,1776876071311,554.0,471.0,2.58
5620,1776876071322,578.0,478.0,2.58
5621,1776876071333,590.0,479.0,2.58
5622,1776876071344,512.0,466.0,2.58
5623,1776876071355,360.0,477.0,2.58
5624,1776876071366,383.0,480.0,2.58
5625,1776876071377,498.0,459.0,2.58
5626,1776876071388,589.0,471.0,2.58
5627,1776876071399,620.0,470.0,2.58
5628,1776876071410,622.0,457.0,2.58
5629,1776876071421,601.0,466.0,2.58
5630,1776876071432,585.0,466.0,2.58
5631,1776876071443,573.0,452.0,2.58
5632,1776876071454,570.0,468.0,2.58
5633,1776876071465,558.0,456.0,2.58
5634,1776876071476,550.0,447.0,2.58
5635,1776876071487,557.0,457.0,2.58
5636,1776876071498,553.0,460.0,2.58
5637,1776876071509,552.0,449.0,2.58
5638,1776876071520,552.0,454.0,2.58
5639,1776876071531,551.0,455.0,2.58
5640,1776876071542,552.0,435.0,2.58
5641,1776876071553,556.0,449.0,2.58
5642,1776876071564,556.0,444.0,2.58
5643,1776876071575,553.0,432.0,2.58
5644,1776876071586,549.0,445.0,2.58
5645,1776876071597,544.0,433.0,2.58
5646,1776876071608,531.0,427.0,2.58
5647,1776876071619,524.0,440.0,2.58
5648,1776876071630,521.0,434.0,2.58
5649,1776876071641,520.0,430.0,2.58
5650,1776876071653,525.0,441.0,2.58
5651,1776876071663,521.0,422.0,2.58
5652,1776876071674,526.0,423.0,2.58
5653,1776876071685,531.0,437.0,2.58
5654,1776876071696,535.0,432.0,2.58
5655,1776876071707,536.0,423.0,2.58
5656,1776876071718,541.0,434.0,2.58
5657,1776876071729,541.0,421.0,2.58
5658,1776876071740,540.0,421.0,2.58
5659,1776876071751,543.0,435.0,2.58
5660,1776876071762,548.0,454.0,2.58
5661,1776876071773,546.0,463.0,2.58
5662,1776876071784,542.0,443.0,2.58
5663,1776876071795,537.0,624.0,2.58
5664,1776876071806,541.0,585.0,2.58
5665,1776876071817,541.0,569.0,2.58
5666,1776876071828,541.0,792.0,2.58
5667,1776876071839,540.0,728.0,2.58
5668,1776876071850,541.0,737.0,2.58
5669,1776876071861,543.0,782.0,2.58
5670,1776876071872,543.0,793.0,2.58
5671,1776876071883,541.0,795.0,2.58
5672,1776876071894,540.0,760.0,2.58
5673,1776876071905,543.0,762.0,2.58
5674,1776876071916,547.0,740.0,2.58
5675,1776876071927,541.0,699.0,2.58
5676,1776876071938,541.0,702.0,2.58
5677,1776876071949,538.0,683.0,2.58
5678,1776876071961,537.0,667.0,2.58
5679,1776876071971,542.0,669.0,2.58
5680,1776876071982,545.0,662.0,2.58
5681,1776876071993,548.0,647.0,2.58
5682,1776876072004,543.0,647.0,2.58
5683,1776876072015,545.0,644.0,2.58
5684,1776876072026,542.0,621.0,2.58
5685,1776876072037,546.0,618.0,2.58
5686,1776876072048,547.0,580.0,2.58
5687,1776876072059,539.0,591.0,2.58
5688,1776876072070,544.0,585.0,2.58
5689,1776876072081,542.0,572.0,2.58
5690,1776876072092,538.0,576.0,2.58
5691,1776876072103,542.0,570.0,2.58
5692,1776876072114,542.0,565.0,2.58
5693,1776876072125,541.0,567.0,2.58
5694,1776876072136,542.0,564.0,2.58
5695,1776876072147,543.0,548.0,2.58
5696,1776876072158,545.0,560.0,2.58
5697,1776876072169,548.0,547.0,2.58
5698,1776876072180,547.0,524.0,2.58
5699,1776876072191,546.0,544.0,2.58
5700,1776876072202,542.0,524.0,2.58
5701,1776876072213,543.0,511.0,2.58
5702,1776876072224,540.0,521.0,2.58
5703,1776876072235,547.0,501.0,2.58
5704,1776876072246,540.0,492.0,2.58
5705,1776876072257,543.0,511.0,2.58
5706,1776876072268,544.0,483.0,2.58
5707,1776876072280,543.0,479.0,2.58
5708,1776876072290,542.0,492.0,2.58
5709,1776876072301,558.0,473.0,2.58
5710,1776876072312,593.0,469.0,2.58
5711,1776876072323,588.0,479.0,2.58
5712,1776876072334,473.0,462.0,2.58
5713,1776876072345,346.0,468.0,2.58
5714,1776876072356,421.0,473.0,2.58
5715,1776876072367,508.0,455.0,2.58
5716,1776876072378,602.0,465.0,2.58
5717,1776876072389,622.0,466.0,2.58
5718,1776876072400,614.0,452.0,2.58
5719,1776876072411,594.0,463.0,2.58
5720,1776876072422,587.0,459.0,2.58
5721,1776876072433,574.0,446.0,2.58
5722,1776876072444,567.0,457.0,2.58
5723,1776876072455,558.0,459.0,2.58
5724,1776876072466,560.0,444.0,2.58
5725,1776876072477,554.0,447.0,2.58
5726,1776876072488,553.0,458.0,2.58
5727,1776876072499,552.0,442.0,2.58
5728,1776876072510,552.0,449.0,2.58
5729,1776876072521,548.0,452.0,2.58
5730,1776876072532,556.0,434.0,2.58
5731,1776876072543,557.0,441.0,2.58
5732,1776876072554,557.0,449.0,2.58
5733,1776876072565,556.0,423.0,2.58
5734,1776876072576,548.0,426.0,2.58
5735,1776876072587,540.0,438.0,2.58
5736,1776876072599,536.0,428.0,2.58
5737,1776876072609,529.0,438.0,2.58
5738,1776876072620,521.0,437.0,2.58
5739,1776876072631,523.0,427.0,2.58
5740,1776876072642,523.0,439.0,2.58
5741,1776876072653,529.0,432.0,2.58
5742,1776876072664,533.0,421.0,2.58
5743,1776876072675,535.0,435.0,2.58
5744,1776876072686,535.0,424.0,2.58
5745,1776876072697,539.0,420.0,2.58
5746,1776876072708,547.0,434.0,2.58
5747,1776876072719,547.0,419.0,2.58
5748,1776876072730,543.0,415.0,2.58
5749,1776876072741,545.0,435.0,2.58
5750,1776876072752,545.0,449.0,2.58
5751,1776876072763,542.0,485.0,2.58
5752,1776876072774,545.0,443.0,2.58
5753,1776876072785,546.0,652.0,2.58
5754,1776876072796,545.0,533.0,2.58
5755,1776876072807,540.0,729.0,2.58
5756,1776876072817,540.0,806.0,2.58
5757,1776876072829,543.0,717.0,2.58
5758,1776876072839,543.0,757.0,2.58
5759,1776876072850,540.0,777.0,2.58
5760,1776876072861,545.0,786.0,2.58
5761,1776876072873,543.0,755.0,2.58
5762,1776876072883,544.0,736.0,2.58
5763,1776876072894,538.0,744.0,2.58
5764,1776876072906,541.0,694.0,2.58
5765,1776876072918,543.0,683.0,2.58
5766,1776876072927,542.0,686.0,2.58
5767,1776876072938,544.0,655.0,2.58
5768,1776876072949,541.0,655.0,2.58
5769,1776876072960,546.0,650.0,2.58
5770,1776876072971,543.0,631.0,2.58
5771,1776876072982,543.0,632.0,2.58
5772,1776876072993,553.0,637.0,2.58
5773,1776876073004,544.0,612.0,2.58
5774,1776876073015,544.0,600.0,2.58
5775,1776876073026,544.0,614.0,2.58
5776,1776876073037,542.0,582.0,2.58
5777,1776876073048,546.0,580.0,2.58
5778,1776876073059,542.0,581.0,2.58
5779,1776876073070,548.0,572.0,2.58
5780,1776876073081,547.0,571.0,2.58
5781,1776876073092,541.0,571.0,2.58
5782,1776876073103,546.0,568.0,2.58
5783,1776876073114,547.0,566.0,2.58
5784,1776876073125,544.0,569.0,2.58
5785,1776876073136,542.0,551.0,2.58
5786,1776876073147,543.0,559.0,2.58
5787,1776876073158,541.0,558.0,2.58
5788,1776876073169,543.0,530.0,2.58
5789,1776876073180,545.0,542.0,2.58
5790,1776876073191,547.0,541.0,2.58
5791,1776876073202,575.0,506.0,2.58
5792,1776876073213,594.0,524.0,2.58
5793,1776876073224,550.0,513.0,2.58
5794,1776876073236,371.0,491.0,2.58
5795,1776876073246,377.0,505.0,2.58
5796,1776876073257,477.0,490.0,2.58
5797,1776876073268,560.0,480.0,2.58
5798,1776876073279,617.0,493.0,2.58
5799,1776876073290,623.0,477.0,2.58
5800,1776876073301,603.0,471.0,2.58
5801,1776876073312,594.0,485.0,2.58
5802,1776876073323,577.0,469.0,2.58
5803,1776876073334,571.0,464.0,2.58
5804,1776876073345,560.0,472.0,2.58
5805,1776876073356,558.0,473.0,2.58
5806,1776876073367,554.0,460.0,2.58
5807,1776876073378,552.0,472.0,2.58
5808,1776876073389,549.0,456.0,2.58
5809,1776876073400,553.0,461.0,2.58
5810,1776876073411,552.0,466.0,2.58
5811,1776876073422,548.0,454.0,2.58
5812,1776876073433,557.0,460.0,2.58
5813,1776876073444,558.0,466.0,2.58
5814,1776876073455,555.0,458.0,2.58
5815,1776876073466,552.0,457.0,2.58
5816,1776876073477,540.0,467.0,2.58
5817,1776876073488,533.0,451.0,2.58
5818,1776876073499,529.0,447.0,2.58
5819,1776876073510,520.0,462.0,2.58
5820,1776876073521,528.0,445.0,2.58
5821,1776876073532,525.0,446.0,2.58
5822,1776876073543,528.0,443.0,2.58
5823,1776876073554,532.0,438.0,2.58
5824,1776876073565,531.0,453.0,2.58
5825,1776876073576,537.0,436.0,2.58
5826,1776876073587,538.0,429.0,2.58
5827,1776876073598,542.0,448.0,2.58
5828,1776876073609,544.0,424.0,2.58
5829,1776876073620,541.0,422.0,2.58
5830,1776876073631,543.0,441.0,2.58
5831,1776876073642,545.0,447.0,2.58
5832,1776876073653,542.0,454.0,2.58
5833,1776876073664,545.0,441.0,2.58
5834,1776876073675,541.0,601.0,2.58
5835,1776876073686,541.0,558.0,2.58
5836,1776876073697,540.0,552.0,2.58
5837,1776876073708,541.0,767.0,2.58
5838,1776876073719,544.0,710.0,2.58
5839,1776876073730,540.0,719.0,2.58
5840,1776876073741,544.0,767.0,2.58
5841,1776876073752,545.0,777.0,2.58
5842,1776876073763,540.0,775.0,2.58
5843,1776876073774,544.0,737.0,2.58
5844,1776876073785,546.0,750.0,2.58
5845,1776876073796,542.0,729.0,2.58
5846,1776876073807,541.0,679.0,2.58
5847,1776876073818,540.0,694.0,2.58
5848,1776876073829,544.0,672.0,2.58
5849,1776876073840,544.0,650.0,2.58
5850,1776876073851,542.0,653.0,2.58
5851,1776876073862,541.0,635.0,2.58
5852,1776876073873,545.0,617.0,2.58
5853,1776876073884,543.0,635.0,2.58
5854,1776876073895,545.0,607.0,2.58
5855,1776876073906,544.0,591.0,2.58
5856,1776876073917,540.0,608.0,2.58
5857,1776876073928,539.0,592.0,2.58
5858,1776876073939,544.0,569.0,2.58
5859,1776876073950,541.0,576.0,2.58
5860,1776876073961,545.0,564.0,2.58
5861,1776876073972,545.0,566.0,2.58
5862,1776876073983,548.0,568.0,2.58
5863,1776876073994,540.0,561.0,2.58
5864,1776876074005,543.0,559.0,2.58
5865,1776876074016,542.0,563.0,2.58
5866,1776876074027,543.0,548.0,2.58
5867,1776876074038,540.0,542.0,2.58
5868,1776876074049,546.0,547.0,2.58
5869,1776876074060,547.0,530.0,2.58
5870,1776876074071,541.0,517.0,2.58
5871,1776876074082,543.0,532.0,2.58
5872,1776876074093,561.0,506.0,2.58
5873,1776876074104,597.0,502.0,2.58
5874,1776876074115,581.0,515.0,2.58
5875,1776876074126,461.0,495.0,2.58
5876,1776876074137,369.0,491.0,2.58
5877,1776876074148,435.0,499.0,2.58
5878,1776876074159,513.0,478.0,2.58
5879,1776876074170,610.0,485.0,2.58
5880,1776876074182,616.0,487.0,2.58
5881,1776876074192,616.0,463.0,2.58
5882,1776876074203,593.0,473.0,2.58
5883,1776876074214,586.0,477.0,2.58
5884,1776876074225,571.0,460.0,2.58
5885,1776876074236,562.0,469.0,2.58
5886,1776876074247,560.0,469.0,2.58
5887,1776876074258,554.0,457.0,2.58
5888,1776876074269,551.0,469.0,2.58
5889,1776876074280,549.0,467.0,2.58
5890,1776876074291,551.0,459.0,2.58
5891,1776876074302,547.0,471.0,2.58
5892,1776876074313,555.0,450.0,2.58
5893,1776876074324,560.0,464.0,2.58
5894,1776876074335,558.0,465.0,2.58
5895,1776876074346,558.0,449.0,2.58
5896,1776876074357,558.0,455.0,2.58
5897,1776876074368,548.0,459.0,2.58
5898,1776876074379,541.0,447.0,2.58
5899,1776876074390,535.0,458.0,2.58
5900,1776876074401,518.0,451.0,2.58
5901,1776876074412,523.0,436.0,2.58
5902,1776876074423,525.0,455.0,2.58
5903,1776876074434,526.0,447.0,2.58
5904,1776876074445,533.0,436.0,2.58
5905,1776876074456,536.0,451.0,2.58
5906,1776876074467,536.0,451.0,2.58
5907,1776876074478,534.0,427.0,2.58
5908,1776876074489,542.0,444.0,2.58
5909,1776876074501,541.0,448.0,2.58
5910,1776876074511,542.0,422.0,2.58
5911,1776876074522,545.0,435.0,2.58
5912,1776876074533,541.0,444.0,2.58
5913,1776876074544,539.0,491.0,2.58
5914,1776876074555,542.0,443.0,2.58
5915,1776876074566,548.0,556.0,2.58
5916,1776876074577,543.0,672.0,2.58
5917,1776876074588,544.0,537.0,2.58
5918,1776876074599,540.0,734.0,2.58
5919,1776876074610,542.0,800.0,2.58
5920,1776876074621,543.0,718.0,2.58
5921,1776876074632,540.0,756.0,2.58
5922,1776876074643,543.0,796.0,2.58
5923,1776876074654,546.0,783.0,2.58
5924,1776876074665,539.0,759.0,2.58
5925,1776876074676,540.0,741.0,2.58
5926,1776876074687,543.0,754.0,2.58
5927,1776876074698,542.0,704.0,2.58
5928,1776876074709,543.0,697.0,2.58
5929,1776876074719,543.0,693.0,2.58
5930,1776876074731,543.0,677.0,2.58
5931,1776876074742,541.0,669.0,2.58
5932,1776876074752,540.0,665.0,2.58
5933,1776876074764,543.0,656.0,2.58
5934,1776876074775,545.0,656.0,2.58
5935,1776876074785,542.0,657.0,2.58
5936,1776876074796,546.0,614.0,2.58
5937,1776876074807,542.0,630.0,2.58
5938,1776876074820,546.0,621.0,2.58
5939,1776876074829,541.0,584.0,2.58
5940,1776876074840,539.0,594.0,2.58
5941,1776876074852,544.0,587.0,2.58
5942,1776876074862,540.0,574.0,2.58
5943,1776876074873,545.0,575.0,2.58
5944,1776876074884,541.0,574.0,2.58
5945,1776876074895,544.0,568.0,2.58
5946,1776876074906,545.0,568.0,2.58
5947,1776876074917,541.0,563.0,2.58
5948,1776876074928,542.0,554.0,2.58
5949,1776876074939,544.0,564.0,2.58
5950,1776876074950,544.0,543.0,2.58
5951,1776876074961,542.0,529.0,2.58
5952,1776876074972,545.0,546.0,2.58
5953,1776876074983,541.0,546.0,2.58
5954,1776876074994,541.0,512.0,2.58
5955,1776876075005,542.0,525.0,2.58
5956,1776876075016,542.0,515.0,2.58
5957,1776876075027,543.0,494.0,2.58
5958,1776876075038,544.0,508.0,2.58
5959,1776876075049,562.0,494.0,2.58
5960,1776876075060,595.0,477.0,2.58
5961,1776876075071,561.0,493.0,2.58
5962,1776876075082,440.0,470.0,2.58
5963,1776876075093,369.0,479.0,2.58
5964,1776876075104,449.0,473.0,2.58
5965,1776876075115,535.0,464.0,2.58
5966,1776876075126,609.0,473.0,2.58
5967,1776876075138,613.0,469.0,2.58
5968,1776876075148,615.0,463.0,2.58
5969,1776876075159,592.0,470.0,2.58
5970,1776876075170,585.0,468.0,2.58
5971,1776876075181,571.0,457.0,2.58
5972,1776876075192,566.0,473.0,2.58
5973,1776876075203,559.0,460.0,2.58
5974,1776876075214,550.0,457.0,2.58
5975,1776876075225,558.0,466.0,2.58
5976,1776876075236,547.0,452.0,2.58
5977,1776876075247,552.0,449.0,2.58
5978,1776876075258,550.0,463.0,2.58
5979,1776876075269,556.0,445.0,2.58
5980,1776876075280,557.0,445.0,2.58
5981,1776876075291,556.0,454.0,2.58
5982,1776876075302,552.0,440.0,2.58
5983,1776876075313,553.0,446.0,2.58
5984,1776876075324,544.0,452.0,2.58
5985,1776876075335,537.0,439.0,2.58
5986,1776876075346,531.0,443.0,2.58
5987,1776876075357,521.0,451.0,2.58
5988,1776876075368,524.0,438.0,2.58
5989,1776876075379,522.0,447.0,2.58
5990,1776876075390,524.0,451.0,2.58
5991,1776876075401,528.0,425.0,2.58
5992,1776876075412,534.0,446.0,2.58
5993,1776876075423,536.0,444.0,2.58
5994,1776876075434,541.0,426.0,2.58
5995,1776876075445,545.0,440.0,2.58
5996,1776876075457,544.0,439.0,2.58
5997,1776876075467,539.0,417.0,2.58
5998,1776876075478,548.0,431.0,2.58
5999,1776876075489,544.0,436.0,2.58
6000,1776876075500,542.0,482.0,2.58
6001,1776876075511,547.0,454.0,2.58
6002,1776876075522,542.0,456.0,2.58
6003,1776876075533,543.0,688.0,2.58
6004,1776876075544,540.0,578.0,2.58
6005,1776876075555,545.0,604.0,2.58
6006,1776876075566,541.0,829.0,2.58
6007,1776876075577,541.0,751.0,2.58
6008,1776876075588,539.0,778.0,2.58
6009,1776876075599,542.0,805.0,2.58
6010,1776876075610,541.0,812.0,2.58
6011,1776876075621,545.0,786.0,2.58
6012,1776876075632,544.0,752.0,2.58
6013,1776876075643,541.0,770.0,2.58
6014,1776876075654,544.0,728.0,2.58
6015,1776876075665,539.0,714.0,2.58
6016,1776876075676,542.0,715.0,2.58
6017,1776876075687,545.0,697.0,2.58
6018,1776876075698,542.0,692.0,2.58
6019,1776876075709,542.0,683.0,2.58
6020,1776876075720,541.0,673.0,2.58
6021,1776876075731,544.0,660.0,2.58
6022,1776876075742,545.0,666.0,2.58
6023,1776876075753,542.0,626.0,2.58
6024,1776876075764,544.0,617.0,2.58
6025,1776876075775,545.0,630.0,2.58
6026,1776876075786,546.0,599.0,2.58
6027,1776876075797,542.0,592.0,2.58
6028,1776876075808,545.0,595.0,2.58
6029,1776876075819,541.0,581.0,2.58
6030,1776876075830,545.0,577.0,2.58
6031,1776876075841,544.0,573.0,2.58
6032,1776876075852,541.0,572.0,2.58
6033,1776876075863,542.0,570.0,2.58
6034,1776876075874,545.0,560.0,2.58
6035,1776876075885,544.0,564.0,2.58
6036,1776876075896,545.0,565.0,2.58
6037,1776876075907,544.0,539.0,2.58
6038,1776876075918,542.0,545.0,2.58
6039,1776876075929,544.0,545.0,2.58
6040,1776876075940,546.0,517.0,2.58
6041,1776876075951,546.0,527.0,2.58
6042,1776876075962,541.0,524.0,2.58
6043,1776876075973,544.0,504.0,2.58
6044,1776876075984,541.0,501.0,2.58
6045,1776876075995,542.0,507.0,2.58
6046,1776876076006,544.0,492.0,2.58
6047,1776876076017,544.0,495.0,2.58
6048,1776876076028,576.0,505.0,2.58
6049,1776876076039,596.0,483.0,2.58
6050,1776876076050,557.0,489.0,2.58
6051,1776876076061,376.0,494.0,2.58
6052,1776876076072,389.0,474.0,2.58
6053,1776876076083,475.0,480.0,2.58
6054,1776876076094,548.0,486.0,2.58
6055,1776876076105,618.0,468.0,2.58
6056,1776876076116,617.0,476.0,2.58
6057,1776876076127,606.0,477.0,2.58
6058,1776876076138,589.0,464.0,2.58
6059,1776876076149,578.0,476.0,2.58
6060,1776876076160,572.0,475.0,2.58
6061,1776876076171,559.0,461.0,2.58
6062,1776876076182,558.0,472.0,2.58
6063,1776876076193,549.0,469.0,2.58
6064,1776876076204,550.0,455.0,2.58
6065,1776876076215,551.0,468.0,2.58
6066,1776876076226,554.0,455.0,2.58
6067,1776876076237,552.0,447.0,2.58
6068,1776876076248,556.0,464.0,2.58
6069,1776876076259,552.0,447.0,2.58
6070,1776876076270,556.0,439.0,2.58
6071,1776876076281,556.0,454.0,2.58
6072,1776876076292,547.0,447.0,2.58
6073,1776876076303,543.0,445.0,2.58
6074,1776876076314,535.0,454.0,2.58
6075,1776876076325,527.0,444.0,2.58
6076,1776876076336,522.0,443.0,2.58
6077,1776876076347,519.0,455.0,2.58
6078,1776876076358,525.0,432.0,2.58
6079,1776876076369,525.0,442.0,2.58
6080,1776876076380,531.0,447.0,2.58
6081,1776876076391,531.0,435.0,2.58
6082,1776876076402,535.0,443.0,2.58
6083,1776876076413,541.0,447.0,2.58
6084,1776876076425,539.0,425.0,2.58
6085,1776876076435,543.0,436.0,2.58
6086,1776876076446,544.0,444.0,2.58
6087,1776876076457,546.0,434.0,2.58
6088,1776876076468,549.0,441.0,2.58
6089,1776876076479,548.0,435.0,2.58
6090,1776876076490,544.0,538.0,2.58
6091,1776876076501,541.0,552.0,2.58
6092,1776876076512,538.0,502.0,2.58
6093,1776876076523,543.0,736.0,2.58
6094,1776876076534,545.0,697.0,2.58
6095,1776876076545,544.0,679.0,2.58
6096,1776876076555,543.0,832.0,2.58
6097,1776876076567,543.0,796.0,2.58
6098,1776876076578,543.0,799.0,2.58
6099,1776876076588,541.0,799.0,2.58
6100,1776876076599,541.0,786.0,2.58
6101,1776876076611,538.0,742.0,2.58
6102,1776876076621,543.0,734.0,2.58
6103,1776876076632,546.0,726.0,2.58
6104,1776876076643,547.0,701.0,2.58
6105,1776876076654,546.0,695.0,2.58
6106,1776876076665,545.0,689.0,2.58
6107,1776876076676,541.0,681.0,2.58
6108,1776876076687,541.0,676.0,2.58
6109,1776876076698,543.0,669.0,2.58
6110,1776876076709,545.0,650.0,2.58
6111,1776876076720,543.0,653.0,2.58
6112,1776876076731,543.0,653.0,2.58
6113,1776876076743,542.0,608.0,2.58
6114,1776876076753,543.0,624.0,2.58
6115,1776876076764,547.0,603.0,2.58
6116,1776876076775,542.0,589.0,2.58
6117,1776876076786,541.0,587.0,2.58
6118,1776876076797,545.0,582.0,2.58
6119,1776876076808,543.0,577.0,2.58
6120,1776876076819,548.0,578.0,2.58
6121,1776876076830,542.0,572.0,2.58
6122,1776876076841,542.0,566.0,2.58
6123,1776876076852,546.0,573.0,2.58
6124,1776876076863,546.0,555.0,2.58
6125,1776876076874,544.0,549.0,2.58
6126,1776876076885,544.0,558.0,2.58
6127,1776876076896,547.0,529.0,2.58
6128,1776876076907,543.0,522.0,2.58
6129,1776876076918,542.0,538.0,2.58
6130,1776876076929,541.0,512.0,2.58
6131,1776876076940,541.0,509.0,2.58
6132,1776876076951,544.0,515.0,2.58
6133,1776876076962,544.0,496.0,2.58
6134,1776876076973,543.0,494.0,2.58
6135,1776876076984,546.0,503.0,2.58
6136,1776876076995,543.0,492.0,2.58
6137,1776876077006,538.0,484.0,2.58
6138,1776876077017,542.0,495.0,2.58
6139,1776876077028,541.0,480.0,2.58
6140,1776876077039,541.0,477.0,2.58
6141,1776876077052,544.0,487.0,2.58
6142,1776876077061,542.0,484.0,2.58
6143,1776876077072,544.0,472.0,2.58
6144,1776876077083,543.0,482.0,2.58
6145,1776876077094,536.0,468.0,2.58
6146,1776876077105,541.0,469.0,2.58
6147,1776876077116,546.0,476.0,2.58
6148,1776876077127,545.0,464.0,2.58
6149,1776876077138,540.0,470.0,2.58
6150,1776876077149,543.0,472.0,2.58
6151,1776876077160,543.0,463.0,2.58
6152,1776876077171,558.0,461.0,2.58
6153,1776876077182,587.0,474.0,2.58
6154,1776876077194,582.0,457.0,2.58
6155,1776876077205,448.0,472.0,2.58
6156,1776876077215,363.0,468.0,2.58
6157,1776876077226,376.0,444.0,2.58
6158,1776876077237,505.0,459.0,2.58
6159,1776876077248,600.0,456.0,2.58
6160,1776876077259,614.0,443.0,2.58
6161,1776876077270,620.0,454.0,2.58
6162,1776876077281,592.0,446.0,2.58
6163,1776876077292,585.0,436.0,2.58
6164,1776876077303,572.0,450.0,2.58
6165,1776876077314,566.0,443.0,2.58
6166,1776876077325,554.0,437.0,2.58
6167,1776876077336,554.0,449.0,2.58
6168,1776876077347,551.0,441.0,2.58
6169,1776876077358,549.0,449.0,2.58
6170,1776876077369,546.0,436.0,2.58
6171,1776876077380,551.0,428.0,2.58
6172,1776876077391,553.0,444.0,2.58
6173,1776876077402,555.0,430.0,2.58
6174,1776876077413,557.0,427.0,2.58
6175,1776876077424,554.0,439.0,2.58
6176,1776876077435,551.0,433.0,2.58
6177,1776876077446,549.0,434.0,2.58
6178,1776876077457,540.0,440.0,2.58
6179,1776876077468,535.0,441.0,2.58
6180,1776876077479,522.0,432.0,2.58
6181,1776876077490,524.0,445.0,2.58
6182,1776876077501,519.0,435.0,2.58
6183,1776876077512,521.0,424.0,2.58
6184,1776876077523,532.0,441.0,2.58
6185,1776876077534,529.0,434.0,2.58
6186,1776876077545,533.0,427.0,2.58
6187,1776876077556,537.0,439.0,2.58
6188,1776876077567,536.0,428.0,2.58
6189,1776876077578,540.0,420.0,2.58
6190,1776876077589,544.0,439.0,2.58
6191,1776876077600,541.0,429.0,2.58
6192,1776876077611,544.0,440.0,2.58
6193,1776876077622,544.0,433.0,2.58
6194,1776876077633,542.0,542.0,2.58
6195,1776876077644,544.0,586.0,2.58
6196,1776876077655,541.0,500.0,2.58
6197,1776876077666,542.0,764.0,2.58
6198,1776876077677,539.0,742.0,2.58
6199,1776876077688,542.0,698.0,2.58
6200,1776876077699,544.0,861.0,2.58
6201,1776876077710,538.0,830.0,2.58
6202,1776876077721,538.0,823.0,2.58
6203,1776876077732,542.0,828.0,2.58
6204,1776876077743,544.0,817.0,2.58
6205,1776876077754,544.0,800.0,2.58
6206,1776876077765,546.0,748.0,2.58
6207,1776876077776,545.0,755.0,2.58
6208,1776876077787,544.0,741.0,2.58
6209,1776876077798,546.0,716.0,2.58
6210,1776876077809,544.0,706.0,2.58
6211,1776876077820,544.0,698.0,2.58
6212,1776876077831,542.0,691.0,2.58
6213,1776876077842,542.0,689.0,2.58
6214,1776876077853,543.0,675.0,2.58
6215,1776876077864,543.0,658.0,2.58
6216,1776876077875,539.0,670.0,2.58
6217,1776876077886,544.0,640.0,2.58
6218,1776876077897,544.0,618.0,2.58
6219,1776876077908,543.0,627.0,2.58
6220,1776876077919,540.0,608.0,2.58
6221,1776876077930,542.0,597.0,2.58
6222,1776876077941,541.0,603.0,2.58
6223,1776876077952,542.0,593.0,2.58
6224,1776876077963,544.0,592.0,2.58
6225,1776876077974,545.0,590.0,2.58
6226,1776876077985,542.0,583.0,2.58
6227,1776876077996,543.0,582.0,2.58
6228,1776876078008,544.0,583.0,2.58
6229,1776876078018,540.0,571.0,2.58
6230,1776876078029,547.0,550.0,2.58
6231,1776876078040,542.0,565.0,2.58
6232,1776876078051,541.0,542.0,2.58
6233,1776876078062,548.0,533.0,2.58
6234,1776876078073,543.0,543.0,2.58
6235,1776876078084,545.0,520.0,2.58
6236,1776876078095,543.0,512.0,2.58
6237,1776876078106,546.0,524.0,2.58
6238,1776876078117,544.0,506.0,2.58
6239,1776876078128,545.0,513.0,2.58
6240,1776876078139,543.0,498.0,2.58
6241,1776876078150,540.0,487.0,2.58
6242,1776876078161,545.0,498.0,2.58
6243,1776876078172,542.0,483.0,2.58
6244,1776876078183,544.0,475.0,2.58
6245,1776876078194,540.0,489.0,2.58
6246,1776876078205,544.0,475.0,2.58
6247,1776876078216,543.0,476.0,2.58
6248,1776876078227,543.0,484.0,2.58
6249,1776876078238,546.0,473.0,2.58
6250,1776876078249,541.0,474.0,2.58
6251,1776876078260,559.0,482.0,2.58
6252,1776876078271,583.0,465.0,2.58
6253,1776876078282,583.0,472.0,2.58
6254,1776876078293,466.0,474.0,2.58
6255,1776876078304,377.0,461.0,2.58
6256,1776876078315,398.0,471.0,2.58
6257,1776876078327,503.0,475.0,2.58
6258,1776876078337,597.0,456.0,2.58
6259,1776876078348,608.0,465.0,2.58
6260,1776876078359,613.0,467.0,2.58
6261,1776876078370,593.0,449.0,2.58
6262,1776876078381,590.0,462.0,2.58
6263,1776876078392,567.0,464.0,2.58
6264,1776876078403,568.0,436.0,2.58
6265,1776876078414,560.0,459.0,2.58
6266,1776876078425,558.0,450.0,2.58
6267,1776876078436,554.0,438.0,2.58
6268,1776876078447,552.0,452.0,2.58
6269,1776876078458,552.0,442.0,2.58
6270,1776876078469,550.0,433.0,2.58
6271,1776876078480,553.0,448.0,2.58
6272,1776876078491,550.0,448.0,2.58
6273,1776876078502,554.0,426.0,2.58
6274,1776876078513,555.0,441.0,2.58
6275,1776876078524,553.0,441.0,2.58
6276,1776876078535,549.0,425.0,2.58
6277,1776876078546,539.0,440.0,2.58
6278,1776876078557,523.0,436.0,2.58
6279,1776876078567,525.0,432.0,2.58
6280,1776876078579,519.0,441.0,2.58
6281,1776876078590,520.0,436.0,2.58
6282,1776876078601,524.0,433.0,2.58
6283,1776876078612,529.0,448.0,2.58
6284,1776876078623,526.0,434.0,2.58
6285,1776876078634,532.0,428.0,2.58
6286,1776876078646,537.0,445.0,2.58
6287,1776876078656,540.0,428.0,2.58
6288,1776876078666,540.0,422.0,2.58
6289,1776876078677,546.0,443.0,2.58
6290,1776876078688,544.0,421.0,2.58
6291,1776876078699,546.0,428.0,2.58
6292,1776876078711,542.0,431.0,2.58
6293,1776876078721,545.0,500.0,2.58
6294,1776876078732,544.0,524.0,2.58
6295,1776876078743,541.0,474.0,2.58
6296,1776876078754,538.0,702.0,2.58
6297,1776876078765,540.0,669.0,2.58
6298,1776876078776,543.0,642.0,2.58
6299,1776876078787,540.0,829.0,2.58
6300,1776876078799,544.0,790.0,2.58
6301,1776876078809,537.0,788.0,2.58
6302,1776876078820,541.0,808.0,2.58
6303,1776876078831,542.0,807.0,2.58
6304,1776876078842,543.0,797.0,2.58
6305,1776876078853,544.0,737.0,2.58
6306,1776876078864,546.0,748.0,2.58
6307,1776876078875,546.0,736.0,2.58
6308,1776876078886,545.0,694.0,2.58
6309,1776876078897,541.0,687.0,2.58
6310,1776876078908,545.0,671.0,2.58
6311,1776876078919,542.0,663.0,2.58
6312,1776876078930,543.0,661.0,2.58
6313,1776876078941,543.0,646.0,2.58
6314,1776876078952,541.0,649.0,2.58
6315,1776876078964,544.0,643.0,2.58
6316,1776876078974,544.0,614.0,2.58
6317,1776876078985,542.0,614.0,2.58
6318,1776876078996,544.0,613.0,2.58
6319,1776876079007,542.0,586.0,2.58
6320,1776876079018,542.0,591.0,2.58
6321,1776876079029,542.0,586.0,2.58
6322,1776876079040,544.0,578.0,2.58
6323,1776876079052,542.0,576.0,2.58
6324,1776876079062,542.0,572.0,2.58
6325,1776876079073,541.0,572.0,2.58
6326,1776876079084,542.0,575.0,2.58
6327,1776876079095,545.0,570.0,2.58
6328,1776876079106,541.0,554.0,2.58
6329,1776876079117,543.0,562.0,2.58
6330,1776876079128,548.0,554.0,2.58
6331,1776876079139,546.0,531.0,2.58
6332,1776876079150,546.0,544.0,2.58
6333,1776876079161,546.0,527.0,2.58
6334,1776876079172,540.0,507.0,2.58
6335,1776876079183,544.0,527.0,2.58
6336,1776876079194,546.0,500.0,2.58
6337,1776876079205,540.0,491.0,2.58
6338,1776876079216,545.0,506.0,2.58
6339,1776876079227,543.0,485.0,2.58
6340,1776876079238,544.0,480.0,2.58
6341,1776876079249,543.0,490.0,2.58
6342,1776876079260,547.0,476.0,2.58
6343,1776876079271,541.0,471.0,2.58
6344,1776876079282,543.0,484.0,2.58
6345,1776876079293,542.0,469.0,2.58
6346,1776876079304,567.0,468.0,2.58
6347,1776876079315,595.0,475.0,2.58
6348,1776876079327,577.0,463.0,2.58
6349,1776876079337,445.0,472.0,2.58
6350,1776876079348,358.0,470.0,2.58
6351,1776876079359,436.0,461.0,2.58
6352,1776876079370,515.0,464.0,2.58
6353,1776876079381,608.0,470.0,2.58
6354,1776876079392,614.0,458.0,2.58
6355,1776876079403,612.0,469.0,2.58
6356,1776876079414,592.0,471.0,2.58
6357,1776876079425,589.0,451.0,2.58
6358,1776876079436,567.0,462.0,2.58
6359,1776876079447,568.0,466.0,2.58
6360,1776876079458,560.0,440.0,2.58
6361,1776876079469,556.0,450.0,2.58
6362,1776876079480,547.0,457.0,2.58
6363,1776876079491,551.0,434.0,2.58
6364,1776876079502,548.0,446.0,2.58
6365,1776876079513,548.0,451.0,2.58
6366,1776876079524,554.0,436.0,2.58
6367,1776876079535,551.0,446.0,2.58
6368,1776876079546,554.0,448.0,2.58
6369,1776876079557,557.0,430.0,2.58
6370,1776876079568,553.0,439.0,2.58
6371,1776876079579,547.0,442.0,2.58
6372,1776876079590,541.0,426.0,2.58
6373,1776876079601,528.0,439.0,2.58
6374,1776876079612,525.0,438.0,2.58
6375,1776876079623,526.0,428.0,2.58
6376,1776876079634,525.0,441.0,2.58
6377,1776876079645,527.0,436.0,2.58
6378,1776876079656,533.0,437.0,2.58
6379,1776876079667,529.0,438.0,2.58
6380,1776876079678,534.0,423.0,2.58
6381,1776876079689,541.0,438.0,2.58
6382,1776876079700,538.0,439.0,2.58
6383,1776876079711,539.0,418.0,2.58
6384,1776876079722,547.0,433.0,2.58
6385,1776876079733,549.0,428.0,2.58
6386,1776876079744,545.0,432.0,2.58
6387,1776876079755,541.0,428.0,2.58
6388,1776876079766,537.0,495.0,2.58
6389,1776876079777,545.0,578.0,2.58
6390,1776876079788,545.0,465.0,2.58
6391,1776876079799,542.0,681.0,2.58
6392,1776876079810,542.0,776.0,2.58
6393,1776876079821,537.0,651.0,2.58
6394,1776876079832,540.0,807.0,2.58
6395,1776876079843,540.0,832.0,2.58
6396,1776876079854,542.0,791.0,2.58
6397,1776876079865,542.0,804.0,2.58
6398,1776876079876,539.0,780.0,2.58
6399,1776876079887,544.0,783.0,2.58
6400,1776876079898,541.0,726.0,2.58
6401,1776876079909,539.0,720.0,2.58
6402,1776876079920,542.0,722.0,2.58
6403,1776876079931,547.0,675.0,2.58
6404,1776876079942,544.0,672.0,2.58
6405,1776876079953,545.0,669.0,2.58
6406,1776876079964,543.0,654.0,2.58
6407,1776876079975,545.0,646.0,2.58
6408,1776876079986,543.0,647.0,2.58
6409,1776876079997,548.0,628.0,2.58
6410,1776876080008,541.0,616.0,2.58
6411,1776876080019,547.0,623.0,2.58
6412,1776876080030,544.0,592.0,2.58
6413,1776876080041,544.0,591.0,2.58
6414,1776876080052,544.0,597.0,2.58
6415,1776876080063,543.0,579.0,2.58
6416,1776876080074,548.0,577.0,2.58
6417,1776876080085,545.0,572.0,2.58
6418,1776876080096,547.0,584.0,2.58
6419,1776876080107,544.0,581.0,2.58
6420,1776876080118,546.0,581.0,2.58
6421,1776876080129,548.0,576.0,2.58
6422,1776876080140,540.0,578.0,2.58
6423,1776876080151,540.0,580.0,2.58
6424,1776876080162,542.0,546.0,2.58
6425,1776876080173,546.0,560.0,2.58
6426,1776876080184,539.0,553.0,2.58
6427,1776876080195,543.0,523.0,2.58
6428,1776876080206,542.0,537.0,2.58
6429,1776876080217,554.0,526.0,2.58
6430,1776876080229,588.0,504.0,2.58
6431,1776876080239,594.0,521.0,2.58
6432,1776876080250,517.0,504.0,2.58
6433,1776876080261,343.0,491.0,2.58
6434,1776876080272,413.0,506.0,2.58
6435,1776876080283,497.0,487.0,2.58
6436,1776876080294,583.0,482.0,2.58
6437,1776876080305,621.0,493.0,2.58
6438,1776876080316,621.0,482.0,2.58
6439,1776876080327,602.0,474.0,2.58
6440,1776876080338,586.0,487.0,2.58
6441,1776876080349,573.0,473.0,2.58
6442,1776876080360,566.0,472.0,2.58
6443,1776876080371,558.0,479.0,2.58
6444,1776876080382,561.0,468.0,2.58
6445,1776876080393,556.0,468.0,2.58
6446,1776876080404,549.0,477.0,2.58
6447,1776876080415,551.0,466.0,2.58
6448,1776876080425,546.0,476.0,2.58
6449,1776876080436,547.0,465.0,2.58
6450,1776876080448,554.0,463.0,2.58
6451,1776876080459,556.0,476.0,2.58
6452,1776876080470,553.0,462.0,2.58
6453,1776876080480,550.0,457.0,2.58
6454,1776876080492,548.0,469.0,2.58
6455,1776876080503,543.0,458.0,2.58
6456,1776876080513,532.0,453.0,2.58
6457,1776876080524,524.0,468.0,2.58
6458,1776876080535,526.0,447.0,2.58
6459,1776876080548,524.0,444.0,2.58
6460,1776876080557,531.0,461.0,2.58
6461,1776876080568,529.0,446.0,2.58
6462,1776876080579,531.0,445.0,2.58
6463,1776876080590,538.0,451.0,2.58
6464,1776876080601,539.0,444.0,2.58
6465,1776876080612,539.0,445.0,2.58
6466,1776876080623,545.0,454.0,2.58
6467,1776876080634,541.0,433.0,2.58
6468,1776876080645,544.0,440.0,2.58
6469,1776876080656,547.0,443.0,2.58
6470,1776876080667,549.0,442.0,2.58
6471,1776876080678,546.0,443.0,2.58
6472,1776876080689,546.0,440.0,2.58
6473,1776876080700,543.0,599.0,2.58
6474,1776876080711,541.0,529.0,2.58
6475,1776876080722,543.0,540.0,2.58
6476,1776876080733,542.0,787.0,2.58
6477,1776876080744,542.0,694.0,2.58
6478,1776876080755,544.0,722.0,2.58
6479,1776876080766,540.0,816.0,2.58
6480,1776876080777,541.0,796.0,2.58
6481,1776876080788,543.0,799.0,2.58
6482,1776876080799,545.0,760.0,2.58
6483,1776876080810,546.0,772.0,2.58
6484,1776876080821,542.0,734.0,2.58
6485,1776876080833,542.0,693.0,2.58
6486,1776876080843,543.0,718.0,2.58
6487,1776876080854,546.0,677.0,2.58
6488,1776876080866,545.0,666.0,2.58
6489,1776876080876,543.0,667.0,2.58
6490,1776876080887,541.0,651.0,2.58
6491,1776876080898,545.0,639.0,2.58
6492,1776876080909,542.0,643.0,2.58
6493,1776876080920,544.0,617.0,2.58
6494,1776876080931,543.0,603.0,2.58
6495,1776876080942,546.0,614.0,2.58
6496,1776876080954,543.0,585.0,2.58
6497,1776876080964,543.0,579.0,2.58
6498,1776876080975,542.0,588.0,2.58
6499,1776876080986,542.0,575.0,2.58
6500,1776876080997,543.0,578.0,2.58
6501,1776876081008,541.0,572.0,2.58
6502,1776876081019,540.0,574.0,2.58
6503,1776876081030,548.0,574.0,2.58
6504,1776876081041,548.0,574.0,2.58
6505,1776876081052,538.0,570.0,2.58
6506,1776876081063,544.0,569.0,2.58
6507,1776876081074,546.0,571.0,2.58
6508,1776876081085,561.0,543.0,2.58
6509,1776876081096,592.0,543.0,2.58
6510,1776876081107,577.0,554.0,2.58
6511,1776876081118,465.0,526.0,2.58
6512,1776876081129,354.0,525.0,2.58
6513,1776876081140,441.0,527.0,2.58
6514,1776876081151,521.0,504.0,2.58
6515,1776876081162,603.0,510.0,2.58
6516,1776876081173,618.0,514.0,2.58
6517,1776876081184,620.0,491.0,2.58
6518,1776876081195,595.0,497.0,2.58
6519,1776876081206,587.0,477.0,2.58
6520,1776876081217,570.0,486.0,2.58
6521,1776876081228,567.0,490.0,2.58
6522,1776876081239,558.0,476.0,2.58
6523,1776876081250,558.0,478.0,2.58
6524,1776876081261,550.0,481.0,2.58
6525,1776876081272,550.0,472.0,2.58
6526,1776876081283,551.0,477.0,2.58
6527,1776876081294,551.0,481.0,2.58
6528,1776876081305,551.0,467.0,2.58
6529,1776876081316,558.0,479.0,2.58
6530,1776876081327,561.0,474.0,2.58
6531,1776876081338,555.0,460.0,2.58
6532,1776876081349,549.0,473.0,2.58
6533,1776876081360,544.0,470.0,2.58
6534,1776876081371,539.0,460.0,2.58
6535,1776876081382,530.0,467.0,2.58
6536,1776876081393,526.0,464.0,2.58
6537,1776876081404,525.0,456.0,2.58
6538,1776876081415,521.0,469.0,2.58
6539,1776876081426,525.0,458.0,2.58
6540,1776876081437,532.0,449.0,2.58
6541,1776876081448,533.0,463.0,2.58
6542,1776876081459,535.0,463.0,2.58
6543,1776876081470,538.0,445.0,2.58
6544,1776876081481,541.0,460.0,2.58
6545,1776876081492,544.0,458.0,2.58
6546,1776876081503,541.0,438.0,2.58
6547,1776876081515,543.0,453.0,2.58
6548,1776876081525,544.0,451.0,2.58
6549,1776876081536,544.0,467.0,2.58
6550,1776876081547,539.0,447.0,2.58
6551,1776876081558,544.0,543.0,2.58
6552,1776876081569,545.0,644.0,2.58
6553,1776876081580,541.0,512.0,2.58
6554,1776876081591,546.0,732.0,2.58
6555,1776876081602,541.0,817.0,2.58
6556,1776876081613,542.0,708.0,2.58
6557,1776876081624,543.0,823.0,2.58
6558,1776876081635,536.0,836.0,2.58
6559,1776876081646,542.0,814.0,2.58
6560,1776876081657,541.0,810.0,2.58
6561,1776876081668,545.0,768.0,2.58
6562,1776876081679,541.0,778.0,2.58
6563,1776876081690,546.0,723.0,2.58
6564,1776876081701,540.0,720.0,2.58
6565,1776876081712,545.0,713.0,2.58
6566,1776876081723,544.0,693.0,2.58
6567,1776876081734,543.0,686.0,2.58
6568,1776876081745,546.0,676.0,2.58
6569,1776876081756,544.0,673.0,2.58
6570,1776876081767,543.0,666.0,2.58
6571,1776876081778,544.0,665.0,2.58
6572,1776876081789,543.0,635.0,2.58
6573,1776876081800,546.0,645.0,2.58
6574,1776876081811,545.0,638.0,2.58
6575,1776876081822,540.0,601.0,2.58
6576,1776876081834,546.0,608.0,2.58
6577,1776876081844,546.0,602.0,2.58
6578,1776876081855,545.0,588.0,2.58
6579,1776876081866,541.0,589.0,2.58
6580,1776876081877,539.0,586.0,2.58
6581,1776876081888,544.0,585.0,2.58
6582,1776876081899,541.0,583.0,2.58
6583,1776876081910,545.0,580.0,2.58
6584,1776876081921,546.0,570.0,2.58
6585,1776876081932,543.0,579.0,2.58
6586,1776876081943,547.0,552.0,2.58
6587,1776876081954,545.0,564.0,2.58
6588,1776876081965,560.0,557.0,2.58
6589,1776876081976,595.0,532.0,2.58
6590,1776876081987,586.0,539.0,2.58
6591,1776876081998,454.0,536.0,2.58
6592,1776876082009,363.0,512.0,2.58
6593,1776876082020,443.0,521.0,2.58
6594,1776876082031,508.0,517.0,2.58
6595,1776876082042,607.0,498.0,2.58
6596,1776876082053,621.0,507.0,2.58
6597,1776876082064,617.0,507.0,2.58
6598,1776876082075,594.0,485.0,2.58
6599,1776876082086,588.0,501.0,2.58
6600,1776876082097,570.0,492.0,2.58
6601,1776876082108,566.0,480.0,2.58
6602,1776876082119,559.0,490.0,2.58
6603,1776876082130,543.0,481.0,2.58
6604,1776876082141,550.0,476.0,2.58
6605,1776876082152,546.0,484.0,2.58
6606,1776876082163,549.0,475.0,2.58
6607,1776876082174,552.0,473.0,2.58
6608,1776876082185,553.0,481.0,2.58
6609,1776876082196,555.0,475.0,2.58
6610,1776876082207,555.0,466.0,2.58
6611,1776876082218,562.0,477.0,2.58
6612,1776876082229,553.0,466.0,2.58
6613,1776876082240,544.0,461.0,2.58
6614,1776876082251,541.0,471.0,2.58
6615,1776876082262,534.0,461.0,2.58
6616,1776876082273,527.0,463.0,2.58
6617,1776876082284,519.0,469.0,2.58
6618,1776876082295,518.0,456.0,2.58
6619,1776876082306,527.0,464.0,2.58
6620,1776876082317,526.0,465.0,2.58
6621,1776876082328,533.0,453.0,2.58
6622,1776876082338,533.0,457.0,2.58
6623,1776876082349,535.0,461.0,2.58
6624,1776876082360,541.0,445.0,2.58
6625,1776876082372,542.0,455.0,2.58
6626,1776876082382,540.0,458.0,2.58
6627,1776876082393,541.0,440.0,2.58
6628,1776876082405,548.0,447.0,2.58
6629,1776876082415,546.0,446.0,2.58
6630,1776876082426,543.0,564.0,2.58
6631,1776876082437,543.0,477.0,2.58
6632,1776876082448,540.0,547.0,2.58
6633,1776876082460,544.0,746.0,2.58
6634,1776876082470,541.0,676.0,2.58
6635,1776876082481,540.0,675.0,2.58
6636,1776876082492,542.0,855.0,2.58
6637,1776876082503,537.0,809.0,2.58
6638,1776876082514,545.0,815.0,2.58
6639,1776876082525,541.0,815.0,2.58
6640,1776876082536,543.0,817.0,2.58
6641,1776876082547,541.0,811.0,2.58
6642,1776876082558,540.0,747.0,2.58
6643,1776876082569,540.0,763.0,2.58
6644,1776876082580,538.0,742.0,2.58
6645,1776876082591,542.0,715.0,2.58
6646,1776876082602,543.0,710.0,2.58
6647,1776876082613,543.0,707.0,2.58
6648,1776876082624,543.0,709.0,2.58
6649,1776876082635,542.0,688.0,2.58
6650,1776876082646,545.0,688.0,2.58
6651,1776876082657,545.0,673.0,2.58
6652,1776876082668,545.0,681.0,2.58
6653,1776876082679,542.0,643.0,2.58
6654,1776876082691,542.0,627.0,2.58
6655,1776876082701,544.0,627.0,2.58
6656,1776876082712,543.0,604.0,2.58
6657,1776876082723,544.0,607.0,2.58
6658,1776876082734,545.0,603.0,2.58
6659,1776876082745,544.0,600.0,2.58
6660,1776876082756,544.0,595.0,2.58
6661,1776876082767,543.0,591.0,2.58
6662,1776876082778,539.0,590.0,2.58
6663,1776876082789,540.0,590.0,2.58
6664,1776876082800,541.0,589.0,2.58
6665,1776876082811,545.0,570.0,2.58
6666,1776876082822,549.0,578.0,2.58
6667,1776876082833,541.0,550.0,2.58
6668,1776876082844,541.0,546.0,2.58
6669,1776876082855,545.0,556.0,2.58
6670,1776876082866,543.0,535.0,2.58
6671,1776876082877,546.0,532.0,2.58
6672,1776876082888,546.0,539.0,2.58
6673,1776876082899,545.0,520.0,2.58
6674,1776876082910,542.0,519.0,2.58
6675,1776876082921,541.0,522.0,2.58
6676,1776876082932,548.0,501.0,2.58
6677,1776876082943,541.0,508.0,2.58
6678,1776876082954,547.0,505.0,2.58
6679,1776876082965,542.0,492.0,2.58
6680,1776876082976,545.0,486.0,2.58
6681,1776876082987,544.0,495.0,2.58
6682,1776876082998,545.0,481.0,2.58
6683,1776876083009,542.0,485.0,2.58
6684,1776876083020,540.0,489.0,2.58
6685,1776876083031,543.0,480.0,2.58
6686,1776876083042,543.0,489.0,2.58
6687,1776876083053,566.0,489.0,2.58
6688,1776876083064,602.0,477.0,2.58
6689,1776876083075,579.0,482.0,2.58
6690,1776876083086,450.0,485.0,2.58
6691,1776876083098,345.0,471.0,2.58
6692,1776876083108,459.0,473.0,2.58
6693,1776876083119,532.0,478.0,2.58
6694,1776876083130,616.0,463.0,2.58
6695,1776876083141,621.0,474.0,2.58
6696,1776876083152,612.0,471.0,2.58
6697,1776876083163,594.0,456.0,2.58
6698,1776876083174,591.0,468.0,2.58
6699,1776876083185,575.0,462.0,2.58
6700,1776876083196,563.0,447.0,2.58
6701,1776876083207,555.0,466.0,2.58
6702,1776876083218,554.0,453.0,2.58
6703,1776876083229,552.0,442.0,2.58
6704,1776876083240,550.0,456.0,2.58
6705,1776876083251,555.0,445.0,2.58
6706,1776876083262,548.0,446.0,2.58
6707,1776876083273,551.0,454.0,2.58
6708,1776876083284,553.0,443.0,2.58
6709,1776876083295,551.0,443.0,2.58
6710,1776876083306,559.0,453.0,2.58
6711,1776876083317,544.0,442.0,2.58
6712,1776876083328,544.0,437.0,2.58
6713,1776876083339,541.0,451.0,2.58
6714,1776876083350,531.0,437.0,2.58
6715,1776876083361,520.0,441.0,2.58
6716,1776876083372,521.0,450.0,2.58
6717,1776876083383,523.0,436.0,2.58
6718,1776876083394,528.0,446.0,2.58
6719,1776876083405,527.0,448.0,2.58
6720,1776876083417,534.0,431.0,2.58
6721,1776876083427,536.0,444.0,2.58
6722,1776876083438,536.0,445.0,2.58
6723,1776876083449,539.0,429.0,2.58
6724,1776876083460,542.0,425.0,2.58
6725,1776876083471,544.0,428.0,2.58
6726,1776876083482,545.0,430.0,2.58
6727,1776876083493,545.0,435.0,2.58
6728,1776876083504,545.0,505.0,2.58
6729,1776876083515,548.0,561.0,2.58
6730,1776876083526,547.0,472.0,2.58
6731,1776876083537,544.0,714.0,2.58
6732,1776876083548,539.0,780.0,2.58
6733,1776876083559,544.0,658.0,2.58
6734,1776876083570,540.0,856.0,2.58
6735,1776876083581,537.0,844.0,2.58
6736,1776876083592,543.0,821.0,2.58
6737,1776876083603,542.0,838.0,2.58
6738,1776876083614,543.0,836.0,2.58
6739,1776876083625,541.0,833.0,2.58
6740,1776876083636,543.0,786.0,2.58
6741,1776876083647,543.0,783.0,2.58
6742,1776876083658,536.0,773.0,2.58
6743,1776876083669,545.0,734.0,2.58
6744,1776876083680,543.0,731.0,2.58
6745,1776876083691,547.0,721.0,2.58
6746,1776876083702,545.0,722.0,2.58
6747,1776876083713,542.0,707.0,2.58
6748,1776876083724,542.0,708.0,2.58
6749,1776876083736,545.0,699.0,2.58
6750,1776876083746,546.0,702.0,2.58
6751,1776876083757,543.0,680.0,2.58
6752,1776876083768,543.0,649.0,2.58
6753,1776876083779,542.0,669.0,2.58
6754,1776876083790,544.0,637.0,2.58
6755,1776876083801,543.0,626.0,2.58
6756,1776876083812,545.0,627.0,2.58
6757,1776876083823,540.0,619.0,2.58
6758,1776876083834,545.0,617.0,2.58
6759,1776876083845,542.0,610.0,2.58
6760,1776876083856,546.0,609.0,2.58
6761,1776876083867,545.0,607.0,2.58
6762,1776876083878,546.0,606.0,2.58
6763,1776876083889,541.0,591.0,2.58
6764,1776876083900,542.0,587.0,2.58
6765,1776876083911,540.0,595.0,2.58
6766,1776876083922,542.0,571.0,2.58
6767,1776876083933,541.0,565.0,2.58
6768,1776876083944,544.0,572.0,2.58
6769,1776876083955,546.0,551.0,2.58
6770,1776876083966,543.0,547.0,2.58
6771,1776876083977,541.0,554.0,2.58
6772,1776876083988,553.0,539.0,2.58
6773,1776876083999,582.0,531.0,2.58
6774,1776876084010,594.0,542.0,2.58
6775,1776876084021,483.0,530.0,2.58
6776,1776876084032,335.0,523.0,2.58
6777,1776876084043,389.0,533.0,2.58
6778,1776876084055,498.0,512.0,2.58
6779,1776876084065,602.0,512.0,2.58
6780,1776876084076,617.0,518.0,2.58
6781,1776876084087,625.0,502.0,2.58
6782,1776876084098,597.0,508.0,2.58
6783,1776876084109,593.0,506.0,2.58
6784,1776876084120,573.0,498.0,2.58
6785,1776876084131,573.0,499.0,2.58
6786,1776876084141,557.0,505.0,2.58
6787,1776876084153,556.0,490.0,2.58
6788,1776876084164,553.0,496.0,2.58
6789,1776876084174,549.0,498.0,2.58
6790,1776876084185,547.0,474.0,2.58
6791,1776876084197,549.0,492.0,2.58
6792,1776876084207,549.0,494.0,2.58
6793,1776876084218,550.0,472.0,2.58
6794,1776876084229,558.0,482.0,2.58
6795,1776876084240,555.0,465.0,2.58
6796,1776876084251,554.0,476.0,2.58
6797,1776876084262,547.0,477.0,2.58
6798,1776876084274,534.0,460.0,2.58
6799,1776876084284,531.0,468.0,2.58
6800,1776876084295,525.0,473.0,2.58
6801,1776876084306,516.0,454.0,2.58
6802,1776876084317,523.0,466.0,2.58
6803,1776876084328,524.0,465.0,2.58
6804,1776876084339,528.0,450.0,2.58
6805,1776876084350,533.0,464.0,2.58
6806,1776876084361,536.0,453.0,2.58
6807,1776876084372,534.0,445.0,2.58
6808,1776876084383,539.0,458.0,2.58
6809,1776876084394,542.0,441.0,2.58
6810,1776876084405,547.0,436.0,2.58
6811,1776876084416,546.0,451.0,2.58
6812,1776876084427,547.0,455.0,2.58
6813,1776876084438,547.0,477.0,2.58
6814,1776876084449,544.0,452.0,2.58
6815,1776876084460,546.0,490.0,2.58
6816,1776876084471,546.0,646.0,2.58
6817,1776876084482,543.0,516.0,2.58
6818,1776876084493,538.0,676.0,2.58
6819,1776876084504,541.0,818.0,2.58
6820,1776876084515,543.0,700.0,2.58
6821,1776876084526,542.0,816.0,2.58
6822,1776876084537,543.0,840.0,2.58
6823,1776876084548,543.0,810.0,2.58
6824,1776876084559,541.0,815.0,2.58
6825,1776876084570,536.0,782.0,2.58
6826,1776876084581,541.0,793.0,2.58
6827,1776876084592,542.0,740.0,2.58
6828,1776876084603,542.0,723.0,2.58
6829,1776876084614,543.0,727.0,2.58
6830,1776876084625,542.0,709.0,2.58
6831,1776876084636,548.0,706.0,2.58
6832,1776876084647,542.0,694.0,2.58
6833,1776876084658,539.0,702.0,2.58
6834,1776876084669,547.0,690.0,2.58
6835,1776876084680,543.0,678.0,2.58
6836,1776876084691,541.0,660.0,2.58
6837,1776876084702,540.0,661.0,2.58
6838,1776876084713,546.0,661.0,2.58
6839,1776876084724,540.0,620.0,2.58
6840,1776876084735,543.0,620.0,2.58
6841,1776876084746,544.0,619.0,2.58
6842,1776876084757,545.0,603.0,2.58
6843,1776876084768,544.0,597.0,2.58
6844,1776876084779,542.0,598.0,2.58
6845,1776876084790,542.0,604.0,2.58
6846,1776876084801,542.0,600.0,2.58
6847,1776876084812,545.0,598.0,2.58
6848,1776876084823,545.0,588.0,2.58
6849,1776876084834,546.0,593.0,2.58
6850,1776876084845,545.0,590.0,2.58
6851,1776876084856,544.0,566.0,2.58
6852,1776876084867,542.0,574.0,2.58
6853,1776876084878,545.0,557.0,2.58
6854,1776876084889,545.0,547.0,2.58
6855,1776876084900,549.0,555.0,2.58
6856,1776876084911,549.0,533.0,2.58
6857,1776876084922,544.0,522.0,2.58
6858,1776876084933,542.0,535.0,2.58
6859,1776876084944,542.0,508.0,2.58
6860,1776876084955,543.0,510.0,2.58
6861,1776876084966,544.0,520.0,2.58
6862,1776876084977,540.0,509.0,2.58
6863,1776876084988,541.0,503.0,2.58
6864,1776876085000,545.0,509.0,2.58
6865,1776876085010,543.0,489.0,2.58
6866,1776876085021,548.0,502.0,2.58
6867,1776876085032,583.0,499.0,2.58
6868,1776876085043,595.0,485.0,2.58
6869,1776876085054,539.0,492.0,2.58
6870,1776876085065,337.0,487.0,2.58
6871,1776876085076,381.0,479.0,2.58
6872,1776876085087,487.0,491.0,2.58
6873,1776876085098,558.0,479.0,2.58
6874,1776876085109,629.0,474.0,2.58
6875,1776876085120,626.0,485.0,2.58
6876,1776876085131,605.0,471.0,2.58
6877,1776876085142,597.0,468.0,2.58
6878,1776876085153,576.0,478.0,2.58
6879,1776876085164,574.0,463.0,2.58
6880,1776876085175,559.0,461.0,2.58
6881,1776876085186,556.0,471.0,2.58
6882,1776876085197,548.0,458.0,2.58
6883,1776876085208,549.0,454.0,2.58
6884,1776876085219,552.0,464.0,2.58
6885,1776876085230,553.0,446.0,2.58
6886,1776876085241,550.0,451.0,2.58
6887,1776876085252,559.0,460.0,2.58
6888,1776876085263,554.0,445.0,2.58
6889,1776876085274,562.0,454.0,2.58
6890,1776876085285,561.0,454.0,2.58
6891,1776876085296,554.0,435.0,2.58
6892,1776876085307,544.0,449.0,2.58
6893,1776876085319,530.0,451.0,2.58
6894,1776876085329,521.0,436.0,2.58
6895,1776876085340,517.0,445.0,2.58
6896,1776876085351,516.0,448.0,2.58
6897,1776876085362,518.0,433.0,2.58
6898,1776876085373,528.0,447.0,2.58
6899,1776876085384,525.0,445.0,2.58
6900,1776876085395,533.0,431.0,2.58
6901,1776876085406,535.0,442.0,2.58
6902,1776876085417,539.0,433.0,2.58
6903,1776876085428,536.0,424.0,2.58
6904,1776876085439,540.0,441.0,2.58
6905,1776876085450,540.0,432.0,2.58
6906,1776876085461,546.0,431.0,2.58
6907,1776876085472,547.0,436.0,2.58
6908,1776876085483,544.0,435.0,2.58
6909,1776876085494,545.0,575.0,2.58
6910,1776876085505,546.0,478.0,2.58
6911,1776876085516,542.0,507.0,2.58
6912,1776876085527,543.0,786.0,2.58
6913,1776876085538,542.0,652.0,2.58
6914,1776876085549,539.0,751.0,2.58
6915,1776876085560,544.0,859.0,2.58
6916,1776876085571,540.0,803.0,2.58
6917,1776876085582,543.0,821.0,2.58
6918,1776876085593,543.0,812.0,2.58
6919,1776876085604,545.0,816.0,2.58
6920,1776876085615,540.0,779.0,2.58
6921,1776876085626,545.0,755.0,2.58
6922,1776876085638,542.0,764.0,2.58
6923,1776876085648,543.0,733.0,2.58
6924,1776876085659,548.0,730.0,2.58
6925,1776876085670,542.0,717.0,2.58
6926,1776876085681,542.0,729.0,2.58
6927,1776876085692,547.0,726.0,2.58
6928,1776876085703,543.0,708.0,2.58
6929,1776876085714,543.0,708.0,2.58
6930,1776876085725,545.0,702.0,2.58
6931,1776876085736,544.0,699.0,2.58
6932,1776876085747,538.0,658.0,2.58
6933,1776876085758,545.0,659.0,2.58
6934,1776876085769,542.0,625.0,2.58
6935,1776876085780,538.0,622.0,2.58
6936,1776876085791,546.0,619.0,2.58
6937,1776876085802,542.0,615.0,2.58
6938,1776876085813,542.0,610.0,2.58
6939,1776876085824,541.0,608.0,2.58
6940,1776876085835,538.0,605.0,2.58
6941,1776876085846,542.0,600.0,2.58
6942,1776876085857,542.0,600.0,2.58
6943,1776876085868,544.0,586.0,2.58
6944,1776876085879,545.0,587.0,2.58
6945,1776876085890,541.0,584.0,2.58
6946,1776876085901,544.0,562.0,2.58
6947,1776876085911,546.0,568.0,2.58
6948,1776876085923,544.0,565.0,2.58
6949,1776876085934,542.0,545.0,2.58
6950,1776876085945,546.0,552.0,2.58
6951,1776876085956,547.0,551.0,2.58
6952,1776876085967,544.0,530.0,2.58
6953,1776876085978,544.0,532.0,2.58
6954,1776876085989,543.0,535.0,2.58
6955,1776876086000,543.0,508.0,2.58
6956,1776876086011,545.0,514.0,2.58
6957,1776876086022,544.0,514.0,2.58
6958,1776876086033,544.0,499.0,2.58
6959,1776876086044,542.0,507.0,2.58
6960,1776876086055,541.0,505.0,2.58
6961,1776876086066,541.0,490.0,2.58
6962,1776876086077,539.0,498.0,2.58
6963,1776876086088,541.0,500.0,2.58
6964,1776876086099,541.0,488.0,2.58
6965,1776876086110,542.0,492.0,2.58
6966,1776876086120,543.0,489.0,2.58
6967,1776876086132,544.0,477.0,2.58
6968,1776876086143,541.0,492.0,2.58
6969,1776876086153,547.0,485.0,2.58
6970,1776876086164,579.0,478.0,2.58
6971,1776876086176,597.0,487.0,2.58
6972,1776876086186,544.0,472.0,2.58
6973,1776876086198,352.0,465.0,2.58
6974,1776876086208,382.0,479.0,2.58
6975,1776876086219,481.0,461.0,2.58
6976,1776876086230,553.0,454.0,2.58
6977,1776876086242,625.0,469.0,2.58
6978,1776876086252,625.0,449.0,2.58
6979,1776876086263,600.0,448.0,2.58
6980,1776876086275,593.0,460.0,2.58
6981,1776876086285,572.0,447.0,2.58
6982,1776876086297,569.0,451.0,2.58
6983,1776876086307,560.0,454.0,2.58
6984,1776876086318,560.0,438.0,2.58
6985,1776876086329,555.0,447.0,2.58
6986,1776876086340,550.0,452.0,2.58
6987,1776876086351,548.0,429.0,2.58
6988,1776876086362,550.0,442.0,2.58
6989,1776876086373,554.0,444.0,2.58
6990,1776876086384,556.0,430.0,2.58
6991,1776876086395,554.0,443.0,2.58
6992,1776876086406,555.0,442.0,2.58
6993,1776876086417,558.0,423.0,2.58
6994,1776876086428,554.0,439.0,2.58
6995,1776876086439,541.0,442.0,2.58
6996,1776876086450,536.0,422.0,2.58
6997,1776876086461,525.0,430.0,2.58
6998,1776876086473,520.0,435.0,2.58
6999,1776876086483,518.0,428.0,2.58
7000,1776876086494,520.0,438.0,2.58
7001,1776876086505,523.0,440.0,2.58
7002,1776876086516,527.0,428.0,2.58
7003,1776876086527,532.0,439.0,2.58
7004,1776876086538,535.0,421.0,2.58
7005,1776876086549,538.0,425.0,2.58
7006,1776876086560,536.0,438.0,2.58
7007,1776876086571,540.0,417.0,2.58
7008,1776876086582,545.0,429.0,2.58
7009,1776876086593,542.0,431.0,2.58
7010,1776876086604,544.0,469.0,2.58
7011,1776876086615,547.0,449.0,2.58
7012,1776876086626,545.0,447.0,2.58
7013,1776876086637,544.0,682.0,2.58
7014,1776876086648,543.0,568.0,2.58
7015,1776876086659,542.0,598.0,2.58
7016,1776876086670,544.0,842.0,2.58
7017,1776876086681,543.0,748.0,2.58
7018,1776876086692,543.0,774.0,2.58
7019,1776876086703,543.0,834.0,2.58
7020,1776876086714,540.0,830.0,2.58
7021,1776876086725,542.0,816.0,2.58
7022,1776876086736,545.0,783.0,2.58
7023,1776876086747,543.0,802.0,2.58
7024,1776876086758,545.0,756.0,2.58
7025,1776876086769,546.0,735.0,2.58
7026,1776876086780,541.0,734.0,2.58
7027,1776876086791,542.0,723.0,2.58
7028,1776876086802,546.0,720.0,2.58
7029,1776876086813,547.0,703.0,2.58
7030,1776876086824,544.0,716.0,2.58
7031,1776876086835,542.0,710.0,2.58
7032,1776876086846,545.0,700.0,2.58
7033,1776876086857,545.0,679.0,2.58
7034,1776876086868,544.0,670.0,2.58
7035,1776876086879,544.0,678.0,2.58
7036,1776876086890,539.0,637.0,2.58
7037,1776876086901,541.0,634.0,2.58
7038,1776876086912,545.0,635.0,2.58
7039,1776876086923,542.0,614.0,2.58
7040,1776876086934,543.0,610.0,2.58
7041,1776876086945,540.0,608.0,2.58
7042,1776876086956,543.0,603.0,2.58
7043,1776876086967,544.0,599.0,2.58
7044,1776876086978,541.0,603.0,2.58
7045,1776876086989,548.0,589.0,2.58
7046,1776876087000,547.0,589.0,2.58
7047,1776876087011,546.0,591.0,2.58
7048,1776876087022,546.0,574.0,2.58
7049,1776876087033,543.0,572.0,2.58
7050,1776876087044,543.0,573.0,2.58
7051,1776876087055,543.0,552.0,2.58
7052,1776876087066,543.0,554.0,2.58
7053,1776876087077,542.0,554.0,2.58
7054,1776876087088,545.0,531.0,2.58
7055,1776876087099,545.0,536.0,2.58
7056,1776876087110,544.0,537.0,2.58
7057,1776876087121,545.0,511.0,2.58
7058,1776876087132,544.0,520.0,2.58
7059,1776876087143,545.0,516.0,2.58
7060,1776876087154,546.0,499.0,2.58
7061,1776876087165,538.0,511.0,2.58
7062,1776876087176,539.0,508.0,2.58
7063,1776876087187,541.0,487.0,2.58
7064,1776876087198,543.0,499.0,2.58
7065,1776876087209,544.0,492.0,2.58
7066,1776876087220,544.0,483.0,2.58
7067,1776876087231,542.0,491.0,2.58
7068,1776876087242,556.0,484.0,2.58
7069,1776876087253,592.0,477.0,2.58
7070,1776876087264,572.0,484.0,2.58
7071,1776876087275,470.0,478.0,2.58
7072,1776876087286,340.0,483.0,2.58
7073,1776876087297,444.0,478.0,2.58
7074,1776876087308,527.0,468.0,2.58
7075,1776876087319,607.0,481.0,2.58
7076,1776876087330,619.0,469.0,2.58
7077,1776876087341,623.0,463.0,2.58
7078,1776876087352,591.0,477.0,2.58
7079,1776876087363,590.0,459.0,2.58
7080,1776876087374,575.0,450.0,2.58
7081,1776876087385,565.0,465.0,2.58
7082,1776876087396,558.0,451.0,2.58
7083,1776876087407,557.0,446.0,2.58
7084,1776876087418,554.0,457.0,2.58
7085,1776876087429,556.0,442.0,2.58
7086,1776876087440,550.0,436.0,2.58
7087,1776876087451,549.0,457.0,2.58
7088,1776876087462,556.0,440.0,2.58
7089,1776876087473,553.0,431.0,2.58
7090,1776876087484,558.0,448.0,2.58
7091,1776876087495,556.0,436.0,2.58
7092,1776876087506,554.0,432.0,2.58
7093,1776876087517,549.0,441.0,2.58
7094,1776876087528,538.0,433.0,2.58
7095,1776876087539,531.0,428.0,2.58
7096,1776876087550,526.0,444.0,2.58
7097,1776876087561,518.0,424.0,2.58
7098,1776876087573,526.0,422.0,2.58
7099,1776876087583,528.0,442.0,2.58
7100,1776876087594,528.0,424.0,2.58
7101,1776876087605,530.0,426.0,2.58
7102,1776876087616,533.0,438.0,2.58
7103,1776876087627,532.0,421.0,2.58
7104,1776876087638,536.0,431.0,2.58
7105,1776876087648,543.0,441.0,2.58
7106,1776876087659,545.0,415.0,2.58
7107,1776876087671,542.0,424.0,2.58
7108,1776876087682,541.0,431.0,2.58
7109,1776876087693,543.0,446.0,2.58
7110,1776876087703,545.0,432.0,2.58
7111,1776876087714,542.0,434.0,2.58
7112,1776876087725,532.0,633.0,2.58
7113,1776876087737,544.0,525.0,2.58
7114,1776876087747,539.0,555.0,2.58
7115,1776876087758,541.0,804.0,2.58
7116,1776876087769,545.0,702.0,2.58
7117,1776876087780,543.0,759.0,2.58
7118,1776876087791,542.0,824.0,2.58
7119,1776876087802,539.0,796.0,2.58
7120,1776876087813,539.0,802.0,2.58
7121,1776876087824,547.0,763.0,2.58
7122,1776876087835,541.0,778.0,2.58
7123,1776876087846,541.0,728.0,2.58
7124,1776876087857,544.0,699.0,2.58
7125,1776876087868,542.0,715.0,2.58
7126,1776876087879,540.0,693.0,2.58
7127,1776876087892,540.0,686.0,2.58
7128,1776876087901,544.0,676.0,2.58
7129,1776876087912,545.0,681.0,2.58
7130,1776876087923,540.0,673.0,2.58
7131,1776876087934,543.0,668.0,2.58
7132,1776876087945,543.0,649.0,2.58
7133,1776876087956,539.0,637.0,2.58
7134,1776876087967,542.0,651.0,2.58
7135,1776876087978,541.0,621.0,2.58
7136,1776876087989,544.0,607.0,2.58
7137,1776876088000,542.0,614.0,2.58
7138,1776876088011,539.0,601.0,2.58
7139,1776876088022,543.0,600.0,2.58
7140,1776876088033,543.0,596.0,2.58
7141,1776876088044,545.0,593.0,2.58
7142,1776876088055,538.0,590.0,2.58
7143,1776876088066,541.0,582.0,2.58
7144,1776876088077,543.0,576.0,2.58
7145,1776876088088,541.0,582.0,2.58
7146,1776876088099,541.0,566.0,2.58
7147,1776876088110,540.0,559.0,2.58
7148,1776876088121,542.0,566.0,2.58
7149,1776876088132,544.0,546.0,2.58
7150,1776876088144,545.0,538.0,2.58
7151,1776876088154,562.0,548.0,2.58
7152,1776876088165,599.0,526.0,2.58
7153,1776876088176,554.0,521.0,2.58
7154,1776876088187,388.0,530.0,2.58
7155,1776876088198,373.0,513.0,2.58
7156,1776876088210,468.0,511.0,2.58
7157,1776876088220,545.0,517.0,2.58
7158,1776876088231,611.0,493.0,2.58
7159,1776876088242,614.0,500.0,2.58
7160,1776876088253,615.0,504.0,2.58
7161,1776876088264,590.0,489.0,2.58
7162,1776876088275,585.0,493.0,2.58
7163,1776876088286,572.0,498.0,2.58
7164,1776876088297,561.0,480.0,2.58
7165,1776876088308,555.0,488.0,2.58
7166,1776876088319,557.0,487.0,2.58
7167,1776876088330,550.0,476.0,2.58
7168,1776876088341,553.0,483.0,2.58
7169,1776876088352,550.0,484.0,2.58
7170,1776876088363,546.0,466.0,2.58
7171,1776876088374,544.0,480.0,2.58
7172,1776876088385,556.0,473.0,2.58
7173,1776876088396,555.0,464.0,2.58
7174,1776876088407,555.0,474.0,2.58
7175,1776876088418,553.0,463.0,2.58
7176,1776876088429,540.0,453.0,2.58
7177,1776876088440,532.0,468.0,2.58
7178,1776876088451,528.0,469.0,2.58
7179,1776876088462,526.0,448.0,2.58
7180,1776876088473,528.0,464.0,2.58
7181,1776876088484,527.0,461.0,2.58
7182,1776876088495,529.0,448.0,2.58
7183,1776876088506,528.0,461.0,2.58
7184,1776876088517,533.0,453.0,2.58
7185,1776876088528,538.0,440.0,2.58
7186,1776876088539,537.0,458.0,2.58
7187,1776876088550,534.0,442.0,2.58
7188,1776876088561,545.0,425.0,2.58
7189,1776876088572,544.0,447.0,2.58
7190,1776876088583,546.0,426.0,2.58
7191,1776876088594,549.0,417.0,2.58
7192,1776876088605,545.0,435.0,2.58
7193,1776876088616,543.0,471.0,2.58
7194,1776876088627,537.0,518.0,2.58
7195,1776876088638,541.0,454.0,2.58
7196,1776876088649,543.0,646.0,2.58
7197,1776876088660,542.0,708.0,2.58
7198,1776876088671,540.0,601.0,2.58
7199,1776876088682,542.0,790.0,2.58
7200,1776876088693,540.0,779.0,2.58
7201,1776876088704,545.0,753.0,2.58
7202,1776876088715,544.0,772.0,2.58
7203,1776876088726,543.0,781.0,2.58
7204,1776876088737,547.0,777.0,2.58
7205,1776876088748,545.0,735.0,2.58
7206,1776876088759,546.0,737.0,2.58
7207,1776876088770,543.0,728.0,2.58
7208,1776876088781,542.0,691.0,2.58
7209,1776876088792,547.0,690.0,2.58
7210,1776876088803,547.0,687.0,2.58
7211,1776876088814,546.0,667.0,2.58
7212,1776876088825,544.0,664.0,2.58
7213,1776876088836,542.0,649.0,2.58
7214,1776876088847,543.0,648.0,2.58
7215,1776876088858,539.0,645.0,2.58
7216,1776876088869,541.0,610.0,2.58
7217,1776876088880,547.0,617.0,2.58
7218,1776876088891,547.0,608.0,2.58
7219,1776876088902,543.0,596.0,2.58
7220,1776876088913,546.0,596.0,2.58
7221,1776876088924,543.0,592.0,2.58
7222,1776876088935,560.0,602.0,2.58
7223,1776876088946,595.0,592.0,2.58
7224,1776876088957,571.0,594.0,2.58
7225,1776876088968,413.0,596.0,2.58
7226,1776876088979,341.0,597.0,2.58
7227,1776876088990,441.0,597.0,2.58
7228,1776876089001,523.0,578.0,2.58
7229,1776876089012,616.0,584.0,2.58
7230,1776876089023,619.0,580.0,2.58
7231,1776876089034,623.0,554.0,2.58
7232,1776876089045,594.0,564.0,2.58
7233,1776876089056,585.0,559.0,2.58
7234,1776876089067,574.0,533.0,2.58
7235,1776876089078,566.0,546.0,2.58
7236,1776876089089,557.0,536.0,2.58
7237,1776876089100,552.0,515.0,2.58
7238,1776876089110,552.0,527.0,2.58
7239,1776876089122,552.0,516.0,2.58
7240,1776876089133,553.0,502.0,2.58
7241,1776876089144,550.0,515.0,2.58
7242,1776876089155,550.0,505.0,2.58
7243,1776876089166,556.0,495.0,2.58
7244,1776876089177,553.0,505.0,2.58
7245,1776876089188,555.0,496.0,2.58
7246,1776876089199,552.0,492.0,2.58
7247,1776876089210,546.0,502.0,2.58
7248,1776876089221,534.0,495.0,2.58
7249,1776876089231,522.0,490.0,2.58
7250,1776876089243,528.0,501.0,2.58
7251,1776876089254,523.0,489.0,2.58
7252,1776876089265,527.0,489.0,2.58
7253,1776876089275,528.0,495.0,2.58
7254,1776876089286,527.0,488.0,2.58
7255,1776876089298,535.0,489.0,2.58
7256,1776876089309,537.0,489.0,2.58
7257,1776876089320,539.0,474.0,2.58
7258,1776876089331,539.0,479.0,2.58
7259,1776876089341,541.0,483.0,2.58
7260,1776876089352,544.0,461.0,2.58
7261,1776876089363,545.0,473.0,2.58
7262,1776876089374,543.0,474.0,2.58
7263,1776876089385,548.0,477.0,2.58
7264,1776876089396,543.0,468.0,2.58
7265,1776876089407,545.0,469.0,2.58
7266,1776876089418,547.0,624.0,2.58
7267,1776876089429,545.0,525.0,2.58
7268,1776876089440,544.0,574.0,2.58
7269,1776876089451,542.0,761.0,2.58
7270,1776876089462,538.0,706.0,2.58
7271,1776876089473,537.0,705.0,2.58
7272,1776876089484,540.0,813.0,2.58
7273,1776876089495,542.0,785.0,2.58
7274,1776876089506,540.0,787.0,2.58
7275,1776876089517,540.0,779.0,2.58
7276,1776876089528,542.0,774.0,2.58
7277,1776876089539,543.0,765.0,2.58
7278,1776876089550,543.0,724.0,2.58
7279,1776876089561,543.0,729.0,2.58
7280,1776876089572,543.0,714.0,2.58
7281,1776876089583,545.0,702.0,2.58
7282,1776876089594,547.0,691.0,2.58
7283,1776876089605,547.0,698.0,2.58
7284,1776876089616,544.0,694.0,2.58
7285,1776876089627,542.0,693.0,2.58
7286,1776876089638,543.0,650.0,2.58
7287,1776876089649,544.0,667.0,2.58
7288,1776876089660,533.0,648.0,2.58
7289,1776876089671,539.0,618.0,2.58
7290,1776876089682,541.0,625.0,2.58
7291,1776876089693,546.0,612.0,2.58
7292,1776876089704,539.0,610.0,2.58
7293,1776876089715,544.0,605.0,2.58
7294,1776876089726,570.0,603.0,2.58
7295,1776876089737,601.0,603.0,2.58
7296,1776876089748,547.0,604.0,2.58
7297,1776876089759,368.0,596.0,2.58
7298,1776876089770,358.0,594.0,2.58
7299,1776876089781,474.0,596.0,2.58
7300,1776876089792,570.0,579.0,2.58
7301,1776876089803,629.0,569.0,2.58
7302,1776876089814,628.0,582.0,2.58
7303,1776876089825,620.0,557.0,2.58
7304,1776876089836,596.0,550.0,2.58
7305,1776876089847,587.0,556.0,2.58
7306,1776876089858,573.0,535.0,2.58
7307,1776876089869,566.0,535.0,2.58
7308,1776876089880,562.0,538.0,2.58
7309,1776876089891,555.0,517.0,2.58
7310,1776876089902,552.0,522.0,2.58
7311,1776876089913,552.0,518.0,2.58
7312,1776876089924,548.0,507.0,2.58
7313,1776876089935,552.0,506.0,2.58
7314,1776876089946,556.0,512.0,2.58
7315,1776876089957,563.0,501.0,2.58
7316,1776876089968,559.0,497.0,2.58
7317,1776876089979,558.0,507.0,2.58
7318,1776876089990,552.0,494.0,2.58
7319,1776876090001,538.0,501.0,2.58
7320,1776876090012,530.0,498.0,2.58
7321,1776876090023,520.0,489.0,2.58
7322,1776876090034,516.0,495.0,2.58
7323,1776876090045,517.0,497.0,2.58
7324,1776876090056,517.0,495.0,2.58
7325,1776876090067,526.0,500.0,2.58
7326,1776876090078,529.0,503.0,2.58
7327,1776876090089,534.0,480.0,2.58
7328,1776876090100,535.0,493.0,2.58
7329,1776876090111,538.0,493.0,2.58
7330,1776876090122,539.0,462.0,2.58
7331,1776876090133,540.0,479.0,2.58
7332,1776876090144,540.0,475.0,2.58
7333,1776876090155,542.0,461.0,2.58
7334,1776876090166,548.0,464.0,2.58
7335,1776876090177,547.0,489.0,2.58
7336,1776876090188,541.0,570.0,2.58
7337,1776876090199,544.0,488.0,2.58
7338,1776876090210,541.0,642.0,2.58
7339,1776876090221,542.0,769.0,2.58
7340,1776876090232,541.0,623.0,2.58
7341,1776876090243,541.0,802.0,2.58
7342,1776876090254,542.0,847.0,2.58
7343,1776876090265,544.0,789.0,2.58
7344,1776876090276,541.0,817.0,2.58
7345,1776876090287,540.0,821.0,2.58
7346,1776876090298,539.0,810.0,2.58
7347,1776876090309,538.0,790.0,2.58
7348,1776876090320,541.0,785.0,2.58
7349,1776876090331,545.0,776.0,2.58
7350,1776876090342,542.0,767.0,2.58
7351,1776876090353,544.0,747.0,2.58
7352,1776876090364,540.0,771.0,2.58
7353,1776876090375,545.0,771.0,2.58
7354,1776876090386,544.0,749.0,2.58
7355,1776876090397,543.0,740.0,2.58
7356,1776876090408,543.0,731.0,2.58
7357,1776876090419,546.0,733.0,2.58
7358,1776876090430,547.0,684.0,2.58
7359,1776876090441,543.0,674.0,2.58
7360,1776876090452,542.0,693.0,2.58
7361,1776876090463,544.0,653.0,2.58
7362,1776876090474,547.0,638.0,2.58
7363,1776876090485,543.0,637.0,2.58
7364,1776876090496,542.0,635.0,2.58
7365,1776876090507,545.0,632.0,2.58
7366,1776876090518,543.0,625.0,2.58
7367,1776876090529,547.0,625.0,2.58
7368,1776876090540,544.0,627.0,2.58
7369,1776876090551,543.0,621.0,2.58
7370,1776876090562,545.0,613.0,2.58
7371,1776876090573,544.0,608.0,2.58
7372,1776876090584,540.0,610.0,2.58
7373,1776876090595,545.0,589.0,2.58
7374,1776876090606,545.0,586.0,2.58
7375,1776876090617,543.0,588.0,2.58
7376,1776876090628,545.0,564.0,2.58
7377,1776876090639,546.0,569.0,2.58
7378,1776876090650,542.0,565.0,2.58
7379,1776876090661,542.0,547.0,2.58
7380,1776876090672,540.0,555.0,2.58
7381,1776876090683,545.0,554.0,2.58
7382,1776876090694,545.0,526.0,2.58
7383,1776876090705,546.0,539.0,2.58
7384,1776876090716,546.0,530.0,2.58
7385,1776876090727,543.0,515.0,2.58
7386,1776876090738,541.0,521.0,2.58
7387,1776876090749,547.0,519.0,2.58
7388,1776876090760,546.0,506.0,2.58
7389,1776876090771,545.0,512.0,2.58
7390,1776876090782,543.0,507.0,2.58
7391,1776876090793,543.0,494.0,2.58
7392,1776876090804,545.0,506.0,2.58
7393,1776876090815,546.0,494.0,2.58
7394,1776876090826,543.0,489.0,2.58
7395,1776876090837,543.0,503.0,2.58
7396,1776876090848,544.0,483.0,2.58
7397,1776876090859,547.0,479.0,2.58
7398,1776876090870,541.0,492.0,2.58
7399,1776876090880,542.0,473.0,2.58
7400,1776876090892,544.0,469.0,2.58
7401,1776876090903,540.0,481.0,2.58
7402,1776876090914,548.0,466.0,2.58
7403,1776876090925,551.0,464.0,2.58
7404,1776876090935,544.0,476.0,2.58
7405,1776876090946,540.0,455.0,2.58
7406,1776876090957,536.0,451.0,2.58
7407,1776876090968,540.0,466.0,2.58
7408,1776876090979,546.0,453.0,2.58
7409,1776876090990,548.0,445.0,2.58
7410,1776876091001,544.0,462.0,2.58
7411,1776876091012,541.0,445.0,2.58
7412,1776876091023,555.0,445.0,2.58
7413,1776876091035,586.0,459.0,2.58
7414,1776876091045,587.0,441.0,2.58
7415,1776876091056,468.0,442.0,2.58
7416,1776876091067,333.0,452.0,2.58
7417,1776876091078,378.0,437.0,2.58
7418,1776876091089,499.0,438.0,2.58
7419,1776876091100,604.0,431.0,2.58
7420,1776876091111,630.0,429.0,2.58
7421,1776876091122,629.0,443.0,2.58
7422,1776876091133,598.0,430.0,2.58
7423,1776876091144,594.0,433.0,2.58
7424,1776876091155,575.0,439.0,2.58
7425,1776876091166,573.0,426.0,2.58
7426,1776876091177,565.0,433.0,2.58
7427,1776876091188,559.0,442.0,2.58
7428,1776876091199,550.0,418.0,2.58
7429,1776876091210,551.0,428.0,2.58
7430,1776876091221,551.0,429.0,2.58
7431,1776876091232,553.0,413.0,2.58
7432,1776876091243,553.0,426.0,2.58
7433,1776876091254,557.0,430.0,2.58
7434,1776876091265,555.0,414.0,2.58
7435,1776876091276,557.0,425.0,2.58
7436,1776876091287,557.0,428.0,2.58
7437,1776876091298,551.0,417.0,2.58
7438,1776876091309,545.0,428.0,2.58
7439,1776876091320,530.0,426.0,2.58
7440,1776876091331,523.0,407.0,2.58
7441,1776876091342,520.0,430.0,2.58
7442,1776876091353,517.0,419.0,2.58
7443,1776876091364,518.0,412.0,2.58
7444,1776876091375,523.0,418.0,2.58
7445,1776876091386,531.0,420.0,2.58
7446,1776876091397,531.0,412.0,2.58
7447,1776876091408,534.0,423.0,2.58
7448,1776876091419,531.0,410.0,2.58
7449,1776876091430,541.0,401.0,2.58
7450,1776876091441,545.0,421.0,2.58
7451,1776876091452,542.0,423.0,2.58
7452,1776876091463,546.0,441.0,2.58
7453,1776876091474,542.0,418.0,2.58
7454,1776876091485,544.0,498.0,2.58
7455,1776876091496,543.0,639.0,2.58
7456,1776876091507,544.0,494.0,2.58
7457,1776876091518,542.0,715.0,2.58
7458,1776876091529,541.0,836.0,2.58
7459,1776876091540,543.0,700.0,2.58
7460,1776876091551,542.0,843.0,2.58
7461,1776876091562,541.0,869.0,2.58
7462,1776876091573,543.0,839.0,2.58
7463,1776876091584,540.0,840.0,2.58
7464,1776876091595,538.0,825.0,2.58
7465,1776876091606,546.0,821.0,2.58
7466,1776876091617,547.0,786.0,2.58
7467,1776876091628,541.0,780.0,2.58
7468,1776876091639,542.0,772.0,2.58
7469,1776876091650,542.0,766.0,2.58
7470,1776876091661,546.0,755.0,2.58
7471,1776876091672,542.0,740.0,2.58
7472,1776876091683,543.0,771.0,2.58
7473,1776876091694,546.0,751.0,2.58
7474,1776876091705,544.0,746.0,2.58
7475,1776876091716,544.0,736.0,2.58
7476,1776876091727,542.0,735.0,2.58
7477,1776876091738,542.0,728.0,2.58
7478,1776876091749,540.0,666.0,2.58
7479,1776876091761,544.0,678.0,2.58
7480,1776876091771,540.0,670.0,2.58
7481,1776876091782,544.0,638.0,2.58
7482,1776876091793,540.0,639.0,2.58
7483,1776876091804,544.0,635.0,2.58
7484,1776876091815,546.0,628.0,2.58
7485,1776876091826,546.0,621.0,2.58
7486,1776876091837,544.0,618.0,2.58
7487,1776876091848,541.0,611.0,2.58
7488,1776876091859,542.0,611.0,2.58
7489,1776876091870,541.0,596.0,2.58
7490,1776876091881,540.0,599.0,2.58
7491,1776876091892,548.0,592.0,2.58
7492,1776876091903,542.0,564.0,2.58
7493,1776876091914,545.0,573.0,2.58
7494,1776876091925,543.0,562.0,2.58
7495,1776876091936,546.0,542.0,2.58
7496,1776876091947,544.0,557.0,2.58
7497,1776876091958,542.0,550.0,2.58
7498,1776876091969,544.0,530.0,2.58
7499,1776876091980,546.0,536.0,2.58
7500,1776876091991,543.0,534.0,2.58
7501,1776876092002,541.0,516.0,2.58
7502,1776876092013,543.0,526.0,2.58
7503,1776876092024,543.0,521.0,2.58
7504,1776876092035,542.0,502.0,2.58
7505,1776876092046,545.0,517.0,2.58
7506,1776876092057,544.0,506.0,2.58
7507,1776876092068,543.0,493.0,2.58
7508,1776876092079,543.0,500.0,2.58
7509,1776876092090,540.0,495.0,2.58
7510,1776876092101,539.0,489.0,2.58
7511,1776876092112,544.0,499.0,2.58
7512,1776876092123,542.0,483.0,2.58
7513,1776876092134,545.0,476.0,2.58
7514,1776876092145,547.0,492.0,2.58
7515,1776876092156,541.0,470.0,2.58
7516,1776876092167,542.0,468.0,2.58
7517,1776876092178,546.0,480.0,2.58
7518,1776876092189,580.0,464.0,2.58
7519,1776876092200,589.0,461.0,2.58
7520,1776876092211,547.0,475.0,2.58
7521,1776876092222,348.0,455.0,2.58
7522,1776876092233,387.0,457.0,2.58
7523,1776876092244,496.0,470.0,2.58
7524,1776876092255,557.0,446.0,2.58
7525,1776876092266,627.0,449.0,2.58
7526,1776876092277,629.0,456.0,2.58
7527,1776876092288,602.0,436.0,2.58
7528,1776876092299,591.0,446.0,2.58
7529,1776876092310,576.0,447.0,2.58
7530,1776876092321,574.0,429.0,2.58
7531,1776876092332,560.0,440.0,2.58
7532,1776876092343,558.0,442.0,2.58
7533,1776876092354,555.0,423.0,2.58
7534,1776876092365,552.0,436.0,2.58
7535,1776876092376,550.0,442.0,2.58
7536,1776876092387,550.0,419.0,2.58
7537,1776876092398,550.0,438.0,2.58
7538,1776876092409,558.0,433.0,2.58
7539,1776876092420,557.0,422.0,2.58
7540,1776876092432,557.0,437.0,2.58
7541,1776876092442,556.0,434.0,2.58
7542,1776876092453,549.0,419.0,2.58
7543,1776876092464,545.0,429.0,2.58
7544,1776876092475,536.0,432.0,2.58
7545,1776876092486,529.0,412.0,2.58
7546,1776876092497,515.0,427.0,2.58
7547,1776876092508,519.0,428.0,2.58
7548,1776876092519,517.0,409.0,2.58
7549,1776876092530,526.0,423.0,2.58
7550,1776876092541,530.0,422.0,2.58
7551,1776876092552,534.0,413.0,2.58
7552,1776876092563,535.0,426.0,2.58
7553,1776876092574,537.0,416.0,2.58
7554,1776876092585,539.0,406.0,2.58
7555,1776876092596,542.0,427.0,2.58
7556,1776876092607,544.0,401.0,2.58
7557,1776876092618,541.0,401.0,2.58
7558,1776876092629,544.0,428.0,2.58
7559,1776876092640,545.0,501.0,2.58
7560,1776876092651,542.0,430.0,2.58
7561,1776876092662,544.0,568.0,2.58
7562,1776876092673,546.0,712.0,2.58
7563,1776876092684,542.0,562.0,2.58
7564,1776876092695,546.0,759.0,2.58
7565,1776876092706,536.0,835.0,2.58
7566,1776876092717,541.0,751.0,2.58
7567,1776876092728,542.0,784.0,2.58
7568,1776876092739,541.0,812.0,2.58
7569,1776876092751,541.0,808.0,2.58
7570,1776876092761,542.0,764.0,2.58
7571,1776876092772,542.0,748.0,2.58
7572,1776876092783,539.0,748.0,2.58
7573,1776876092794,546.0,709.0,2.58
7574,1776876092805,541.0,703.0,2.58
7575,1776876092816,544.0,697.0,2.58
7576,1776876092827,545.0,702.0,2.58
7577,1776876092838,542.0,691.0,2.58
7578,1776876092849,545.0,680.0,2.58
7579,1776876092860,541.0,687.0,2.58
7580,1776876092871,547.0,681.0,2.58
7581,1776876092882,542.0,678.0,2.58
7582,1776876092893,545.0,643.0,2.58
7583,1776876092904,544.0,653.0,2.58
7584,1776876092914,545.0,647.0,2.58
7585,1776876092926,542.0,607.0,2.58
7586,1776876092937,542.0,613.0,2.58
7587,1776876092947,545.0,608.0,2.58
7588,1776876092959,542.0,592.0,2.58
7589,1776876092970,546.0,579.0,2.58
7590,1776876092980,543.0,588.0,2.58
7591,1776876092991,542.0,587.0,2.58
7592,1776876093002,543.0,582.0,2.58
7593,1776876093013,545.0,584.0,2.58
7594,1776876093024,544.0,565.0,2.58
7595,1776876093035,544.0,572.0,2.58
7596,1776876093046,542.0,572.0,2.58
7597,1776876093058,547.0,546.0,2.58
7598,1776876093068,543.0,553.0,2.58
7599,1776876093080,542.0,553.0,2.58
7600,1776876093090,542.0,521.0,2.58
7601,1776876093101,544.0,536.0,2.58
7602,1776876093112,542.0,524.0,2.58
7603,1776876093123,543.0,508.0,2.58
7604,1776876093134,546.0,515.0,2.58
7605,1776876093145,541.0,505.0,2.58
7606,1776876093156,544.0,492.0,2.58
7607,1776876093167,543.0,511.0,2.58
7608,1776876093178,544.0,492.0,2.58
7609,1776876093189,549.0,478.0,2.58
7610,1776876093200,542.0,494.0,2.58
7611,1776876093211,543.0,475.0,2.58
7612,1776876093222,539.0,465.0,2.58
7613,1776876093233,544.0,479.0,2.58
7614,1776876093244,541.0,464.0,2.58
7615,1776876093255,544.0,462.0,2.58
7616,1776876093266,544.0,471.0,2.58
7617,1776876093277,547.0,464.0,2.58
7618,1776876093288,539.0,461.0,2.58
7619,1776876093299,544.0,475.0,2.58
7620,1776876093310,563.0,460.0,2.58
7621,1776876093321,594.0,463.0,2.58
7622,1776876093332,560.0,466.0,2.58
7623,1776876093343,419.0,448.0,2.58
7624,1776876093354,368.0,460.0,2.58
7625,1776876093365,450.0,461.0,2.58
7626,1776876093376,543.0,445.0,2.58
7627,1776876093387,613.0,459.0,2.58
7628,1776876093398,620.0,431.0,2.58
7629,1776876093409,615.0,440.0,2.58
7630,1776876093420,592.0,446.0,2.58
7631,1776876093431,584.0,425.0,2.58
7632,1776876093442,574.0,427.0,2.58
7633,1776876093453,567.0,441.0,2.58
7634,1776876093464,559.0,426.0,2.58
7635,1776876093475,552.0,418.0,2.58
7636,1776876093486,547.0,437.0,2.58
7637,1776876093497,545.0,423.0,2.58
7638,1776876093508,549.0,422.0,2.58
7639,1776876093519,556.0,435.0,2.58
7640,1776876093530,552.0,416.0,2.58
7641,1776876093541,554.0,424.0,2.58
7642,1776876093552,558.0,430.0,2.58
7643,1776876093563,559.0,414.0,2.58
7644,1776876093574,555.0,427.0,2.58
7645,1776876093585,547.0,427.0,2.58
7646,1776876093596,538.0,416.0,2.58
7647,1776876093607,529.0,425.0,2.58
7648,1776876093618,520.0,428.0,2.58
7649,1776876093629,521.0,408.0,2.58
7650,1776876093640,522.0,421.0,2.58
7651,1776876093651,523.0,427.0,2.58
7652,1776876093662,529.0,408.0,2.58
7653,1776876093673,528.0,421.0,2.58
7654,1776876093684,531.0,428.0,2.58
7655,1776876093695,537.0,408.0,2.58
7656,1776876093706,544.0,424.0,2.58
7657,1776876093717,542.0,416.0,2.58
7658,1776876093728,545.0,397.0,2.58
7659,1776876093739,539.0,423.0,2.58
7660,1776876093750,543.0,422.0,2.58
7661,1776876093761,540.0,448.0,2.58
7662,1776876093772,545.0,417.0,2.58
7663,1776876093783,543.0,544.0,2.58
7664,1776876093794,546.0,632.0,2.58
7665,1776876093805,541.0,510.0,2.58
7666,1776876093816,543.0,724.0,2.58
7667,1776876093827,537.0,792.0,2.58
7668,1776876093838,543.0,697.0,2.58
7669,1776876093849,540.0,800.0,2.58
7670,1776876093860,539.0,804.0,2.58
7671,1776876093871,540.0,781.0,2.58
7672,1776876093882,544.0,779.0,2.58
7673,1776876093893,545.0,752.0,2.58
7674,1776876093904,540.0,750.0,2.58
7675,1776876093915,542.0,704.0,2.58
7676,1776876093926,544.0,702.0,2.58
7677,1776876093937,543.0,694.0,2.58
7678,1776876093948,543.0,682.0,2.58
7679,1776876093959,546.0,682.0,2.58
7680,1776876093970,546.0,666.0,2.58
7681,1776876093981,544.0,672.0,2.58
7682,1776876093992,546.0,672.0,2.58
7683,1776876094003,548.0,665.0,2.58
7684,1776876094014,541.0,643.0,2.58
7685,1776876094025,542.0,636.0,2.58
7686,1776876094036,544.0,642.0,2.58
7687,1776876094047,546.0,605.0,2.58
7688,1776876094058,543.0,604.0,2.58
7689,1776876094069,546.0,608.0,2.58
7690,1776876094080,545.0,588.0,2.58
7691,1776876094091,543.0,586.0,2.58
7692,1776876094102,547.0,583.0,2.58
7693,1776876094113,542.0,575.0,2.58
7694,1776876094124,546.0,584.0,2.58
7695,1776876094135,544.0,578.0,2.58
7696,1776876094146,543.0,565.0,2.58
7697,1776876094157,543.0,565.0,2.58
7698,1776876094168,546.0,549.0,2.58
7699,1776876094179,544.0,556.0,2.58
7700,1776876094190,543.0,555.0,2.58
7701,1776876094201,540.0,516.0,2.58
7702,1776876094212,544.0,529.0,2.58
7703,1776876094223,540.0,529.0,2.58
7704,1776876094234,543.0,498.0,2.58
7705,1776876094245,543.0,512.0,2.58
7706,1776876094256,544.0,505.0,2.58
7707,1776876094267,544.0,492.0,2.58
7708,1776876094278,544.0,499.0,2.58
7709,1776876094289,541.0,492.0,2.58
7710,1776876094300,546.0,474.0,2.58
7711,1776876094311,544.0,497.0,2.58
7712,1776876094322,544.0,478.0,2.58
7713,1776876094334,543.0,472.0,2.58
7714,1776876094344,544.0,484.0,2.58
7715,1776876094355,547.0,471.0,2.58
7716,1776876094366,542.0,465.0,2.58
7717,1776876094377,545.0,477.0,2.58
7718,1776876094388,578.0,462.0,2.58
7719,1776876094399,597.0,458.0,2.58
7720,1776876094410,546.0,470.0,2.58
7721,1776876094421,342.0,457.0,2.58
7722,1776876094432,380.0,459.0,2.58
7723,1776876094443,473.0,465.0,2.58
7724,1776876094454,548.0,459.0,2.58
7725,1776876094465,622.0,448.0,2.58
7726,1776876094476,617.0,466.0,2.58
7727,1776876094487,616.0,449.0,2.58
7728,1776876094498,591.0,445.0,2.58
7729,1776876094509,578.0,460.0,2.58
7730,1776876094520,567.0,445.0,2.58
7731,1776876094531,561.0,440.0,2.58
7732,1776876094542,557.0,456.0,2.58
7733,1776876094553,551.0,435.0,2.58
7734,1776876094564,554.0,431.0,2.58
7735,1776876094575,553.0,450.0,2.58
7736,1776876094585,551.0,429.0,2.58
7737,1776876094597,550.0,433.0,2.58
7738,1776876094608,547.0,443.0,2.58
7739,1776876094619,552.0,424.0,2.58
7740,1776876094630,557.0,432.0,2.58
7741,1776876094640,559.0,438.0,2.58
7742,1776876094652,554.0,425.0,2.58
7743,1776876094662,545.0,432.0,2.58
7744,1776876094673,535.0,440.0,2.58
7745,1776876094684,526.0,424.0,2.58
7746,1776876094695,521.0,436.0,2.58
7747,1776876094706,520.0,436.0,2.58
7748,1776876094717,527.0,423.0,2.58
7749,1776876094728,527.0,434.0,2.58
7750,1776876094739,531.0,435.0,2.58
7751,1776876094750,533.0,417.0,2.58
7752,1776876094761,538.0,429.0,2.58
7753,1776876094772,536.0,429.0,2.58
7754,1776876094783,538.0,421.0,2.58
7755,1776876094794,542.0,432.0,2.58
7756,1776876094805,550.0,423.0,2.58
7757,1776876094816,548.0,411.0,2.58
7758,1776876094827,546.0,428.0,2.58
7759,1776876094838,546.0,436.0,2.58
7760,1776876094849,545.0,471.0,2.58
7761,1776876094860,543.0,430.0,2.58
7762,1776876094871,541.0,576.0,2.58
7763,1776876094882,540.0,656.0,2.58
7764,1776876094893,541.0,537.0,2.58
7765,1776876094904,537.0,748.0,2.58
7766,1776876094915,542.0,692.0,2.58
7767,1776876094926,541.0,747.0,2.58
7768,1776876094937,544.0,783.0,2.58
7769,1776876094948,541.0,783.0,2.58
7770,1776876094959,541.0,780.0,2.58
7771,1776876094970,538.0,732.0,2.58
7772,1776876094981,543.0,751.0,2.58
7773,1776876094992,542.0,727.0,2.58
7774,1776876095003,548.0,686.0,2.58
7775,1776876095014,540.0,691.0,2.58
7776,1776876095025,543.0,680.0,2.58
7777,1776876095036,543.0,671.0,2.58
7778,1776876095047,543.0,662.0,2.58
7779,1776876095058,545.0,658.0,2.58
7780,1776876095069,543.0,653.0,2.58
7781,1776876095080,545.0,653.0,2.58
7782,1776876095091,541.0,630.0,2.58
7783,1776876095102,547.0,614.0,2.58
7784,1776876095113,543.0,627.0,2.58
7785,1776876095124,544.0,595.0,2.58
7786,1776876095135,539.0,587.0,2.58
7787,1776876095146,544.0,592.0,2.58
7788,1776876095157,541.0,582.0,2.58
7789,1776876095168,544.0,579.0,2.58
7790,1776876095179,539.0,578.0,2.58
7791,1776876095190,548.0,575.0,2.58
7792,1776876095201,543.0,577.0,2.58
7793,1776876095212,543.0,572.0,2.58
7794,1776876095223,553.0,565.0,2.58
7795,1776876095234,592.0,567.0,2.58
7796,1776876095245,593.0,568.0,2.58
7797,1776876095256,464.0,551.0,2.58
7798,1776876095267,346.0,556.0,2.58
7799,1776876095280,405.0,555.0,2.58
7800,1776876095289,508.0,524.0,2.58
7801,1776876095300,593.0,539.0,2.58
7802,1776876095311,618.0,534.0,2.58
7803,1776876095322,609.0,508.0,2.58
7804,1776876095333,595.0,519.0,2.58
7805,1776876095344,584.0,517.0,2.58
7806,1776876095355,570.0,493.0,2.58
7807,1776876095366,568.0,509.0,2.58
7808,1776876095377,557.0,497.0,2.58
7809,1776876095388,551.0,479.0,2.58
7810,1776876095399,552.0,495.0,2.58
7811,1776876095410,549.0,480.0,2.58
7812,1776876095421,547.0,472.0,2.58
7813,1776876095432,547.0,482.0,2.58
7814,1776876095443,547.0,482.0,2.58
7815,1776876095454,549.0,469.0,2.58
7816,1776876095465,555.0,474.0,2.58
7817,1776876095476,552.0,476.0,2.58
7818,1776876095487,554.0,469.0,2.58
7819,1776876095498,539.0,479.0,2.58
7820,1776876095509,541.0,472.0,2.58
7821,1776876095520,528.0,466.0,2.58
7822,1776876095531,528.0,474.0,2.58
7823,1776876095542,529.0,468.0,2.58
7824,1776876095553,525.0,459.0,2.58
7825,1776876095564,530.0,472.0,2.58
7826,1776876095575,535.0,459.0,2.58
7827,1776876095586,538.0,452.0,2.58
7828,1776876095599,538.0,468.0,2.58
7829,1776876095608,540.0,450.0,2.58
7830,1776876095619,536.0,445.0,2.58
7831,1776876095630,540.0,460.0,2.58
7832,1776876095641,547.0,438.0,2.58
7833,1776876095652,547.0,434.0,2.58
7834,1776876095663,544.0,449.0,2.58
7835,1776876095674,544.0,432.0,2.58
7836,1776876095685,543.0,442.0,2.58
7837,1776876095696,544.0,492.0,2.58
7838,1776876095707,545.0,540.0,2.58
7839,1776876095718,541.0,469.0,2.58
7840,1776876095729,544.0,663.0,2.58
7841,1776876095740,542.0,721.0,2.58
7842,1776876095751,542.0,618.0,2.58
7843,1776876095762,543.0,770.0,2.58
7844,1776876095773,544.0,763.0,2.58
7845,1776876095784,542.0,749.0,2.58
7846,1776876095795,543.0,762.0,2.58
7847,1776876095806,545.0,754.0,2.58
7848,1776876095817,544.0,750.0,2.58
7849,1776876095828,543.0,698.0,2.58
7850,1776876095839,546.0,705.0,2.58
7851,1776876095850,543.0,696.0,2.58
7852,1776876095861,545.0,664.0,2.58
7853,1776876095872,540.0,661.0,2.58
7854,1776876095883,542.0,653.0,2.58
7855,1776876095894,545.0,645.0,2.58
7856,1776876095905,546.0,643.0,2.58
7857,1776876095916,543.0,639.0,2.58
7858,1776876095927,544.0,607.0,2.58
7859,1776876095938,542.0,622.0,2.58
7860,1776876095949,545.0,615.0,2.58
7861,1776876095960,545.0,582.0,2.58
7862,1776876095971,546.0,582.0,2.58
7863,1776876095982,541.0,581.0,2.58
7864,1776876095993,546.0,571.0,2.58
7865,1776876096004,583.0,574.0,2.58
7866,1776876096015,602.0,568.0,2.58
7867,1776876096026,546.0,578.0,2.58
7868,1776876096037,335.0,574.0,2.58
7869,1776876096048,371.0,572.0,2.58
7870,1776876096059,483.0,571.0,2.58
7871,1776876096070,562.0,573.0,2.58
7872,1776876096081,627.0,562.0,2.58
7873,1776876096092,630.0,541.0,2.58
7874,1776876096103,609.0,558.0,2.58
7875,1776876096114,595.0,536.0,2.58
7876,1776876096125,574.0,522.0,2.58
7877,1776876096136,572.0,534.0,2.58
7878,1776876096147,564.0,512.0,2.58
7879,1776876096158,557.0,504.0,2.58
7880,1776876096169,554.0,521.0,2.58
7881,1776876096180,551.0,500.0,2.58
7882,1776876096191,551.0,488.0,2.58
7883,1776876096202,552.0,505.0,2.58
7884,1776876096213,549.0,479.0,2.58
7885,1776876096224,553.0,473.0,2.58
7886,1776876096235,561.0,486.0,2.58
7887,1776876096246,562.0,473.0,2.58
7888,1776876096257,565.0,471.0,2.58
7889,1776876096268,551.0,478.0,2.58
7890,1776876096279,540.0,468.0,2.58
7891,1776876096290,529.0,474.0,2.58
7892,1776876096301,521.0,479.0,2.58
7893,1776876096312,516.0,467.0,2.58
7894,1776876096323,518.0,474.0,2.58
7895,1776876096334,520.0,471.0,2.58
7896,1776876096345,526.0,461.0,2.58
7897,1776876096356,531.0,468.0,2.58
7898,1776876096367,534.0,472.0,2.58
7899,1776876096378,534.0,456.0,2.58
7900,1776876096389,535.0,465.0,2.58
7901,1776876096400,539.0,465.0,2.58
7902,1776876096411,540.0,438.0,2.58
7903,1776876096422,540.0,458.0,2.58
7904,1776876096433,543.0,455.0,2.58
7905,1776876096444,547.0,448.0,2.58
7906,1776876096455,547.0,449.0,2.58
7907,1776876096466,547.0,526.0,2.58
7908,1776876096477,545.0,550.0,2.58
7909,1776876096488,546.0,495.0,2.58
7910,1776876096499,540.0,712.0,2.58
7911,1776876096510,540.0,682.0,2.58
7912,1776876096521,545.0,658.0,2.58
7913,1776876096532,544.0,806.0,2.58
7914,1776876096543,539.0,771.0,2.58
7915,1776876096554,541.0,774.0,2.58
7916,1776876096565,544.0,775.0,2.58
7917,1776876096576,543.0,771.0,2.58
7918,1776876096587,542.0,765.0,2.58
7919,1776876096598,541.0,728.0,2.58
7920,1776876096609,541.0,731.0,2.58
7921,1776876096620,545.0,718.0,2.58
7922,1776876096630,542.0,705.0,2.58
7923,1776876096642,540.0,696.0,2.58
7924,1776876096653,542.0,692.0,2.58
7925,1776876096663,543.0,692.0,2.58
7926,1776876096675,544.0,688.0,2.58
7927,1776876096686,539.0,682.0,2.58
7928,1776876096697,544.0,661.0,2.58
7929,1776876096708,544.0,668.0,2.58
7930,1776876096719,542.0,634.0,2.58
7931,1776876096729,543.0,613.0,2.58
7932,1776876096740,544.0,626.0,2.58
7933,1776876096751,543.0,597.0,2.58
7934,1776876096763,542.0,591.0,2.58
7935,1776876096773,544.0,596.0,2.58
7936,1776876096784,544.0,590.0,2.58
7937,1776876096795,544.0,588.0,2.58
7938,1776876096806,545.0,583.0,2.58
7939,1776876096817,538.0,584.0,2.58
7940,1776876096828,540.0,581.0,2.58
7941,1776876096839,545.0,578.0,2.58
7942,1776876096850,548.0,567.0,2.58
7943,1776876096861,544.0,570.0,2.58
7944,1776876096872,550.0,569.0,2.58
7945,1776876096884,541.0,545.0,2.58
7946,1776876096894,543.0,551.0,2.58
7947,1776876096905,581.0,549.0,2.58
7948,1776876096916,591.0,518.0,2.58
7949,1776876096927,535.0,529.0,2.58
7950,1776876096938,378.0,526.0,2.58
7951,1776876096949,373.0,506.0,2.58
7952,1776876096960,475.0,504.0,2.58
7953,1776876096971,572.0,508.0,2.58
7954,1776876096982,623.0,488.0,2.58
7955,1776876096993,625.0,498.0,2.58
7956,1776876097004,605.0,500.0,2.58
7957,1776876097015,594.0,482.0,2.58
7958,1776876097026,583.0,485.0,2.58
7959,1776876097037,570.0,487.0,2.58
7960,1776876097048,557.0,479.0,2.58
7961,1776876097059,563.0,484.0,2.58
7962,1776876097070,554.0,485.0,2.58
7963,1776876097081,553.0,468.0,2.58
7964,1776876097092,553.0,480.0,2.58
7965,1776876097103,552.0,480.0,2.58
7966,1776876097114,551.0,465.0,2.58
7967,1776876097125,554.0,474.0,2.58
7968,1776876097136,558.0,471.0,2.58
7969,1776876097147,560.0,458.0,2.58
7970,1776876097158,558.0,472.0,2.58
7971,1776876097169,549.0,461.0,2.58
7972,1776876097180,540.0,453.0,2.58
7973,1776876097191,535.0,464.0,2.58
7974,1776876097203,527.0,455.0,2.58
7975,1776876097213,524.0,457.0,2.58
7976,1776876097224,521.0,458.0,2.58
7977,1776876097235,521.0,446.0,2.58
7978,1776876097246,525.0,454.0,2.58
7979,1776876097257,528.0,449.0,2.58
7980,1776876097268,534.0,435.0,2.58
7981,1776876097279,534.0,450.0,2.58
7982,1776876097290,541.0,435.0,2.58
7983,1776876097301,540.0,426.0,2.58
7984,1776876097312,544.0,444.0,2.58
7985,1776876097323,540.0,435.0,2.58
7986,1776876097334,545.0,443.0,2.58
7987,1776876097345,546.0,432.0,2.58
7988,1776876097356,542.0,524.0,2.58
7989,1776876097367,547.0,594.0,2.58
7990,1776876097378,545.0,494.0,2.58
7991,1776876097389,539.0,724.0,2.58
7992,1776876097400,538.0,773.0,2.58
7993,1776876097411,541.0,676.0,2.58
7994,1776876097422,538.0,830.0,2.58
7995,1776876097433,538.0,819.0,2.58
7996,1776876097444,542.0,789.0,2.58
7997,1776876097455,540.0,807.0,2.58
7998,1776876097466,542.0,785.0,2.58
7999,1776876097477,543.0,791.0,2.58
8000,1776876097488,543.0,755.0,2.58
8001,1776876097499,546.0,742.0,2.58
8002,1776876097510,543.0,742.0,2.58
8003,1776876097522,543.0,739.0,2.58
8004,1776876097532,545.0,739.0,2.58
8005,1776876097543,542.0,718.0,2.58
8006,1776876097554,544.0,737.0,2.58
8007,1776876097565,543.0,725.0,2.58
8008,1776876097576,542.0,720.0,2.58
8009,1776876097587,541.0,707.0,2.58
8010,1776876097598,545.0,703.0,2.58
8011,1776876097609,540.0,699.0,2.58
8012,1776876097620,543.0,650.0,2.58
8013,1776876097631,542.0,656.0,2.58
8014,1776876097642,544.0,654.0,2.58
8015,1776876097653,540.0,616.0,2.58
8016,1776876097664,542.0,618.0,2.58
8017,1776876097675,542.0,613.0,2.58
8018,1776876097686,542.0,599.0,2.58
8019,1776876097697,537.0,600.0,2.58
8020,1776876097708,541.0,597.0,2.58
8021,1776876097719,545.0,588.0,2.58
8022,1776876097730,544.0,594.0,2.58
8023,1776876097741,542.0,585.0,2.58
8024,1776876097752,542.0,573.0,2.58
8025,1776876097763,546.0,586.0,2.58
8026,1776876097774,546.0,565.0,2.58
8027,1776876097785,543.0,548.0,2.58
8028,1776876097796,541.0,564.0,2.58
8029,1776876097807,541.0,538.0,2.58
8030,1776876097818,545.0,528.0,2.58
8031,1776876097829,545.0,539.0,2.58
8032,1776876097841,547.0,520.0,2.58
8033,1776876097851,547.0,518.0,2.58
8034,1776876097862,543.0,525.0,2.58
8035,1776876097873,542.0,508.0,2.58
8036,1776876097884,542.0,502.0,2.58
8037,1776876097895,543.0,514.0,2.58
8038,1776876097906,545.0,493.0,2.58
8039,1776876097917,542.0,495.0,2.58
8040,1776876097928,542.0,505.0,2.58
8041,1776876097939,544.0,486.0,2.58
8042,1776876097950,549.0,480.0,2.58
8043,1776876097961,542.0,488.0,2.58
8044,1776876097972,543.0,474.0,2.58
8045,1776876097983,543.0,484.0,2.58
8046,1776876097994,543.0,477.0,2.58
8047,1776876098005,539.0,471.0,2.58
8048,1776876098016,538.0,481.0,2.58
8049,1776876098027,542.0,472.0,2.58
8050,1776876098038,543.0,464.0,2.58
8051,1776876098049,543.0,476.0,2.58
8052,1776876098060,541.0,459.0,2.58
8053,1776876098071,544.0,455.0,2.58
8054,1776876098082,542.0,472.0,2.58
8055,1776876098093,573.0,452.0,2.58
8056,1776876098104,597.0,446.0,2.58
8057,1776876098115,568.0,459.0,2.58
8058,1776876098126,404.0,445.0,2.58
8059,1776876098137,386.0,445.0,2.58
8060,1776876098148,465.0,453.0,2.58
8061,1776876098160,529.0,438.0,2.58
8062,1776876098170,622.0,442.0,2.58
8063,1776876098181,622.0,446.0,2.58
8064,1776876098192,618.0,429.0,2.58
8065,1776876098203,597.0,438.0,2.58
8066,1776876098214,585.0,429.0,2.58
8067,1776876098225,572.0,425.0,2.58
8068,1776876098236,563.0,440.0,2.58
8069,1776876098247,557.0,443.0,2.58
8070,1776876098258,557.0,425.0,2.58
8071,1776876098269,553.0,438.0,2.58
8072,1776876098280,552.0,439.0,2.58
8073,1776876098291,549.0,414.0,2.58
8074,1776876098302,549.0,440.0,2.58
8075,1776876098313,555.0,432.0,2.58
8076,1776876098324,556.0,419.0,2.58
8077,1776876098335,556.0,432.0,2.58
8078,1776876098346,560.0,424.0,2.58
8079,1776876098357,552.0,416.0,2.58
8080,1776876098368,543.0,433.0,2.58
8081,1776876098379,539.0,419.0,2.58
8082,1776876098390,530.0,416.0,2.58
8083,1776876098401,523.0,427.0,2.58
8084,1776876098411,520.0,410.0,2.58
8085,1776876098422,526.0,414.0,2.58
8086,1776876098433,528.0,428.0,2.58
8087,1776876098444,529.0,426.0,2.58
8088,1776876098455,529.0,415.0,2.58
8089,1776876098466,537.0,436.0,2.58
8090,1776876098477,536.0,418.0,2.58
8091,1776876098488,538.0,404.0,2.58
8092,1776876098499,544.0,425.0,2.58
8093,1776876098510,540.0,412.0,2.58
8094,1776876098521,541.0,414.0,2.58
8095,1776876098532,542.0,429.0,2.58
8096,1776876098544,546.0,482.0,2.58
8097,1776876098554,546.0,531.0,2.58
8098,1776876098565,545.0,542.0,2.58
8099,1776876098576,539.0,694.0,2.58
8100,1776876098587,542.0,747.0,2.58
8101,1776876098598,542.0,743.0,2.58
8102,1776876098609,541.0,835.0,2.58
8103,1776876098620,538.0,829.0,2.58
8104,1776876098631,542.0,782.0,2.58
8105,1776876098642,542.0,804.0,2.58
8106,1776876098653,540.0,809.0,2.58
8107,1776876098664,542.0,805.0,2.58
8108,1776876098675,544.0,768.0,2.58
8109,1776876098686,543.0,765.0,2.58
8110,1776876098697,542.0,755.0,2.58
8111,1776876098708,539.0,733.0,2.58
8112,1776876098719,543.0,726.0,2.58
8113,1776876098730,542.0,729.0,2.58
8114,1776876098741,541.0,720.0,2.58
8115,1776876098752,543.0,705.0,2.58
8116,1776876098763,542.0,709.0,2.58
8117,1776876098774,541.0,701.0,2.58
8118,1776876098786,545.0,700.0,2.58
8119,1776876098796,547.0,663.0,2.58
8120,1776876098807,545.0,668.0,2.58
8121,1776876098818,541.0,658.0,2.58
8122,1776876098829,546.0,616.0,2.58
8123,1776876098840,544.0,623.0,2.58
8124,1776876098851,542.0,620.0,2.58
8125,1776876098862,547.0,604.0,2.58
8126,1776876098873,542.0,600.0,2.58
8127,1776876098884,548.0,599.0,2.58
8128,1776876098895,547.0,597.0,2.58
8129,1776876098906,542.0,593.0,2.58
8130,1776876098917,548.0,591.0,2.58
8131,1776876098928,540.0,575.0,2.58
8132,1776876098939,541.0,580.0,2.58
8133,1776876098950,542.0,563.0,2.58
8134,1776876098961,544.0,556.0,2.58
8135,1776876098972,541.0,561.0,2.58
8136,1776876098983,542.0,539.0,2.58
8137,1776876098994,544.0,524.0,2.58
8138,1776876099005,543.0,540.0,2.58
8139,1776876099016,542.0,533.0,2.58
8140,1776876099027,545.0,511.0,2.58
8141,1776876099038,545.0,525.0,2.58
8142,1776876099049,541.0,515.0,2.58
8143,1776876099060,548.0,499.0,2.58
8144,1776876099071,544.0,514.0,2.58
8145,1776876099082,545.0,505.0,2.58
8146,1776876099093,545.0,489.0,2.58
8147,1776876099104,546.0,501.0,2.58
8148,1776876099115,544.0,482.0,2.58
8149,1776876099126,542.0,476.0,2.58
8150,1776876099137,541.0,493.0,2.58
8151,1776876099148,542.0,475.0,2.58
8152,1776876099159,541.0,471.0,2.58
8153,1776876099170,542.0,477.0,2.58
8154,1776876099181,543.0,472.0,2.58
8155,1776876099192,541.0,469.0,2.58
8156,1776876099203,548.0,483.0,2.58
8157,1776876099214,549.0,467.0,2.58
8158,1776876099225,590.0,469.0,2.58
8159,1776876099236,579.0,476.0,2.58
8160,1776876099247,503.0,458.0,2.58
8161,1776876099258,342.0,463.0,2.58
8162,1776876099269,407.0,466.0,2.58
8163,1776876099280,515.0,444.0,2.58
8164,1776876099291,585.0,454.0,2.58
8165,1776876099302,622.0,441.0,2.58
8166,1776876099313,621.0,440.0,2.58
8167,1776876099324,588.0,456.0,2.58
8168,1776876099335,585.0,439.0,2.58
8169,1776876099346,571.0,434.0,2.58
8170,1776876099357,565.0,449.0,2.58
8171,1776876099368,559.0,436.0,2.58
8172,1776876099379,559.0,432.0,2.58
8173,1776876099390,548.0,447.0,2.58
8174,1776876099401,554.0,437.0,2.58
8175,1776876099412,551.0,430.0,2.58
8176,1776876099424,553.0,442.0,2.58
8177,1776876099434,549.0,441.0,2.58
8178,1776876099445,554.0,422.0,2.58
8179,1776876099456,556.0,436.0,2.58
8180,1776876099467,557.0,437.0,2.58
8181,1776876099478,554.0,419.0,2.58
8182,1776876099489,551.0,418.0,2.58
8183,1776876099500,545.0,419.0,2.58
8184,1776876099511,534.0,434.0,2.58
8185,1776876099522,529.0,432.0,2.58
8186,1776876099533,521.0,416.0,2.58
8187,1776876099544,520.0,428.0,2.58
8188,1776876099555,525.0,416.0,2.58
8189,1776876099566,526.0,416.0,2.58
8190,1776876099577,532.0,428.0,2.58
8191,1776876099588,538.0,429.0,2.58
8192,1776876099599,541.0,419.0,2.58
8193,1776876099610,539.0,429.0,2.58
8194,1776876099621,540.0,423.0,2.58
8195,1776876099632,539.0,408.0,2.58
8196,1776876099643,540.0,431.0,2.58
8197,1776876099654,545.0,423.0,2.58
8198,1776876099665,547.0,444.0,2.58
8199,1776876099676,547.0,423.0,2.58
8200,1776876099687,544.0,564.0,2.58
8201,1776876099698,541.0,627.0,2.58
8202,1776876099709,543.0,566.0,2.58
8203,1776876099720,543.0,763.0,2.58
8204,1776876099731,543.0,791.0,2.58
8205,1776876099743,539.0,690.0,2.58
8206,1776876099753,545.0,807.0,2.58
8207,1776876099764,546.0,805.0,2.58
8208,1776876099775,543.0,788.0,2.58
8209,1776876099786,543.0,787.0,2.58
8210,1776876099797,543.0,758.0,2.58
8211,1776876099808,541.0,758.0,2.58
8212,1776876099819,544.0,708.0,2.58
8213,1776876099830,545.0,704.0,2.58
8214,1776876099841,546.0,687.0,2.58
8215,1776876099852,543.0,684.0,2.58
8216,1776876099863,539.0,673.0,2.58
8217,1776876099874,544.0,681.0,2.58
8218,1776876099885,544.0,678.0,2.58
8219,1776876099896,540.0,665.0,2.58
8220,1776876099907,543.0,668.0,2.58
8221,1776876099918,547.0,640.0,2.58
8222,1776876099929,547.0,651.0,2.58
8223,1776876099940,546.0,649.0,2.58
8224,1776876099951,542.0,603.0,2.58
8225,1776876099962,545.0,605.0,2.58
8226,1776876099973,545.0,603.0,2.58
8227,1776876099984,544.0,588.0,2.58
8228,1776876099995,548.0,582.0,2.58
8229,1776876100006,545.0,579.0,2.58
8230,1776876100017,544.0,587.0,2.58
8231,1776876100028,544.0,585.0,2.58
8232,1776876100039,541.0,579.0,2.58
8233,1776876100050,542.0,571.0,2.58
8234,1776876100062,547.0,576.0,2.58
8235,1776876100072,543.0,558.0,2.58
8236,1776876100083,541.0,546.0,2.58
8237,1776876100094,545.0,560.0,2.58
8238,1776876100105,544.0,529.0,2.58
8239,1776876100116,544.0,525.0,2.58
8240,1776876100127,539.0,537.0,2.58
8241,1776876100138,544.0,519.0,2.58
8242,1776876100149,544.0,505.0,2.58
8243,1776876100160,545.0,518.0,2.58
8244,1776876100171,542.0,500.0,2.58
8245,1776876100182,547.0,492.0,2.58
8246,1776876100193,544.0,502.0,2.58
8247,1776876100204,542.0,489.0,2.58
8248,1776876100215,545.0,484.0,2.58
8249,1776876100226,547.0,487.0,2.58
8250,1776876100237,544.0,479.0,2.58
8251,1776876100248,543.0,476.0,2.58
8252,1776876100259,541.0,470.0,2.58
8253,1776876100270,544.0,468.0,2.58
8254,1776876100281,541.0,486.0,2.58
8255,1776876100291,571.0,468.0,2.58
8256,1776876100303,591.0,466.0,2.58
8257,1776876100314,554.0,474.0,2.58
8258,1776876100325,375.0,463.0,2.58
8259,1776876100335,387.0,459.0,2.58
8260,1776876100347,459.0,471.0,2.58
8261,1776876100358,564.0,458.0,2.58
8262,1776876100368,613.0,457.0,2.58
8263,1776876100381,619.0,450.0,2.58
8264,1776876100391,599.0,446.0,2.58
8265,1776876100401,593.0,450.0,2.58
8266,1776876100412,569.0,457.0,2.58
8267,1776876100423,567.0,441.0,2.58
8268,1776876100434,560.0,432.0,2.58
8269,1776876100445,560.0,442.0,2.58
8270,1776876100456,551.0,428.0,2.58
8271,1776876100467,552.0,428.0,2.58
8272,1776876100478,550.0,445.0,2.58
8273,1776876100489,552.0,431.0,2.58
8274,1776876100500,554.0,430.0,2.58
8275,1776876100511,551.0,441.0,2.58
8276,1776876100522,555.0,426.0,2.58
8277,1776876100533,557.0,427.0,2.58
8278,1776876100544,558.0,438.0,2.58
8279,1776876100555,550.0,419.0,2.58
8280,1776876100566,541.0,431.0,2.58
8281,1776876100577,537.0,418.0,2.58
8282,1776876100588,529.0,420.0,2.58
8283,1776876100599,522.0,431.0,2.58
8284,1776876100610,521.0,421.0,2.58
8285,1776876100621,523.0,414.0,2.58
8286,1776876100632,524.0,433.0,2.58
8287,1776876100643,532.0,414.0,2.58
8288,1776876100654,536.0,413.0,2.58
8289,1776876100665,532.0,429.0,2.58
8290,1776876100676,533.0,428.0,2.58
8291,1776876100687,541.0,406.0,2.58
8292,1776876100698,539.0,430.0,2.58
8293,1776876100709,546.0,416.0,2.58
8294,1776876100720,546.0,412.0,2.58
8295,1776876100731,543.0,426.0,2.58
8296,1776876100742,546.0,453.0,2.58
8297,1776876100753,544.0,502.0,2.58
8298,1776876100764,546.0,455.0,2.58
8299,1776876100775,538.0,641.0,2.58
8300,1776876100786,539.0,698.0,2.58
8301,1776876100797,544.0,565.0,2.58
8302,1776876100808,543.0,766.0,2.58
8303,1776876100819,540.0,810.0,2.58
8304,1776876100830,542.0,741.0,2.58
8305,1776876100841,545.0,772.0,2.58
8306,1776876100852,543.0,790.0,2.58
8307,1776876100863,543.0,786.0,2.58
8308,1776876100874,544.0,744.0,2.58
8309,1776876100885,539.0,736.0,2.58
8310,1776876100896,541.0,708.0,2.58
8311,1776876100907,541.0,694.0,2.58
8312,1776876100918,528.0,695.0,2.58
8313,1776876100929,544.0,686.0,2.58
8314,1776876100940,541.0,678.0,2.58
8315,1776876100951,544.0,677.0,2.58
8316,1776876100962,545.0,670.0,2.58
8317,1776876100973,548.0,663.0,2.58
8318,1776876100984,544.0,655.0,2.58
8319,1776876100995,544.0,661.0,2.58
8320,1776876101006,543.0,633.0,2.58
8321,1776876101017,541.0,611.0,2.58
8322,1776876101028,547.0,597.0,2.58
8323,1776876101039,542.0,593.0,2.58
8324,1776876101050,544.0,598.0,2.58
8325,1776876101061,541.0,586.0,2.58
8326,1776876101072,545.0,585.0,2.58
8327,1776876101083,541.0,585.0,2.58
8328,1776876101094,541.0,583.0,2.58
8329,1776876101105,543.0,577.0,2.58
8330,1776876101116,544.0,579.0,2.58
8331,1776876101127,539.0,570.0,2.58
8332,1776876101138,544.0,568.0,2.58
8333,1776876101149,547.0,551.0,2.58
8334,1776876101160,543.0,543.0,2.58
8335,1776876101171,544.0,547.0,2.58
8336,1776876101182,545.0,545.0,2.58
8337,1776876101193,544.0,516.0,2.58
8338,1776876101204,544.0,529.0,2.58
8339,1776876101215,541.0,509.0,2.58
8340,1776876101226,544.0,504.0,2.58
8341,1776876101237,543.0,513.0,2.58
8342,1776876101248,543.0,496.0,2.58
8343,1776876101259,547.0,492.0,2.58
8344,1776876101270,540.0,498.0,2.58
8345,1776876101281,540.0,489.0,2.58
8346,1776876101292,546.0,483.0,2.58
8347,1776876101303,542.0,495.0,2.58
8348,1776876101314,548.0,485.0,2.58
8349,1776876101325,542.0,473.0,2.58
8350,1776876101337,542.0,486.0,2.58
8351,1776876101347,543.0,471.0,2.58
8352,1776876101358,548.0,468.0,2.58
8353,1776876101369,583.0,479.0,2.58
8354,1776876101380,589.0,465.0,2.58
8355,1776876101391,554.0,466.0,2.58
8356,1776876101402,368.0,472.0,2.58
8357,1776876101413,389.0,462.0,2.58
8358,1776876101424,491.0,459.0,2.58
8359,1776876101435,551.0,473.0,2.58
8360,1776876101446,617.0,462.0,2.58
8361,1776876101457,620.0,451.0,2.58
8362,1776876101468,604.0,463.0,2.58
8363,1776876101479,591.0,447.0,2.58
8364,1776876101490,578.0,446.0,2.58
8365,1776876101501,571.0,464.0,2.58
8366,1776876101512,558.0,442.0,2.58
8367,1776876101523,562.0,438.0,2.58
8368,1776876101534,554.0,445.0,2.58
8369,1776876101545,549.0,435.0,2.58
8370,1776876101556,550.0,432.0,2.58
8371,1776876101567,555.0,448.0,2.58
8372,1776876101578,553.0,428.0,2.58
8373,1776876101589,556.0,438.0,2.58
8374,1776876101600,561.0,431.0,2.58
8375,1776876101611,556.0,425.0,2.58
8376,1776876101622,559.0,430.0,2.58
8377,1776876101633,548.0,424.0,2.58
8378,1776876101644,546.0,422.0,2.58
8379,1776876101655,537.0,432.0,2.58
8380,1776876101666,529.0,420.0,2.58
8381,1776876101677,523.0,424.0,2.58
8382,1776876101688,525.0,432.0,2.58
8383,1776876101699,525.0,436.0,2.58
8384,1776876101710,530.0,424.0,2.58
8385,1776876101721,535.0,432.0,2.58
8386,1776876101732,531.0,421.0,2.58
8387,1776876101743,532.0,420.0,2.58
8388,1776876101754,537.0,437.0,2.58
8389,1776876101765,543.0,415.0,2.58
8390,1776876101776,543.0,429.0,2.58
8391,1776876101787,543.0,410.0,2.58
8392,1776876101798,545.0,418.0,2.58
8393,1776876101809,541.0,425.0,2.58
8394,1776876101820,544.0,423.0,2.58
8395,1776876101831,543.0,549.0,2.58
8396,1776876101842,546.0,460.0,2.58
8397,1776876101853,541.0,677.0,2.58
8398,1776876101864,539.0,740.0,2.58
8399,1776876101875,541.0,606.0,2.58
8400,1776876101886,543.0,800.0,2.58
8401,1776876101897,541.0,807.0,2.58
8402,1776876101908,541.0,753.0,2.58
8403,1776876101919,540.0,777.0,2.58
8404,1776876101930,542.0,769.0,2.58
8405,1776876101941,539.0,776.0,2.58
8406,1776876101952,544.0,765.0,2.58
8407,1776876101963,541.0,713.0,2.58
8408,1776876101974,542.0,726.0,2.58
8409,1776876101985,544.0,689.0,2.58
8410,1776876101997,544.0,680.0,2.58
8411,1776876102007,546.0,680.0,2.58
8412,1776876102018,542.0,675.0,2.58
8413,1776876102029,547.0,669.0,2.58
8414,1776876102040,542.0,657.0,2.58
8415,1776876102051,542.0,655.0,2.58
8416,1776876102062,541.0,642.0,2.58
8417,1776876102073,543.0,648.0,2.58
8418,1776876102084,543.0,623.0,2.58
8419,1776876102094,540.0,608.0,2.58
8420,1776876102106,543.0,610.0,2.58
8421,1776876102117,548.0,593.0,2.58
8422,1776876102128,547.0,588.0,2.58
8423,1776876102139,548.0,587.0,2.58
8424,1776876102149,546.0,585.0,2.58
8425,1776876102161,543.0,580.0,2.58
8426,1776876102171,540.0,580.0,2.58
8427,1776876102182,547.0,577.0,2.58
8428,1776876102194,546.0,576.0,2.58
8429,1776876102204,539.0,580.0,2.58
8430,1776876102215,543.0,560.0,2.58
8431,1776876102227,544.0,560.0,2.58
8432,1776876102237,542.0,541.0,2.58
8433,1776876102249,539.0,533.0,2.58
8434,1776876102259,543.0,541.0,2.58
8435,1776876102270,546.0,519.0,2.58
8436,1776876102281,544.0,514.0,2.58
8437,1776876102292,541.0,522.0,2.58
8438,1776876102303,545.0,505.0,2.58
8439,1776876102315,545.0,500.0,2.58
8440,1776876102325,542.0,513.0,2.58
8441,1776876102336,544.0,506.0,2.58
8442,1776876102347,541.0,487.0,2.58
8443,1776876102358,542.0,502.0,2.58
8444,1776876102369,541.0,488.0,2.58
8445,1776876102380,546.0,481.0,2.58
8446,1776876102391,544.0,491.0,2.58
8447,1776876102402,547.0,475.0,2.58
8448,1776876102413,543.0,470.0,2.58
8449,1776876102424,570.0,485.0,2.58
8450,1776876102435,586.0,469.0,2.58
8451,1776876102446,571.0,468.0,2.58
8452,1776876102457,437.0,478.0,2.58
8453,1776876102468,386.0,475.0,2.58
8454,1776876102479,437.0,467.0,2.58
8455,1776876102490,515.0,478.0,2.58
8456,1776876102501,611.0,464.0,2.58
8457,1776876102512,614.0,459.0,2.58
8458,1776876102523,612.0,478.0,2.58
8459,1776876102534,588.0,458.0,2.58
8460,1776876102545,579.0,465.0,2.58
8461,1776876102556,566.0,449.0,2.58
8462,1776876102567,561.0,446.0,2.58
8463,1776876102578,560.0,461.0,2.58
8464,1776876102589,554.0,451.0,2.58
8465,1776876102600,555.0,436.0,2.58
8466,1776876102611,550.0,452.0,2.58
8467,1776876102624,546.0,436.0,2.58
8468,1776876102633,554.0,437.0,2.58
8469,1776876102644,554.0,449.0,2.58
8470,1776876102655,556.0,434.0,2.58
8471,1776876102666,552.0,428.0,2.58
8472,1776876102677,557.0,441.0,2.58
8473,1776876102688,549.0,426.0,2.58
8474,1776876102699,547.0,424.0,2.58
8475,1776876102710,539.0,440.0,2.58
8476,1776876102721,526.0,441.0,2.58
8477,1776876102732,520.0,428.0,2.58
8478,1776876102743,521.0,430.0,2.58
8479,1776876102754,526.0,430.0,2.58
8480,1776876102765,526.0,432.0,2.58
8481,1776876102776,526.0,428.0,2.58
8482,1776876102787,531.0,423.0,2.58
8483,1776876102798,539.0,432.0,2.58
8484,1776876102809,536.0,426.0,2.58
8485,1776876102820,541.0,427.0,2.58
8486,1776876102831,540.0,437.0,2.58
8487,1776876102842,541.0,439.0,2.58
8488,1776876102853,541.0,421.0,2.58
8489,1776876102864,546.0,430.0,2.58
8490,1776876102875,542.0,454.0,2.58
8491,1776876102886,543.0,505.0,2.58
8492,1776876102897,546.0,449.0,2.58
8493,1776876102908,544.0,617.0,2.58
8494,1776876102919,539.0,701.0,2.58
8495,1776876102930,541.0,571.0,2.58
8496,1776876102941,542.0,759.0,2.58
8497,1776876102952,541.0,799.0,2.58
8498,1776876102963,545.0,748.0,2.58
8499,1776876102974,544.0,750.0,2.58
8500,1776876102985,542.0,775.0,2.58
8501,1776876102996,542.0,779.0,2.58
8502,1776876103007,546.0,747.0,2.58
8503,1776876103018,543.0,720.0,2.58
8504,1776876103029,542.0,739.0,2.58
8505,1776876103040,539.0,695.0,2.58
8506,1776876103051,542.0,685.0,2.58
8507,1776876103062,544.0,683.0,2.58
8508,1776876103073,540.0,675.0,2.58
8509,1776876103084,544.0,672.0,2.58
8510,1776876103095,541.0,664.0,2.58
8511,1776876103106,546.0,656.0,2.58
8512,1776876103117,542.0,650.0,2.58
8513,1776876103128,543.0,653.0,2.58
8514,1776876103139,545.0,628.0,2.58
8515,1776876103151,542.0,618.0,2.58
8516,1776876103161,543.0,620.0,2.58
8517,1776876103172,547.0,592.0,2.58
8518,1776876103183,542.0,590.0,2.58
8519,1776876103194,543.0,593.0,2.58
8520,1776876103205,549.0,586.0,2.58
8521,1776876103216,540.0,585.0,2.58
8522,1776876103227,548.0,584.0,2.58
8523,1776876103238,544.0,585.0,2.58
8524,1776876103249,542.0,580.0,2.58
8525,1776876103261,543.0,573.0,2.58
8526,1776876103271,539.0,566.0,2.58
8527,1776876103282,543.0,571.0,2.58
8528,1776876103293,541.0,549.0,2.58
8529,1776876103304,541.0,541.0,2.58
8530,1776876103315,545.0,537.0,2.58
8531,1776876103326,543.0,527.0,2.58
8532,1776876103337,544.0,525.0,2.58
8533,1776876103348,541.0,532.0,2.58
8534,1776876103359,545.0,505.0,2.58
8535,1776876103370,537.0,508.0,2.58
8536,1776876103381,540.0,501.0,2.58
8537,1776876103392,542.0,495.0,2.58
8538,1776876103403,550.0,503.0,2.58
8539,1776876103414,543.0,495.0,2.58
8540,1776876103425,543.0,490.0,2.58
8541,1776876103436,544.0,491.0,2.58
8542,1776876103447,546.0,495.0,2.58
8543,1776876103458,583.0,487.0,2.58
8544,1776876103469,588.0,485.0,2.58
8545,1776876103480,461.0,494.0,2.58
8546,1776876103491,343.0,478.0,2.58
8547,1776876103502,416.0,485.0,2.58
8548,1776876103513,512.0,475.0,2.58
8549,1776876103524,606.0,474.0,2.58
8550,1776876103535,615.0,476.0,2.58
8551,1776876103546,620.0,481.0,2.58
8552,1776876103557,596.0,469.0,2.58
8553,1776876103568,585.0,475.0,2.58
8554,1776876103580,572.0,468.0,2.58
8555,1776876103590,570.0,463.0,2.58
8556,1776876103601,562.0,473.0,2.58
8557,1776876103612,552.0,477.0,2.58
8558,1776876103623,555.0,453.0,2.58
8559,1776876103634,550.0,467.0,2.58
8560,1776876103645,544.0,452.0,2.58
8561,1776876103656,549.0,449.0,2.58
8562,1776876103667,551.0,460.0,2.58
8563,1776876103678,554.0,448.0,2.58
8564,1776876103689,553.0,444.0,2.58
8565,1776876103700,553.0,460.0,2.58
8566,1776876103711,555.0,442.0,2.58
8567,1776876103722,547.0,440.0,2.58
8568,1776876103733,536.0,457.0,2.58
8569,1776876103744,535.0,439.0,2.58
8570,1776876103755,528.0,436.0,2.58
8571,1776876103766,522.0,446.0,2.58
8572,1776876103777,526.0,440.0,2.58
8573,1776876103788,526.0,441.0,2.58
8574,1776876103799,531.0,440.0,2.58
8575,1776876103810,533.0,442.0,2.58
8576,1776876103821,535.0,443.0,2.58
8577,1776876103832,539.0,439.0,2.58
8578,1776876103843,544.0,436.0,2.58
8579,1776876103854,542.0,442.0,2.58
8580,1776876103865,542.0,449.0,2.58
8581,1776876103876,545.0,426.0,2.58
8582,1776876103887,543.0,437.0,2.58
8583,1776876103899,544.0,444.0,2.58
8584,1776876103909,538.0,462.0,2.58
8585,1776876103920,544.0,445.0,2.58
8586,1776876103931,543.0,560.0,2.58
8587,1776876103942,546.0,616.0,2.58
8588,1776876103953,543.0,633.0,2.58
8589,1776876103964,549.0,707.0,2.58
8590,1776876103975,546.0,784.0,2.58
8591,1776876103986,537.0,748.0,2.58
8592,1776876103997,540.0,731.0,2.58
8593,1776876104008,537.0,757.0,2.58
8594,1776876104019,541.0,786.0,2.58
8595,1776876104030,539.0,770.0,2.58
8596,1776876104041,539.0,750.0,2.58
8597,1776876104051,546.0,749.0,2.58
8598,1776876104063,546.0,708.0,2.58
8599,1776876104074,542.0,696.0,2.58
8600,1776876104085,542.0,680.0,2.58
8601,1776876104096,542.0,675.0,2.58
8602,1776876104107,544.0,668.0,2.58
8603,1776876104118,542.0,665.0,2.58
8604,1776876104129,542.0,662.0,2.58
8605,1776876104140,541.0,660.0,2.58
8606,1776876104150,545.0,634.0,2.58
8607,1776876104162,541.0,624.0,2.58
8608,1776876104173,545.0,629.0,2.58
8609,1776876104184,545.0,629.0,2.58
8610,1776876104194,541.0,595.0,2.58
8611,1776876104206,542.0,601.0,2.58
8612,1776876104218,547.0,594.0,2.58
8613,1776876104227,544.0,596.0,2.58
8614,1776876104238,543.0,590.0,2.58
8615,1776876104249,544.0,590.0,2.58
8616,1776876104260,542.0,596.0,2.58
8617,1776876104271,545.0,591.0,2.58
8618,1776876104282,546.0,584.0,2.58
8619,1776876104293,544.0,581.0,2.58
8620,1776876104305,542.0,587.0,2.58
8621,1776876104315,570.0,563.0,2.58
8622,1776876104326,595.0,550.0,2.58
8623,1776876104337,560.0,553.0,2.58
8624,1776876104348,384.0,540.0,2.58
8625,1776876104359,386.0,537.0,2.58
8626,1776876104370,464.0,545.0,2.58
8627,1776876104381,530.0,523.0,2.58
8628,1776876104392,610.0,520.0,2.58
8629,1776876104403,613.0,516.0,2.58
8630,1776876104414,608.0,510.0,2.58
8631,1776876104425,588.0,513.0,2.58
8632,1776876104436,576.0,512.0,2.58
8633,1776876104447,563.0,502.0,2.58
8634,1776876104458,561.0,500.0,2.58
8635,1776876104469,554.0,503.0,2.58
8636,1776876104480,553.0,495.0,2.58
8637,1776876104491,551.0,491.0,2.58
8638,1776876104502,551.0,503.0,2.58
8639,1776876104513,548.0,494.0,2.58
8640,1776876104524,549.0,497.0,2.58
8641,1776876104536,551.0,491.0,2.58
8642,1776876104546,547.0,484.0,2.58
8643,1776876104557,551.0,492.0,2.58
8644,1776876104568,553.0,489.0,2.58
8645,1776876104579,551.0,482.0,2.58
8646,1776876104590,547.0,490.0,2.58
8647,1776876104601,537.0,478.0,2.58
8648,1776876104612,532.0,479.0,2.58
8649,1776876104623,526.0,484.0,2.58
8650,1776876104634,524.0,485.0,2.58
8651,1776876104645,531.0,474.0,2.58
8652,1776876104656,532.0,481.0,2.58
8653,1776876104667,533.0,464.0,2.58
8654,1776876104678,536.0,459.0,2.58
8655,1776876104689,541.0,476.0,2.58
8656,1776876104700,542.0,457.0,2.58
8657,1776876104711,539.0,455.0,2.58
8658,1776876104722,541.0,466.0,2.58
8659,1776876104733,544.0,453.0,2.58
8660,1776876104744,544.0,452.0,2.58
8661,1776876104755,547.0,467.0,2.58
8662,1776876104766,543.0,461.0,2.58
8663,1776876104777,540.0,474.0,2.58
8664,1776876104788,538.0,461.0,2.58
8665,1776876104799,544.0,564.0,2.58
8666,1776876104810,544.0,623.0,2.58
8667,1776876104821,541.0,513.0,2.58
8668,1776876104832,545.0,748.0,2.58
8669,1776876104843,541.0,668.0,2.58
8670,1776876104854,540.0,811.0,2.58
8671,1776876104865,543.0,806.0,2.58
8672,1776876104876,544.0,775.0,2.58
8673,1776876104887,540.0,784.0,2.58
8674,1776876104898,539.0,752.0,2.58
8675,1776876104909,542.0,752.0,2.58
8676,1776876104920,545.0,709.0,2.58
8677,1776876104931,547.0,694.0,2.58
8678,1776876104942,543.0,712.0,2.58
8679,1776876104953,543.0,679.0,2.58
8680,1776876104964,543.0,677.0,2.58
8681,1776876104975,545.0,670.0,2.58
8682,1776876104986,540.0,669.0,2.58
8683,1776876104998,541.0,656.0,2.58
8684,1776876105008,544.0,656.0,2.58
8685,1776876105019,546.0,632.0,2.58
8686,1776876105030,540.0,613.0,2.58
8687,1776876105041,545.0,629.0,2.58
8688,1776876105052,544.0,599.0,2.58
8689,1776876105063,547.0,594.0,2.58
8690,1776876105074,543.0,592.0,2.58
8691,1776876105085,538.0,591.0,2.58
8692,1776876105096,542.0,594.0,2.58
8693,1776876105107,544.0,594.0,2.58
8694,1776876105118,588.0,595.0,2.58
8695,1776876105129,594.0,591.0,2.58
8696,1776876105140,499.0,589.0,2.58
8697,1776876105151,349.0,581.0,2.58
8698,1776876105163,393.0,582.0,2.58
8699,1776876105173,502.0,580.0,2.58
8700,1776876105184,574.0,555.0,2.58
8701,1776876105195,617.0,564.0,2.58
8702,1776876105206,619.0,536.0,2.58
8703,1776876105217,608.0,532.0,2.58
8704,1776876105228,593.0,540.0,2.58
8705,1776876105239,580.0,529.0,2.58
8706,1776876105250,571.0,521.0,2.58
8707,1776876105261,561.0,526.0,2.58
8708,1776876105272,556.0,525.0,2.58
8709,1776876105283,555.0,503.0,2.58
8710,1776876105294,551.0,515.0,2.58
8711,1776876105305,550.0,502.0,2.58
8712,1776876105316,549.0,495.0,2.58
8713,1776876105327,551.0,502.0,2.58
8714,1776876105338,554.0,492.0,2.58
8715,1776876105349,560.0,492.0,2.58
8716,1776876105360,557.0,501.0,2.58
8717,1776876105371,552.0,487.0,2.58
8718,1776876105382,551.0,486.0,2.58
8719,1776876105393,542.0,495.0,2.58
8720,1776876105404,531.0,486.0,2.58
8721,1776876105415,524.0,484.0,2.58
8722,1776876105426,523.0,492.0,2.58
8723,1776876105437,527.0,483.0,2.58
8724,1776876105448,534.0,477.0,2.58
8725,1776876105459,529.0,482.0,2.58
8726,1776876105470,533.0,472.0,2.58
8727,1776876105482,534.0,470.0,2.58
8728,1776876105492,540.0,480.0,2.58
8729,1776876105503,540.0,464.0,2.58
8730,1776876105514,540.0,459.0,2.58
8731,1776876105525,540.0,476.0,2.58
8732,1776876105536,546.0,453.0,2.58
8733,1776876105547,542.0,451.0,2.58
8734,1776876105558,544.0,463.0,2.58
8735,1776876105569,546.0,472.0,2.58
8736,1776876105580,547.0,497.0,2.58
8737,1776876105591,542.0,576.0,2.58
8738,1776876105602,543.0,665.0,2.58
8739,1776876105613,543.0,597.0,2.58
8740,1776876105624,538.0,784.0,2.58
8741,1776876105635,544.0,813.0,2.58
8742,1776876105646,544.0,713.0,2.58
8743,1776876105657,541.0,816.0,2.58
8744,1776876105668,543.0,819.0,2.58
8745,1776876105679,541.0,801.0,2.58
8746,1776876105690,545.0,773.0,2.58
8747,1776876105701,541.0,761.0,2.58
8748,1776876105712,541.0,738.0,2.58
8749,1776876105723,545.0,723.0,2.58
8750,1776876105734,540.0,718.0,2.58
8751,1776876105745,543.0,712.0,2.58
8752,1776876105756,546.0,711.0,2.58
8753,1776876105767,545.0,698.0,2.58
8754,1776876105778,543.0,694.0,2.58
8755,1776876105789,542.0,694.0,2.58
8756,1776876105801,548.0,687.0,2.58
8757,1776876105811,543.0,666.0,2.58
8758,1776876105822,544.0,643.0,2.58
8759,1776876105833,543.0,660.0,2.58
8760,1776876105844,544.0,619.0,2.58
8761,1776876105855,544.0,610.0,2.58
8762,1776876105866,542.0,618.0,2.58
8763,1776876105877,540.0,598.0,2.58
8764,1776876105888,544.0,598.0,2.58
8765,1776876105899,540.0,595.0,2.58
8766,1776876105910,546.0,594.0,2.58
8767,1776876105921,544.0,599.0,2.58
8768,1776876105932,542.0,592.0,2.58
8769,1776876105943,543.0,594.0,2.58
8770,1776876105954,547.0,584.0,2.58
8771,1776876105965,585.0,590.0,2.58
8772,1776876105976,597.0,591.0,2.58
8773,1776876105987,546.0,555.0,2.58
8774,1776876105998,335.0,571.0,2.58
8775,1776876106009,362.0,535.0,2.58
8776,1776876106020,494.0,527.0,2.58
8777,1776876106031,573.0,544.0,2.58
8778,1776876106042,628.0,529.0,2.58
8779,1776876106053,632.0,515.0,2.58
8780,1776876106063,609.0,524.0,2.58
8781,1776876106075,595.0,507.0,2.58
8782,1776876106086,576.0,501.0,2.58
8783,1776876106097,572.0,509.0,2.58
8784,1776876106108,561.0,494.0,2.58
8785,1776876106119,557.0,484.0,2.58
8786,1776876106130,556.0,495.0,2.58
8787,1776876106141,550.0,484.0,2.58
8788,1776876106152,550.0,481.0,2.58
8789,1776876106163,553.0,486.0,2.58
8790,1776876106174,551.0,481.0,2.58
8791,1776876106185,560.0,480.0,2.58
8792,1776876106196,556.0,480.0,2.58
8793,1776876106207,560.0,474.0,2.58
8794,1776876106218,558.0,476.0,2.58
8795,1776876106229,550.0,470.0,2.58
8796,1776876106239,538.0,468.0,2.58
8797,1776876106250,530.0,475.0,2.58
8798,1776876106261,526.0,467.0,2.58
8799,1776876106272,512.0,466.0,2.58
8800,1776876106283,521.0,478.0,2.58
8801,1776876106294,521.0,477.0,2.58
8802,1776876106306,527.0,452.0,2.58
8803,1776876106316,530.0,471.0,2.58
8804,1776876106327,536.0,444.0,2.58
8805,1776876106338,535.0,447.0,2.58
8806,1776876106349,535.0,459.0,2.58
8807,1776876106360,541.0,439.0,2.58
8808,1776876106371,541.0,455.0,2.58
8809,1776876106382,539.0,434.0,2.58
8810,1776876106393,542.0,440.0,2.58
8811,1776876106404,547.0,439.0,2.58
8812,1776876106415,547.0,445.0,2.58
8813,1776876106426,542.0,563.0,2.58
8814,1776876106437,542.0,552.0,2.58
8815,1776876106449,536.0,684.0,2.58
8816,1776876106459,541.0,765.0,2.58
8817,1776876106470,546.0,705.0,2.58
8818,1776876106481,541.0,820.0,2.58
8819,1776876106492,540.0,841.0,2.58
8820,1776876106503,540.0,799.0,2.58
8821,1776876106514,544.0,802.0,2.58
8822,1776876106525,542.0,795.0,2.58
8823,1776876106536,543.0,795.0,2.58
8824,1776876106547,545.0,764.0,2.58
8825,1776876106558,541.0,748.0,2.58
8826,1776876106569,538.0,746.0,2.58
8827,1776876106580,542.0,749.0,2.58
8828,1776876106591,542.0,746.0,2.58
8829,1776876106602,542.0,721.0,2.58
8830,1776876106613,544.0,746.0,2.58
8831,1776876106624,542.0,745.0,2.58
8832,1776876106635,538.0,725.0,2.58
8833,1776876106646,541.0,718.0,2.58
8834,1776876106657,541.0,697.0,2.58
8835,1776876106668,546.0,715.0,2.58
8836,1776876106679,546.0,662.0,2.58
8837,1776876106690,542.0,635.0,2.58
8838,1776876106701,540.0,646.0,2.58
8839,1776876106712,540.0,615.0,2.58
8840,1776876106723,544.0,611.0,2.58
8841,1776876106734,546.0,611.0,2.58
8842,1776876106745,546.0,609.0,2.58
8843,1776876106756,542.0,607.0,2.58
8844,1776876106768,542.0,607.0,2.58
8845,1776876106778,543.0,604.0,2.58
8846,1776876106789,544.0,596.0,2.58
8847,1776876106800,542.0,601.0,2.58
8848,1776876106811,542.0,581.0,2.58
8849,1776876106822,539.0,581.0,2.58
8850,1776876106833,544.0,563.0,2.58
8851,1776876106844,543.0,556.0,2.58
8852,1776876106855,545.0,560.0,2.58
8853,1776876106866,544.0,540.0,2.58
8854,1776876106877,547.0,536.0,2.58
8855,1776876106888,541.0,545.0,2.58
8856,1776876106899,539.0,528.0,2.58
8857,1776876106910,544.0,516.0,2.58
8858,1776876106921,545.0,527.0,2.58
8859,1776876106932,548.0,512.0,2.58
8860,1776876106943,543.0,507.0,2.58
8861,1776876106954,546.0,515.0,2.58
8862,1776876106965,543.0,498.0,2.58
8863,1776876106976,540.0,499.0,2.58
8864,1776876106987,550.0,504.0,2.58
8865,1776876106998,543.0,488.0,2.58
8866,1776876107009,548.0,483.0,2.58
8867,1776876107020,544.0,492.0,2.58
8868,1776876107031,548.0,479.0,2.58
8869,1776876107042,540.0,476.0,2.58
8870,1776876107053,526.0,486.0,2.58
8871,1776876107064,544.0,487.0,2.58
8872,1776876107075,545.0,470.0,2.58
8873,1776876107087,546.0,483.0,2.58
8874,1776876107097,544.0,467.0,2.58
8875,1776876107108,537.0,466.0,2.58
8876,1776876107119,542.0,459.0,2.58
8877,1776876107130,542.0,456.0,2.58
8878,1776876107141,541.0,470.0,2.58
8879,1776876107152,542.0,446.0,2.58
8880,1776876107163,542.0,447.0,2.58
8881,1776876107174,543.0,461.0,2.58
8882,1776876107185,541.0,451.0,2.58
8883,1776876107196,541.0,439.0,2.58
8884,1776876107207,553.0,452.0,2.58
8885,1776876107218,583.0,435.0,2.58
8886,1776876107229,588.0,432.0,2.58
8887,1776876107240,464.0,451.0,2.58
8888,1776876107251,336.0,427.0,2.58
8889,1776876107262,383.0,429.0,2.58
8890,1776876107273,509.0,439.0,2.58
8891,1776876107284,612.0,423.0,2.58
8892,1776876107295,625.0,422.0,2.58
8893,1776876107306,633.0,426.0,2.58
8894,1776876107317,598.0,423.0,2.58
8895,1776876107328,595.0,420.0,2.58
8896,1776876107339,580.0,421.0,2.58
8897,1776876107350,569.0,420.0,2.58
8898,1776876107361,558.0,426.0,2.58
8899,1776876107372,557.0,420.0,2.58
8900,1776876107383,555.0,417.0,2.58
8901,1776876107394,559.0,428.0,2.58
8902,1776876107406,555.0,414.0,2.58
8903,1776876107416,553.0,414.0,2.58
8904,1776876107427,552.0,412.0,2.58
8905,1776876107438,557.0,417.0,2.58
8906,1776876107449,557.0,412.0,2.58
8907,1776876107460,560.0,414.0,2.58
8908,1776876107471,565.0,414.0,2.58
8909,1776876107482,552.0,407.0,2.58
8910,1776876107493,541.0,412.0,2.58
8911,1776876107504,534.0,409.0,2.58
8912,1776876107515,525.0,404.0,2.58
8913,1776876107526,515.0,413.0,2.58
8914,1776876107537,517.0,406.0,2.58
8915,1776876107548,519.0,408.0,2.58
8916,1776876107559,524.0,415.0,2.58
8917,1776876107570,527.0,422.0,2.58
8918,1776876107581,526.0,401.0,2.58
8919,1776876107592,531.0,414.0,2.58
8920,1776876107603,538.0,419.0,2.58
8921,1776876107614,538.0,395.0,2.58
8922,1776876107625,539.0,414.0,2.58
8923,1776876107636,543.0,415.0,2.58
8924,1776876107647,543.0,419.0,2.58
8925,1776876107658,545.0,410.0,2.58
8926,1776876107669,542.0,512.0,2.58
8927,1776876107680,545.0,602.0,2.58
8928,1776876107691,541.0,468.0,2.58
8929,1776876107702,548.0,758.0,2.58
8930,1776876107713,537.0,816.0,2.58
8931,1776876107724,544.0,661.0,2.58
8932,1776876107735,542.0,870.0,2.58
8933,1776876107746,543.0,869.0,2.58
8934,1776876107757,540.0,822.0,2.58
8935,1776876107768,540.0,834.0,2.58
8936,1776876107779,542.0,816.0,2.58
8937,1776876107790,546.0,802.0,2.58
8938,1776876107801,543.0,764.0,2.58
8939,1776876107812,545.0,754.0,2.58
8940,1776876107823,546.0,747.0,2.58
8941,1776876107834,545.0,743.0,2.58
8942,1776876107845,546.0,736.0,2.58
8943,1776876107856,540.0,744.0,2.58
8944,1776876107867,542.0,744.0,2.58
8945,1776876107878,544.0,738.0,2.58
8946,1776876107889,541.0,725.0,2.58
8947,1776876107900,545.0,706.0,2.58
8948,1776876107911,541.0,692.0,2.58
8949,1776876107922,546.0,666.0,2.58
8950,1776876107933,546.0,654.0,2.58
8951,1776876107944,542.0,678.0,2.58
8952,1776876107955,540.0,637.0,2.58
8953,1776876107966,542.0,622.0,2.58
8954,1776876107977,541.0,631.0,2.58
8955,1776876107988,546.0,618.0,2.58
8956,1776876107999,544.0,617.0,2.58
8957,1776876108010,543.0,614.0,2.58
8958,1776876108021,541.0,608.0,2.58
8959,1776876108032,543.0,605.0,2.58
8960,1776876108043,545.0,595.0,2.58
8961,1776876108054,542.0,585.0,2.58
8962,1776876108065,541.0,585.0,2.58
8963,1776876108076,547.0,569.0,2.58
8964,1776876108087,544.0,558.0,2.58
8965,1776876108098,541.0,565.0,2.58
8966,1776876108109,541.0,550.0,2.58
8967,1776876108120,545.0,544.0,2.58
8968,1776876108131,547.0,544.0,2.58
8969,1776876108142,545.0,528.0,2.58
8970,1776876108153,545.0,523.0,2.58
8971,1776876108164,545.0,534.0,2.58
8972,1776876108175,544.0,516.0,2.58
8973,1776876108186,546.0,510.0,2.58
8974,1776876108197,548.0,515.0,2.58
8975,1776876108208,544.0,504.0,2.58
8976,1776876108219,544.0,494.0,2.58
8977,1776876108230,547.0,509.0,2.58
8978,1776876108241,540.0,491.0,2.58
8979,1776876108252,544.0,487.0,2.58
8980,1776876108263,541.0,500.0,2.58
8981,1776876108274,540.0,484.0,2.58
8982,1776876108285,541.0,481.0,2.58
8983,1776876108296,544.0,491.0,2.58
8984,1776876108307,547.0,478.0,2.58
8985,1776876108318,581.0,470.0,2.58
8986,1776876108329,583.0,487.0,2.58
8987,1776876108339,489.0,474.0,2.58
8988,1776876108351,347.0,465.0,2.58
8989,1776876108361,394.0,469.0,2.58
8990,1776876108372,504.0,462.0,2.58
8991,1776876108384,596.0,460.0,2.58
8992,1776876108394,622.0,462.0,2.58
8993,1776876108405,623.0,456.0,2.58
8994,1776876108417,595.0,450.0,2.58
8995,1776876108428,590.0,469.0,2.58
8996,1776876108438,572.0,446.0,2.58
8997,1776876108449,570.0,441.0,2.58
8998,1776876108460,562.0,456.0,2.58
8999,1776876108471,555.0,432.0,2.58
9000,1776876108482,555.0,434.0,2.58
9001,1776876108493,551.0,446.0,2.58
9002,1776876108504,553.0,430.0,2.58
9003,1776876108515,546.0,428.0,2.58
9004,1776876108526,554.0,446.0,2.58
9005,1776876108537,555.0,426.0,2.58
9006,1776876108548,557.0,424.0,2.58
9007,1776876108559,557.0,427.0,2.58
9008,1776876108570,556.0,421.0,2.58
9009,1776876108581,553.0,426.0,2.58
9010,1776876108592,543.0,421.0,2.58
9011,1776876108603,529.0,420.0,2.58
9012,1776876108614,529.0,426.0,2.58
9013,1776876108625,521.0,420.0,2.58
9014,1776876108636,517.0,419.0,2.58
9015,1776876108647,526.0,417.0,2.58
9016,1776876108658,527.0,417.0,2.58
9017,1776876108670,532.0,421.0,2.58
9018,1776876108680,532.0,416.0,2.58
9019,1776876108691,539.0,415.0,2.58
9020,1776876108702,537.0,420.0,2.58
9021,1776876108713,538.0,429.0,2.58
9022,1776876108724,541.0,404.0,2.58
9023,1776876108735,543.0,418.0,2.58
9024,1776876108746,546.0,412.0,2.58
9025,1776876108757,544.0,442.0,2.58
9026,1776876108768,543.0,423.0,2.58
9027,1776876108779,546.0,540.0,2.58
9028,1776876108790,541.0,636.0,2.58
9029,1776876108801,541.0,512.0,2.58
9030,1776876108812,540.0,742.0,2.58
9031,1776876108823,544.0,805.0,2.58
9032,1776876108834,542.0,696.0,2.58
9033,1776876108845,541.0,741.0,2.58
9034,1776876108856,539.0,811.0,2.58
9035,1776876108867,546.0,798.0,2.58
9036,1776876108878,544.0,784.0,2.58
9037,1776876108889,543.0,766.0,2.58
9038,1776876108900,541.0,777.0,2.58
9039,1776876108911,543.0,727.0,2.58
9040,1776876108922,541.0,718.0,2.58
9041,1776876108933,541.0,726.0,2.58
9042,1776876108944,545.0,706.0,2.58
9043,1776876108955,542.0,700.0,2.58
9044,1776876108966,542.0,690.0,2.58
9045,1776876108977,540.0,702.0,2.58
9046,1776876108989,547.0,691.0,2.58
9047,1776876108999,542.0,678.0,2.58
9048,1776876109010,544.0,668.0,2.58
9049,1776876109021,541.0,655.0,2.58
9050,1776876109032,546.0,669.0,2.58
9051,1776876109043,544.0,626.0,2.58
9052,1776876109054,542.0,611.0,2.58
9053,1776876109065,549.0,617.0,2.58
9054,1776876109076,542.0,595.0,2.58
9055,1776876109087,545.0,596.0,2.58
9056,1776876109098,546.0,594.0,2.58
9057,1776876109109,547.0,591.0,2.58
9058,1776876109120,541.0,586.0,2.58
9059,1776876109131,540.0,587.0,2.58
9060,1776876109142,547.0,584.0,2.58
9061,1776876109153,543.0,580.0,2.58
9062,1776876109164,548.0,569.0,2.58
9063,1776876109175,541.0,559.0,2.58
9064,1776876109186,546.0,564.0,2.58
9065,1776876109197,543.0,539.0,2.58
9066,1776876109208,543.0,533.0,2.58
9067,1776876109219,544.0,543.0,2.58
9068,1776876109230,549.0,518.0,2.58
9069,1776876109241,544.0,511.0,2.58
9070,1776876109252,545.0,519.0,2.58
9071,1776876109263,544.0,505.0,2.58
9072,1776876109274,535.0,503.0,2.58
9073,1776876109285,545.0,510.0,2.58
9074,1776876109296,547.0,496.0,2.58
9075,1776876109307,544.0,490.0,2.58
9076,1776876109318,541.0,500.0,2.58
9077,1776876109329,542.0,482.0,2.58
9078,1776876109340,542.0,477.0,2.58
9079,1776876109351,545.0,493.0,2.58
9080,1776876109362,575.0,467.0,2.58
9081,1776876109373,590.0,472.0,2.58
9082,1776876109384,512.0,484.0,2.58
9083,1776876109395,370.0,468.0,2.58
9084,1776876109406,388.0,478.0,2.58
9085,1776876109417,493.0,462.0,2.58
9086,1776876109428,579.0,460.0,2.58
9087,1776876109439,621.0,471.0,2.58
9088,1776876109450,627.0,471.0,2.58
9089,1776876109461,600.0,454.0,2.58
9090,1776876109472,592.0,466.0,2.58
9091,1776876109483,575.0,448.0,2.58
9092,1776876109494,572.0,447.0,2.58
9093,1776876109505,562.0,456.0,2.58
9094,1776876109516,563.0,441.0,2.58
9095,1776876109527,556.0,439.0,2.58
9096,1776876109538,549.0,457.0,2.58
9097,1776876109549,542.0,434.0,2.58
9098,1776876109560,548.0,431.0,2.58
9099,1776876109571,549.0,450.0,2.58
9100,1776876109582,548.0,426.0,2.58
9101,1776876109593,555.0,426.0,2.58
9102,1776876109604,556.0,443.0,2.58
9103,1776876109615,554.0,422.0,2.58
9104,1776876109626,556.0,417.0,2.58
9105,1776876109637,546.0,431.0,2.58
9106,1776876109648,534.0,416.0,2.58
9107,1776876109659,530.0,420.0,2.58
9108,1776876109670,523.0,428.0,2.58
9109,1776876109681,520.0,422.0,2.58
9110,1776876109692,520.0,424.0,2.58
9111,1776876109703,526.0,427.0,2.58
9112,1776876109714,530.0,420.0,2.58
9113,1776876109725,531.0,421.0,2.58
9114,1776876109736,539.0,416.0,2.58
9115,1776876109747,538.0,410.0,2.58
9116,1776876109758,536.0,423.0,2.58
9117,1776876109769,542.0,407.0,2.58
9118,1776876109780,546.0,405.0,2.58
9119,1776876109791,545.0,417.0,2.58
9120,1776876109802,541.0,428.0,2.58
9121,1776876109813,544.0,458.0,2.58
9122,1776876109824,541.0,437.0,2.58
9123,1776876109835,543.0,576.0,2.58
9124,1776876109846,535.0,655.0,2.58
9125,1776876109857,544.0,542.0,2.58
9126,1776876109868,544.0,756.0,2.58
9127,1776876109879,541.0,800.0,2.58
9128,1776876109890,541.0,709.0,2.58
9129,1776876109901,540.0,739.0,2.58
9130,1776876109912,540.0,793.0,2.58
9131,1776876109923,543.0,784.0,2.58
9132,1776876109934,544.0,772.0,2.58
9133,1776876109945,546.0,750.0,2.58
9134,1776876109956,542.0,753.0,2.58
9135,1776876109967,544.0,714.0,2.58
9136,1776876109978,538.0,695.0,2.58
9137,1776876109989,539.0,700.0,2.58
9138,1776876110000,540.0,678.0,2.58
9139,1776876110011,540.0,678.0,2.58
9140,1776876110022,541.0,670.0,2.58
9141,1776876110033,543.0,671.0,2.58
9142,1776876110044,541.0,662.0,2.58
9143,1776876110055,545.0,660.0,2.58
9144,1776876110066,546.0,637.0,2.58
9145,1776876110077,543.0,622.0,2.58
9146,1776876110088,545.0,639.0,2.58
9147,1776876110099,546.0,601.0,2.58
9148,1776876110110,539.0,595.0,2.58
9149,1776876110121,547.0,598.0,2.58
9150,1776876110132,543.0,586.0,2.58
9151,1776876110143,546.0,582.0,2.58
9152,1776876110154,546.0,579.0,2.58
9153,1776876110165,544.0,575.0,2.58
9154,1776876110176,543.0,577.0,2.58
9155,1776876110187,545.0,568.0,2.58
9156,1776876110198,542.0,563.0,2.58
9157,1776876110208,543.0,567.0,2.58
9158,1776876110220,543.0,544.0,2.58
9159,1776876110231,544.0,538.0,2.58
9160,1776876110241,544.0,542.0,2.58
9161,1776876110253,543.0,515.0,2.58
9162,1776876110264,546.0,511.0,2.58
9163,1776876110274,545.0,510.0,2.58
9164,1776876110285,540.0,498.0,2.58
9165,1776876110297,544.0,498.0,2.58
9166,1776876110307,546.0,494.0,2.58
9167,1776876110318,544.0,487.0,2.58
9168,1776876110329,541.0,492.0,2.58
9169,1776876110340,542.0,483.0,2.58
9170,1776876110351,546.0,477.0,2.58
9171,1776876110362,543.0,485.0,2.58
9172,1776876110373,541.0,489.0,2.58
9173,1776876110384,552.0,468.0,2.58
9174,1776876110395,581.0,479.0,2.58
9175,1776876110406,591.0,465.0,2.58
9176,1776876110417,516.0,463.0,2.58
9177,1776876110429,349.0,462.0,2.58
9178,1776876110439,392.0,460.0,2.58
9179,1776876110450,483.0,457.0,2.58
9180,1776876110461,560.0,462.0,2.58
9181,1776876110472,621.0,460.0,2.58
9182,1776876110483,616.0,452.0,2.58
9183,1776876110494,608.0,460.0,2.58
9184,1776876110505,585.0,452.0,2.58
9185,1776876110516,570.0,448.0,2.58
9186,1776876110527,569.0,459.0,2.58
9187,1776876110538,558.0,439.0,2.58
9188,1776876110549,558.0,436.0,2.58
9189,1776876110560,554.0,451.0,2.58
9190,1776876110571,552.0,431.0,2.58
9191,1776876110582,551.0,433.0,2.58
9192,1776876110593,551.0,445.0,2.58
9193,1776876110604,549.0,427.0,2.58
9194,1776876110615,557.0,424.0,2.58
9195,1776876110626,559.0,445.0,2.58
9196,1776876110637,558.0,428.0,2.58
9197,1776876110648,553.0,425.0,2.58
9198,1776876110659,553.0,437.0,2.58
9199,1776876110670,542.0,422.0,2.58
9200,1776876110681,533.0,412.0,2.58
9201,1776876110692,526.0,436.0,2.58
9202,1776876110703,525.0,420.0,2.58
9203,1776876110714,523.0,421.0,2.58
9204,1776876110725,522.0,427.0,2.58
9205,1776876110736,530.0,422.0,2.58
9206,1776876110747,533.0,418.0,2.58
9207,1776876110758,533.0,429.0,2.58
9208,1776876110769,539.0,418.0,2.58
9209,1776876110780,538.0,418.0,2.58
9210,1776876110791,538.0,417.0,2.58
9211,1776876110802,542.0,405.0,2.58
9212,1776876110813,543.0,415.0,2.58
9213,1776876110824,544.0,408.0,2.58
9214,1776876110835,542.0,412.0,2.58
9215,1776876110846,542.0,424.0,2.58
9216,1776876110857,547.0,486.0,2.58
9217,1776876110868,542.0,536.0,2.58
9218,1776876110879,539.0,493.0,2.58
9219,1776876110891,543.0,677.0,2.58
9220,1776876110901,541.0,746.0,2.58
9221,1776876110912,540.0,654.0,2.58
9222,1776876110923,540.0,803.0,2.58
9223,1776876110934,542.0,817.0,2.58
9224,1776876110945,545.0,774.0,2.58
9225,1776876110956,543.0,775.0,2.58
9226,1776876110967,544.0,756.0,2.58
9227,1776876110978,543.0,745.0,2.58
9228,1776876110989,545.0,707.0,2.58
9229,1776876111000,540.0,693.0,2.58
9230,1776876111011,541.0,687.0,2.58
9231,1776876111022,546.0,666.0,2.58
9232,1776876111033,550.0,663.0,2.58
9233,1776876111044,540.0,658.0,2.58
9234,1776876111055,547.0,649.0,2.58
9235,1776876111066,548.0,649.0,2.58
9236,1776876111077,543.0,638.0,2.58
9237,1776876111088,544.0,630.0,2.58
9238,1776876111099,538.0,628.0,2.58
9239,1776876111110,542.0,606.0,2.58
9240,1776876111121,548.0,589.0,2.58
9241,1776876111132,550.0,600.0,2.58
9242,1776876111143,543.0,584.0,2.58
9243,1776876111154,542.0,580.0,2.58
9244,1776876111165,541.0,582.0,2.58
9245,1776876111176,544.0,577.0,2.58
9246,1776876111187,540.0,575.0,2.58
9247,1776876111198,545.0,575.0,2.58
9248,1776876111209,542.0,565.0,2.58
9249,1776876111220,544.0,562.0,2.58
9250,1776876111231,547.0,565.0,2.58
9251,1776876111242,545.0,550.0,2.58
9252,1776876111253,546.0,540.0,2.58
9253,1776876111264,543.0,555.0,2.58
9254,1776876111275,546.0,523.0,2.58
9255,1776876111286,547.0,519.0,2.58
9256,1776876111297,545.0,539.0,2.58
9257,1776876111308,543.0,507.0,2.58
9258,1776876111319,542.0,497.0,2.58
9259,1776876111330,539.0,503.0,2.58
9260,1776876111341,546.0,479.0,2.58
9261,1776876111352,542.0,479.0,2.58
9262,1776876111363,542.0,480.0,2.58
9263,1776876111374,543.0,472.0,2.58
9264,1776876111385,541.0,477.0,2.58
9265,1776876111396,540.0,472.0,2.58
9266,1776876111407,554.0,466.0,2.58
9267,1776876111418,589.0,462.0,2.58
9268,1776876111429,576.0,473.0,2.58
9269,1776876111440,445.0,458.0,2.58
9270,1776876111451,365.0,456.0,2.58
9271,1776876111462,423.0,462.0,2.58
9272,1776876111473,516.0,449.0,2.58
9273,1776876111484,611.0,448.0,2.58
9274,1776876111495,612.0,452.0,2.58
9275,1776876111506,617.0,445.0,2.58
9276,1776876111517,589.0,448.0,2.58
9277,1776876111528,580.0,446.0,2.58
9278,1776876111539,569.0,446.0,2.58
9279,1776876111550,567.0,447.0,2.58
9280,1776876111561,558.0,446.0,2.58
9281,1776876111572,553.0,442.0,2.58
9282,1776876111583,555.0,452.0,2.58
9283,1776876111594,549.0,434.0,2.58
9284,1776876111605,551.0,430.0,2.58
9285,1776876111616,552.0,446.0,2.58
9286,1776876111627,550.0,421.0,2.58
9287,1776876111638,559.0,416.0,2.58
9288,1776876111649,555.0,435.0,2.58
9289,1776876111660,562.0,417.0,2.58
9290,1776876111671,551.0,416.0,2.58
9291,1776876111682,544.0,431.0,2.58
9292,1776876111693,539.0,409.0,2.58
9293,1776876111704,533.0,423.0,2.58
9294,1776876111715,527.0,408.0,2.58
9295,1776876111726,524.0,411.0,2.58
9296,1776876111737,525.0,422.0,2.58
9297,1776876111748,524.0,412.0,2.58
9298,1776876111759,530.0,413.0,2.58
9299,1776876111770,534.0,427.0,2.58
9300,1776876111781,536.0,408.0,2.58
9301,1776876111792,537.0,409.0,2.58
9302,1776876111803,538.0,425.0,2.58
9303,1776876111814,544.0,403.0,2.58
9304,1776876111825,542.0,398.0,2.58
9305,1776876111836,540.0,424.0,2.58
9306,1776876111847,542.0,411.0,2.58
9307,1776876111859,544.0,430.0,2.58
9308,1776876111869,544.0,432.0,2.58
9309,1776876111880,545.0,548.0,2.58
9310,1776876111891,540.0,610.0,2.58
9311,1776876111902,542.0,584.0,2.58
9312,1776876111913,537.0,744.0,2.58
9313,1776876111924,537.0,774.0,2.58
9314,1776876111935,544.0,657.0,2.58
9315,1776876111946,542.0,812.0,2.58
9316,1776876111957,541.0,807.0,2.58
9317,1776876111968,547.0,772.0,2.58
9318,1776876111979,539.0,785.0,2.58
9319,1776876111990,542.0,749.0,2.58
9320,1776876112001,540.0,756.0,2.58
9321,1776876112012,541.0,701.0,2.58
9322,1776876112023,541.0,689.0,2.58
9323,1776876112034,544.0,688.0,2.58
9324,1776876112045,545.0,658.0,2.58
9325,1776876112056,545.0,654.0,2.58
9326,1776876112067,543.0,650.0,2.58
9327,1776876112078,543.0,647.0,2.58
9328,1776876112089,545.0,641.0,2.58
9329,1776876112100,543.0,631.0,2.58
9330,1776876112111,545.0,617.0,2.58
9331,1776876112122,544.0,618.0,2.58
9332,1776876112132,541.0,598.0,2.58
9333,1776876112144,544.0,582.0,2.58
9334,1776876112155,547.0,588.0,2.58
9335,1776876112165,545.0,574.0,2.58
9336,1776876112178,544.0,569.0,2.58
9337,1776876112187,540.0,569.0,2.58
9338,1776876112199,540.0,569.0,2.58
9339,1776876112209,546.0,569.0,2.58
9340,1776876112220,542.0,567.0,2.58
9341,1776876112232,544.0,569.0,2.58
9342,1776876112242,541.0,553.0,2.58
9343,1776876112253,545.0,564.0,2.58
9344,1776876112264,541.0,559.0,2.58
9345,1776876112275,541.0,532.0,2.58
9346,1776876112286,545.0,544.0,2.58
9347,1776876112297,545.0,514.0,2.58
9348,1776876112308,546.0,509.0,2.58
9349,1776876112319,546.0,526.0,2.58
9350,1776876112330,543.0,493.0,2.58
9351,1776876112342,543.0,486.0,2.58
9352,1776876112352,540.0,501.0,2.58
9353,1776876112363,539.0,476.0,2.58
9354,1776876112374,539.0,475.0,2.58
9355,1776876112385,542.0,480.0,2.58
9356,1776876112396,546.0,462.0,2.58
9357,1776876112407,542.0,460.0,2.58
9358,1776876112418,537.0,482.0,2.58
9359,1776876112429,561.0,468.0,2.58
9360,1776876112440,593.0,451.0,2.58
9361,1776876112451,574.0,468.0,2.58
9362,1776876112462,430.0,449.0,2.58
9363,1776876112473,383.0,462.0,2.58
9364,1776876112484,473.0,448.0,2.58
9365,1776876112497,528.0,443.0,2.58
9366,1776876112506,612.0,459.0,2.58
9367,1776876112517,616.0,447.0,2.58
9368,1776876112528,606.0,443.0,2.58
9369,1776876112539,592.0,453.0,2.58
9370,1776876112550,585.0,436.0,2.58
9371,1776876112561,566.0,434.0,2.58
9372,1776876112572,564.0,453.0,2.58
9373,1776876112583,558.0,430.0,2.58
9374,1776876112594,562.0,429.0,2.58
9375,1776876112605,551.0,441.0,2.58
9376,1776876112616,550.0,420.0,2.58
9377,1776876112627,547.0,419.0,2.58
9378,1776876112638,548.0,427.0,2.58
9379,1776876112649,555.0,418.0,2.58
9380,1776876112660,553.0,415.0,2.58
9381,1776876112671,556.0,418.0,2.58
9382,1776876112682,551.0,415.0,2.58
9383,1776876112693,556.0,417.0,2.58
9384,1776876112704,547.0,415.0,2.58
9385,1776876112715,539.0,413.0,2.58
9386,1776876112726,530.0,422.0,2.58
9387,1776876112737,521.0,409.0,2.58
9388,1776876112748,523.0,407.0,2.58
9389,1776876112759,522.0,420.0,2.58
9390,1776876112770,527.0,407.0,2.58
9391,1776876112781,527.0,407.0,2.58
9392,1776876112792,537.0,419.0,2.58
9393,1776876112803,538.0,407.0,2.58
9394,1776876112814,532.0,403.0,2.58
9395,1776876112825,539.0,421.0,2.58
9396,1776876112836,540.0,402.0,2.58
9397,1776876112847,541.0,397.0,2.58
9398,1776876112858,544.0,417.0,2.58
9399,1776876112869,543.0,401.0,2.58
9400,1776876112880,543.0,425.0,2.58
9401,1776876112891,544.0,408.0,2.58
9402,1776876112902,547.0,529.0,2.58
9403,1776876112913,544.0,595.0,2.58
9404,1776876112924,541.0,488.0,2.58
9405,1776876112935,543.0,695.0,2.58
9406,1776876112946,545.0,764.0,2.58
9407,1776876112957,543.0,654.0,2.58
9408,1776876112968,534.0,811.0,2.58
9409,1776876112979,536.0,814.0,2.58
9410,1776876112990,540.0,774.0,2.58
9411,1776876113001,543.0,778.0,2.58
9412,1776876113012,542.0,751.0,2.58
9413,1776876113023,543.0,770.0,2.58
9414,1776876113034,542.0,701.0,2.58
9415,1776876113045,542.0,683.0,2.58
9416,1776876113056,545.0,704.0,2.58
9417,1776876113067,543.0,656.0,2.58
9418,1776876113078,547.0,651.0,2.58
9419,1776876113089,541.0,648.0,2.58
9420,1776876113100,547.0,631.0,2.58
9421,1776876113111,543.0,625.0,2.58
9422,1776876113124,546.0,620.0,2.58
9423,1776876113133,543.0,604.0,2.58
9424,1776876113144,545.0,597.0,2.58
9425,1776876113155,541.0,607.0,2.58
9426,1776876113166,547.0,577.0,2.58
9427,1776876113177,546.0,573.0,2.58
9428,1776876113188,542.0,569.0,2.58
9429,1776876113199,545.0,567.0,2.58
9430,1776876113210,544.0,564.0,2.58
9431,1776876113221,544.0,566.0,2.58
9432,1776876113232,541.0,570.0,2.58
9433,1776876113243,540.0,566.0,2.58
9434,1776876113254,547.0,559.0,2.58
9435,1776876113265,549.0,559.0,2.58
9436,1776876113276,541.0,552.0,2.58
9437,1776876113287,543.0,544.0,2.58
9438,1776876113298,542.0,548.0,2.58
9439,1776876113309,547.0,529.0,2.58
9440,1776876113320,581.0,520.0,2.58
9441,1776876113331,593.0,529.0,2.58
9442,1776876113342,548.0,507.0,2.58
9443,1776876113353,362.0,499.0,2.58
9444,1776876113364,408.0,508.0,2.58
9445,1776876113375,479.0,490.0,2.58
9446,1776876113386,553.0,485.0,2.58
9447,1776876113397,609.0,494.0,2.58
9448,1776876113408,608.0,476.0,2.58
9449,1776876113419,611.0,474.0,2.58
9450,1776876113430,586.0,482.0,2.58
9451,1776876113441,574.0,469.0,2.58
9452,1776876113452,565.0,465.0,2.58
9453,1776876113463,562.0,475.0,2.58
9454,1776876113474,557.0,462.0,2.58
9455,1776876113485,554.0,461.0,2.58
9456,1776876113496,551.0,471.0,2.58
9457,1776876113507,545.0,455.0,2.58
9458,1776876113518,549.0,454.0,2.58
9459,1776876113529,551.0,466.0,2.58
9460,1776876113540,551.0,456.0,2.58
9461,1776876113551,551.0,455.0,2.58
9462,1776876113562,550.0,461.0,2.58
9463,1776876113573,554.0,453.0,2.58
9464,1776876113584,547.0,454.0,2.58
9465,1776876113595,541.0,461.0,2.58
9466,1776876113606,532.0,452.0,2.58
9467,1776876113617,531.0,450.0,2.58
9468,1776876113628,531.0,460.0,2.58
9469,1776876113639,530.0,443.0,2.58
9470,1776876113650,528.0,443.0,2.58
9471,1776876113661,533.0,459.0,2.58
9472,1776876113672,535.0,437.0,2.58
9473,1776876113683,541.0,434.0,2.58
9474,1776876113694,538.0,443.0,2.58
9475,1776876113705,538.0,432.0,2.58
9476,1776876113716,539.0,432.0,2.58
9477,1776876113727,540.0,436.0,2.58
9478,1776876113738,546.0,426.0,2.58
9479,1776876113749,541.0,428.0,2.58
9480,1776876113761,547.0,434.0,2.58
9481,1776876113771,544.0,435.0,2.58
9482,1776876113782,544.0,444.0,2.58
9483,1776876113793,543.0,502.0,2.58
9484,1776876113804,543.0,558.0,2.58
9485,1776876113815,540.0,521.0,2.58
9486,1776876113826,542.0,681.0,2.58
9487,1776876113837,540.0,744.0,2.58
9488,1776876113848,544.0,660.0,2.58
9489,1776876113859,543.0,786.0,2.58
9490,1776876113870,545.0,789.0,2.58
9491,1776876113881,542.0,761.0,2.58
9492,1776876113892,547.0,766.0,2.58
9493,1776876113903,542.0,736.0,2.58
9494,1776876113914,544.0,750.0,2.58
9495,1776876113925,546.0,706.0,2.58
9496,1776876113936,540.0,679.0,2.58
9497,1776876113947,541.0,683.0,2.58
9498,1776876113958,544.0,649.0,2.58
9499,1776876113969,544.0,638.0,2.58
9500,1776876113980,545.0,639.0,2.58
9501,1776876113991,545.0,619.0,2.58
9502,1776876114002,541.0,611.0,2.58
9503,1776876114013,537.0,595.0,2.58
9504,1776876114024,542.0,587.0,2.58
9505,1776876114035,540.0,589.0,2.58
9506,1776876114046,541.0,570.0,2.58
9507,1776876114057,540.0,563.0,2.58
9508,1776876114068,542.0,566.0,2.58
9509,1776876114080,540.0,563.0,2.58
9510,1776876114089,557.0,574.0,2.58
9511,1776876114101,595.0,562.0,2.58
9512,1776876114112,579.0,580.0,2.58
9513,1776876114123,471.0,580.0,2.58
9514,1776876114134,365.0,571.0,2.58
9515,1776876114145,448.0,569.0,2.58
9516,1776876114156,514.0,555.0,2.58
9517,1776876114167,590.0,575.0,2.58
9518,1776876114178,614.0,538.0,2.58
9519,1776876114189,616.0,529.0,2.58
9520,1776876114199,594.0,546.0,2.58
9521,1776876114210,589.0,517.0,2.58
9522,1776876114221,572.0,507.0,2.58
9523,1776876114233,562.0,522.0,2.58
9524,1776876114244,562.0,496.0,2.58
9525,1776876114254,550.0,490.0,2.58
9526,1776876114265,553.0,501.0,2.58
9527,1776876114276,552.0,485.0,2.58
9528,1776876114288,549.0,479.0,2.58
9529,1776876114298,553.0,481.0,2.58
9530,1776876114309,553.0,473.0,2.58
9531,1776876114320,554.0,475.0,2.58
9532,1776876114331,558.0,473.0,2.58
9533,1776876114342,555.0,466.0,2.58
9534,1776876114353,554.0,469.0,2.58
9535,1776876114364,546.0,464.0,2.58
9536,1776876114375,538.0,463.0,2.58
9537,1776876114386,530.0,471.0,2.58
9538,1776876114398,525.0,467.0,2.58
9539,1776876114408,522.0,470.0,2.58
9540,1776876114419,523.0,467.0,2.58
9541,1776876114430,526.0,469.0,2.58
9542,1776876114441,530.0,458.0,2.58
9543,1776876114452,532.0,465.0,2.58
9544,1776876114463,535.0,474.0,2.58
9545,1776876114474,537.0,457.0,2.58
9546,1776876114485,540.0,463.0,2.58
9547,1776876114496,541.0,453.0,2.58
9548,1776876114507,543.0,448.0,2.58
9549,1776876114518,542.0,454.0,2.58
9550,1776876114529,544.0,441.0,2.58
9551,1776876114540,544.0,442.0,2.58
9552,1776876114551,551.0,451.0,2.58
9553,1776876114562,544.0,509.0,2.58
9554,1776876114573,541.0,573.0,2.58
9555,1776876114584,542.0,499.0,2.58
9556,1776876114595,544.0,686.0,2.58
9557,1776876114606,540.0,759.0,2.58
9558,1776876114617,540.0,647.0,2.58
9559,1776876114628,542.0,803.0,2.58
9560,1776876114639,538.0,809.0,2.58
9561,1776876114650,540.0,771.0,2.58
9562,1776876114661,542.0,773.0,2.58
9563,1776876114672,543.0,761.0,2.58
9564,1776876114683,542.0,771.0,2.58
9565,1776876114694,539.0,718.0,2.58
9566,1776876114705,540.0,703.0,2.58
9567,1776876114717,547.0,721.0,2.58
9568,1776876114727,547.0,681.0,2.58
9569,1776876114738,542.0,684.0,2.58
9570,1776876114749,540.0,677.0,2.58
9571,1776876114760,545.0,665.0,2.58
9572,1776876114771,543.0,663.0,2.58
9573,1776876114782,543.0,641.0,2.58
9574,1776876114793,543.0,628.0,2.58
9575,1776876114804,545.0,644.0,2.58
9576,1776876114815,542.0,602.0,2.58
9577,1776876114826,544.0,595.0,2.58
9578,1776876114837,552.0,604.0,2.58
9579,1776876114848,585.0,596.0,2.58
9580,1776876114859,597.0,590.0,2.58
9581,1776876114870,536.0,589.0,2.58
9582,1776876114881,344.0,587.0,2.58
9583,1776876114892,388.0,588.0,2.58
9584,1776876114903,483.0,582.0,2.58
9585,1776876114914,577.0,577.0,2.58
9586,1776876114925,623.0,579.0,2.58
9587,1776876114936,625.0,578.0,2.58
9588,1776876114947,608.0,555.0,2.58
9589,1776876114958,591.0,551.0,2.58
9590,1776876114969,579.0,554.0,2.58
9591,1776876114980,564.0,533.0,2.58
9592,1776876114991,558.0,527.0,2.58
9593,1776876115002,559.0,546.0,2.58
9594,1776876115013,551.0,509.0,2.58
9595,1776876115024,550.0,501.0,2.58
9596,1776876115035,552.0,502.0,2.58
9597,1776876115046,550.0,498.0,2.58
9598,1776876115057,551.0,497.0,2.58
9599,1776876115068,555.0,491.0,2.58
9600,1776876115079,553.0,486.0,2.58
9601,1776876115090,557.0,494.0,2.58
9602,1776876115101,556.0,479.0,2.58
9603,1776876115112,548.0,476.0,2.58
9604,1776876115123,539.0,485.0,2.58
9605,1776876115134,529.0,475.0,2.58
9606,1776876115145,524.0,475.0,2.58
9607,1776876115156,518.0,480.0,2.58
9608,1776876115167,513.0,474.0,2.58
9609,1776876115178,524.0,473.0,2.58
9610,1776876115189,530.0,479.0,2.58
9611,1776876115200,533.0,473.0,2.58
9612,1776876115211,534.0,471.0,2.58
9613,1776876115222,537.0,479.0,2.58
9614,1776876115233,537.0,465.0,2.58
9615,1776876115244,541.0,458.0,2.58
9616,1776876115255,543.0,476.0,2.58
9617,1776876115266,546.0,452.0,2.58
9618,1776876115277,545.0,454.0,2.58
9619,1776876115288,541.0,465.0,2.58
9620,1776876115299,542.0,501.0,2.58
9621,1776876115310,543.0,544.0,2.58
9622,1776876115321,541.0,520.0,2.58
9623,1776876115332,538.0,681.0,2.58
9624,1776876115343,539.0,738.0,2.58
9625,1776876115354,543.0,702.0,2.58
9626,1776876115365,541.0,806.0,2.58
9627,1776876115376,538.0,831.0,2.58
9628,1776876115387,546.0,766.0,2.58
9629,1776876115398,543.0,814.0,2.58
9630,1776876115409,545.0,804.0,2.58
9631,1776876115420,543.0,803.0,2.58
9632,1776876115431,544.0,768.0,2.58
9633,1776876115442,541.0,746.0,2.58
9634,1776876115453,545.0,753.0,2.58
9635,1776876115464,543.0,726.0,2.58
9636,1776876115475,545.0,722.0,2.58
9637,1776876115486,544.0,717.0,2.58
9638,1776876115497,541.0,721.0,2.58
9639,1776876115508,543.0,720.0,2.58
9640,1776876115519,546.0,701.0,2.58
9641,1776876115530,541.0,687.0,2.58
9642,1776876115541,545.0,684.0,2.58
9643,1776876115552,541.0,647.0,2.58
9644,1776876115563,543.0,634.0,2.58
9645,1776876115574,544.0,636.0,2.58
9646,1776876115585,541.0,614.0,2.58
9647,1776876115596,548.0,609.0,2.58
9648,1776876115607,540.0,603.0,2.58
9649,1776876115618,541.0,599.0,2.58
9650,1776876115629,547.0,598.0,2.58
9651,1776876115640,547.0,599.0,2.58
9652,1776876115651,542.0,597.0,2.58
9653,1776876115663,541.0,591.0,2.58
9654,1776876115673,547.0,583.0,2.58
9655,1776876115684,542.0,578.0,2.58
9656,1776876115695,545.0,582.0,2.58
9657,1776876115706,543.0,562.0,2.58
9658,1776876115717,543.0,551.0,2.58
9659,1776876115728,543.0,561.0,2.58
9660,1776876115739,543.0,540.0,2.58
9661,1776876115750,541.0,526.0,2.58
9662,1776876115761,545.0,542.0,2.58
9663,1776876115772,541.0,523.0,2.58
9664,1776876115783,544.0,511.0,2.58
9665,1776876115794,548.0,523.0,2.58
9666,1776876115805,543.0,510.0,2.58
9667,1776876115816,545.0,504.0,2.58
9668,1776876115827,548.0,514.0,2.58
9669,1776876115838,542.0,493.0,2.58
9670,1776876115849,529.0,485.0,2.58
9671,1776876115860,546.0,503.0,2.58
9672,1776876115871,547.0,480.0,2.58
9673,1776876115882,538.0,480.0,2.58
9674,1776876115893,541.0,490.0,2.58
9675,1776876115904,542.0,474.0,2.58
9676,1776876115915,545.0,474.0,2.58
9677,1776876115926,544.0,483.0,2.58
9678,1776876115937,541.0,480.0,2.58
9679,1776876115948,547.0,468.0,2.58
9680,1776876115959,544.0,483.0,2.58
9681,1776876115970,543.0,469.0,2.58
9682,1776876115981,546.0,466.0,2.58
9683,1776876115992,540.0,477.0,2.58
9684,1776876116003,540.0,458.0,2.58
9685,1776876116014,545.0,461.0,2.58
9686,1776876116025,541.0,469.0,2.58
9687,1776876116036,546.0,450.0,2.58
9688,1776876116047,542.0,449.0,2.58
9689,1776876116058,540.0,455.0,2.58
9690,1776876116069,542.0,445.0,2.58
9691,1776876116080,545.0,439.0,2.58
9692,1776876116091,564.0,444.0,2.58
9693,1776876116102,594.0,435.0,2.58
9694,1776876116113,547.0,435.0,2.58
9695,1776876116124,381.0,448.0,2.58
9696,1776876116135,374.0,428.0,2.58
9697,1776876116146,468.0,433.0,2.58
9698,1776876116156,568.0,425.0,2.58
9699,1776876116168,624.0,422.0,2.58
9700,1776876116178,623.0,433.0,2.58
9701,1776876116189,616.0,422.0,2.58
9702,1776876116200,597.0,421.0,2.58
9703,1776876116211,583.0,433.0,2.58
9704,1776876116222,570.0,423.0,2.58
9705,1776876116233,563.0,421.0,2.58
9706,1776876116244,560.0,435.0,2.58
9707,1776876116256,552.0,412.0,2.58
9708,1776876116266,553.0,411.0,2.58
9709,1776876116277,555.0,414.0,2.58
9710,1776876116288,547.0,410.0,2.58
9711,1776876116299,549.0,423.0,2.58
9712,1776876116310,558.0,409.0,2.58
9713,1776876116321,553.0,406.0,2.58
9714,1776876116332,561.0,422.0,2.58
9715,1776876116343,558.0,408.0,2.58
9716,1776876116354,556.0,406.0,2.58
9717,1776876116365,544.0,422.0,2.58
9718,1776876116376,536.0,407.0,2.58
9719,1776876116387,533.0,413.0,2.58
9720,1776876116398,521.0,423.0,2.58
9721,1776876116409,517.0,411.0,2.58
9722,1776876116420,516.0,409.0,2.58
9723,1776876116431,524.0,420.0,2.58
9724,1776876116442,528.0,408.0,2.58
9725,1776876116453,532.0,406.0,2.58
9726,1776876116464,535.0,419.0,2.58
9727,1776876116475,535.0,406.0,2.58
9728,1776876116486,541.0,401.0,2.58
9729,1776876116497,540.0,423.0,2.58
9730,1776876116508,539.0,399.0,2.58
9731,1776876116519,541.0,413.0,2.58
9732,1776876116530,540.0,413.0,2.58
9733,1776876116541,543.0,505.0,2.58
9734,1776876116552,545.0,585.0,2.58
9735,1776876116563,546.0,455.0,2.58
9736,1776876116574,539.0,755.0,2.58
9737,1776876116585,542.0,813.0,2.58
9738,1776876116596,541.0,652.0,2.58
9739,1776876116607,542.0,884.0,2.58
9740,1776876116618,544.0,888.0,2.58
9741,1776876116629,541.0,832.0,2.58
9742,1776876116640,542.0,848.0,2.58
9743,1776876116651,542.0,838.0,2.58
9744,1776876116662,542.0,817.0,2.58
9745,1776876116673,541.0,785.0,2.58
9746,1776876116684,544.0,770.0,2.58
9747,1776876116695,544.0,758.0,2.58
9748,1776876116706,541.0,745.0,2.58
9749,1776876116717,541.0,739.0,2.58
9750,1776876116728,538.0,742.0,2.58
9751,1776876116739,545.0,739.0,2.58
9752,1776876116750,546.0,726.0,2.58
9753,1776876116761,545.0,727.0,2.58
9754,1776876116772,545.0,717.0,2.58
9755,1776876116783,546.0,711.0,2.58
9756,1776876116794,543.0,684.0,2.58
9757,1776876116805,542.0,660.0,2.58
9758,1776876116816,542.0,671.0,2.58
9759,1776876116827,543.0,631.0,2.58
9760,1776876116838,545.0,622.0,2.58
9761,1776876116849,545.0,629.0,2.58
9762,1776876116860,542.0,611.0,2.58
9763,1776876116871,547.0,606.0,2.58
9764,1776876116882,542.0,607.0,2.58
9765,1776876116893,543.0,600.0,2.58
9766,1776876116904,540.0,596.0,2.58
9767,1776876116915,537.0,598.0,2.58
9768,1776876116926,544.0,582.0,2.58
9769,1776876116937,547.0,574.0,2.58
9770,1776876116948,541.0,584.0,2.58
9771,1776876116959,545.0,559.0,2.58
9772,1776876116970,543.0,552.0,2.58
9773,1776876116981,544.0,561.0,2.58
9774,1776876116992,541.0,539.0,2.58
9775,1776876117003,542.0,527.0,2.58
9776,1776876117014,542.0,539.0,2.58
9777,1776876117025,543.0,516.0,2.58
9778,1776876117036,542.0,521.0,2.58
9779,1776876117047,543.0,506.0,2.58
9780,1776876117058,546.0,500.0,2.58
9781,1776876117069,544.0,510.0,2.58
9782,1776876117080,545.0,498.0,2.58
9783,1776876117091,537.0,490.0,2.58
9784,1776876117102,545.0,502.0,2.58
9785,1776876117113,542.0,487.0,2.58
9786,1776876117124,547.0,481.0,2.58
9787,1776876117135,546.0,491.0,2.58
9788,1776876117146,544.0,481.0,2.58
9789,1776876117157,542.0,475.0,2.58
9790,1776876117168,541.0,486.0,2.58
9791,1776876117179,554.0,473.0,2.58
9792,1776876117190,592.0,472.0,2.58
9793,1776876117201,576.0,477.0,2.58
9794,1776876117212,427.0,465.0,2.58
9795,1776876117223,349.0,462.0,2.58
9796,1776876117234,432.0,462.0,2.58
9797,1776876117245,524.0,455.0,2.58
9798,1776876117258,616.0,453.0,2.58
9799,1776876117267,614.0,452.0,2.58
9800,1776876117278,622.0,450.0,2.58
9801,1776876117289,592.0,451.0,2.58
9802,1776876117300,581.0,442.0,2.58
9803,1776876117311,567.0,439.0,2.58
9804,1776876117322,566.0,446.0,2.58
9805,1776876117333,563.0,435.0,2.58
9806,1776876117344,554.0,430.0,2.58
9807,1776876117355,555.0,440.0,2.58
9808,1776876117366,548.0,430.0,2.58
9809,1776876117377,551.0,425.0,2.58
9810,1776876117388,550.0,440.0,2.58
9811,1776876117399,547.0,428.0,2.58
9812,1776876117410,554.0,423.0,2.58
9813,1776876117421,553.0,427.0,2.58
9814,1776876117432,555.0,423.0,2.58
9815,1776876117443,551.0,421.0,2.58
9816,1776876117454,546.0,431.0,2.58
9817,1776876117465,541.0,420.0,2.58
9818,1776876117476,529.0,416.0,2.58
9819,1776876117487,526.0,430.0,2.58
9820,1776876117498,525.0,414.0,2.58
9821,1776876117509,522.0,412.0,2.58
9822,1776876117520,524.0,428.0,2.58
9823,1776876117531,531.0,417.0,2.58
9824,1776876117542,533.0,413.0,2.58
9825,1776876117553,540.0,428.0,2.58
9826,1776876117564,539.0,413.0,2.58
9827,1776876117575,538.0,412.0,2.58
9828,1776876117586,543.0,429.0,2.58
9829,1776876117597,544.0,407.0,2.58
9830,1776876117608,543.0,401.0,2.58
9831,1776876117619,544.0,426.0,2.58
9832,1776876117630,539.0,427.0,2.58
9833,1776876117641,547.0,463.0,2.58
9834,1776876117652,542.0,421.0,2.58
9835,1776876117663,541.0,597.0,2.58
9836,1776876117674,546.0,663.0,2.58
9837,1776876117685,543.0,563.0,2.58
9838,1776876117696,539.0,784.0,2.58
9839,1776876117707,544.0,807.0,2.58
9840,1776876117718,543.0,713.0,2.58
9841,1776876117729,541.0,763.0,2.58
9842,1776876117740,542.0,805.0,2.58
9843,1776876117751,544.0,781.0,2.58
9844,1776876117762,545.0,761.0,2.58
9845,1776876117773,539.0,748.0,2.58
9846,1776876117784,543.0,751.0,2.58
9847,1776876117795,544.0,702.0,2.58
9848,1776876117806,546.0,692.0,2.58
9849,1776876117817,544.0,677.0,2.58
9850,1776876117828,542.0,675.0,2.58
9851,1776876117839,544.0,672.0,2.58
9852,1776876117850,541.0,676.0,2.58
9853,1776876117861,543.0,667.0,2.58
9854,1776876117872,541.0,653.0,2.58
9855,1776876117883,545.0,639.0,2.58
9856,1776876117894,540.0,637.0,2.58
9857,1776876117905,544.0,608.0,2.58
9858,1776876117916,545.0,596.0,2.58
9859,1776876117927,545.0,589.0,2.58
9860,1776876117938,544.0,599.0,2.58
9861,1776876117949,542.0,583.0,2.58
9862,1776876117960,541.0,585.0,2.58
9863,1776876117971,544.0,582.0,2.58
9864,1776876117982,546.0,583.0,2.58
9865,1776876117993,546.0,578.0,2.58
9866,1776876118004,544.0,575.0,2.58
9867,1776876118015,540.0,571.0,2.58
9868,1776876118026,541.0,568.0,2.58
9869,1776876118037,541.0,560.0,2.58
9870,1776876118048,541.0,555.0,2.58
9871,1776876118059,544.0,553.0,2.58
9872,1776876118070,545.0,535.0,2.58
9873,1776876118080,546.0,523.0,2.58
9874,1776876118092,541.0,535.0,2.58
9875,1776876118102,544.0,511.0,2.58
9876,1776876118113,565.0,505.0,2.58
9877,1776876118124,599.0,512.0,2.58
9878,1776876118135,573.0,496.0,2.58
9879,1776876118147,433.0,495.0,2.58
9880,1776876118158,371.0,503.0,2.58
9881,1776876118168,462.0,487.0,2.58
9882,1776876118179,518.0,482.0,2.58
9883,1776876118191,603.0,493.0,2.58
9884,1776876118201,617.0,471.0,2.58
9885,1776876118212,609.0,469.0,2.58
9886,1776876118223,591.0,485.0,2.58
9887,1776876118234,585.0,471.0,2.58
9888,1776876118245,568.0,472.0,2.58
9889,1776876118256,559.0,482.0,2.58
9890,1776876118267,553.0,467.0,2.58
9891,1776876118278,555.0,464.0,2.58
9892,1776876118289,554.0,470.0,2.58
9893,1776876118300,555.0,462.0,2.58
9894,1776876118311,548.0,465.0,2.58
9895,1776876118322,547.0,467.0,2.58
9896,1776876118333,548.0,459.0,2.58
9897,1776876118344,553.0,458.0,2.58
9898,1776876118355,552.0,455.0,2.58
9899,1776876118366,553.0,447.0,2.58
9900,1776876118377,550.0,451.0,2.58
9901,1776876118388,548.0,448.0,2.58
9902,1776876118399,541.0,446.0,2.58
9903,1776876118410,540.0,444.0,2.58
9904,1776876118421,528.0,450.0,2.58
9905,1776876118432,522.0,448.0,2.58
9906,1776876118443,531.0,443.0,2.58
9907,1776876118454,523.0,450.0,2.58
9908,1776876118465,533.0,436.0,2.58
9909,1776876118476,538.0,435.0,2.58
9910,1776876118487,536.0,439.0,2.58
9911,1776876118498,541.0,431.0,2.58
9912,1776876118509,539.0,438.0,2.58
9913,1776876118520,544.0,434.0,2.58
9914,1776876118531,544.0,427.0,2.58
9915,1776876118542,547.0,434.0,2.58
9916,1776876118553,546.0,424.0,2.58
9917,1776876118564,543.0,427.0,2.58
9918,1776876118575,545.0,467.0,2.58
9919,1776876118586,543.0,515.0,2.58
9920,1776876118597,541.0,523.0,2.58
9921,1776876118608,540.0,626.0,2.58
9922,1776876118619,545.0,702.0,2.58
9923,1776876118630,539.0,656.0,2.58
9924,1776876118641,541.0,772.0,2.58
9925,1776876118652,540.0,798.0,2.58
9926,1776876118663,542.0,762.0,2.58
9927,1776876118674,543.0,760.0,2.58
9928,1776876118685,542.0,761.0,2.58
9929,1776876118696,543.0,766.0,2.58
9930,1776876118707,547.0,719.0,2.58
9931,1776876118718,541.0,692.0,2.58
9932,1776876118729,540.0,710.0,2.58
9933,1776876118740,543.0,666.0,2.58
9934,1776876118751,544.0,653.0,2.58
9935,1776876118762,545.0,657.0,2.58
9936,1776876118773,545.0,652.0,2.58
9937,1776876118784,540.0,646.0,2.58
9938,1776876118795,542.0,641.0,2.58
9939,1776876118806,543.0,628.0,2.58
9940,1776876118817,544.0,614.0,2.58
9941,1776876118828,544.0,629.0,2.58
9942,1776876118839,544.0,589.0,2.58
9943,1776876118850,544.0,579.0,2.58
9944,1776876118861,543.0,590.0,2.58
9945,1776876118872,544.0,574.0,2.58
9946,1776876118883,545.0,576.0,2.58
9947,1776876118894,543.0,576.0,2.58
9948,1776876118905,540.0,575.0,2.58
9949,1776876118916,545.0,581.0,2.58
9950,1776876118927,546.0,575.0,2.58
9951,1776876118938,542.0,571.0,2.58
9952,1776876118949,539.0,568.0,2.58
9953,1776876118960,543.0,576.0,2.58
9954,1776876118971,547.0,555.0,2.58
9955,1776876118982,589.0,544.0,2.58
9956,1776876118993,583.0,549.0,2.58
9957,1776876119004,447.0,528.0,2.58
9958,1776876119015,337.0,520.0,2.58
9959,1776876119026,410.0,524.0,2.58
9960,1776876119037,507.0,506.0,2.58
9961,1776876119048,599.0,501.0,2.58
9962,1776876119059,618.0,503.0,2.58
9963,1776876119070,621.0,493.0,2.58
9964,1776876119081,590.0,491.0,2.58
9965,1776876119092,589.0,488.0,2.58
9966,1776876119103,575.0,483.0,2.58
9967,1776876119114,567.0,489.0,2.58
9968,1776876119125,562.0,477.0,2.58
9969,1776876119136,555.0,477.0,2.58
9970,1776876119147,551.0,486.0,2.58
9971,1776876119158,549.0,473.0,2.58
9972,1776876119169,550.0,472.0,2.58
9973,1776876119180,552.0,479.0,2.58
9974,1776876119191,549.0,472.0,2.58
9975,1776876119202,555.0,466.0,2.58
9976,1776876119213,560.0,475.0,2.58
9977,1776876119224,561.0,468.0,2.58
9978,1776876119235,553.0,464.0,2.58
9979,1776876119246,536.0,476.0,2.58
9980,1776876119257,537.0,465.0,2.58
9981,1776876119268,529.0,462.0,2.58
9982,1776876119279,521.0,475.0,2.58
9983,1776876119290,522.0,453.0,2.58
9984,1776876119301,522.0,450.0,2.58
9985,1776876119312,522.0,471.0,2.58
9986,1776876119323,528.0,446.0,2.58
9987,1776876119334,529.0,461.0,2.58
9988,1776876119345,536.0,442.0,2.58
9989,1776876119356,536.0,444.0,2.58
9990,1776876119367,539.0,458.0,2.58
9991,1776876119378,541.0,434.0,2.58
9992,1776876119389,547.0,427.0,2.58
9993,1776876119400,545.0,452.0,2.58
9994,1776876119411,546.0,427.0,2.58
9995,1776876119422,545.0,444.0,2.58
9996,1776876119433,542.0,441.0,2.58
9997,1776876119444,547.0,519.0,2.58
9998,1776876119455,544.0,600.0,2.58
9999,1776876119466,543.0,496.0,2.58
10000,1776876119477,541.0,717.0,2.58
10001,1776876119488,538.0,773.0,2.58
10002,1776876119500,542.0,657.0,2.58
10003,1776876119510,538.0,810.0,2.58
10004,1776876119521,544.0,814.0,2.58
10005,1776876119532,543.0,775.0,2.58
10006,1776876119543,541.0,776.0,2.58
10007,1776876119554,541.0,759.0,2.58
10008,1776876119565,544.0,762.0,2.58
10009,1776876119576,545.0,715.0,2.58
10010,1776876119587,540.0,704.0,2.58
10011,1776876119598,545.0,704.0,2.58
10012,1776876119609,546.0,687.0,2.58
10013,1776876119620,543.0,687.0,2.58
10014,1776876119631,546.0,685.0,2.58
10015,1776876119642,545.0,684.0,2.58
10016,1776876119653,544.0,679.0,2.58
10017,1776876119664,545.0,664.0,2.58
10018,1776876119675,544.0,651.0,2.58
10019,1776876119686,542.0,648.0,2.58
10020,1776876119697,546.0,617.0,2.58
10021,1776876119708,540.0,605.0,2.58
10022,1776876119719,545.0,610.0,2.58
10023,1776876119730,547.0,589.0,2.58
10024,1776876119741,542.0,588.0,2.58
10025,1776876119752,544.0,583.0,2.58
10026,1776876119763,543.0,585.0,2.58
10027,1776876119774,545.0,581.0,2.58
10028,1776876119785,540.0,581.0,2.58
10029,1776876119796,547.0,580.0,2.58
10030,1776876119807,542.0,574.0,2.58
10031,1776876119818,544.0,579.0,2.58
10032,1776876119829,547.0,571.0,2.58
10033,1776876119840,549.0,549.0,2.58
10034,1776876119851,549.0,568.0,2.58
10035,1776876119862,587.0,537.0,2.58
10036,1776876119873,585.0,528.0,2.58
10037,1776876119884,486.0,542.0,2.58
10038,1776876119895,338.0,513.0,2.58
10039,1776876119906,388.0,508.0,2.58
10040,1776876119917,499.0,525.0,2.58
10041,1776876119928,602.0,503.0,2.58
10042,1776876119939,619.0,497.0,2.58
10043,1776876119950,626.0,511.0,2.58
10044,1776876119961,594.0,491.0,2.58
10045,1776876119972,587.0,486.0,2.58
10046,1776876119983,574.0,499.0,2.58
10047,1776876119994,565.0,479.0,2.58
10048,1776876120005,558.0,472.0,2.58
10049,1776876120016,558.0,490.0,2.58
10050,1776876120027,553.0,470.0,2.58
10051,1776876120038,556.0,469.0,2.58
10052,1776876120049,552.0,480.0,2.58
10053,1776876120059,551.0,466.0,2.58
10054,1776876120071,551.0,468.0,2.58
10055,1776876120081,550.0,471.0,2.58
10056,1776876120092,557.0,462.0,2.58
10057,1776876120103,554.0,476.0,2.58
10058,1776876120114,556.0,453.0,2.58
10059,1776876120125,548.0,454.0,2.58
10060,1776876120138,537.0,467.0,2.58
10061,1776876120147,527.0,454.0,2.58
10062,1776876120158,523.0,450.0,2.58
10063,1776876120169,521.0,455.0,2.58
10064,1776876120181,517.0,447.0,2.58
10065,1776876120191,524.0,444.0,2.58
10066,1776876120202,529.0,446.0,2.58
10067,1776876120214,532.0,440.0,2.58
10068,1776876120224,532.0,441.0,2.58
10069,1776876120235,534.0,441.0,2.58
10070,1776876120246,536.0,435.0,2.58
10071,1776876120257,538.0,438.0,2.58
10072,1776876120268,547.0,429.0,2.58
10073,1776876120279,548.0,429.0,2.58
10074,1776876120290,541.0,438.0,2.58
10075,1776876120301,542.0,465.0,2.58
10076,1776876120312,545.0,499.0,2.58
10077,1776876120323,544.0,471.0,2.58
10078,1776876120334,542.0,628.0,2.58
10079,1776876120345,540.0,711.0,2.58
10080,1776876120356,542.0,600.0,2.58
10081,1776876120367,545.0,800.0,2.58
10082,1776876120378,542.0,830.0,2.58
10083,1776876120389,545.0,762.0,2.58
10084,1776876120400,542.0,773.0,2.58
10085,1776876120411,541.0,819.0,2.58
10086,1776876120422,541.0,805.0,2.58
10087,1776876120433,542.0,774.0,2.58
10088,1776876120444,539.0,753.0,2.58
10089,1776876120456,546.0,754.0,2.58
10090,1776876120466,546.0,726.0,2.58
10091,1776876120477,544.0,715.0,2.58
10092,1776876120488,545.0,713.0,2.58
10093,1776876120499,548.0,710.0,2.58
10094,1776876120510,543.0,717.0,2.58
10095,1776876120521,541.0,694.0,2.58
10096,1776876120532,543.0,708.0,2.58
10097,1776876120543,542.0,692.0,2.58
10098,1776876120554,543.0,694.0,2.58
10099,1776876120565,548.0,672.0,2.58
10100,1776876120576,542.0,635.0,2.58
10101,1776876120587,543.0,664.0,2.58
10102,1776876120598,542.0,612.0,2.58
10103,1776876120609,541.0,606.0,2.58
10104,1776876120620,545.0,613.0,2.58
10105,1776876120631,545.0,595.0,2.58
10106,1776876120642,541.0,596.0,2.58
10107,1776876120653,546.0,592.0,2.58
10108,1776876120664,539.0,586.0,2.58
10109,1776876120675,542.0,588.0,2.58
10110,1776876120686,545.0,581.0,2.58
10111,1776876120697,547.0,574.0,2.58
10112,1776876120708,549.0,564.0,2.58
10113,1776876120719,544.0,556.0,2.58
10114,1776876120730,548.0,553.0,2.58
10115,1776876120741,546.0,549.0,2.58
10116,1776876120752,544.0,535.0,2.58
10117,1776876120763,541.0,525.0,2.58
10118,1776876120774,540.0,531.0,2.58
10119,1776876120785,543.0,516.0,2.58
10120,1776876120796,542.0,509.0,2.58
10121,1776876120807,544.0,515.0,2.58
10122,1776876120818,533.0,502.0,2.58
10123,1776876120829,549.0,494.0,2.58
10124,1776876120840,589.0,505.0,2.58
10125,1776876120851,593.0,490.0,2.58
10126,1776876120862,514.0,494.0,2.58
10127,1776876120873,345.0,482.0,2.58
10128,1776876120884,395.0,483.0,2.58
10129,1776876120895,488.0,487.0,2.58
10130,1776876120906,589.0,475.0,2.58
10131,1776876120917,625.0,468.0,2.58
10132,1776876120928,624.0,470.0,2.58
10133,1776876120939,610.0,467.0,2.58
10134,1776876120950,595.0,462.0,2.58
10135,1776876120961,577.0,464.0,2.58
10136,1776876120972,574.0,465.0,2.58
10137,1776876120983,567.0,460.0,2.58
10138,1776876120994,563.0,468.0,2.58
10139,1776876121005,554.0,458.0,2.58
10140,1776876121016,552.0,457.0,2.58
10141,1776876121027,550.0,462.0,2.58
10142,1776876121038,552.0,451.0,2.58
10143,1776876121049,554.0,445.0,2.58
10144,1776876121060,559.0,461.0,2.58
10145,1776876121071,558.0,440.0,2.58
10146,1776876121082,559.0,443.0,2.58
10147,1776876121093,557.0,453.0,2.58
10148,1776876121104,554.0,438.0,2.58
10149,1776876121115,548.0,436.0,2.58
10150,1776876121126,530.0,448.0,2.58
10151,1776876121137,527.0,432.0,2.58
10152,1776876121148,521.0,432.0,2.58
10153,1776876121159,524.0,448.0,2.58
10154,1776876121170,523.0,433.0,2.58
10155,1776876121181,529.0,434.0,2.58
10156,1776876121192,532.0,447.0,2.58
10157,1776876121203,535.0,430.0,2.58
10158,1776876121214,543.0,424.0,2.58
10159,1776876121225,538.0,440.0,2.58
10160,1776876121236,536.0,418.0,2.58
10161,1776876121247,543.0,418.0,2.58
10162,1776876121258,544.0,426.0,2.58
10163,1776876121269,546.0,424.0,2.58
10164,1776876121280,548.0,442.0,2.58
10165,1776876121291,543.0,485.0,2.58
10166,1776876121302,542.0,547.0,2.58
10167,1776876121313,544.0,569.0,2.58
10168,1776876121324,542.0,672.0,2.58
10169,1776876121335,541.0,762.0,2.58
10170,1776876121346,543.0,718.0,2.58
10171,1776876121357,543.0,815.0,2.58
10172,1776876121368,541.0,843.0,2.58
10173,1776876121379,543.0,807.0,2.58
