sample,timestamp,ecg[bpm],spo2,p1[mmHg],resp
0,1776875633658,476.0,571.0,2.58
1,1776875633668,529.0,569.0,2.58
2,1776875633680,719.0,575.0,2.58
3,1776875633690,851.0,557.0,2.58
4,1776875633701,665.0,555.0,2.58
5,1776875633712,493.0,560.0,2.58
6,1776875633723,436.0,545.0,2.58
7,1776875633734,423.0,541.0,2.58
8,1776875633745,465.0,554.0,2.58
9,1776875633757,476.0,529.0,2.58
10,1776875633768,500.0,537.0,2.58
11,1776875633779,505.0,540.0,2.58
12,1776875633789,515.0,530.0,2.58
13,1776875633800,520.0,525.0,2.58
14,1776875633811,521.0,526.0,2.58
15,1776875633822,533.0,518.0,2.58
16,1776875633834,526.0,519.0,2.58
17,1776875633845,524.0,514.0,2.58
18,1776875633855,516.0,510.0,2.58
19,1776875633866,518.0,510.0,2.58
20,1776875633877,519.0,500.0,2.58
21,1776875633888,524.0,494.0,2.58
22,1776875633899,534.0,500.0,2.58
23,1776875633910,552.0,493.0,2.58
24,1776875633921,565.0,483.0,2.58
25,1776875633932,579.0,482.0,2.58
26,1776875633943,577.0,478.0,2.58
27,1776875633954,583.0,479.0,2.58
28,1776875633965,573.0,474.0,2.58
29,1776875633976,571.0,475.0,2.58
30,1776875633987,568.0,480.0,2.58
31,1776875633998,558.0,466.0,2.58
32,1776875634009,555.0,468.0,2.58
33,1776875634021,553.0,464.0,2.58
34,1776875634031,552.0,468.0,2.58
35,1776875634042,551.0,456.0,2.58
36,1776875634053,546.0,453.0,2.58
37,1776875634064,545.0,457.0,2.58
38,1776875634075,543.0,451.0,2.58
39,1776875634086,544.0,456.0,2.58
40,1776875634097,547.0,478.0,2.58
41,1776875634108,543.0,515.0,2.58
42,1776875634119,545.0,507.0,2.58
43,1776875634130,544.0,623.0,2.58
44,1776875634141,545.0,691.0,2.58
45,1776875634152,546.0,623.0,2.58
46,1776875634163,545.0,797.0,2.58
47,1776875634174,544.0,834.0,2.58
48,1776875634185,544.0,765.0,2.58
49,1776875634196,543.0,780.0,2.58
50,1776875634207,542.0,830.0,2.58
51,1776875634219,545.0,817.0,2.58
52,1776875634230,546.0,799.0,2.58
53,1776875634240,545.0,786.0,2.58
54,1776875634251,547.0,783.0,2.58
55,1776875634263,544.0,773.0,2.58
56,1776875634273,543.0,776.0,2.58
57,1776875634284,541.0,748.0,2.58
58,1776875634295,544.0,778.0,2.58
59,1776875634306,548.0,774.0,2.58
60,1776875634317,542.0,753.0,2.58
61,1776875634328,544.0,745.0,2.58
62,1776875634339,547.0,731.0,2.58
63,1776875634350,542.0,732.0,2.58
64,1776875634361,542.0,700.0,2.58
65,1776875634372,546.0,690.0,2.58
66,1776875634383,546.0,691.0,2.58
67,1776875634394,544.0,682.0,2.58
68,1776875634405,546.0,683.0,2.58
69,1776875634416,546.0,681.0,2.58
70,1776875634427,545.0,680.0,2.58
71,1776875634438,544.0,680.0,2.58
72,1776875634449,542.0,667.0,2.58
73,1776875634460,547.0,668.0,2.58
74,1776875634471,544.0,659.0,2.58
75,1776875634482,546.0,646.0,2.58
76,1776875634493,539.0,637.0,2.58
77,1776875634504,541.0,629.0,2.58
78,1776875634515,538.0,619.0,2.58
79,1776875634526,541.0,610.0,2.58
80,1776875634537,540.0,618.0,2.58
81,1776875634548,542.0,595.0,2.58
82,1776875634559,544.0,590.0,2.58
83,1776875634570,543.0,596.0,2.58
84,1776875634581,542.0,578.0,2.58
85,1776875634592,544.0,575.0,2.58
86,1776875634603,544.0,575.0,2.58
87,1776875634614,544.0,567.0,2.58
88,1776875634625,546.0,567.0,2.58
89,1776875634636,547.0,567.0,2.58
90,1776875634647,547.0,556.0,2.58
91,1776875634658,527.0,555.0,2.58
92,1776875634669,488.0,550.0,2.58
93,1776875634680,474.0,546.0,2.58
94,1776875634691,563.0,546.0,2.58
95,1776875634702,754.0,549.0,2.58
96,1776875634713,830.0,536.0,2.58
97,1776875634724,683.0,538.0,2.58
98,1776875634735,457.0,531.0,2.58
99,1776875634746,423.0,524.0,2.58
100,1776875634757,428.0,530.0,2.58
101,1776875634768,463.0,518.0,2.58
102,1776875634779,479.0,513.0,2.58
103,1776875634790,500.0,515.0,2.58
104,1776875634801,509.0,501.0,2.58
105,1776875634812,520.0,499.0,2.58
106,1776875634823,522.0,504.0,2.58
107,1776875634834,526.0,503.0,2.58
108,1776875634845,525.0,488.0,2.58
109,1776875634856,529.0,504.0,2.58
110,1776875634867,526.0,479.0,2.58
111,1776875634878,522.0,478.0,2.58
112,1776875634889,517.0,491.0,2.58
113,1776875634900,514.0,478.0,2.58
114,1776875634911,526.0,470.0,2.58
115,1776875634922,538.0,480.0,2.58
116,1776875634933,546.0,469.0,2.58
117,1776875634944,560.0,469.0,2.58
118,1776875634955,574.0,480.0,2.58
119,1776875634966,581.0,464.0,2.58
120,1776875634977,577.0,462.0,2.58
121,1776875634988,576.0,473.0,2.58
122,1776875634999,579.0,461.0,2.58
123,1776875635010,569.0,470.0,2.58
124,1776875635021,560.0,449.0,2.58
125,1776875635032,558.0,445.0,2.58
126,1776875635043,555.0,462.0,2.58
127,1776875635054,552.0,460.0,2.58
128,1776875635065,549.0,438.0,2.58
129,1776875635076,548.0,452.0,2.58
130,1776875635087,544.0,449.0,2.58
131,1776875635098,542.0,444.0,2.58
132,1776875635109,544.0,449.0,2.58
133,1776875635120,545.0,493.0,2.58
134,1776875635131,547.0,554.0,2.58
135,1776875635142,545.0,467.0,2.58
136,1776875635153,547.0,663.0,2.58
137,1776875635164,548.0,761.0,2.58
138,1776875635175,546.0,622.0,2.58
139,1776875635186,544.0,820.0,2.58
140,1776875635197,549.0,857.0,2.58
141,1776875635208,549.0,792.0,2.58
142,1776875635219,545.0,817.0,2.58
143,1776875635230,546.0,821.0,2.58
144,1776875635241,545.0,819.0,2.58
145,1776875635252,544.0,783.0,2.58
146,1776875635263,544.0,777.0,2.58
147,1776875635273,544.0,762.0,2.58
148,1776875635285,544.0,768.0,2.58
149,1776875635296,546.0,754.0,2.58
150,1776875635307,543.0,744.0,2.58
151,1776875635317,543.0,775.0,2.58
152,1776875635329,540.0,753.0,2.58
153,1776875635340,540.0,749.0,2.58
154,1776875635351,541.0,738.0,2.58
155,1776875635362,538.0,740.0,2.58
156,1776875635372,542.0,731.0,2.58
157,1776875635384,542.0,689.0,2.58
158,1776875635394,545.0,698.0,2.58
159,1776875635405,545.0,684.0,2.58
160,1776875635416,545.0,663.0,2.58
161,1776875635427,549.0,661.0,2.58
162,1776875635438,546.0,657.0,2.58
163,1776875635449,542.0,656.0,2.58
164,1776875635460,549.0,648.0,2.58
165,1776875635471,542.0,645.0,2.58
166,1776875635482,544.0,634.0,2.58
167,1776875635493,542.0,641.0,2.58
168,1776875635504,544.0,621.0,2.58
169,1776875635515,544.0,606.0,2.58
170,1776875635526,542.0,618.0,2.58
171,1776875635538,544.0,611.0,2.58
172,1776875635548,543.0,593.0,2.58
173,1776875635559,541.0,591.0,2.58
174,1776875635570,539.0,570.0,2.58
175,1776875635581,542.0,573.0,2.58
176,1776875635592,543.0,569.0,2.58
177,1776875635603,540.0,555.0,2.58
178,1776875635614,547.0,557.0,2.58
179,1776875635625,537.0,550.0,2.58
180,1776875635636,540.0,535.0,2.58
181,1776875635647,547.0,543.0,2.58
182,1776875635658,544.0,536.0,2.58
183,1776875635669,544.0,522.0,2.58
184,1776875635680,546.0,531.0,2.58
185,1776875635691,545.0,518.0,2.58
186,1776875635702,543.0,512.0,2.58
187,1776875635713,547.0,522.0,2.58
188,1776875635724,547.0,501.0,2.58
189,1776875635735,543.0,497.0,2.58
190,1776875635746,544.0,510.0,2.58
191,1776875635757,511.0,493.0,2.58
192,1776875635768,487.0,489.0,2.58
193,1776875635779,486.0,501.0,2.58
194,1776875635790,649.0,477.0,2.58
195,1776875635801,786.0,473.0,2.58
196,1776875635812,791.0,488.0,2.58
197,1776875635823,586.0,463.0,2.58
198,1776875635834,449.0,468.0,2.58
199,1776875635845,432.0,480.0,2.58
200,1776875635856,452.0,454.0,2.58
201,1776875635867,474.0,463.0,2.58
202,1776875635878,496.0,469.0,2.58
203,1776875635889,505.0,448.0,2.58
204,1776875635900,517.0,456.0,2.58
205,1776875635911,520.0,457.0,2.58
206,1776875635922,529.0,437.0,2.58
207,1776875635933,531.0,450.0,2.58
208,1776875635944,526.0,453.0,2.58
209,1776875635955,525.0,436.0,2.58
210,1776875635966,525.0,450.0,2.58
211,1776875635977,521.0,447.0,2.58
212,1776875635988,515.0,428.0,2.58
213,1776875635999,522.0,443.0,2.58
214,1776875636010,531.0,442.0,2.58
215,1776875636021,541.0,423.0,2.58
216,1776875636032,553.0,434.0,2.58
217,1776875636043,561.0,440.0,2.58
218,1776875636054,578.0,423.0,2.58
219,1776875636065,579.0,432.0,2.58
220,1776875636076,576.0,438.0,2.58
221,1776875636087,572.0,434.0,2.58
222,1776875636098,570.0,438.0,2.58
223,1776875636109,566.0,427.0,2.58
224,1776875636120,560.0,439.0,2.58
225,1776875636131,555.0,438.0,2.58
226,1776875636142,552.0,418.0,2.58
227,1776875636153,548.0,434.0,2.58
228,1776875636164,545.0,433.0,2.58
229,1776875636175,541.0,410.0,2.58
230,1776875636186,544.0,424.0,2.58
231,1776875636197,548.0,424.0,2.58
232,1776875636208,542.0,442.0,2.58
233,1776875636219,548.0,424.0,2.58
234,1776875636230,540.0,473.0,2.58
235,1776875636241,547.0,626.0,2.58
236,1776875636252,545.0,496.0,2.58
237,1776875636263,542.0,666.0,2.58
238,1776875636274,542.0,808.0,2.58
239,1776875636285,545.0,683.0,2.58
240,1776875636296,550.0,805.0,2.58
241,1776875636307,544.0,828.0,2.58
242,1776875636318,543.0,805.0,2.58
243,1776875636329,547.0,810.0,2.58
244,1776875636340,545.0,772.0,2.58
245,1776875636351,543.0,780.0,2.58
246,1776875636362,545.0,734.0,2.58
247,1776875636373,545.0,720.0,2.58
248,1776875636384,544.0,718.0,2.58
249,1776875636395,550.0,708.0,2.58
250,1776875636406,546.0,708.0,2.58
251,1776875636417,541.0,692.0,2.58
252,1776875636428,543.0,701.0,2.58
253,1776875636439,539.0,691.0,2.58
254,1776875636450,542.0,689.0,2.58
255,1776875636461,540.0,663.0,2.58
256,1776875636472,544.0,663.0,2.58
257,1776875636483,541.0,662.0,2.58
258,1776875636494,542.0,647.0,2.58
259,1776875636505,540.0,637.0,2.58
260,1776875636516,540.0,632.0,2.58
261,1776875636527,544.0,627.0,2.58
262,1776875636538,543.0,628.0,2.58
263,1776875636549,542.0,621.0,2.58
264,1776875636560,543.0,621.0,2.58
265,1776875636571,542.0,616.0,2.58
266,1776875636582,541.0,617.0,2.58
267,1776875636593,541.0,614.0,2.58
268,1776875636604,542.0,603.0,2.58
269,1776875636615,541.0,598.0,2.58
270,1776875636626,546.0,575.0,2.58
271,1776875636637,545.0,580.0,2.58
272,1776875636648,540.0,554.0,2.58
273,1776875636659,545.0,557.0,2.58
274,1776875636670,544.0,563.0,2.58
275,1776875636681,550.0,535.0,2.58
276,1776875636692,533.0,536.0,2.58
277,1776875636703,487.0,536.0,2.58
278,1776875636714,481.0,519.0,2.58
279,1776875636725,597.0,528.0,2.58
280,1776875636736,742.0,528.0,2.58
281,1776875636747,813.0,516.0,2.58
282,1776875636758,610.0,521.0,2.58
283,1776875636769,470.0,521.0,2.58
284,1776875636780,436.0,502.0,2.58
285,1776875636791,436.0,514.0,2.58
286,1776875636802,471.0,510.0,2.58
287,1776875636813,485.0,508.0,2.58
288,1776875636824,503.0,499.0,2.58
289,1776875636835,512.0,498.0,2.58
290,1776875636846,519.0,486.0,2.58
291,1776875636857,523.0,492.0,2.58
292,1776875636868,525.0,491.0,2.58
293,1776875636879,526.0,474.0,2.58
294,1776875636890,524.0,487.0,2.58
295,1776875636901,522.0,482.0,2.58
296,1776875636912,523.0,460.0,2.58
297,1776875636923,521.0,477.0,2.58
298,1776875636934,518.0,474.0,2.58
299,1776875636945,532.0,452.0,2.58
300,1776875636956,538.0,467.0,2.58
301,1776875636967,550.0,461.0,2.58
302,1776875636978,562.0,449.0,2.58
303,1776875636989,573.0,456.0,2.58
304,1776875637000,575.0,457.0,2.58
305,1776875637011,577.0,433.0,2.58
306,1776875637022,577.0,451.0,2.58
307,1776875637033,570.0,446.0,2.58
308,1776875637044,560.0,428.0,2.58
309,1776875637055,560.0,444.0,2.58
310,1776875637066,552.0,440.0,2.58
311,1776875637077,551.0,425.0,2.58
312,1776875637088,548.0,436.0,2.58
313,1776875637099,546.0,437.0,2.58
314,1776875637110,547.0,418.0,2.58
315,1776875637121,549.0,432.0,2.58
316,1776875637132,542.0,432.0,2.58
317,1776875637143,541.0,422.0,2.58
318,1776875637154,545.0,425.0,2.58
319,1776875637165,543.0,514.0,2.58
320,1776875637176,544.0,451.0,2.58
321,1776875637187,547.0,483.0,2.58
322,1776875637198,545.0,686.0,2.58
323,1776875637208,548.0,600.0,2.58
324,1776875637220,542.0,652.0,2.58
325,1776875637231,541.0,767.0,2.58
326,1776875637242,547.0,751.0,2.58
327,1776875637252,546.0,772.0,2.58
328,1776875637263,545.0,778.0,2.58
329,1776875637275,546.0,769.0,2.58
330,1776875637285,544.0,751.0,2.58
331,1776875637296,541.0,723.0,2.58
332,1776875637307,543.0,709.0,2.58
333,1776875637319,541.0,680.0,2.58
334,1776875637330,548.0,672.0,2.58
335,1776875637340,547.0,663.0,2.58
336,1776875637352,545.0,654.0,2.58
337,1776875637362,539.0,652.0,2.58
338,1776875637373,543.0,649.0,2.58
339,1776875637385,545.0,628.0,2.58
340,1776875637396,541.0,634.0,2.58
341,1776875637406,547.0,626.0,2.58
342,1776875637417,545.0,604.0,2.58
343,1776875637428,546.0,609.0,2.58
344,1776875637439,543.0,598.0,2.58
345,1776875637451,542.0,594.0,2.58
346,1776875637461,542.0,591.0,2.58
347,1776875637472,546.0,591.0,2.58
348,1776875637483,547.0,591.0,2.58
349,1776875637494,540.0,585.0,2.58
350,1776875637505,541.0,585.0,2.58
351,1776875637516,535.0,578.0,2.58
352,1776875637527,538.0,581.0,2.58
353,1776875637538,545.0,575.0,2.58
354,1776875637550,542.0,555.0,2.58
355,1776875637560,548.0,564.0,2.58
356,1776875637571,545.0,556.0,2.58
357,1776875637582,543.0,526.0,2.58
358,1776875637593,545.0,542.0,2.58
359,1776875637604,543.0,534.0,2.58
360,1776875637615,542.0,500.0,2.58
361,1776875637626,508.0,515.0,2.58
362,1776875637637,476.0,507.0,2.58
363,1776875637648,476.0,487.0,2.58
364,1776875637659,643.0,496.0,2.58
365,1776875637670,800.0,497.0,2.58
366,1776875637681,745.0,480.0,2.58
367,1776875637692,582.0,488.0,2.58
368,1776875637703,429.0,474.0,2.58
369,1776875637714,422.0,484.0,2.58
370,1776875637725,450.0,483.0,2.58
371,1776875637736,470.0,463.0,2.58
372,1776875637747,490.0,477.0,2.58
373,1776875637758,504.0,473.0,2.58
374,1776875637769,516.0,455.0,2.58
375,1776875637780,517.0,468.0,2.58
376,1776875637791,526.0,465.0,2.58
377,1776875637802,534.0,451.0,2.58
378,1776875637813,529.0,463.0,2.58
379,1776875637824,525.0,461.0,2.58
380,1776875637835,524.0,449.0,2.58
381,1776875637846,521.0,455.0,2.58
382,1776875637857,524.0,454.0,2.58
383,1776875637868,523.0,448.0,2.58
384,1776875637879,533.0,449.0,2.58
385,1776875637890,539.0,440.0,2.58
386,1776875637901,556.0,435.0,2.58
387,1776875637912,566.0,442.0,2.58
388,1776875637923,575.0,426.0,2.58
389,1776875637934,577.0,432.0,2.58
390,1776875637945,577.0,437.0,2.58
391,1776875637956,577.0,421.0,2.58
392,1776875637967,571.0,423.0,2.58
393,1776875637978,566.0,425.0,2.58
394,1776875637989,558.0,410.0,2.58
395,1776875638000,553.0,424.0,2.58
396,1776875638011,556.0,422.0,2.58
397,1776875638022,552.0,418.0,2.58
398,1776875638033,548.0,418.0,2.58
399,1776875638044,544.0,420.0,2.58
400,1776875638055,546.0,407.0,2.58
401,1776875638066,544.0,416.0,2.58
402,1776875638077,546.0,412.0,2.58
403,1776875638088,544.0,473.0,2.58
404,1776875638099,547.0,428.0,2.58
405,1776875638110,543.0,450.0,2.58
406,1776875638121,545.0,660.0,2.58
407,1776875638132,546.0,554.0,2.58
408,1776875638143,546.0,625.0,2.58
409,1776875638154,547.0,788.0,2.58
410,1776875638165,545.0,731.0,2.58
411,1776875638176,543.0,771.0,2.58
412,1776875638187,544.0,780.0,2.58
413,1776875638198,548.0,777.0,2.58
414,1776875638209,544.0,764.0,2.58
415,1776875638220,542.0,734.0,2.58
416,1776875638231,542.0,704.0,2.58
417,1776875638242,544.0,659.0,2.58
418,1776875638253,548.0,668.0,2.58
419,1776875638264,547.0,648.0,2.58
420,1776875638275,547.0,644.0,2.58
421,1776875638286,544.0,642.0,2.58
422,1776875638297,540.0,634.0,2.58
423,1776875638308,541.0,621.0,2.58
424,1776875638319,541.0,626.0,2.58
425,1776875638330,546.0,618.0,2.58
426,1776875638341,543.0,613.0,2.58
427,1776875638352,544.0,595.0,2.58
428,1776875638363,545.0,589.0,2.58
429,1776875638374,544.0,579.0,2.58
430,1776875638385,544.0,583.0,2.58
431,1776875638396,545.0,581.0,2.58
432,1776875638407,545.0,575.0,2.58
433,1776875638418,542.0,574.0,2.58
434,1776875638429,544.0,571.0,2.58
435,1776875638440,544.0,568.0,2.58
436,1776875638451,543.0,564.0,2.58
437,1776875638462,544.0,557.0,2.58
438,1776875638473,539.0,553.0,2.58
439,1776875638484,538.0,551.0,2.58
440,1776875638495,543.0,531.0,2.58
441,1776875638506,543.0,530.0,2.58
442,1776875638517,545.0,533.0,2.58
443,1776875638528,543.0,522.0,2.58
444,1776875638539,546.0,516.0,2.58
445,1776875638550,547.0,509.0,2.58
446,1776875638561,546.0,502.0,2.58
447,1776875638572,546.0,487.0,2.58
448,1776875638583,545.0,489.0,2.58
449,1776875638594,526.0,479.0,2.58
450,1776875638605,480.0,476.0,2.58
451,1776875638616,480.0,475.0,2.58
452,1776875638627,616.0,469.0,2.58
453,1776875638638,767.0,472.0,2.58
454,1776875638649,796.0,473.0,2.58
455,1776875638660,644.0,467.0,2.58
456,1776875638671,451.0,465.0,2.58
457,1776875638682,429.0,468.0,2.58
458,1776875638693,445.0,464.0,2.58
459,1776875638704,467.0,461.0,2.58
460,1776875638715,491.0,460.0,2.58
461,1776875638726,502.0,436.0,2.58
462,1776875638737,515.0,451.0,2.58
463,1776875638748,519.0,448.0,2.58
464,1776875638759,529.0,445.0,2.58
465,1776875638770,526.0,444.0,2.58
466,1776875638781,530.0,440.0,2.58
467,1776875638792,525.0,438.0,2.58
468,1776875638803,533.0,435.0,2.58
469,1776875638814,522.0,434.0,2.58
470,1776875638825,518.0,430.0,2.58
471,1776875638836,520.0,426.0,2.58
472,1776875638847,533.0,426.0,2.58
473,1776875638858,534.0,422.0,2.58
474,1776875638869,543.0,420.0,2.58
475,1776875638880,555.0,416.0,2.58
476,1776875638891,567.0,416.0,2.58
477,1776875638902,575.0,411.0,2.58
478,1776875638913,576.0,413.0,2.58
479,1776875638924,572.0,411.0,2.58
480,1776875638935,571.0,412.0,2.58
481,1776875638946,562.0,410.0,2.58
482,1776875638957,562.0,408.0,2.58
483,1776875638968,558.0,403.0,2.58
484,1776875638979,548.0,401.0,2.58
485,1776875638990,545.0,399.0,2.58
486,1776875639001,549.0,400.0,2.58
487,1776875639012,545.0,399.0,2.58
488,1776875639023,539.0,395.0,2.58
489,1776875639034,540.0,390.0,2.58
490,1776875639045,546.0,389.0,2.58
491,1776875639056,546.0,397.0,2.58
492,1776875639067,548.0,413.0,2.58
493,1776875639078,542.0,440.0,2.58
494,1776875639089,548.0,508.0,2.58
495,1776875639100,549.0,561.0,2.58
496,1776875639111,541.0,634.0,2.58
497,1776875639122,544.0,703.0,2.58
498,1776875639133,545.0,734.0,2.58
499,1776875639144,541.0,772.0,2.58
500,1776875639155,544.0,777.0,2.58
501,1776875639166,543.0,774.0,2.58
502,1776875639177,544.0,751.0,2.58
503,1776875639188,543.0,735.0,2.58
504,1776875639199,543.0,705.0,2.58
505,1776875639210,544.0,678.0,2.58
506,1776875639221,545.0,660.0,2.58
507,1776875639232,542.0,640.0,2.58
508,1776875639242,542.0,627.0,2.58
509,1776875639253,541.0,616.0,2.58
510,1776875639264,545.0,608.0,2.58
511,1776875639275,541.0,607.0,2.58
512,1776875639287,543.0,599.0,2.58
513,1776875639297,541.0,586.0,2.58
514,1776875639308,543.0,584.0,2.58
515,1776875639320,542.0,573.0,2.58
516,1776875639330,544.0,564.0,2.58
517,1776875639342,544.0,564.0,2.58
518,1776875639353,543.0,562.0,2.58
519,1776875639363,542.0,560.0,2.58
520,1776875639374,543.0,565.0,2.58
521,1776875639385,541.0,569.0,2.58
522,1776875639396,542.0,565.0,2.58
523,1776875639407,542.0,561.0,2.58
524,1776875639418,545.0,559.0,2.58
525,1776875639429,545.0,553.0,2.58
526,1776875639440,541.0,543.0,2.58
527,1776875639451,546.0,535.0,2.58
528,1776875639462,540.0,527.0,2.58
529,1776875639473,543.0,521.0,2.58
530,1776875639485,543.0,515.0,2.58
531,1776875639495,545.0,512.0,2.58
532,1776875639506,520.0,501.0,2.58
533,1776875639517,485.0,499.0,2.58
534,1776875639528,474.0,493.0,2.58
535,1776875639540,589.0,488.0,2.58
536,1776875639550,764.0,480.0,2.58
537,1776875639561,772.0,480.0,2.58
538,1776875639572,636.0,474.0,2.58
539,1776875639583,454.0,474.0,2.58
540,1776875639594,424.0,471.0,2.58
541,1776875639605,451.0,469.0,2.58
542,1776875639616,472.0,469.0,2.58
543,1776875639627,485.0,470.0,2.58
544,1776875639638,500.0,467.0,2.58
545,1776875639649,511.0,460.0,2.58
546,1776875639660,518.0,463.0,2.58
547,1776875639671,530.0,463.0,2.58
548,1776875639682,529.0,461.0,2.58
549,1776875639693,529.0,459.0,2.58
550,1776875639704,527.0,457.0,2.58
551,1776875639715,527.0,454.0,2.58
552,1776875639726,522.0,453.0,2.58
553,1776875639737,524.0,453.0,2.58
554,1776875639748,520.0,451.0,2.58
555,1776875639759,532.0,450.0,2.58
556,1776875639770,537.0,445.0,2.58
557,1776875639781,549.0,440.0,2.58
558,1776875639792,554.0,437.0,2.58
559,1776875639803,571.0,436.0,2.58
560,1776875639814,576.0,440.0,2.58
561,1776875639825,573.0,434.0,2.58
562,1776875639836,572.0,434.0,2.58
563,1776875639847,564.0,428.0,2.58
564,1776875639858,560.0,426.0,2.58
565,1776875639869,557.0,425.0,2.58
566,1776875639880,557.0,423.0,2.58
567,1776875639891,550.0,420.0,2.58
568,1776875639902,549.0,421.0,2.58
569,1776875639913,550.0,421.0,2.58
570,1776875639924,546.0,422.0,2.58
571,1776875639935,546.0,416.0,2.58
572,1776875639946,546.0,416.0,2.58
573,1776875639957,543.0,418.0,2.58
574,1776875639968,548.0,427.0,2.58
575,1776875639979,546.0,459.0,2.58
576,1776875639990,544.0,500.0,2.58
577,1776875640001,544.0,551.0,2.58
578,1776875640012,547.0,593.0,2.58
579,1776875640023,540.0,671.0,2.58
580,1776875640034,543.0,720.0,2.58
581,1776875640046,544.0,750.0,2.58
582,1776875640056,546.0,778.0,2.58
583,1776875640067,543.0,703.0,2.58
584,1776875640078,543.0,739.0,2.58
585,1776875640089,546.0,745.0,2.58
586,1776875640100,547.0,720.0,2.58
587,1776875640111,544.0,696.0,2.58
588,1776875640122,544.0,668.0,2.58
589,1776875640133,544.0,648.0,2.58
590,1776875640144,540.0,626.0,2.58
591,1776875640155,545.0,618.0,2.58
592,1776875640166,542.0,611.0,2.58
593,1776875640177,542.0,602.0,2.58
594,1776875640188,541.0,595.0,2.58
595,1776875640199,546.0,591.0,2.58
596,1776875640210,543.0,582.0,2.58
597,1776875640221,542.0,570.0,2.58
598,1776875640232,543.0,561.0,2.58
599,1776875640243,543.0,558.0,2.58
600,1776875640254,540.0,554.0,2.58
601,1776875640265,542.0,558.0,2.58
602,1776875640276,542.0,558.0,2.58
603,1776875640287,542.0,560.0,2.58
604,1776875640298,543.0,561.0,2.58
605,1776875640309,541.0,564.0,2.58
606,1776875640320,545.0,558.0,2.58
607,1776875640331,547.0,557.0,2.58
608,1776875640342,541.0,554.0,2.58
609,1776875640353,542.0,558.0,2.58
610,1776875640364,544.0,531.0,2.58
611,1776875640375,543.0,522.0,2.58
612,1776875640386,542.0,516.0,2.58
613,1776875640397,515.0,511.0,2.58
614,1776875640408,488.0,502.0,2.58
615,1776875640419,470.0,494.0,2.58
616,1776875640430,631.0,490.0,2.58
617,1776875640441,783.0,502.0,2.58
618,1776875640452,797.0,483.0,2.58
619,1776875640463,586.0,476.0,2.58
620,1776875640474,440.0,473.0,2.58
621,1776875640485,432.0,470.0,2.58
622,1776875640496,439.0,465.0,2.58
623,1776875640507,473.0,467.0,2.58
624,1776875640518,489.0,465.0,2.58
625,1776875640529,498.0,468.0,2.58
626,1776875640540,508.0,470.0,2.58
627,1776875640551,526.0,461.0,2.58
628,1776875640562,527.0,464.0,2.58
629,1776875640573,529.0,471.0,2.58
630,1776875640584,528.0,462.0,2.58
631,1776875640595,524.0,456.0,2.58
632,1776875640606,526.0,456.0,2.58
633,1776875640617,521.0,457.0,2.58
634,1776875640628,523.0,457.0,2.58
635,1776875640639,527.0,468.0,2.58
636,1776875640650,530.0,451.0,2.58
637,1776875640661,543.0,451.0,2.58
638,1776875640672,544.0,460.0,2.58
639,1776875640683,562.0,445.0,2.58
640,1776875640694,569.0,444.0,2.58
641,1776875640705,568.0,457.0,2.58
642,1776875640716,570.0,439.0,2.58
643,1776875640727,565.0,435.0,2.58
644,1776875640738,561.0,449.0,2.58
645,1776875640749,563.0,434.0,2.58
646,1776875640760,552.0,431.0,2.58
647,1776875640771,551.0,438.0,2.58
648,1776875640782,548.0,424.0,2.58
649,1776875640793,545.0,423.0,2.58
650,1776875640804,544.0,427.0,2.58
651,1776875640815,543.0,419.0,2.58
652,1776875640826,543.0,419.0,2.58
653,1776875640837,546.0,416.0,2.58
654,1776875640848,544.0,415.0,2.58
655,1776875640859,548.0,429.0,2.58
656,1776875640870,539.0,457.0,2.58
657,1776875640881,546.0,489.0,2.58
658,1776875640892,547.0,474.0,2.58
659,1776875640903,544.0,656.0,2.58
660,1776875640914,545.0,690.0,2.58
661,1776875640925,544.0,730.0,2.58
662,1776875640936,543.0,783.0,2.58
663,1776875640947,544.0,755.0,2.58
664,1776875640958,545.0,744.0,2.58
665,1776875640969,544.0,757.0,2.58
666,1776875640980,542.0,751.0,2.58
667,1776875640991,542.0,708.0,2.58
668,1776875641002,546.0,679.0,2.58
669,1776875641013,544.0,665.0,2.58
670,1776875641024,543.0,658.0,2.58
671,1776875641035,544.0,624.0,2.58
672,1776875641046,544.0,612.0,2.58
673,1776875641057,542.0,608.0,2.58
674,1776875641068,542.0,595.0,2.58
675,1776875641079,544.0,590.0,2.58
676,1776875641090,542.0,584.0,2.58
677,1776875641101,540.0,572.0,2.58
678,1776875641112,546.0,576.0,2.58
679,1776875641123,542.0,556.0,2.58
680,1776875641134,539.0,554.0,2.58
681,1776875641145,538.0,558.0,2.58
682,1776875641156,540.0,556.0,2.58
683,1776875641167,542.0,558.0,2.58
684,1776875641178,540.0,554.0,2.58
685,1776875641189,543.0,561.0,2.58
686,1776875641200,545.0,562.0,2.58
687,1776875641211,547.0,559.0,2.58
688,1776875641222,546.0,558.0,2.58
689,1776875641233,542.0,552.0,2.58
690,1776875641244,542.0,558.0,2.58
691,1776875641255,530.0,533.0,2.58
692,1776875641266,497.0,526.0,2.58
693,1776875641277,474.0,542.0,2.58
694,1776875641288,528.0,513.0,2.58
695,1776875641299,744.0,504.0,2.58
696,1776875641310,827.0,519.0,2.58
697,1776875641321,668.0,490.0,2.58
698,1776875641332,487.0,484.0,2.58
699,1776875641342,431.0,489.0,2.58
700,1776875641353,435.0,474.0,2.58
701,1776875641365,468.0,472.0,2.58
702,1776875641375,478.0,474.0,2.58
703,1776875641386,503.0,463.0,2.58
704,1776875641398,514.0,459.0,2.58
705,1776875641408,518.0,461.0,2.58
706,1776875641419,519.0,457.0,2.58
707,1776875641431,528.0,456.0,2.58
708,1776875641441,522.0,457.0,2.58
709,1776875641452,531.0,454.0,2.58
710,1776875641463,523.0,459.0,2.58
711,1776875641474,528.0,453.0,2.58
712,1776875641485,521.0,453.0,2.58
713,1776875641496,521.0,453.0,2.58
714,1776875641508,531.0,448.0,2.58
715,1776875641518,537.0,444.0,2.58
716,1776875641530,543.0,463.0,2.58
717,1776875641540,552.0,443.0,2.58
718,1776875641551,560.0,441.0,2.58
719,1776875641562,569.0,445.0,2.58
720,1776875641574,572.0,437.0,2.58
721,1776875641584,571.0,434.0,2.58
722,1776875641595,566.0,439.0,2.58
723,1776875641606,556.0,431.0,2.58
724,1776875641617,558.0,426.0,2.58
725,1776875641628,558.0,432.0,2.58
726,1776875641639,554.0,424.0,2.58
727,1776875641650,546.0,428.0,2.58
728,1776875641661,547.0,423.0,2.58
729,1776875641672,547.0,420.0,2.58
730,1776875641683,543.0,426.0,2.58
731,1776875641694,543.0,411.0,2.58
732,1776875641705,545.0,410.0,2.58
733,1776875641716,546.0,424.0,2.58
734,1776875641727,548.0,441.0,2.58
735,1776875641739,541.0,487.0,2.58
736,1776875641749,548.0,445.0,2.58
737,1776875641760,548.0,599.0,2.58
738,1776875641771,542.0,678.0,2.58
739,1776875641782,544.0,567.0,2.58
740,1776875641793,543.0,745.0,2.58
741,1776875641804,546.0,769.0,2.58
742,1776875641815,545.0,714.0,2.58
743,1776875641826,544.0,734.0,2.58
744,1776875641837,546.0,729.0,2.58
745,1776875641848,544.0,743.0,2.58
746,1776875641859,543.0,675.0,2.58
747,1776875641870,544.0,654.0,2.58
748,1776875641881,539.0,688.0,2.58
749,1776875641892,544.0,612.0,2.58
750,1776875641903,546.0,601.0,2.58
751,1776875641914,544.0,607.0,2.58
752,1776875641925,544.0,576.0,2.58
753,1776875641936,544.0,567.0,2.58
754,1776875641947,546.0,565.0,2.58
755,1776875641958,542.0,547.0,2.58
756,1776875641969,540.0,557.0,2.58
757,1776875641980,541.0,539.0,2.58
758,1776875641991,547.0,540.0,2.58
759,1776875642002,546.0,540.0,2.58
760,1776875642013,543.0,545.0,2.58
761,1776875642024,545.0,548.0,2.58
762,1776875642035,543.0,543.0,2.58
763,1776875642046,541.0,552.0,2.58
764,1776875642057,518.0,559.0,2.58
765,1776875642068,488.0,554.0,2.58
766,1776875642079,474.0,552.0,2.58
767,1776875642090,604.0,540.0,2.58
768,1776875642101,761.0,555.0,2.58
769,1776875642112,803.0,522.0,2.58
770,1776875642123,618.0,518.0,2.58
771,1776875642134,463.0,528.0,2.58
772,1776875642145,441.0,503.0,2.58
773,1776875642156,434.0,497.0,2.58
774,1776875642167,472.0,502.0,2.58
775,1776875642178,494.0,482.0,2.58
776,1776875642189,502.0,478.0,2.58
777,1776875642200,516.0,472.0,2.58
778,1776875642211,521.0,461.0,2.58
779,1776875642222,524.0,465.0,2.58
780,1776875642233,528.0,475.0,2.58
781,1776875642244,527.0,451.0,2.58
782,1776875642255,530.0,457.0,2.58
783,1776875642266,524.0,453.0,2.58
784,1776875642277,529.0,448.0,2.58
785,1776875642288,525.0,457.0,2.58
786,1776875642299,529.0,451.0,2.58
787,1776875642310,533.0,452.0,2.58
788,1776875642321,545.0,458.0,2.58
789,1776875642332,551.0,453.0,2.58
790,1776875642343,557.0,447.0,2.58
791,1776875642354,565.0,459.0,2.58
792,1776875642365,569.0,459.0,2.58
793,1776875642376,565.0,448.0,2.58
794,1776875642387,568.0,458.0,2.58
795,1776875642398,563.0,443.0,2.58
796,1776875642409,557.0,440.0,2.58
797,1776875642420,554.0,454.0,2.58
798,1776875642431,560.0,437.0,2.58
799,1776875642442,543.0,432.0,2.58
800,1776875642453,548.0,452.0,2.58
801,1776875642464,547.0,427.0,2.58
802,1776875642475,544.0,420.0,2.58
803,1776875642486,541.0,440.0,2.58
804,1776875642497,545.0,415.0,2.58
805,1776875642508,547.0,431.0,2.58
806,1776875642519,544.0,427.0,2.58
807,1776875642530,544.0,453.0,2.58
808,1776875642541,543.0,434.0,2.58
809,1776875642552,543.0,438.0,2.58
810,1776875642563,545.0,633.0,2.58
811,1776875642574,542.0,539.0,2.58
812,1776875642585,541.0,563.0,2.58
813,1776875642596,545.0,762.0,2.58
814,1776875642607,537.0,692.0,2.58
815,1776875642618,546.0,723.0,2.58
816,1776875642629,544.0,747.0,2.58
817,1776875642640,542.0,753.0,2.58
818,1776875642651,545.0,716.0,2.58
819,1776875642662,537.0,670.0,2.58
820,1776875642673,541.0,707.0,2.58
821,1776875642684,538.0,637.0,2.58
822,1776875642695,542.0,605.0,2.58
823,1776875642706,545.0,633.0,2.58
824,1776875642717,547.0,581.0,2.58
825,1776875642728,543.0,566.0,2.58
826,1776875642739,545.0,580.0,2.58
827,1776875642750,542.0,542.0,2.58
828,1776875642761,544.0,538.0,2.58
829,1776875642772,542.0,547.0,2.58
830,1776875642783,536.0,535.0,2.58
831,1776875642794,495.0,525.0,2.58
832,1776875642805,470.0,534.0,2.58
833,1776875642816,491.0,547.0,2.58
834,1776875642827,698.0,550.0,2.58
835,1776875642838,836.0,549.0,2.58
836,1776875642849,681.0,559.0,2.58
837,1776875642860,517.0,559.0,2.58
838,1776875642871,448.0,558.0,2.58
839,1776875642882,427.0,549.0,2.58
840,1776875642893,463.0,552.0,2.58
841,1776875642904,476.0,553.0,2.58
842,1776875642915,504.0,526.0,2.58
843,1776875642926,512.0,537.0,2.58
844,1776875642937,518.0,540.0,2.58
845,1776875642948,522.0,504.0,2.58
846,1776875642959,527.0,520.0,2.58
847,1776875642970,525.0,511.0,2.58
848,1776875642981,525.0,479.0,2.58
849,1776875642992,529.0,499.0,2.58
850,1776875643003,524.0,484.0,2.58
851,1776875643015,522.0,459.0,2.58
852,1776875643025,525.0,475.0,2.58
853,1776875643036,529.0,473.0,2.58
854,1776875643047,536.0,462.0,2.58
855,1776875643058,551.0,467.0,2.58
856,1776875643069,560.0,460.0,2.58
857,1776875643080,564.0,468.0,2.58
858,1776875643091,570.0,472.0,2.58
859,1776875643102,569.0,464.0,2.58
860,1776875643113,567.0,471.0,2.58
861,1776875643124,567.0,471.0,2.58
862,1776875643135,557.0,461.0,2.58
863,1776875643146,561.0,468.0,2.58
864,1776875643157,555.0,468.0,2.58
865,1776875643168,551.0,453.0,2.58
866,1776875643179,551.0,465.0,2.58
867,1776875643190,545.0,463.0,2.58
868,1776875643201,546.0,449.0,2.58
869,1776875643212,543.0,466.0,2.58
870,1776875643223,544.0,454.0,2.58
871,1776875643234,544.0,448.0,2.58
872,1776875643245,544.0,459.0,2.58
873,1776875643256,541.0,487.0,2.58
874,1776875643267,540.0,539.0,2.58
875,1776875643278,547.0,469.0,2.58
876,1776875643289,545.0,630.0,2.58
877,1776875643300,542.0,720.0,2.58
878,1776875643311,542.0,600.0,2.58
879,1776875643322,543.0,771.0,2.58
880,1776875643333,545.0,798.0,2.58
881,1776875643343,548.0,748.0,2.58
882,1776875643355,547.0,763.0,2.58
883,1776875643366,543.0,757.0,2.58
884,1776875643377,543.0,763.0,2.58
885,1776875643388,541.0,699.0,2.58
886,1776875643398,539.0,696.0,2.58
887,1776875643410,543.0,698.0,2.58
888,1776875643421,544.0,642.0,2.58
889,1776875643431,545.0,644.0,2.58
890,1776875643443,544.0,641.0,2.58
891,1776875643453,547.0,613.0,2.58
892,1776875643464,542.0,617.0,2.58
893,1776875643476,552.0,612.0,2.58
894,1776875643486,548.0,582.0,2.58
895,1776875643498,545.0,588.0,2.58
896,1776875643509,528.0,588.0,2.58
897,1776875643519,496.0,581.0,2.58
898,1776875643530,465.0,582.0,2.58
899,1776875643541,571.0,573.0,2.58
900,1776875643552,743.0,599.0,2.58
901,1776875643563,858.0,591.0,2.58
902,1776875643574,643.0,608.0,2.58
903,1776875643585,449.0,603.0,2.58
904,1776875643596,426.0,602.0,2.58
905,1776875643607,428.0,595.0,2.58
906,1776875643618,465.0,588.0,2.58
907,1776875643629,478.0,593.0,2.58
908,1776875643640,496.0,570.0,2.58
909,1776875643651,510.0,571.0,2.58
910,1776875643662,514.0,575.0,2.58
911,1776875643673,522.0,543.0,2.58
912,1776875643684,525.0,550.0,2.58
913,1776875643695,523.0,543.0,2.58
914,1776875643706,525.0,521.0,2.58
915,1776875643717,520.0,533.0,2.58
916,1776875643728,520.0,528.0,2.58
917,1776875643739,517.0,508.0,2.58
918,1776875643750,519.0,517.0,2.58
919,1776875643761,527.0,516.0,2.58
920,1776875643774,533.0,500.0,2.58
921,1776875643783,551.0,505.0,2.58
922,1776875643794,566.0,505.0,2.58
923,1776875643805,574.0,505.0,2.58
924,1776875643816,581.0,506.0,2.58
925,1776875643827,574.0,503.0,2.58
926,1776875643838,572.0,505.0,2.58
927,1776875643849,566.0,508.0,2.58
928,1776875643860,561.0,504.0,2.58
929,1776875643871,559.0,504.0,2.58
930,1776875643882,552.0,507.0,2.58
931,1776875643893,546.0,508.0,2.58
932,1776875643904,545.0,498.0,2.58
933,1776875643915,546.0,507.0,2.58
934,1776875643926,545.0,490.0,2.58
935,1776875643937,545.0,484.0,2.58
936,1776875643948,545.0,497.0,2.58
937,1776875643959,545.0,513.0,2.58
938,1776875643970,547.0,525.0,2.58
939,1776875643981,550.0,500.0,2.58
940,1776875643992,550.0,663.0,2.58
941,1776875644003,551.0,714.0,2.58
942,1776875644014,547.0,585.0,2.58
943,1776875644025,544.0,649.0,2.58
944,1776875644036,544.0,840.0,2.58
945,1776875644047,544.0,764.0,2.58
946,1776875644058,544.0,803.0,2.58
947,1776875644069,540.0,838.0,2.58
948,1776875644080,542.0,820.0,2.58
949,1776875644091,541.0,816.0,2.58
950,1776875644102,543.0,770.0,2.58
951,1776875644113,546.0,775.0,2.58
952,1776875644124,544.0,734.0,2.58
953,1776875644135,545.0,715.0,2.58
954,1776875644146,544.0,704.0,2.58
955,1776875644157,546.0,696.0,2.58
956,1776875644168,546.0,689.0,2.58
957,1776875644179,543.0,681.0,2.58
958,1776875644190,537.0,667.0,2.58
959,1776875644201,539.0,672.0,2.58
960,1776875644212,544.0,651.0,2.58
961,1776875644223,541.0,644.0,2.58
962,1776875644234,546.0,644.0,2.58
963,1776875644245,549.0,636.0,2.58
964,1776875644256,549.0,636.0,2.58
965,1776875644267,544.0,629.0,2.58
966,1776875644278,544.0,640.0,2.58
967,1776875644289,547.0,636.0,2.58
968,1776875644300,547.0,625.0,2.58
969,1776875644311,517.0,632.0,2.58
970,1776875644322,477.0,629.0,2.58
971,1776875644333,488.0,629.0,2.58
972,1776875644344,633.0,613.0,2.58
973,1776875644355,806.0,602.0,2.58
974,1776875644366,744.0,608.0,2.58
975,1776875644377,541.0,587.0,2.58
976,1776875644388,438.0,581.0,2.58
977,1776875644399,423.0,589.0,2.58
978,1776875644410,451.0,564.0,2.58
979,1776875644421,467.0,560.0,2.58
980,1776875644432,486.0,556.0,2.58
981,1776875644443,501.0,548.0,2.58
982,1776875644454,513.0,547.0,2.58
983,1776875644465,521.0,543.0,2.58
984,1776875644476,524.0,542.0,2.58
985,1776875644487,528.0,538.0,2.58
986,1776875644498,529.0,536.0,2.58
987,1776875644509,529.0,533.0,2.58
988,1776875644520,525.0,529.0,2.58
989,1776875644531,522.0,530.0,2.58
990,1776875644542,522.0,527.0,2.58
991,1776875644553,526.0,527.0,2.58
992,1776875644564,535.0,527.0,2.58
993,1776875644575,538.0,525.0,2.58
994,1776875644586,554.0,525.0,2.58
995,1776875644597,565.0,526.0,2.58
996,1776875644608,572.0,525.0,2.58
997,1776875644619,572.0,528.0,2.58
998,1776875644630,570.0,521.0,2.58
999,1776875644641,567.0,516.0,2.58
1000,1776875644652,564.0,522.0,2.58
1001,1776875644663,558.0,510.0,2.58
1002,1776875644674,558.0,502.0,2.58
1003,1776875644685,552.0,513.0,2.58
1004,1776875644696,548.0,499.0,2.58
1005,1776875644707,546.0,494.0,2.58
1006,1776875644718,541.0,505.0,2.58
1007,1776875644729,548.0,483.0,2.58
1008,1776875644740,544.0,479.0,2.58
1009,1776875644751,539.0,493.0,2.58
1010,1776875644762,540.0,512.0,2.58
1011,1776875644773,547.0,563.0,2.58
1012,1776875644784,544.0,497.0,2.58
1013,1776875644795,547.0,614.0,2.58
1014,1776875644806,543.0,764.0,2.58
1015,1776875644818,543.0,611.0,2.58
1016,1776875644828,547.0,803.0,2.58
1017,1776875644839,542.0,888.0,2.58
1018,1776875644850,542.0,799.0,2.58
1019,1776875644861,546.0,858.0,2.58
1020,1776875644872,546.0,854.0,2.58
1021,1776875644883,543.0,834.0,2.58
1022,1776875644894,544.0,802.0,2.58
1023,1776875644905,544.0,804.0,2.58
1024,1776875644916,545.0,764.0,2.58
1025,1776875644927,546.0,748.0,2.58
1026,1776875644938,545.0,746.0,2.58
1027,1776875644949,547.0,736.0,2.58
1028,1776875644960,542.0,732.0,2.58
1029,1776875644971,542.0,718.0,2.58
1030,1776875644982,545.0,708.0,2.58
1031,1776875644993,543.0,701.0,2.58
1032,1776875645004,542.0,702.0,2.58
1033,1776875645015,541.0,686.0,2.58
1034,1776875645026,542.0,673.0,2.58
1035,1776875645037,541.0,671.0,2.58
1036,1776875645048,540.0,663.0,2.58
1037,1776875645059,543.0,661.0,2.58
1038,1776875645070,533.0,650.0,2.58
1039,1776875645081,541.0,656.0,2.58
1040,1776875645092,542.0,658.0,2.58
1041,1776875645103,543.0,646.0,2.58
1042,1776875645114,542.0,643.0,2.58
1043,1776875645125,542.0,638.0,2.58
1044,1776875645136,540.0,627.0,2.58
1045,1776875645147,539.0,614.0,2.58
1046,1776875645158,538.0,610.0,2.58
1047,1776875645169,542.0,616.0,2.58
1048,1776875645180,540.0,586.0,2.58
1049,1776875645191,544.0,583.0,2.58
1050,1776875645202,544.0,565.0,2.58
1051,1776875645213,545.0,558.0,2.58
1052,1776875645224,544.0,563.0,2.58
1053,1776875645235,545.0,547.0,2.58
1054,1776875645246,544.0,538.0,2.58
1055,1776875645257,539.0,547.0,2.58
1056,1776875645268,512.0,526.0,2.58
1057,1776875645279,471.0,525.0,2.58
1058,1776875645289,518.0,535.0,2.58
1059,1776875645301,686.0,530.0,2.58
1060,1776875645311,820.0,507.0,2.58
1061,1776875645323,704.0,516.0,2.58
1062,1776875645333,489.0,502.0,2.58
1063,1776875645344,437.0,499.0,2.58
1064,1776875645355,419.0,507.0,2.58
1065,1776875645366,463.0,497.0,2.58
1066,1776875645378,477.0,493.0,2.58
1067,1776875645388,497.0,506.0,2.58
1068,1776875645399,499.0,484.0,2.58
1069,1776875645411,518.0,477.0,2.58
1070,1776875645421,524.0,495.0,2.58
1071,1776875645432,524.0,473.0,2.58
1072,1776875645443,529.0,469.0,2.58
1073,1776875645454,528.0,473.0,2.58
1074,1776875645465,526.0,463.0,2.58
1075,1776875645476,525.0,459.0,2.58
1076,1776875645487,522.0,460.0,2.58
1077,1776875645498,524.0,452.0,2.58
1078,1776875645509,532.0,452.0,2.58
1079,1776875645520,533.0,464.0,2.58
1080,1776875645531,543.0,442.0,2.58
1081,1776875645542,557.0,440.0,2.58
1082,1776875645553,562.0,459.0,2.58
1083,1776875645564,569.0,441.0,2.58
1084,1776875645575,572.0,436.0,2.58
1085,1776875645586,567.0,444.0,2.58
1086,1776875645597,567.0,432.0,2.58
1087,1776875645608,564.0,429.0,2.58
1088,1776875645619,558.0,435.0,2.58
1089,1776875645630,553.0,423.0,2.58
1090,1776875645641,549.0,419.0,2.58
1091,1776875645652,549.0,424.0,2.58
1092,1776875645663,545.0,416.0,2.58
1093,1776875645674,547.0,421.0,2.58
1094,1776875645685,542.0,416.0,2.58
1095,1776875645696,546.0,416.0,2.58
1096,1776875645707,544.0,441.0,2.58
1097,1776875645718,542.0,478.0,2.58
1098,1776875645729,550.0,522.0,2.58
1099,1776875645740,544.0,456.0,2.58
1100,1776875645751,544.0,663.0,2.58
1101,1776875645762,548.0,674.0,2.58
1102,1776875645773,545.0,760.0,2.58
1103,1776875645784,547.0,812.0,2.58
1104,1776875645795,546.0,777.0,2.58
1105,1776875645806,546.0,772.0,2.58
1106,1776875645817,545.0,788.0,2.58
1107,1776875645828,541.0,786.0,2.58
1108,1776875645839,543.0,746.0,2.58
1109,1776875645850,548.0,720.0,2.58
1110,1776875645861,547.0,730.0,2.58
1111,1776875645872,544.0,690.0,2.58
1112,1776875645883,546.0,680.0,2.58
1113,1776875645894,547.0,678.0,2.58
1114,1776875645905,546.0,667.0,2.58
1115,1776875645916,540.0,663.0,2.58
1116,1776875645927,548.0,658.0,2.58
1117,1776875645938,547.0,649.0,2.58
1118,1776875645949,540.0,629.0,2.58
1119,1776875645960,541.0,641.0,2.58
1120,1776875645971,538.0,607.0,2.58
1121,1776875645982,543.0,602.0,2.58
1122,1776875645993,539.0,614.0,2.58
1123,1776875646004,543.0,604.0,2.58
1124,1776875646015,542.0,605.0,2.58
1125,1776875646026,544.0,598.0,2.58
1126,1776875646037,538.0,602.0,2.58
1127,1776875646048,537.0,600.0,2.58
1128,1776875646059,538.0,601.0,2.58
1129,1776875646070,544.0,595.0,2.58
1130,1776875646081,545.0,584.0,2.58
1131,1776875646092,544.0,593.0,2.58
1132,1776875646103,546.0,574.0,2.58
1133,1776875646114,543.0,563.0,2.58
1134,1776875646125,546.0,576.0,2.58
1135,1776875646136,549.0,545.0,2.58
1136,1776875646148,546.0,542.0,2.58
1137,1776875646158,548.0,549.0,2.58
1138,1776875646169,511.0,527.0,2.58
1139,1776875646180,476.0,520.0,2.58
1140,1776875646191,478.0,527.0,2.58
1141,1776875646202,651.0,509.0,2.58
1142,1776875646213,778.0,512.0,2.58
1143,1776875646224,767.0,510.0,2.58
1144,1776875646235,582.0,506.0,2.58
1145,1776875646246,457.0,506.0,2.58
1146,1776875646257,431.0,503.0,2.58
1147,1776875646268,447.0,503.0,2.58
1148,1776875646279,473.0,503.0,2.58
1149,1776875646290,493.0,500.0,2.58
1150,1776875646301,503.0,502.0,2.58
1151,1776875646312,516.0,505.0,2.58
1152,1776875646323,519.0,492.0,2.58
1153,1776875646334,526.0,492.0,2.58
1154,1776875646345,527.0,496.0,2.58
1155,1776875646356,525.0,487.0,2.58
1156,1776875646367,530.0,483.0,2.58
1157,1776875646378,524.0,492.0,2.58
1158,1776875646389,521.0,475.0,2.58
1159,1776875646400,525.0,473.0,2.58
1160,1776875646411,527.0,484.0,2.58
1161,1776875646422,536.0,470.0,2.58
1162,1776875646433,535.0,474.0,2.58
1163,1776875646444,548.0,478.0,2.58
1164,1776875646455,563.0,463.0,2.58
1165,1776875646466,572.0,476.0,2.58
1166,1776875646477,570.0,459.0,2.58
1167,1776875646488,570.0,460.0,2.58
1168,1776875646499,568.0,472.0,2.58
1169,1776875646510,563.0,459.0,2.58
1170,1776875646521,558.0,457.0,2.58
1171,1776875646532,557.0,461.0,2.58
1172,1776875646543,551.0,455.0,2.58
1173,1776875646554,552.0,455.0,2.58
1174,1776875646565,545.0,461.0,2.58
1175,1776875646576,545.0,451.0,2.58
1176,1776875646587,546.0,451.0,2.58
1177,1776875646598,542.0,462.0,2.58
1178,1776875646609,545.0,447.0,2.58
1179,1776875646620,545.0,460.0,2.58
1180,1776875646631,549.0,457.0,2.58
1181,1776875646642,540.0,517.0,2.58
1182,1776875646653,542.0,586.0,2.58
1183,1776875646664,547.0,493.0,2.58
1184,1776875646675,544.0,712.0,2.58
1185,1776875646686,543.0,770.0,2.58
1186,1776875646697,548.0,633.0,2.58
1187,1776875646708,548.0,810.0,2.58
1188,1776875646719,546.0,808.0,2.58
1189,1776875646730,544.0,771.0,2.58
1190,1776875646741,540.0,786.0,2.58
1191,1776875646752,546.0,747.0,2.58
1192,1776875646763,542.0,743.0,2.58
1193,1776875646774,540.0,698.0,2.58
1194,1776875646785,544.0,685.0,2.58
1195,1776875646796,544.0,682.0,2.58
1196,1776875646807,542.0,665.0,2.58
1197,1776875646818,547.0,656.0,2.58
1198,1776875646829,542.0,652.0,2.58
1199,1776875646840,544.0,645.0,2.58
1200,1776875646851,541.0,636.0,2.58
1201,1776875646862,537.0,623.0,2.58
1202,1776875646873,544.0,614.0,2.58
1203,1776875646884,540.0,614.0,2.58
1204,1776875646895,539.0,601.0,2.58
1205,1776875646906,541.0,598.0,2.58
1206,1776875646917,539.0,596.0,2.58
1207,1776875646928,543.0,603.0,2.58
1208,1776875646939,544.0,612.0,2.58
1209,1776875646950,540.0,598.0,2.58
1210,1776875646961,547.0,603.0,2.58
1211,1776875646972,549.0,597.0,2.58
1212,1776875646983,541.0,600.0,2.58
1213,1776875646994,527.0,588.0,2.58
1214,1776875647005,495.0,583.0,2.58
1215,1776875647015,474.0,583.0,2.58
1216,1776875647026,541.0,561.0,2.58
1217,1776875647037,733.0,551.0,2.58
1218,1776875647049,848.0,560.0,2.58
1219,1776875647059,686.0,538.0,2.58
1220,1776875647070,481.0,533.0,2.58
1221,1776875647082,437.0,542.0,2.58
1222,1776875647092,427.0,517.0,2.58
1223,1776875647103,460.0,514.0,2.58
1224,1776875647115,481.0,523.0,2.58
1225,1776875647125,499.0,514.0,2.58
1226,1776875647138,503.0,507.0,2.58
1227,1776875647147,516.0,514.0,2.58
1228,1776875647158,526.0,508.0,2.58
1229,1776875647169,525.0,509.0,2.58
1230,1776875647180,525.0,512.0,2.58
1231,1776875647191,530.0,501.0,2.58
1232,1776875647202,523.0,509.0,2.58
1233,1776875647213,521.0,491.0,2.58
1234,1776875647224,516.0,489.0,2.58
1235,1776875647235,518.0,504.0,2.58
1236,1776875647246,524.0,486.0,2.58
1237,1776875647257,533.0,485.0,2.58
1238,1776875647268,542.0,494.0,2.58
1239,1776875647279,559.0,479.0,2.58
1240,1776875647290,569.0,476.0,2.58
1241,1776875647301,580.0,491.0,2.58
1242,1776875647312,579.0,473.0,2.58
1243,1776875647323,576.0,469.0,2.58
1244,1776875647334,569.0,480.0,2.58
1245,1776875647345,560.0,465.0,2.58
1246,1776875647356,561.0,459.0,2.58
1247,1776875647367,556.0,461.0,2.58
1248,1776875647378,549.0,452.0,2.58
1249,1776875647389,546.0,451.0,2.58
1250,1776875647400,541.0,452.0,2.58
1251,1776875647411,546.0,443.0,2.58
1252,1776875647422,543.0,448.0,2.58
1253,1776875647433,542.0,446.0,2.58
1254,1776875647444,544.0,451.0,2.58
1255,1776875647455,545.0,456.0,2.58
1256,1776875647466,541.0,503.0,2.58
1257,1776875647477,541.0,544.0,2.58
1258,1776875647488,547.0,514.0,2.58
1259,1776875647499,545.0,662.0,2.58
1260,1776875647510,549.0,723.0,2.58
1261,1776875647521,544.0,758.0,2.58
1262,1776875647532,545.0,744.0,2.58
1263,1776875647543,544.0,797.0,2.58
1264,1776875647554,546.0,779.0,2.58
1265,1776875647565,544.0,763.0,2.58
1266,1776875647576,545.0,750.0,2.58
1267,1776875647587,542.0,747.0,2.58
1268,1776875647598,544.0,745.0,2.58
1269,1776875647609,544.0,683.0,2.58
1270,1776875647620,539.0,683.0,2.58
1271,1776875647631,541.0,656.0,2.58
1272,1776875647642,541.0,646.0,2.58
1273,1776875647653,542.0,645.0,2.58
1274,1776875647664,542.0,632.0,2.58
1275,1776875647675,545.0,622.0,2.58
1276,1776875647686,541.0,627.0,2.58
1277,1776875647697,542.0,600.0,2.58
1278,1776875647708,541.0,589.0,2.58
1279,1776875647719,547.0,600.0,2.58
1280,1776875647730,544.0,577.0,2.58
1281,1776875647741,543.0,573.0,2.58
1282,1776875647752,537.0,574.0,2.58
1283,1776875647763,545.0,574.0,2.58
1284,1776875647774,541.0,572.0,2.58
1285,1776875647785,547.0,572.0,2.58
1286,1776875647796,541.0,569.0,2.58
1287,1776875647807,545.0,566.0,2.58
1288,1776875647818,545.0,567.0,2.58
1289,1776875647829,544.0,555.0,2.58
1290,1776875647840,546.0,548.0,2.58
1291,1776875647851,544.0,545.0,2.58
1292,1776875647862,544.0,527.0,2.58
1293,1776875647873,510.0,517.0,2.58
1294,1776875647884,483.0,516.0,2.58
1295,1776875647895,470.0,504.0,2.58
1296,1776875647906,662.0,506.0,2.58
1297,1776875647917,813.0,498.0,2.58
1298,1776875647928,807.0,494.0,2.58
1299,1776875647939,570.0,495.0,2.58
1300,1776875647950,428.0,488.0,2.58
1301,1776875647961,414.0,484.0,2.58
1302,1776875647972,435.0,493.0,2.58
1303,1776875647983,460.0,477.0,2.58
1304,1776875647994,490.0,475.0,2.58
1305,1776875648005,500.0,490.0,2.58
1306,1776875648016,511.0,469.0,2.58
1307,1776875648027,516.0,469.0,2.58
1308,1776875648038,524.0,480.0,2.58
1309,1776875648049,524.0,468.0,2.58
1310,1776875648060,526.0,463.0,2.58
1311,1776875648071,524.0,471.0,2.58
1312,1776875648082,525.0,460.0,2.58
1313,1776875648093,518.0,460.0,2.58
1314,1776875648104,516.0,459.0,2.58
1315,1776875648115,524.0,457.0,2.58
1316,1776875648126,529.0,455.0,2.58
1317,1776875648137,539.0,453.0,2.58
1318,1776875648148,552.0,445.0,2.58
1319,1776875648159,569.0,454.0,2.58
1320,1776875648170,578.0,446.0,2.58
1321,1776875648181,581.0,442.0,2.58
1322,1776875648192,576.0,446.0,2.58
1323,1776875648203,577.0,437.0,2.58
1324,1776875648214,565.0,433.0,2.58
1325,1776875648225,564.0,447.0,2.58
1326,1776875648236,559.0,432.0,2.58
1327,1776875648247,552.0,420.0,2.58
1328,1776875648258,549.0,445.0,2.58
1329,1776875648269,545.0,422.0,2.58
1330,1776875648280,548.0,415.0,2.58
1331,1776875648291,544.0,436.0,2.58
1332,1776875648302,540.0,410.0,2.58
1333,1776875648313,540.0,423.0,2.58
1334,1776875648324,546.0,429.0,2.58
1335,1776875648335,545.0,483.0,2.58
1336,1776875648346,545.0,545.0,2.58
1337,1776875648357,544.0,450.0,2.58
1338,1776875648368,544.0,682.0,2.58
1339,1776875648379,542.0,742.0,2.58
1340,1776875648390,544.0,623.0,2.58
1341,1776875648401,546.0,802.0,2.58
1342,1776875648412,543.0,809.0,2.58
1343,1776875648423,552.0,759.0,2.58
1344,1776875648434,544.0,772.0,2.58
1345,1776875648445,540.0,759.0,2.58
1346,1776875648456,542.0,742.0,2.58
1347,1776875648467,544.0,713.0,2.58
1348,1776875648478,548.0,698.0,2.58
1349,1776875648489,546.0,692.0,2.58
1350,1776875648500,544.0,682.0,2.58
1351,1776875648511,539.0,679.0,2.58
1352,1776875648522,541.0,670.0,2.58
1353,1776875648533,539.0,673.0,2.58
1354,1776875648544,543.0,668.0,2.58
1355,1776875648555,546.0,660.0,2.58
1356,1776875648566,545.0,644.0,2.58
1357,1776875648577,540.0,635.0,2.58
1358,1776875648588,540.0,625.0,2.58
1359,1776875648599,542.0,606.0,2.58
1360,1776875648610,542.0,599.0,2.58
1361,1776875648621,541.0,599.0,2.58
1362,1776875648632,541.0,594.0,2.58
1363,1776875648643,545.0,589.0,2.58
1364,1776875648654,543.0,592.0,2.58
1365,1776875648665,547.0,593.0,2.58
1366,1776875648676,542.0,588.0,2.58
1367,1776875648687,544.0,585.0,2.58
1368,1776875648698,540.0,578.0,2.58
1369,1776875648709,543.0,585.0,2.58
1370,1776875648720,546.0,580.0,2.58
1371,1776875648731,541.0,552.0,2.58
1372,1776875648742,539.0,537.0,2.58
1373,1776875648752,542.0,528.0,2.58
1374,1776875648764,537.0,537.0,2.58
1375,1776875648774,538.0,514.0,2.58
1376,1776875648785,540.0,511.0,2.58
1377,1776875648796,544.0,520.0,2.58
1378,1776875648807,546.0,503.0,2.58
1379,1776875648819,541.0,498.0,2.58
1380,1776875648829,547.0,503.0,2.58
1381,1776875648840,542.0,498.0,2.58
1382,1776875648851,543.0,490.0,2.58
1383,1776875648862,545.0,498.0,2.58
1384,1776875648873,545.0,488.0,2.58
1385,1776875648884,521.0,481.0,2.58
1386,1776875648895,485.0,495.0,2.58
1387,1776875648906,478.0,473.0,2.58
1388,1776875648917,643.0,468.0,2.58
1389,1776875648928,764.0,484.0,2.58
1390,1776875648939,791.0,468.0,2.58
1391,1776875648950,575.0,462.0,2.58
1392,1776875648961,439.0,477.0,2.58
1393,1776875648972,428.0,457.0,2.58
1394,1776875648983,444.0,456.0,2.58
1395,1776875648994,464.0,467.0,2.58
1396,1776875649005,490.0,454.0,2.58
1397,1776875649016,500.0,447.0,2.58
1398,1776875649027,511.0,465.0,2.58
1399,1776875649038,519.0,445.0,2.58
1400,1776875649049,529.0,444.0,2.58
1401,1776875649060,525.0,457.0,2.58
1402,1776875649071,529.0,441.0,2.58
1403,1776875649082,522.0,436.0,2.58
1404,1776875649093,524.0,453.0,2.58
1405,1776875649104,517.0,431.0,2.58
1406,1776875649115,521.0,427.0,2.58
1407,1776875649126,519.0,439.0,2.58
1408,1776875649137,528.0,424.0,2.58
1409,1776875649148,534.0,423.0,2.58
1410,1776875649159,547.0,426.0,2.58
1411,1776875649170,558.0,421.0,2.58
1412,1776875649181,571.0,421.0,2.58
1413,1776875649192,577.0,421.0,2.58
1414,1776875649203,578.0,416.0,2.58
1415,1776875649214,578.0,417.0,2.58
1416,1776875649225,568.0,420.0,2.58
1417,1776875649236,563.0,414.0,2.58
1418,1776875649247,558.0,423.0,2.58
1419,1776875649258,550.0,413.0,2.58
1420,1776875649269,551.0,408.0,2.58
1421,1776875649280,556.0,421.0,2.58
1422,1776875649291,546.0,403.0,2.58
1423,1776875649302,547.0,399.0,2.58
1424,1776875649313,541.0,419.0,2.58
1425,1776875649324,548.0,404.0,2.58
1426,1776875649335,543.0,427.0,2.58
1427,1776875649346,546.0,418.0,2.58
1428,1776875649357,547.0,498.0,2.58
1429,1776875649368,544.0,586.0,2.58
1430,1776875649379,544.0,478.0,2.58
1431,1776875649390,545.0,713.0,2.58
1432,1776875649401,547.0,768.0,2.58
1433,1776875649412,546.0,643.0,2.58
1434,1776875649423,545.0,796.0,2.58
1435,1776875649434,545.0,792.0,2.58
1436,1776875649445,546.0,765.0,2.58
1437,1776875649456,547.0,753.0,2.58
1438,1776875649467,548.0,725.0,2.58
1439,1776875649478,547.0,732.0,2.58
1440,1776875649489,545.0,676.0,2.58
1441,1776875649500,547.0,690.0,2.58
1442,1776875649511,541.0,668.0,2.58
1443,1776875649522,544.0,661.0,2.58
1444,1776875649533,540.0,655.0,2.58
1445,1776875649544,541.0,657.0,2.58
1446,1776875649555,541.0,647.0,2.58
1447,1776875649566,538.0,644.0,2.58
1448,1776875649577,535.0,627.0,2.58
1449,1776875649588,536.0,619.0,2.58
1450,1776875649599,540.0,624.0,2.58
1451,1776875649610,540.0,612.0,2.58
1452,1776875649621,540.0,617.0,2.58
1453,1776875649632,543.0,606.0,2.58
1454,1776875649643,539.0,614.0,2.58
1455,1776875649654,540.0,629.0,2.58
1456,1776875649665,545.0,611.0,2.58
1457,1776875649676,544.0,630.0,2.58
1458,1776875649687,546.0,623.0,2.58
1459,1776875649698,546.0,619.0,2.58
1460,1776875649709,539.0,611.0,2.58
1461,1776875649720,539.0,602.0,2.58
1462,1776875649731,543.0,598.0,2.58
1463,1776875649742,545.0,583.0,2.58
1464,1776875649753,542.0,579.0,2.58
1465,1776875649764,547.0,576.0,2.58
1466,1776875649775,540.0,568.0,2.58
1467,1776875649786,542.0,565.0,2.58
1468,1776875649797,538.0,564.0,2.58
1469,1776875649808,543.0,557.0,2.58
1470,1776875649819,546.0,560.0,2.58
1471,1776875649830,543.0,558.0,2.58
1472,1776875649841,543.0,555.0,2.58
1473,1776875649852,544.0,556.0,2.58
1474,1776875649863,542.0,559.0,2.58
1475,1776875649874,548.0,561.0,2.58
1476,1776875649885,544.0,556.0,2.58
1477,1776875649896,543.0,566.0,2.58
1478,1776875649907,515.0,569.0,2.58
1479,1776875649918,473.0,561.0,2.58
1480,1776875649929,480.0,576.0,2.58
1481,1776875649940,614.0,577.0,2.58
1482,1776875649951,761.0,571.0,2.58
1483,1776875649962,748.0,582.0,2.58
1484,1776875649973,577.0,584.0,2.58
1485,1776875649984,464.0,575.0,2.58
1486,1776875649995,439.0,591.0,2.58
1487,1776875650006,453.0,594.0,2.58
1488,1776875650017,476.0,585.0,2.58
1489,1776875650028,494.0,584.0,2.58
1490,1776875650039,507.0,608.0,2.58
1491,1776875650050,522.0,597.0,2.58
1492,1776875650061,523.0,617.0,2.58
1493,1776875650072,532.0,628.0,2.58
1494,1776875650083,529.0,609.0,2.58
1495,1776875650094,532.0,641.0,2.58
1496,1776875650105,534.0,649.0,2.58
1497,1776875650116,527.0,623.0,2.58
1498,1776875650127,526.0,658.0,2.58
1499,1776875650138,525.0,657.0,2.58
1500,1776875650149,530.0,641.0,2.58
1501,1776875650160,536.0,651.0,2.58
1502,1776875650171,545.0,658.0,2.58
1503,1776875650182,560.0,646.0,2.58
1504,1776875650193,571.0,665.0,2.58
1505,1776875650204,581.0,666.0,2.58
1506,1776875650215,579.0,657.0,2.58
1507,1776875650226,580.0,671.0,2.58
1508,1776875650237,576.0,666.0,2.58
1509,1776875650248,568.0,653.0,2.58
1510,1776875650259,561.0,664.0,2.58
1511,1776875650270,562.0,655.0,2.58
1512,1776875650281,553.0,669.0,2.58
1513,1776875650292,553.0,668.0,2.58
1514,1776875650303,548.0,663.0,2.58
1515,1776875650314,546.0,663.0,2.58
1516,1776875650325,547.0,661.0,2.58
1517,1776875650336,545.0,653.0,2.58
1518,1776875650347,542.0,656.0,2.58
1519,1776875650358,541.0,663.0,2.58
1520,1776875650369,539.0,646.0,2.58
1521,1776875650380,540.0,735.0,2.58
1522,1776875650391,538.0,730.0,2.58
1523,1776875650402,536.0,849.0,2.58
1524,1776875650413,538.0,920.0,2.58
1525,1776875650424,538.0,856.0,2.58
1526,1776875650435,537.0,992.0,2.58
1527,1776875650446,541.0,1005.0,2.58
1528,1776875650457,539.0,956.0,2.58
1529,1776875650468,543.0,958.0,2.58
1530,1776875650479,537.0,971.0,2.58
1531,1776875650490,537.0,967.0,2.58
1532,1776875650501,544.0,942.0,2.58
1533,1776875650512,542.0,916.0,2.58
1534,1776875650523,536.0,901.0,2.58
1535,1776875650534,538.0,873.0,2.58
1536,1776875650545,538.0,856.0,2.58
1537,1776875650556,531.0,845.0,2.58
1538,1776875650567,535.0,827.0,2.58
1539,1776875650578,534.0,818.0,2.58
1540,1776875650589,543.0,801.0,2.58
1541,1776875650600,546.0,794.0,2.58
1542,1776875650611,534.0,785.0,2.58
1543,1776875650622,536.0,774.0,2.58
1544,1776875650633,541.0,773.0,2.58
1545,1776875650644,546.0,779.0,2.58
1546,1776875650654,548.0,751.0,2.58
1547,1776875650665,547.0,776.0,2.58
1548,1776875650677,543.0,780.0,2.58
1549,1776875650688,542.0,753.0,2.58
1550,1776875650698,547.0,777.0,2.58
1551,1776875650709,545.0,773.0,2.58
1552,1776875650721,543.0,747.0,2.58
1553,1776875650731,547.0,758.0,2.58
1554,1776875650743,519.0,751.0,2.58
1555,1776875650754,482.0,745.0,2.58
1556,1776875650764,470.0,717.0,2.58
1557,1776875650775,571.0,707.0,2.58
1558,1776875650786,762.0,705.0,2.58
1559,1776875650797,791.0,677.0,2.58
1560,1776875650808,647.0,662.0,2.58
1561,1776875650819,462.0,660.0,2.58
1562,1776875650830,431.0,646.0,2.58
1563,1776875650841,448.0,634.0,2.58
1564,1776875650852,463.0,624.0,2.58
1565,1776875650863,480.0,614.0,2.58
1566,1776875650874,496.0,615.0,2.58
1567,1776875650885,515.0,605.0,2.58
1568,1776875650896,516.0,601.0,2.58
1569,1776875650907,516.0,600.0,2.58
1570,1776875650918,525.0,590.0,2.58
1571,1776875650929,527.0,593.0,2.58
1572,1776875650940,523.0,589.0,2.58
1573,1776875650951,517.0,590.0,2.58
1574,1776875650962,509.0,591.0,2.58
1575,1776875650973,509.0,587.0,2.58
1576,1776875650984,508.0,587.0,2.58
1577,1776875650995,519.0,588.0,2.58
1578,1776875651006,536.0,589.0,2.58
1579,1776875651017,552.0,591.0,2.58
1580,1776875651028,572.0,594.0,2.58
1581,1776875651039,587.0,588.0,2.58
1582,1776875651050,584.0,593.0,2.58
1583,1776875651061,578.0,594.0,2.58
1584,1776875651072,577.0,590.0,2.58
1585,1776875651083,579.0,584.0,2.58
1586,1776875651094,576.0,584.0,2.58
1587,1776875651105,561.0,579.0,2.58
1588,1776875651116,559.0,574.0,2.58
1589,1776875651127,550.0,576.0,2.58
1590,1776875651138,546.0,574.0,2.58
1591,1776875651149,539.0,574.0,2.58
1592,1776875651160,540.0,571.0,2.58
1593,1776875651171,541.0,581.0,2.58
1594,1776875651182,544.0,590.0,2.58
1595,1776875651193,531.0,578.0,2.58
1596,1776875651204,540.0,619.0,2.58
1597,1776875651215,544.0,656.0,2.58
1598,1776875651226,544.0,603.0,2.58
1599,1776875651237,539.0,726.0,2.58
1600,1776875651248,541.0,763.0,2.58
1601,1776875651259,543.0,669.0,2.58
1602,1776875651270,537.0,803.0,2.58
1603,1776875651281,537.0,807.0,2.58
1604,1776875651292,537.0,760.0,2.58
1605,1776875651303,537.0,781.0,2.58
1606,1776875651314,534.0,780.0,2.58
1607,1776875651325,537.0,776.0,2.58
1608,1776875651336,540.0,742.0,2.58
1609,1776875651347,548.0,726.0,2.58
1610,1776875651358,557.0,734.0,2.58
1611,1776875651370,563.0,696.0,2.58
1612,1776875651380,561.0,688.0,2.58
1613,1776875651391,564.0,685.0,2.58
1614,1776875651402,564.0,672.0,2.58
1615,1776875651413,556.0,667.0,2.58
1616,1776875651424,554.0,672.0,2.58
1617,1776875651435,558.0,686.0,2.58
1618,1776875651446,551.0,679.0,2.58
1619,1776875651457,545.0,707.0,2.58
1620,1776875651468,544.0,731.0,2.58
1621,1776875651479,543.0,714.0,2.58
1622,1776875651490,550.0,784.0,2.58
1623,1776875651501,530.0,815.0,2.58
1624,1776875651512,487.0,830.0,2.58
1625,1776875651523,462.0,803.0,2.58
1626,1776875651534,572.0,843.0,2.58
1627,1776875651545,736.0,826.0,2.58
1628,1776875651556,842.0,815.0,2.58
1629,1776875651567,629.0,740.0,2.58
1630,1776875651578,452.0,717.0,2.58
1631,1776875651589,418.0,633.0,2.58
1632,1776875651600,424.0,570.0,2.58
1633,1776875651611,459.0,586.0,2.58
1634,1776875651622,481.0,525.0,2.58
1635,1776875651633,492.0,512.0,2.58
1636,1776875651644,502.0,523.0,2.58
1637,1776875651655,517.0,535.0,2.58
1638,1776875651666,531.0,550.0,2.58
1639,1776875651677,526.0,530.0,2.58
1640,1776875651688,528.0,566.0,2.58
1641,1776875651699,539.0,562.0,2.58
1642,1776875651710,540.0,559.0,2.58
1643,1776875651721,533.0,563.0,2.58
1644,1776875651732,526.0,558.0,2.58
1645,1776875651743,526.0,558.0,2.58
1646,1776875651754,535.0,574.0,2.58
1647,1776875651765,545.0,592.0,2.58
1648,1776875651776,547.0,620.0,2.58
1649,1776875651787,559.0,626.0,2.58
1650,1776875651798,568.0,605.0,2.58
1651,1776875651809,578.0,609.0,2.58
1652,1776875651820,573.0,653.0,2.58
1653,1776875651831,576.0,633.0,2.58
1654,1776875651842,567.0,661.0,2.58
1655,1776875651853,561.0,659.0,2.58
1656,1776875651864,564.0,645.0,2.58
1657,1776875651875,554.0,653.0,2.58
1658,1776875651886,553.0,642.0,2.58
1659,1776875651897,545.0,648.0,2.58
1660,1776875651908,542.0,615.0,2.58
1661,1776875651919,543.0,601.0,2.58
1662,1776875651930,537.0,611.0,2.58
1663,1776875651941,537.0,569.0,2.58
1664,1776875651952,538.0,567.0,2.58
1665,1776875651963,543.0,580.0,2.58
1666,1776875651974,536.0,601.0,2.58
1667,1776875651985,540.0,633.0,2.58
1668,1776875651996,542.0,564.0,2.58
1669,1776875652007,543.0,729.0,2.58
1670,1776875652018,542.0,781.0,2.58
1671,1776875652029,540.0,656.0,2.58
1672,1776875652040,535.0,859.0,2.58
1673,1776875652051,542.0,878.0,2.58
1674,1776875652062,542.0,797.0,2.58
1675,1776875652073,543.0,872.0,2.58
1676,1776875652084,541.0,884.0,2.58
1677,1776875652095,540.0,863.0,2.58
1678,1776875652106,543.0,860.0,2.58
1679,1776875652117,528.0,846.0,2.58
1680,1776875652128,541.0,832.0,2.58
1681,1776875652139,548.0,815.0,2.58
1682,1776875652150,547.0,802.0,2.58
1683,1776875652161,548.0,779.0,2.58
1684,1776875652172,551.0,784.0,2.58
1685,1776875652183,547.0,771.0,2.58
1686,1776875652194,545.0,764.0,2.58
1687,1776875652205,546.0,760.0,2.58
1688,1776875652216,549.0,751.0,2.58
1689,1776875652227,511.0,740.0,2.58
1690,1776875652238,469.0,767.0,2.58
1691,1776875652249,487.0,741.0,2.58
1692,1776875652260,637.0,784.0,2.58
1693,1776875652271,815.0,788.0,2.58
1694,1776875652282,720.0,755.0,2.58
1695,1776875652293,544.0,792.0,2.58
1696,1776875652304,451.0,789.0,2.58
1697,1776875652315,429.0,764.0,2.58
1698,1776875652326,461.0,766.0,2.58
1699,1776875652337,474.0,766.0,2.58
1700,1776875652348,488.0,760.0,2.58
1701,1776875652359,507.0,749.0,2.58
1702,1776875652370,520.0,744.0,2.58
1703,1776875652381,523.0,732.0,2.58
1704,1776875652392,527.0,736.0,2.58
1705,1776875652403,527.0,728.0,2.58
1706,1776875652414,528.0,720.0,2.58
1707,1776875652425,520.0,716.0,2.58
1708,1776875652436,526.0,708.0,2.58
1709,1776875652447,521.0,701.0,2.58
1710,1776875652458,521.0,691.0,2.58
1711,1776875652469,525.0,684.0,2.58
1712,1776875652480,530.0,680.0,2.58
1713,1776875652491,542.0,669.0,2.58
1714,1776875652502,554.0,663.0,2.58
1715,1776875652513,567.0,663.0,2.58
1716,1776875652524,563.0,657.0,2.58
1717,1776875652535,570.0,657.0,2.58
1718,1776875652546,565.0,650.0,2.58
1719,1776875652557,567.0,648.0,2.58
1720,1776875652568,566.0,640.0,2.58
1721,1776875652579,561.0,641.0,2.58
1722,1776875652590,557.0,637.0,2.58
1723,1776875652601,551.0,636.0,2.58
1724,1776875652612,546.0,635.0,2.58
1725,1776875652623,543.0,632.0,2.58
1726,1776875652634,547.0,628.0,2.58
1727,1776875652645,546.0,615.0,2.58
1728,1776875652656,543.0,614.0,2.58
1729,1776875652667,541.0,616.0,2.58
1730,1776875652677,543.0,620.0,2.58
1731,1776875652689,543.0,640.0,2.58
1732,1776875652699,548.0,660.0,2.58
1733,1776875652711,549.0,723.0,2.58
1734,1776875652721,550.0,755.0,2.58
1735,1776875652733,547.0,783.0,2.58
1736,1776875652743,549.0,859.0,2.58
1737,1776875652754,548.0,831.0,2.58
1738,1776875652766,548.0,872.0,2.58
1739,1776875652776,548.0,890.0,2.58
1740,1776875652787,548.0,865.0,2.58
1741,1776875652798,545.0,852.0,2.58
1742,1776875652809,542.0,859.0,2.58
1743,1776875652820,540.0,841.0,2.58
1744,1776875652832,542.0,835.0,2.58
1745,1776875652842,536.0,824.0,2.58
1746,1776875652853,538.0,809.0,2.58
1747,1776875652864,541.0,807.0,2.58
1748,1776875652875,547.0,796.0,2.58
1749,1776875652886,542.0,785.0,2.58
1750,1776875652897,541.0,781.0,2.58
1751,1776875652908,545.0,766.0,2.58
1752,1776875652919,547.0,761.0,2.58
1753,1776875652930,545.0,751.0,2.58
1754,1776875652941,530.0,747.0,2.58
1755,1776875652952,505.0,731.0,2.58
1756,1776875652963,470.0,758.0,2.58
1757,1776875652974,511.0,758.0,2.58
1758,1776875652985,714.0,723.0,2.58
1759,1776875652996,808.0,764.0,2.58
1760,1776875653007,725.0,771.0,2.58
1761,1776875653018,510.0,739.0,2.58
1762,1776875653029,446.0,743.0,2.58
1763,1776875653040,425.0,764.0,2.58
1764,1776875653051,458.0,741.0,2.58
1765,1776875653062,476.0,748.0,2.58
1766,1776875653073,498.0,746.0,2.58
1767,1776875653084,501.0,736.0,2.58
1768,1776875653095,519.0,731.0,2.58
1769,1776875653106,523.0,729.0,2.58
1770,1776875653117,526.0,714.0,2.58
1771,1776875653128,527.0,724.0,2.58
1772,1776875653139,529.0,720.0,2.58
1773,1776875653150,528.0,703.0,2.58
1774,1776875653161,526.0,711.0,2.58
1775,1776875653172,527.0,710.0,2.58
1776,1776875653183,523.0,702.0,2.58
1777,1776875653194,531.0,705.0,2.58
1778,1776875653205,540.0,704.0,2.58
1779,1776875653216,548.0,700.0,2.58
1780,1776875653227,557.0,701.0,2.58
1781,1776875653238,571.0,698.0,2.58
1782,1776875653249,572.0,703.0,2.58
1783,1776875653260,573.0,704.0,2.58
1784,1776875653271,570.0,697.0,2.58
1785,1776875653282,564.0,704.0,2.58
1786,1776875653293,563.0,703.0,2.58
1787,1776875653304,555.0,684.0,2.58
1788,1776875653315,550.0,696.0,2.58
1789,1776875653326,546.0,688.0,2.58
1790,1776875653337,542.0,682.0,2.58
1791,1776875653348,543.0,685.0,2.58
1792,1776875653359,545.0,675.0,2.58
1793,1776875653370,539.0,672.0,2.58
1794,1776875653381,541.0,668.0,2.58
1795,1776875653392,539.0,661.0,2.58
1796,1776875653403,545.0,688.0,2.58
1797,1776875653414,541.0,722.0,2.58
1798,1776875653425,544.0,674.0,2.58
1799,1776875653436,544.0,801.0,2.58
1800,1776875653447,544.0,863.0,2.58
1801,1776875653458,548.0,756.0,2.58
1802,1776875653469,544.0,923.0,2.58
1803,1776875653480,541.0,944.0,2.58
1804,1776875653491,545.0,869.0,2.58
1805,1776875653502,546.0,880.0,2.58
1806,1776875653513,548.0,939.0,2.58
1807,1776875653524,547.0,917.0,2.58
1808,1776875653535,547.0,906.0,2.58
1809,1776875653546,541.0,888.0,2.58
1810,1776875653557,545.0,875.0,2.58
1811,1776875653568,545.0,860.0,2.58
1812,1776875653579,545.0,850.0,2.58
1813,1776875653590,543.0,832.0,2.58
1814,1776875653601,544.0,833.0,2.58
1815,1776875653612,545.0,821.0,2.58
1816,1776875653623,539.0,806.0,2.58
1817,1776875653634,542.0,794.0,2.58
1818,1776875653645,547.0,777.0,2.58
1819,1776875653656,545.0,776.0,2.58
1820,1776875653667,526.0,758.0,2.58
1821,1776875653678,483.0,752.0,2.58
1822,1776875653689,469.0,741.0,2.58
1823,1776875653700,560.0,756.0,2.58
1824,1776875653711,757.0,759.0,2.58
1825,1776875653722,824.0,734.0,2.58
1826,1776875653733,624.0,756.0,2.58
1827,1776875653745,476.0,758.0,2.58
1828,1776875653755,431.0,747.0,2.58
1829,1776875653766,431.0,753.0,2.58
1830,1776875653777,465.0,752.0,2.58
1831,1776875653788,477.0,732.0,2.58
1832,1776875653799,495.0,722.0,2.58
1833,1776875653810,514.0,714.0,2.58
1834,1776875653821,516.0,696.0,2.58
1835,1776875653832,521.0,691.0,2.58
1836,1776875653843,525.0,686.0,2.58
1837,1776875653854,523.0,676.0,2.58
1838,1776875653865,524.0,670.0,2.58
1839,1776875653876,524.0,667.0,2.58
1840,1776875653887,515.0,664.0,2.58
1841,1776875653898,519.0,659.0,2.58
1842,1776875653909,519.0,652.0,2.58
1843,1776875653920,528.0,656.0,2.58
1844,1776875653931,534.0,645.0,2.58
1845,1776875653942,553.0,641.0,2.58
1846,1776875653953,565.0,637.0,2.58
1847,1776875653964,574.0,636.0,2.58
1848,1776875653975,583.0,634.0,2.58
1849,1776875653986,577.0,630.0,2.58
1850,1776875653997,572.0,628.0,2.58
1851,1776875654008,569.0,621.0,2.58
1852,1776875654019,562.0,620.0,2.58
1853,1776875654030,561.0,621.0,2.58
1854,1776875654041,552.0,618.0,2.58
1855,1776875654052,550.0,611.0,2.58
1856,1776875654063,543.0,614.0,2.58
1857,1776875654074,544.0,608.0,2.58
1858,1776875654085,547.0,595.0,2.58
1859,1776875654096,545.0,596.0,2.58
1860,1776875654107,544.0,595.0,2.58
1861,1776875654118,544.0,600.0,2.58
1862,1776875654129,547.0,589.0,2.58
1863,1776875654140,543.0,662.0,2.58
1864,1776875654151,546.0,706.0,2.58
1865,1776875654162,544.0,632.0,2.58
1866,1776875654173,544.0,776.0,2.58
1867,1776875654184,549.0,813.0,2.58
1868,1776875654195,545.0,737.0,2.58
1869,1776875654206,541.0,826.0,2.58
1870,1776875654217,544.0,822.0,2.58
1871,1776875654228,546.0,796.0,2.58
1872,1776875654239,544.0,788.0,2.58
1873,1776875654250,541.0,766.0,2.58
1874,1776875654261,543.0,775.0,2.58
1875,1776875654272,542.0,732.0,2.58
1876,1776875654283,545.0,716.0,2.58
1877,1776875654294,544.0,723.0,2.58
1878,1776875654305,536.0,693.0,2.58
1879,1776875654316,545.0,683.0,2.58
1880,1776875654327,542.0,680.0,2.58
1881,1776875654338,542.0,663.0,2.58
1882,1776875654349,540.0,657.0,2.58
1883,1776875654360,539.0,651.0,2.58
1884,1776875654371,534.0,637.0,2.58
1885,1776875654382,543.0,636.0,2.58
1886,1776875654393,544.0,632.0,2.58
1887,1776875654404,547.0,625.0,2.58
1888,1776875654415,541.0,625.0,2.58
1889,1776875654426,546.0,618.0,2.58
1890,1776875654437,545.0,624.0,2.58
1891,1776875654448,543.0,617.0,2.58
1892,1776875654459,544.0,623.0,2.58
1893,1776875654470,543.0,615.0,2.58
1894,1776875654481,544.0,613.0,2.58
1895,1776875654492,508.0,612.0,2.58
1896,1776875654503,471.0,598.0,2.58
1897,1776875654514,513.0,597.0,2.58
1898,1776875654525,687.0,593.0,2.58
1899,1776875654536,814.0,588.0,2.58
1900,1776875654547,724.0,584.0,2.58
1901,1776875654558,500.0,574.0,2.58
1902,1776875654569,435.0,568.0,2.58
1903,1776875654580,414.0,569.0,2.58
1904,1776875654591,459.0,554.0,2.58
1905,1776875654602,467.0,544.0,2.58
1906,1776875654613,494.0,552.0,2.58
1907,1776875654624,501.0,538.0,2.58
1908,1776875654635,514.0,530.0,2.58
1909,1776875654646,519.0,542.0,2.58
1910,1776875654657,522.0,528.0,2.58
1911,1776875654668,525.0,522.0,2.58
1912,1776875654680,529.0,527.0,2.58
1913,1776875654690,529.0,513.0,2.58
1914,1776875654701,522.0,509.0,2.58
1915,1776875654712,523.0,519.0,2.58
1916,1776875654723,517.0,504.0,2.58
1917,1776875654734,528.0,500.0,2.58
1918,1776875654744,533.0,512.0,2.58
1919,1776875654756,544.0,492.0,2.58
1920,1776875654767,554.0,494.0,2.58
1921,1776875654778,572.0,502.0,2.58
1922,1776875654789,570.0,496.0,2.58
1923,1776875654799,577.0,491.0,2.58
1924,1776875654811,573.0,491.0,2.58
1925,1776875654822,569.0,480.0,2.58
1926,1776875654832,565.0,492.0,2.58
1927,1776875654844,558.0,479.0,2.58
1928,1776875654854,556.0,475.0,2.58
1929,1776875654865,555.0,485.0,2.58
1930,1776875654877,550.0,471.0,2.58
1931,1776875654887,544.0,475.0,2.58
1932,1776875654898,551.0,475.0,2.58
1933,1776875654910,548.0,466.0,2.58
1934,1776875654920,543.0,470.0,2.58
1935,1776875654931,541.0,495.0,2.58
1936,1776875654942,547.0,525.0,2.58
1937,1776875654953,543.0,565.0,2.58
1938,1776875654964,546.0,611.0,2.58
1939,1776875654976,551.0,687.0,2.58
1940,1776875654986,545.0,682.0,2.58
1941,1776875654997,547.0,594.0,2.58
1942,1776875655008,544.0,745.0,2.58
1943,1776875655019,544.0,792.0,2.58
1944,1776875655030,543.0,739.0,2.58
1945,1776875655041,539.0,768.0,2.58
1946,1776875655052,543.0,761.0,2.58
1947,1776875655063,546.0,751.0,2.58
1948,1776875655074,541.0,737.0,2.58
1949,1776875655085,549.0,728.0,2.58
1950,1776875655096,546.0,723.0,2.58
1951,1776875655107,544.0,717.0,2.58
1952,1776875655118,540.0,715.0,2.58
1953,1776875655129,540.0,715.0,2.58
1954,1776875655140,542.0,716.0,2.58
1955,1776875655151,547.0,707.0,2.58
1956,1776875655162,540.0,716.0,2.58
1957,1776875655173,540.0,711.0,2.58
1958,1776875655184,540.0,697.0,2.58
1959,1776875655195,544.0,694.0,2.58
1960,1776875655206,546.0,695.0,2.58
1961,1776875655217,546.0,686.0,2.58
1962,1776875655228,545.0,684.0,2.58
1963,1776875655239,547.0,690.0,2.58
1964,1776875655250,544.0,672.0,2.58
1965,1776875655261,542.0,684.0,2.58
1966,1776875655272,549.0,685.0,2.58
1967,1776875655283,535.0,673.0,2.58
1968,1776875655294,493.0,679.0,2.58
1969,1776875655305,476.0,676.0,2.58
1970,1776875655316,537.0,668.0,2.58
1971,1776875655327,745.0,671.0,2.58
1972,1776875655338,834.0,664.0,2.58
1973,1776875655349,642.0,659.0,2.58
1974,1776875655360,487.0,649.0,2.58
1975,1776875655371,445.0,644.0,2.58
1976,1776875655382,443.0,645.0,2.58
1977,1776875655393,472.0,603.0,2.58
1978,1776875655404,480.0,579.0,2.58
1979,1776875655415,500.0,574.0,2.58
1980,1776875655426,503.0,535.0,2.58
1981,1776875655437,517.0,530.0,2.58
1982,1776875655448,514.0,535.0,2.58
1983,1776875655459,512.0,533.0,2.58
1984,1776875655470,514.0,534.0,2.58
1985,1776875655481,513.0,531.0,2.58
1986,1776875655492,513.0,524.0,2.58
1987,1776875655503,500.0,516.0,2.58
1988,1776875655514,510.0,533.0,2.58
1989,1776875655525,515.0,490.0,2.58
1990,1776875655536,518.0,469.0,2.58
1991,1776875655547,527.0,484.0,2.58
1992,1776875655558,541.0,471.0,2.58
1993,1776875655569,556.0,487.0,2.58
1994,1776875655580,558.0,509.0,2.58
1995,1776875655591,564.0,556.0,2.58
1996,1776875655602,575.0,522.0,2.58
1997,1776875655613,571.0,562.0,2.58
1998,1776875655624,571.0,556.0,2.58
1999,1776875655635,570.0,565.0,2.58
2000,1776875655646,566.0,533.0,2.58
2001,1776875655657,563.0,520.0,2.58
2002,1776875655668,560.0,522.0,2.58
2003,1776875655679,554.0,513.0,2.58
2004,1776875655690,551.0,518.0,2.58
2005,1776875655701,551.0,530.0,2.58
2006,1776875655712,546.0,542.0,2.58
2007,1776875655723,544.0,540.0,2.58
2008,1776875655734,546.0,561.0,2.58
2009,1776875655745,552.0,571.0,2.58
2010,1776875655756,551.0,563.0,2.58
2011,1776875655767,548.0,569.0,2.58
2012,1776875655778,545.0,561.0,2.58
2013,1776875655789,549.0,567.0,2.58
2014,1776875655800,551.0,592.0,2.58
2015,1776875655811,543.0,619.0,2.58
2016,1776875655822,539.0,576.0,2.58
2017,1776875655833,540.0,643.0,2.58
2018,1776875655844,549.0,634.0,2.58
2019,1776875655855,543.0,632.0,2.58
2020,1776875655866,540.0,601.0,2.58
2021,1776875655877,540.0,573.0,2.58
2022,1776875655888,539.0,610.0,2.58
2023,1776875655899,534.0,533.0,2.58
2024,1776875655910,533.0,512.0,2.58
2025,1776875655921,540.0,555.0,2.58
2026,1776875655932,538.0,444.0,2.58
2027,1776875655943,541.0,409.0,2.58
2028,1776875655954,542.0,467.0,2.58
2029,1776875655965,544.0,354.0,2.58
2030,1776875655976,539.0,338.0,2.58
2031,1776875655987,541.0,405.0,2.58
2032,1776875655998,541.0,316.0,2.58
2033,1776875656009,538.0,296.0,2.58
2034,1776875656020,525.0,351.0,2.58
2035,1776875656031,478.0,250.0,2.58
2036,1776875656042,473.0,217.0,2.58
2037,1776875656053,615.0,306.0,2.58
2038,1776875656064,766.0,162.0,2.58
2039,1776875656075,771.0,143.0,2.58
2040,1776875656086,559.0,208.0,2.58
2041,1776875656097,457.0,91.0,2.58
2042,1776875656108,432.0,77.0,2.58
2043,1776875656119,447.0,107.0,2.58
2044,1776875656130,473.0,42.0,2.58
2045,1776875656141,498.0,1023.0,2.58
2046,1776875656152,506.0,743.0,2.58
2047,1776875656163,523.0,1023.0,2.58
2048,1776875656174,520.0,854.0,2.58
2049,1776875656185,529.0,807.0,2.58
2050,1776875656196,528.0,1005.0,2.58
2051,1776875656207,530.0,536.0,2.58
2052,1776875656218,526.0,846.0,2.58
2053,1776875656229,524.0,979.0,2.58
2054,1776875656240,521.0,1023.0,2.58
2055,1776875656251,518.0,956.0,2.58
2056,1776875656262,522.0,936.0,2.58
2057,1776875656273,526.0,1011.0,2.58
2058,1776875656284,536.0,914.0,2.58
2059,1776875656295,547.0,899.0,2.58
2060,1776875656306,568.0,987.0,2.58
2061,1776875656317,573.0,895.0,2.58
2062,1776875656328,574.0,889.0,2.58
2063,1776875656339,572.0,973.0,2.58
2064,1776875656350,567.0,867.0,2.58
2065,1776875656361,565.0,941.0,2.58
2066,1776875656372,563.0,819.0,2.58
2067,1776875656383,558.0,796.0,2.58
2068,1776875656394,556.0,905.0,2.58
2069,1776875656405,553.0,779.0,2.58
2070,1776875656416,551.0,766.0,2.58
2071,1776875656427,553.0,874.0,2.58
2072,1776875656438,550.0,757.0,2.58
2073,1776875656449,552.0,745.0,2.58
2074,1776875656460,550.0,858.0,2.58
2075,1776875656471,554.0,721.0,2.58
2076,1776875656482,553.0,713.0,2.58
2077,1776875656493,554.0,809.0,2.58
2078,1776875656504,551.0,749.0,2.58
2079,1776875656515,553.0,787.0,2.58
2080,1776875656526,554.0,822.0,2.58
2081,1776875656537,554.0,901.0,2.58
2082,1776875656548,551.0,968.0,2.58
2083,1776875656559,546.0,948.0,2.58
2084,1776875656570,544.0,1023.0,2.58
2085,1776875656581,542.0,1023.0,2.58
2086,1776875656592,540.0,1023.0,2.58
2087,1776875656603,540.0,414.0,2.58
2088,1776875656614,539.0,1020.0,2.58
2089,1776875656624,535.0,65.0,2.58
2090,1776875656636,541.0,1008.0,2.58
2091,1776875656647,542.0,1017.0,2.58
2092,1776875656658,539.0,112.0,2.58
2093,1776875656669,540.0,1009.0,2.58
2094,1776875656680,541.0,1015.0,2.58
2095,1776875656691,541.0,425.0,2.58
2096,1776875656702,542.0,1014.0,2.58
2097,1776875656713,544.0,1019.0,2.58
2098,1776875656724,536.0,620.0,2.58
2099,1776875656735,525.0,1015.0,2.58
2100,1776875656745,487.0,958.0,2.58
2101,1776875656757,463.0,757.0,2.58
2102,1776875656768,509.0,998.0,2.58
2103,1776875656779,722.0,1023.0,2.58
2104,1776875656790,851.0,1006.0,2.58
2105,1776875656801,693.0,995.0,2.58
2106,1776875656812,463.0,1023.0,2.58
2107,1776875656823,417.0,1002.0,2.58
2108,1776875656834,423.0,999.0,2.58
2109,1776875656844,455.0,1023.0,2.58
2110,1776875656856,462.0,1002.0,2.58
2111,1776875656867,496.0,992.0,2.58
2112,1776875656877,508.0,1023.0,2.58
2113,1776875656888,509.0,989.0,2.58
2114,1776875656899,516.0,982.0,2.58
2115,1776875656910,521.0,1023.0,2.58
2116,1776875656921,525.0,982.0,2.58
2117,1776875656932,522.0,979.0,2.58
2118,1776875656943,524.0,1023.0,2.58
2119,1776875656954,526.0,986.0,2.58
2120,1776875656965,520.0,989.0,2.58
2121,1776875656976,523.0,1023.0,2.58
2122,1776875656987,526.0,998.0,2.58
2123,1776875656999,540.0,1003.0,2.58
2124,1776875657010,553.0,1023.0,2.58
2125,1776875657020,557.0,1018.0,2.58
2126,1776875657031,574.0,1023.0,2.58
2127,1776875657042,581.0,1023.0,2.58
2128,1776875657053,577.0,1023.0,2.58
2129,1776875657064,575.0,1023.0,2.58
2130,1776875657075,565.0,93.0,2.58
2131,1776875657086,560.0,1023.0,2.58
2132,1776875657097,556.0,1023.0,2.58
2133,1776875657108,553.0,88.0,2.58
2134,1776875657119,564.0,19.0,2.58
2135,1776875657130,555.0,56.0,2.58
2136,1776875657141,551.0,34.0,2.58
2137,1776875657152,553.0,40.0,2.58
2138,1776875657163,546.0,83.0,2.58
2139,1776875657174,546.0,47.0,2.58
2140,1776875657185,549.0,50.0,2.58
2141,1776875657196,545.0,103.0,2.58
2142,1776875657207,545.0,91.0,2.58
2143,1776875657218,542.0,132.0,2.58
2144,1776875657229,540.0,113.0,2.58
2145,1776875657240,545.0,232.0,2.58
2146,1776875657251,543.0,381.0,2.58
2147,1776875657262,547.0,353.0,2.58
2148,1776875657273,541.0,447.0,2.58
2149,1776875657284,549.0,461.0,2.58
2150,1776875657295,537.0,442.0,2.58
2151,1776875657306,552.0,461.0,2.58
2152,1776875657317,547.0,464.0,2.58
2153,1776875657328,545.0,455.0,2.58
2154,1776875657339,545.0,440.0,2.58
2155,1776875657350,545.0,445.0,2.58
2156,1776875657361,547.0,435.0,2.58
2157,1776875657372,544.0,419.0,2.58
2158,1776875657383,539.0,433.0,2.58
2159,1776875657394,537.0,408.0,2.58
2160,1776875657405,537.0,397.0,2.58
2161,1776875657416,544.0,418.0,2.58
2162,1776875657427,537.0,386.0,2.58
2163,1776875657438,544.0,377.0,2.58
2164,1776875657449,530.0,401.0,2.58
2165,1776875657460,503.0,381.0,2.58
2166,1776875657471,478.0,373.0,2.58
2167,1776875657482,508.0,394.0,2.58
2168,1776875657493,677.0,382.0,2.58
2169,1776875657504,827.0,380.0,2.58
2170,1776875657515,721.0,390.0,2.58
2171,1776875657526,502.0,375.0,2.58
2172,1776875657537,453.0,372.0,2.58
2173,1776875657548,433.0,383.0,2.58
2174,1776875657559,471.0,353.0,2.58
2175,1776875657570,481.0,339.0,2.58
2176,1776875657581,498.0,368.0,2.58
2177,1776875657592,500.0,324.0,2.58
2178,1776875657603,516.0,323.0,2.58
2179,1776875657614,520.0,350.0,2.58
2180,1776875657625,522.0,313.0,2.58
2181,1776875657636,525.0,303.0,2.58
2182,1776875657647,527.0,334.0,2.58
2183,1776875657658,522.0,296.0,2.58
2184,1776875657669,527.0,288.0,2.58
2185,1776875657680,522.0,327.0,2.58
2186,1776875657691,523.0,276.0,2.58
2187,1776875657702,528.0,270.0,2.58
2188,1776875657713,535.0,310.0,2.58
2189,1776875657724,547.0,251.0,2.58
2190,1776875657735,561.0,246.0,2.58
2191,1776875657746,569.0,278.0,2.58
2192,1776875657757,577.0,236.0,2.58
2193,1776875657768,575.0,240.0,2.58
2194,1776875657779,572.0,257.0,2.58
2195,1776875657790,564.0,239.0,2.58
2196,1776875657801,565.0,241.0,2.58
2197,1776875657812,561.0,256.0,2.58
2198,1776875657823,556.0,243.0,2.58
2199,1776875657834,551.0,255.0,2.58
2200,1776875657845,552.0,264.0,2.58
2201,1776875657856,547.0,260.0,2.58
2202,1776875657867,548.0,276.0,2.58
2203,1776875657878,546.0,285.0,2.58
2204,1776875657889,548.0,296.0,2.58
2205,1776875657900,551.0,311.0,2.58
2206,1776875657911,546.0,322.0,2.58
2207,1776875657922,547.0,334.0,2.58
2208,1776875657933,549.0,366.0,2.58
2209,1776875657944,543.0,399.0,2.58
2210,1776875657955,550.0,401.0,2.58
2211,1776875657966,546.0,485.0,2.58
2212,1776875657977,544.0,528.0,2.58
2213,1776875657988,546.0,542.0,2.58
2214,1776875657999,545.0,521.0,2.58
2215,1776875658010,545.0,569.0,2.58
2216,1776875658021,541.0,566.0,2.58
2217,1776875658032,548.0,568.0,2.58
2218,1776875658043,541.0,551.0,2.58
2219,1776875658054,542.0,546.0,2.58
2220,1776875658065,546.0,539.0,2.58
2221,1776875658076,541.0,527.0,2.58
2222,1776875658087,545.0,527.0,2.58
2223,1776875658098,547.0,512.0,2.58
2224,1776875658109,545.0,502.0,2.58
2225,1776875658120,545.0,510.0,2.58
2226,1776875658131,540.0,478.0,2.58
2227,1776875658142,542.0,461.0,2.58
2228,1776875658153,544.0,484.0,2.58
2229,1776875658164,540.0,436.0,2.58
2230,1776875658175,512.0,423.0,2.58
2231,1776875658186,478.0,448.0,2.58
2232,1776875658197,474.0,414.0,2.58
2233,1776875658208,593.0,405.0,2.58
2234,1776875658219,771.0,428.0,2.58
2235,1776875658230,750.0,403.0,2.58
2236,1776875658241,588.0,399.0,2.58
2237,1776875658252,455.0,417.0,2.58
2238,1776875658263,426.0,402.0,2.58
2239,1776875658274,455.0,406.0,2.58
2240,1776875658285,467.0,418.0,2.58
2241,1776875658296,488.0,395.0,2.58
2242,1776875658307,503.0,389.0,2.58
2243,1776875658318,523.0,413.0,2.58
2244,1776875658329,522.0,376.0,2.58
2245,1776875658340,533.0,374.0,2.58
2246,1776875658351,528.0,389.0,2.58
2247,1776875658362,528.0,350.0,2.58
2248,1776875658373,526.0,360.0,2.58
2249,1776875658384,526.0,368.0,2.58
2250,1776875658395,519.0,354.0,2.58
2251,1776875658406,522.0,356.0,2.58
2252,1776875658417,522.0,356.0,2.58
2253,1776875658428,531.0,349.0,2.58
2254,1776875658439,539.0,355.0,2.58
2255,1776875658450,553.0,344.0,2.58
2256,1776875658461,558.0,340.0,2.58
2257,1776875658471,569.0,356.0,2.58
2258,1776875658483,580.0,351.0,2.58
2259,1776875658493,580.0,352.0,2.58
2260,1776875658505,573.0,359.0,2.58
2261,1776875658516,570.0,365.0,2.58
2262,1776875658526,564.0,363.0,2.58
2263,1776875658537,557.0,364.0,2.58
2264,1776875658548,558.0,361.0,2.58
2265,1776875658559,549.0,352.0,2.58
2266,1776875658570,549.0,357.0,2.58
2267,1776875658581,548.0,346.0,2.58
2268,1776875658592,548.0,334.0,2.58
2269,1776875658603,543.0,351.0,2.58
2270,1776875658615,542.0,338.0,2.58
2271,1776875658625,541.0,334.0,2.58
2272,1776875658636,544.0,343.0,2.58
2273,1776875658647,540.0,358.0,2.58
2274,1776875658658,541.0,375.0,2.58
2275,1776875658669,546.0,432.0,2.58
2276,1776875658680,548.0,480.0,2.58
2277,1776875658691,542.0,461.0,2.58
2278,1776875658702,538.0,455.0,2.58
2279,1776875658713,538.0,581.0,2.58
2280,1776875658724,547.0,556.0,2.58
2281,1776875658735,542.0,563.0,2.58
2282,1776875658746,543.0,573.0,2.58
2283,1776875658757,545.0,583.0,2.58
2284,1776875658768,550.0,554.0,2.58
2285,1776875658779,546.0,542.0,2.58
2286,1776875658790,545.0,558.0,2.58
2287,1776875658801,543.0,527.0,2.58
2288,1776875658812,544.0,516.0,2.58
2289,1776875658823,545.0,531.0,2.58
2290,1776875658834,546.0,504.0,2.58
2291,1776875658845,546.0,500.0,2.58
2292,1776875658856,543.0,514.0,2.58
2293,1776875658867,503.0,489.0,2.58
2294,1776875658878,475.0,481.0,2.58
2295,1776875658889,511.0,501.0,2.58
2296,1776875658900,647.0,470.0,2.58
2297,1776875658911,847.0,468.0,2.58
2298,1776875658922,703.0,479.0,2.58
2299,1776875658933,510.0,480.0,2.58
2300,1776875658944,462.0,482.0,2.58
2301,1776875658955,440.0,484.0,2.58
2302,1776875658966,478.0,490.0,2.58
2303,1776875658977,487.0,488.0,2.58
2304,1776875658988,504.0,489.0,2.58
2305,1776875658999,511.0,493.0,2.58
2306,1776875659010,523.0,491.0,2.58
2307,1776875659021,528.0,495.0,2.58
2308,1776875659032,527.0,481.0,2.58
2309,1776875659043,525.0,480.0,2.58
2310,1776875659054,527.0,488.0,2.58
2311,1776875659065,524.0,460.0,2.58
2312,1776875659076,514.0,452.0,2.58
2313,1776875659087,506.0,457.0,2.58
2314,1776875659098,501.0,438.0,2.58
2315,1776875659109,504.0,439.0,2.58
2316,1776875659120,507.0,441.0,2.58
2317,1776875659132,524.0,440.0,2.58
2318,1776875659142,531.0,443.0,2.58
2319,1776875659153,546.0,436.0,2.58
2320,1776875659164,554.0,431.0,2.58
2321,1776875659175,555.0,441.0,2.58
2322,1776875659186,556.0,424.0,2.58
2323,1776875659197,553.0,427.0,2.58
2324,1776875659208,551.0,435.0,2.58
2325,1776875659219,550.0,443.0,2.58
2326,1776875659230,547.0,451.0,2.58
2327,1776875659241,548.0,450.0,2.58
2328,1776875659252,546.0,454.0,2.58
2329,1776875659263,550.0,447.0,2.58
2330,1776875659274,554.0,465.0,2.58
2331,1776875659285,558.0,462.0,2.58
2332,1776875659296,563.0,445.0,2.58
2333,1776875659307,568.0,455.0,2.58
2334,1776875659318,571.0,454.0,2.58
2335,1776875659329,571.0,468.0,2.58
2336,1776875659340,568.0,454.0,2.58
2337,1776875659351,569.0,521.0,2.58
2338,1776875659362,563.0,561.0,2.58
2339,1776875659373,568.0,495.0,2.58
2340,1776875659384,561.0,626.0,2.58
2341,1776875659395,561.0,646.0,2.58
2342,1776875659406,560.0,656.0,2.58
2343,1776875659417,555.0,658.0,2.58
2344,1776875659428,551.0,639.0,2.58
2345,1776875659439,547.0,643.0,2.58
2346,1776875659450,547.0,629.0,2.58
2347,1776875659461,545.0,637.0,2.58
2348,1776875659472,547.0,607.0,2.58
2349,1776875659483,541.0,596.0,2.58
2350,1776875659494,541.0,610.0,2.58
2351,1776875659505,541.0,576.0,2.58
2352,1776875659516,539.0,557.0,2.58
2353,1776875659527,526.0,579.0,2.58
2354,1776875659538,504.0,529.0,2.58
2355,1776875659550,469.0,517.0,2.58
2356,1776875659560,458.0,545.0,2.58
2357,1776875659571,581.0,502.0,2.58
2358,1776875659582,766.0,502.0,2.58
2359,1776875659593,756.0,516.0,2.58
2360,1776875659604,574.0,506.0,2.58
2361,1776875659615,435.0,505.0,2.58
2362,1776875659626,420.0,509.0,2.58
2363,1776875659637,442.0,513.0,2.58
2364,1776875659648,466.0,520.0,2.58
2365,1776875659659,490.0,518.0,2.58
2366,1776875659670,505.0,524.0,2.58
2367,1776875659681,514.0,523.0,2.58
2368,1776875659692,516.0,523.0,2.58
2369,1776875659703,529.0,511.0,2.58
2370,1776875659714,535.0,508.0,2.58
2371,1776875659725,531.0,506.0,2.58
2372,1776875659736,529.0,501.0,2.58
2373,1776875659747,530.0,500.0,2.58
2374,1776875659758,528.0,488.0,2.58
2375,1776875659769,531.0,485.0,2.58
2376,1776875659780,540.0,491.0,2.58
2377,1776875659791,541.0,475.0,2.58
2378,1776875659802,558.0,471.0,2.58
2379,1776875659813,567.0,479.0,2.58
2380,1776875659824,573.0,470.0,2.58
2381,1776875659835,581.0,468.0,2.58
2382,1776875659846,583.0,477.0,2.58
2383,1776875659857,574.0,470.0,2.58
2384,1776875659868,575.0,466.0,2.58
2385,1776875659879,570.0,474.0,2.58
2386,1776875659890,558.0,467.0,2.58
2387,1776875659901,555.0,471.0,2.58
2388,1776875659912,549.0,478.0,2.58
2389,1776875659923,542.0,475.0,2.58
2390,1776875659934,532.0,477.0,2.58
2391,1776875659945,536.0,481.0,2.58
2392,1776875659956,531.0,475.0,2.58
2393,1776875659967,535.0,471.0,2.58
2394,1776875659978,533.0,484.0,2.58
2395,1776875659989,533.0,486.0,2.58
2396,1776875660000,534.0,502.0,2.58
2397,1776875660011,531.0,489.0,2.58
2398,1776875660021,536.0,557.0,2.58
2399,1776875660033,534.0,606.0,2.58
2400,1776875660044,536.0,536.0,2.58
2401,1776875660054,541.0,673.0,2.58
2402,1776875660065,544.0,694.0,2.58
2403,1776875660077,538.0,633.0,2.58
2404,1776875660087,541.0,684.0,2.58
2405,1776875660099,535.0,708.0,2.58
2406,1776875660109,543.0,689.0,2.58
2407,1776875660120,547.0,681.0,2.58
2408,1776875660131,541.0,671.0,2.58
2409,1776875660142,542.0,668.0,2.58
2410,1776875660153,549.0,643.0,2.58
2411,1776875660164,551.0,636.0,2.58
2412,1776875660175,548.0,616.0,2.58
2413,1776875660186,554.0,610.0,2.58
2414,1776875660197,552.0,621.0,2.58
2415,1776875660208,553.0,594.0,2.58
2416,1776875660219,516.0,583.0,2.58
2417,1776875660230,488.0,586.0,2.58
2418,1776875660241,504.0,572.0,2.58
2419,1776875660252,625.0,563.0,2.58
2420,1776875660263,818.0,564.0,2.58
2421,1776875660274,723.0,559.0,2.58
2422,1776875660285,507.0,560.0,2.58
2423,1776875660296,449.0,556.0,2.58
2424,1776875660307,432.0,557.0,2.58
2425,1776875660318,466.0,559.0,2.58
2426,1776875660329,476.0,555.0,2.58
2427,1776875660340,499.0,554.0,2.58
2428,1776875660351,503.0,556.0,2.58
2429,1776875660362,515.0,549.0,2.58
2430,1776875660373,516.0,549.0,2.58
2431,1776875660384,522.0,552.0,2.58
2432,1776875660395,527.0,540.0,2.58
2433,1776875660406,523.0,535.0,2.58
2434,1776875660417,520.0,543.0,2.58
2435,1776875660428,516.0,532.0,2.58
2436,1776875660439,517.0,520.0,2.58
2437,1776875660450,519.0,532.0,2.58
2438,1776875660461,528.0,517.0,2.58
2439,1776875660472,530.0,515.0,2.58
2440,1776875660483,542.0,523.0,2.58
2441,1776875660494,557.0,510.0,2.58
2442,1776875660505,570.0,509.0,2.58
2443,1776875660516,568.0,516.0,2.58
2444,1776875660527,575.0,504.0,2.58
2445,1776875660538,571.0,507.0,2.58
2446,1776875660549,562.0,509.0,2.58
2447,1776875660560,568.0,506.0,2.58
2448,1776875660571,559.0,503.0,2.58
2449,1776875660582,555.0,507.0,2.58
2450,1776875660593,556.0,500.0,2.58
2451,1776875660604,552.0,502.0,2.58
2452,1776875660615,550.0,502.0,2.58
2453,1776875660626,548.0,500.0,2.58
2454,1776875660637,550.0,498.0,2.58
2455,1776875660648,548.0,504.0,2.58
2456,1776875660659,547.0,497.0,2.58
2457,1776875660670,546.0,509.0,2.58
2458,1776875660681,546.0,499.0,2.58
2459,1776875660692,547.0,562.0,2.58
2460,1776875660704,547.0,592.0,2.58
2461,1776875660714,548.0,556.0,2.58
2462,1776875660725,543.0,663.0,2.58
2463,1776875660736,541.0,685.0,2.58
2464,1776875660747,542.0,623.0,2.58
2465,1776875660759,541.0,698.0,2.58
2466,1776875660769,542.0,705.0,2.58
2467,1776875660780,543.0,686.0,2.58
2468,1776875660791,538.0,682.0,2.58
2469,1776875660802,537.0,673.0,2.58
2470,1776875660813,540.0,658.0,2.58
2471,1776875660824,542.0,643.0,2.58
2472,1776875660835,541.0,641.0,2.58
2473,1776875660846,543.0,623.0,2.58
2474,1776875660857,543.0,617.0,2.58
2475,1776875660868,542.0,615.0,2.58
2476,1776875660879,549.0,601.0,2.58
2477,1776875660890,544.0,592.0,2.58
2478,1776875660901,530.0,597.0,2.58
2479,1776875660912,505.0,575.0,2.58
2480,1776875660923,481.0,578.0,2.58
2481,1776875660934,569.0,563.0,2.58
2482,1776875660945,724.0,544.0,2.58
2483,1776875660956,846.0,558.0,2.58
2484,1776875660967,655.0,554.0,2.58
2485,1776875660978,469.0,561.0,2.58
2486,1776875660989,444.0,561.0,2.58
2487,1776875661000,434.0,555.0,2.58
2488,1776875661011,475.0,558.0,2.58
2489,1776875661022,492.0,558.0,2.58
2490,1776875661033,503.0,551.0,2.58
2491,1776875661044,513.0,548.0,2.58
2492,1776875661055,519.0,549.0,2.58
2493,1776875661066,528.0,543.0,2.58
2494,1776875661077,526.0,536.0,2.58
2495,1776875661088,529.0,537.0,2.58
2496,1776875661099,526.0,531.0,2.58
2497,1776875661110,523.0,523.0,2.58
2498,1776875661121,518.0,529.0,2.58
2499,1776875661132,522.0,516.0,2.58
2500,1776875661143,521.0,514.0,2.58
2501,1776875661154,531.0,518.0,2.58
2502,1776875661165,539.0,507.0,2.58
2503,1776875661176,545.0,504.0,2.58
2504,1776875661187,561.0,513.0,2.58
2505,1776875661198,568.0,505.0,2.58
2506,1776875661209,571.0,498.0,2.58
2507,1776875661220,571.0,509.0,2.58
2508,1776875661231,567.0,494.0,2.58
2509,1776875661242,561.0,496.0,2.58
2510,1776875661253,564.0,508.0,2.58
2511,1776875661264,556.0,493.0,2.58
2512,1776875661275,552.0,494.0,2.58
2513,1776875661286,547.0,502.0,2.58
2514,1776875661297,550.0,496.0,2.58
2515,1776875661308,546.0,493.0,2.58
2516,1776875661319,544.0,495.0,2.58
2517,1776875661330,545.0,490.0,2.58
2518,1776875661341,544.0,493.0,2.58
2519,1776875661352,543.0,496.0,2.58
2520,1776875661363,544.0,508.0,2.58
2521,1776875661374,547.0,526.0,2.58
2522,1776875661385,548.0,558.0,2.58
2523,1776875661396,546.0,605.0,2.58
2524,1776875661407,546.0,595.0,2.58
2525,1776875661418,549.0,657.0,2.58
2526,1776875661429,544.0,689.0,2.58
2527,1776875661440,542.0,662.0,2.58
2528,1776875661451,542.0,658.0,2.58
2529,1776875661462,539.0,690.0,2.58
2530,1776875661473,538.0,685.0,2.58
2531,1776875661484,539.0,667.0,2.58
2532,1776875661495,539.0,657.0,2.58
2533,1776875661506,544.0,649.0,2.58
2534,1776875661517,541.0,636.0,2.58
2535,1776875661528,541.0,625.0,2.58
2536,1776875661539,545.0,615.0,2.58
2537,1776875661550,542.0,611.0,2.58
2538,1776875661561,547.0,601.0,2.58
2539,1776875661572,545.0,601.0,2.58
2540,1776875661583,542.0,589.0,2.58
2541,1776875661594,511.0,578.0,2.58
2542,1776875661605,484.0,584.0,2.58
2543,1776875661616,479.0,573.0,2.58
2544,1776875661626,621.0,567.0,2.58
2545,1776875661638,798.0,572.0,2.58
2546,1776875661649,772.0,572.0,2.58
2547,1776875661659,574.0,568.0,2.58
2548,1776875661671,459.0,564.0,2.58
2549,1776875661681,426.0,573.0,2.58
2550,1776875661692,456.0,567.0,2.58
2551,1776875661704,473.0,568.0,2.58
2552,1776875661714,499.0,571.0,2.58
2553,1776875661726,505.0,570.0,2.58
2554,1776875661736,516.0,563.0,2.58
2555,1776875661747,521.0,556.0,2.58
2556,1776875661758,527.0,562.0,2.58
2557,1776875661769,529.0,546.0,2.58
2558,1776875661780,530.0,543.0,2.58
2559,1776875661791,522.0,548.0,2.58
2560,1776875661802,524.0,535.0,2.58
2561,1776875661813,522.0,530.0,2.58
2562,1776875661824,518.0,538.0,2.58
2563,1776875661835,522.0,523.0,2.58
2564,1776875661846,535.0,521.0,2.58
2565,1776875661857,542.0,530.0,2.58
2566,1776875661868,552.0,519.0,2.58
2567,1776875661879,564.0,515.0,2.58
2568,1776875661890,570.0,523.0,2.58
2569,1776875661901,574.0,512.0,2.58
2570,1776875661912,572.0,511.0,2.58
2571,1776875661923,572.0,509.0,2.58
2572,1776875661934,566.0,510.0,2.58
2573,1776875661945,562.0,507.0,2.58
2574,1776875661956,555.0,510.0,2.58
2575,1776875661967,549.0,509.0,2.58
2576,1776875661978,546.0,507.0,2.58
2577,1776875661989,548.0,513.0,2.58
2578,1776875662000,542.0,501.0,2.58
2579,1776875662011,542.0,502.0,2.58
2580,1776875662022,545.0,505.0,2.58
2581,1776875662033,546.0,498.0,2.58
2582,1776875662044,544.0,507.0,2.58
2583,1776875662055,542.0,521.0,2.58
2584,1776875662066,542.0,552.0,2.58
2585,1776875662077,547.0,575.0,2.58
2586,1776875662088,547.0,598.0,2.58
2587,1776875662099,543.0,653.0,2.58
2588,1776875662110,543.0,652.0,2.58
2589,1776875662121,541.0,677.0,2.58
2590,1776875662132,539.0,702.0,2.58
2591,1776875662143,542.0,681.0,2.58
2592,1776875662154,542.0,680.0,2.58
2593,1776875662165,541.0,682.0,2.58
2594,1776875662176,542.0,681.0,2.58
2595,1776875662187,537.0,659.0,2.58
2596,1776875662198,543.0,647.0,2.58
2597,1776875662209,542.0,649.0,2.58
2598,1776875662220,541.0,627.0,2.58
2599,1776875662231,545.0,614.0,2.58
2600,1776875662242,540.0,622.0,2.58
2601,1776875662253,545.0,598.0,2.58
2602,1776875662264,548.0,587.0,2.58
2603,1776875662275,543.0,598.0,2.58
2604,1776875662286,547.0,573.0,2.58
2605,1776875662297,549.0,568.0,2.58
2606,1776875662308,540.0,577.0,2.58
2607,1776875662319,518.0,564.0,2.58
2608,1776875662330,482.0,566.0,2.58
2609,1776875662341,489.0,562.0,2.58
2610,1776875662352,616.0,573.0,2.58
2611,1776875662363,781.0,572.0,2.58
2612,1776875662374,750.0,570.0,2.58
2613,1776875662385,542.0,575.0,2.58
2614,1776875662396,450.0,572.0,2.58
2615,1776875662407,426.0,567.0,2.58
2616,1776875662418,453.0,567.0,2.58
2617,1776875662429,473.0,567.0,2.58
2618,1776875662440,489.0,562.0,2.58
2619,1776875662451,509.0,557.0,2.58
2620,1776875662462,513.0,557.0,2.58
2621,1776875662473,521.0,545.0,2.58
2622,1776875662484,523.0,543.0,2.58
2623,1776875662495,529.0,550.0,2.58
2624,1776875662506,528.0,541.0,2.58
2625,1776875662517,525.0,535.0,2.58
2626,1776875662528,524.0,540.0,2.58
2627,1776875662539,522.0,528.0,2.58
2628,1776875662550,522.0,529.0,2.58
2629,1776875662561,529.0,535.0,2.58
2630,1776875662572,532.0,514.0,2.58
2631,1776875662583,539.0,518.0,2.58
2632,1776875662594,557.0,524.0,2.58
2633,1776875662605,570.0,518.0,2.58
2634,1776875662616,575.0,514.0,2.58
2635,1776875662627,572.0,520.0,2.58
2636,1776875662638,572.0,514.0,2.58
2637,1776875662649,564.0,518.0,2.58
2638,1776875662660,561.0,518.0,2.58
2639,1776875662671,557.0,517.0,2.58
2640,1776875662682,553.0,518.0,2.58
2641,1776875662693,545.0,513.0,2.58
2642,1776875662704,551.0,503.0,2.58
2643,1776875662715,544.0,511.0,2.58
2644,1776875662726,547.0,510.0,2.58
2645,1776875662737,548.0,504.0,2.58
2646,1776875662748,544.0,512.0,2.58
2647,1776875662759,540.0,508.0,2.58
2648,1776875662770,545.0,523.0,2.58
2649,1776875662781,544.0,513.0,2.58
2650,1776875662792,543.0,575.0,2.58
2651,1776875662803,548.0,617.0,2.58
2652,1776875662814,544.0,562.0,2.58
2653,1776875662825,547.0,680.0,2.58
2654,1776875662836,547.0,708.0,2.58
2655,1776875662847,542.0,651.0,2.58
2656,1776875662858,546.0,716.0,2.58
2657,1776875662869,543.0,710.0,2.58
2658,1776875662880,544.0,699.0,2.58
2659,1776875662891,540.0,691.0,2.58
2660,1776875662902,543.0,674.0,2.58
2661,1776875662913,550.0,683.0,2.58
2662,1776875662924,540.0,652.0,2.58
2663,1776875662935,544.0,643.0,2.58
2664,1776875662946,544.0,649.0,2.58
2665,1776875662957,541.0,627.0,2.58
2666,1776875662968,538.0,617.0,2.58
2667,1776875662979,541.0,622.0,2.58
2668,1776875662990,540.0,603.0,2.58
2669,1776875663001,541.0,598.0,2.58
2670,1776875663012,540.0,601.0,2.58
2671,1776875663023,545.0,585.0,2.58
2672,1776875663034,545.0,581.0,2.58
2673,1776875663045,547.0,586.0,2.58
2674,1776875663056,541.0,582.0,2.58
2675,1776875663067,541.0,581.0,2.58
2676,1776875663078,540.0,577.0,2.58
2677,1776875663089,513.0,580.0,2.58
2678,1776875663100,479.0,577.0,2.58
2679,1776875663111,493.0,577.0,2.58
2680,1776875663122,675.0,575.0,2.58
2681,1776875663133,806.0,573.0,2.58
2682,1776875663144,741.0,575.0,2.58
2683,1776875663155,516.0,564.0,2.58
2684,1776875663166,447.0,565.0,2.58
2685,1776875663177,429.0,559.0,2.58
2686,1776875663188,463.0,553.0,2.58
2687,1776875663199,474.0,556.0,2.58
2688,1776875663210,503.0,550.0,2.58
2689,1776875663221,510.0,539.0,2.58
2690,1776875663232,518.0,538.0,2.58
2691,1776875663242,523.0,531.0,2.58
2692,1776875663254,527.0,534.0,2.58
2693,1776875663265,530.0,527.0,2.58
2694,1776875663275,526.0,525.0,2.58
2695,1776875663286,529.0,523.0,2.58
2696,1776875663297,526.0,519.0,2.58
2697,1776875663308,522.0,518.0,2.58
2698,1776875663319,529.0,522.0,2.58
2699,1776875663330,535.0,515.0,2.58
2700,1776875663341,536.0,512.0,2.58
2701,1776875663352,548.0,521.0,2.58
2702,1776875663363,554.0,510.0,2.58
2703,1776875663374,567.0,509.0,2.58
2704,1776875663386,581.0,517.0,2.58
2705,1776875663396,572.0,508.0,2.58
2706,1776875663407,570.0,507.0,2.58
2707,1776875663418,568.0,512.0,2.58
2708,1776875663429,561.0,510.0,2.58
2709,1776875663440,562.0,503.0,2.58
2710,1776875663451,552.0,510.0,2.58
2711,1776875663462,548.0,502.0,2.58
2712,1776875663473,548.0,501.0,2.58
2713,1776875663484,542.0,503.0,2.58
2714,1776875663495,542.0,498.0,2.58
2715,1776875663506,545.0,494.0,2.58
2716,1776875663517,543.0,505.0,2.58
2717,1776875663529,545.0,492.0,2.58
2718,1776875663539,544.0,510.0,2.58
2719,1776875663550,545.0,499.0,2.58
2720,1776875663561,537.0,557.0,2.58
2721,1776875663572,544.0,611.0,2.58
2722,1776875663583,542.0,539.0,2.58
2723,1776875663594,539.0,681.0,2.58
2724,1776875663605,541.0,715.0,2.58
2725,1776875663616,539.0,639.0,2.58
2726,1776875663627,542.0,726.0,2.58
2727,1776875663638,544.0,722.0,2.58
2728,1776875663649,543.0,705.0,2.58
2729,1776875663660,542.0,697.0,2.58
2730,1776875663671,545.0,685.0,2.58
2731,1776875663682,544.0,679.0,2.58
2732,1776875663693,542.0,652.0,2.58
2733,1776875663704,545.0,642.0,2.58
2734,1776875663715,544.0,640.0,2.58
2735,1776875663726,542.0,623.0,2.58
2736,1776875663737,542.0,618.0,2.58
2737,1776875663748,542.0,613.0,2.58
2738,1776875663759,544.0,603.0,2.58
2739,1776875663770,542.0,597.0,2.58
2740,1776875663781,543.0,586.0,2.58
2741,1776875663792,541.0,582.0,2.58
2742,1776875663803,546.0,581.0,2.58
2743,1776875663814,543.0,580.0,2.58
2744,1776875663825,545.0,579.0,2.58
2745,1776875663836,545.0,575.0,2.58
2746,1776875663847,539.0,583.0,2.58
2747,1776875663858,510.0,583.0,2.58
2748,1776875663869,479.0,577.0,2.58
2749,1776875663880,471.0,579.0,2.58
2750,1776875663891,624.0,580.0,2.58
2751,1776875663902,803.0,581.0,2.58
2752,1776875663913,736.0,572.0,2.58
2753,1776875663924,569.0,569.0,2.58
2754,1776875663935,459.0,575.0,2.58
2755,1776875663946,428.0,557.0,2.58
2756,1776875663957,469.0,551.0,2.58
2757,1776875663968,476.0,561.0,2.58
2758,1776875663979,502.0,540.0,2.58
2759,1776875663990,508.0,537.0,2.58
2760,1776875664001,519.0,532.0,2.58
2761,1776875664012,522.0,528.0,2.58
2762,1776875664023,528.0,533.0,2.58
2763,1776875664034,524.0,524.0,2.58
2764,1776875664045,526.0,522.0,2.58
2765,1776875664056,528.0,522.0,2.58
2766,1776875664067,524.0,516.0,2.58
2767,1776875664078,525.0,516.0,2.58
2768,1776875664089,523.0,519.0,2.58
2769,1776875664100,529.0,513.0,2.58
2770,1776875664111,533.0,509.0,2.58
2771,1776875664122,544.0,514.0,2.58
2772,1776875664133,555.0,513.0,2.58
2773,1776875664144,564.0,511.0,2.58
2774,1776875664155,572.0,511.0,2.58
2775,1776875664166,571.0,508.0,2.58
2776,1776875664177,567.0,509.0,2.58
2777,1776875664188,564.0,514.0,2.58
2778,1776875664199,565.0,507.0,2.58
2779,1776875664210,560.0,508.0,2.58
2780,1776875664221,554.0,510.0,2.58
2781,1776875664232,553.0,501.0,2.58
2782,1776875664243,552.0,502.0,2.58
2783,1776875664254,545.0,510.0,2.58
2784,1776875664265,545.0,499.0,2.58
2785,1776875664276,541.0,497.0,2.58
2786,1776875664287,544.0,501.0,2.58
2787,1776875664298,544.0,495.0,2.58
2788,1776875664309,545.0,506.0,2.58
2789,1776875664320,549.0,522.0,2.58
2790,1776875664331,547.0,552.0,2.58
2791,1776875664342,547.0,572.0,2.58
2792,1776875664353,542.0,618.0,2.58
2793,1776875664364,541.0,673.0,2.58
2794,1776875664375,546.0,652.0,2.58
2795,1776875664386,543.0,707.0,2.58
2796,1776875664397,541.0,725.0,2.58
2797,1776875664408,540.0,704.0,2.58
2798,1776875664419,547.0,702.0,2.58
2799,1776875664430,547.0,704.0,2.58
2800,1776875664441,543.0,699.0,2.58
2801,1776875664452,542.0,676.0,2.58
2802,1776875664463,543.0,660.0,2.58
2803,1776875664474,546.0,666.0,2.58
2804,1776875664485,542.0,642.0,2.58
2805,1776875664496,537.0,629.0,2.58
2806,1776875664507,540.0,627.0,2.58
2807,1776875664518,541.0,615.0,2.58
2808,1776875664529,541.0,601.0,2.58
2809,1776875664540,540.0,604.0,2.58
2810,1776875664551,544.0,586.0,2.58
2811,1776875664562,544.0,581.0,2.58
2812,1776875664573,543.0,583.0,2.58
2813,1776875664584,547.0,575.0,2.58
2814,1776875664595,546.0,579.0,2.58
2815,1776875664606,534.0,571.0,2.58
2816,1776875664617,504.0,583.0,2.58
2817,1776875664628,474.0,583.0,2.58
2818,1776875664639,519.0,579.0,2.58
2819,1776875664650,714.0,588.0,2.58
2820,1776875664661,847.0,583.0,2.58
2821,1776875664672,690.0,583.0,2.58
2822,1776875664683,476.0,582.0,2.58
2823,1776875664693,438.0,574.0,2.58
2824,1776875664705,428.0,578.0,2.58
2825,1776875664716,467.0,558.0,2.58
2826,1776875664727,483.0,555.0,2.58
2827,1776875664738,500.0,563.0,2.58
2828,1776875664749,504.0,540.0,2.58
2829,1776875664759,515.0,553.0,2.58
2830,1776875664771,523.0,532.0,2.58
2831,1776875664782,526.0,527.0,2.58
2832,1776875664793,526.0,536.0,2.58
2833,1776875664804,525.0,526.0,2.58
2834,1776875664814,527.0,523.0,2.58
2835,1776875664826,522.0,530.0,2.58
2836,1776875664836,525.0,516.0,2.58
2837,1776875664847,520.0,514.0,2.58
2838,1776875664858,530.0,517.0,2.58
2839,1776875664869,538.0,515.0,2.58
2840,1776875664880,543.0,515.0,2.58
2841,1776875664891,559.0,513.0,2.58
2842,1776875664902,566.0,515.0,2.58
2843,1776875664913,577.0,513.0,2.58
2844,1776875664924,575.0,512.0,2.58
2845,1776875664935,570.0,513.0,2.58
2846,1776875664946,565.0,514.0,2.58
2847,1776875664957,558.0,509.0,2.58
2848,1776875664968,559.0,507.0,2.58
2849,1776875664979,552.0,509.0,2.58
2850,1776875664990,549.0,508.0,2.58
2851,1776875665001,547.0,503.0,2.58
2852,1776875665012,551.0,506.0,2.58
2853,1776875665023,548.0,506.0,2.58
2854,1776875665034,544.0,498.0,2.58
2855,1776875665045,545.0,501.0,2.58
2856,1776875665056,547.0,505.0,2.58
2857,1776875665067,549.0,510.0,2.58
2858,1776875665078,540.0,518.0,2.58
2859,1776875665089,544.0,563.0,2.58
2860,1776875665100,543.0,603.0,2.58
2861,1776875665111,546.0,581.0,2.58
2862,1776875665122,541.0,672.0,2.58
2863,1776875665133,543.0,706.0,2.58
2864,1776875665144,542.0,668.0,2.58
2865,1776875665155,546.0,670.0,2.58
2866,1776875665166,543.0,724.0,2.58
2867,1776875665177,543.0,709.0,2.58
2868,1776875665188,542.0,709.0,2.58
2869,1776875665199,541.0,692.0,2.58
2870,1776875665210,543.0,697.0,2.58
2871,1776875665221,542.0,669.0,2.58
2872,1776875665232,543.0,651.0,2.58
2873,1776875665243,545.0,659.0,2.58
2874,1776875665254,542.0,636.0,2.58
2875,1776875665265,540.0,625.0,2.58
2876,1776875665276,544.0,633.0,2.58
2877,1776875665287,542.0,608.0,2.58
2878,1776875665298,545.0,602.0,2.58
2879,1776875665309,540.0,611.0,2.58
2880,1776875665320,543.0,588.0,2.58
2881,1776875665331,547.0,588.0,2.58
2882,1776875665342,546.0,588.0,2.58
2883,1776875665353,534.0,583.0,2.58
2884,1776875665364,545.0,588.0,2.58
2885,1776875665375,526.0,589.0,2.58
2886,1776875665386,492.0,591.0,2.58
2887,1776875665397,476.0,593.0,2.58
2888,1776875665408,569.0,584.0,2.58
2889,1776875665419,751.0,589.0,2.58
2890,1776875665430,768.0,590.0,2.58
2891,1776875665441,567.0,584.0,2.58
2892,1776875665452,459.0,580.0,2.58
2893,1776875665463,430.0,575.0,2.58
2894,1776875665474,460.0,564.0,2.58
2895,1776875665485,477.0,561.0,2.58
2896,1776875665496,495.0,556.0,2.58
2897,1776875665507,504.0,558.0,2.58
2898,1776875665518,512.0,546.0,2.58
2899,1776875665529,521.0,555.0,2.58
2900,1776875665540,525.0,538.0,2.58
2901,1776875665551,524.0,539.0,2.58
2902,1776875665562,526.0,541.0,2.58
2903,1776875665573,526.0,529.0,2.58
2904,1776875665584,528.0,525.0,2.58
2905,1776875665595,523.0,532.0,2.58
2906,1776875665606,521.0,521.0,2.58
2907,1776875665617,525.0,518.0,2.58
2908,1776875665628,535.0,519.0,2.58
2909,1776875665639,541.0,514.0,2.58
2910,1776875665650,554.0,511.0,2.58
2911,1776875665661,566.0,514.0,2.58
2912,1776875665672,567.0,516.0,2.58
2913,1776875665683,569.0,516.0,2.58
2914,1776875665694,570.0,516.0,2.58
2915,1776875665705,571.0,514.0,2.58
2916,1776875665716,566.0,516.0,2.58
2917,1776875665727,561.0,510.0,2.58
2918,1776875665738,552.0,508.0,2.58
2919,1776875665749,552.0,513.0,2.58
2920,1776875665760,550.0,507.0,2.58
2921,1776875665771,548.0,502.0,2.58
2922,1776875665782,552.0,511.0,2.58
2923,1776875665793,544.0,501.0,2.58
2924,1776875665804,546.0,497.0,2.58
2925,1776875665815,545.0,509.0,2.58
2926,1776875665826,545.0,506.0,2.58
2927,1776875665837,546.0,527.0,2.58
2928,1776875665848,549.0,505.0,2.58
2929,1776875665859,546.0,590.0,2.58
2930,1776875665870,544.0,630.0,2.58
2931,1776875665881,544.0,547.0,2.58
2932,1776875665892,545.0,699.0,2.58
2933,1776875665903,543.0,716.0,2.58
2934,1776875665914,539.0,653.0,2.58
2935,1776875665925,545.0,710.0,2.58
2936,1776875665936,540.0,718.0,2.58
2937,1776875665947,542.0,701.0,2.58
2938,1776875665958,540.0,686.0,2.58
2939,1776875665969,542.0,679.0,2.58
2940,1776875665980,545.0,690.0,2.58
2941,1776875665991,542.0,657.0,2.58
2942,1776875666002,548.0,648.0,2.58
2943,1776875666013,544.0,656.0,2.58
2944,1776875666024,541.0,627.0,2.58
2945,1776875666035,540.0,619.0,2.58
2946,1776875666046,542.0,627.0,2.58
2947,1776875666057,541.0,602.0,2.58
2948,1776875666068,545.0,595.0,2.58
2949,1776875666079,543.0,599.0,2.58
2950,1776875666089,540.0,591.0,2.58
2951,1776875666101,544.0,583.0,2.58
2952,1776875666111,545.0,586.0,2.58
2953,1776875666123,541.0,588.0,2.58
2954,1776875666133,546.0,590.0,2.58
2955,1776875666145,551.0,586.0,2.58
2956,1776875666155,547.0,590.0,2.58
2957,1776875666166,529.0,586.0,2.58
2958,1776875666178,489.0,586.0,2.58
2959,1776875666188,473.0,587.0,2.58
2960,1776875666199,573.0,585.0,2.58
2961,1776875666211,748.0,578.0,2.58
2962,1776875666221,767.0,578.0,2.58
2963,1776875666232,648.0,579.0,2.58
2964,1776875666243,464.0,563.0,2.58
2965,1776875666254,435.0,559.0,2.58
2966,1776875666265,457.0,562.0,2.58
2967,1776875666276,474.0,546.0,2.58
2968,1776875666287,493.0,545.0,2.58
2969,1776875666298,505.0,542.0,2.58
2970,1776875666309,520.0,538.0,2.58
2971,1776875666320,521.0,543.0,2.58
2972,1776875666331,522.0,532.0,2.58
2973,1776875666342,528.0,530.0,2.58
2974,1776875666353,530.0,533.0,2.58
2975,1776875666364,531.0,524.0,2.58
2976,1776875666375,528.0,521.0,2.58
2977,1776875666386,520.0,526.0,2.58
2978,1776875666397,523.0,515.0,2.58
2979,1776875666408,529.0,518.0,2.58
2980,1776875666419,535.0,526.0,2.58
2981,1776875666430,545.0,514.0,2.58
2982,1776875666441,559.0,515.0,2.58
2983,1776875666452,563.0,518.0,2.58
2984,1776875666463,569.0,513.0,2.58
2985,1776875666475,567.0,515.0,2.58
2986,1776875666485,571.0,518.0,2.58
2987,1776875666496,569.0,517.0,2.58
2988,1776875666507,563.0,513.0,2.58
2989,1776875666518,558.0,517.0,2.58
2990,1776875666530,549.0,508.0,2.58
2991,1776875666540,553.0,509.0,2.58
2992,1776875666551,546.0,516.0,2.58
2993,1776875666562,548.0,508.0,2.58
2994,1776875666573,546.0,507.0,2.58
2995,1776875666584,544.0,511.0,2.58
2996,1776875666595,545.0,502.0,2.58
2997,1776875666606,543.0,500.0,2.58
2998,1776875666617,551.0,510.0,2.58
2999,1776875666628,548.0,525.0,2.58
3000,1776875666639,546.0,548.0,2.58
3001,1776875666650,541.0,536.0,2.58
3002,1776875666661,542.0,630.0,2.58
3003,1776875666672,543.0,662.0,2.58
3004,1776875666683,545.0,645.0,2.58
3005,1776875666694,543.0,721.0,2.58
3006,1776875666705,545.0,732.0,2.58
3007,1776875666716,543.0,685.0,2.58
3008,1776875666727,544.0,729.0,2.58
3009,1776875666738,546.0,722.0,2.58
3010,1776875666749,548.0,708.0,2.58
3011,1776875666760,544.0,697.0,2.58
3012,1776875666771,546.0,690.0,2.58
3013,1776875666782,541.0,671.0,2.58
3014,1776875666793,544.0,657.0,2.58
3015,1776875666804,545.0,660.0,2.58
3016,1776875666815,541.0,638.0,2.58
3017,1776875666826,546.0,631.0,2.58
3018,1776875666837,545.0,633.0,2.58
3019,1776875666848,543.0,613.0,2.58
3020,1776875666859,538.0,605.0,2.58
3021,1776875666870,537.0,611.0,2.58
3022,1776875666881,542.0,596.0,2.58
3023,1776875666892,543.0,595.0,2.58
3024,1776875666903,544.0,592.0,2.58
3025,1776875666914,542.0,602.0,2.58
3026,1776875666925,544.0,602.0,2.58
3027,1776875666936,541.0,591.0,2.58
3028,1776875666947,545.0,607.0,2.58
3029,1776875666958,546.0,605.0,2.58
3030,1776875666969,540.0,599.0,2.58
3031,1776875666980,535.0,605.0,2.58
3032,1776875666991,502.0,599.0,2.58
3033,1776875667002,476.0,600.0,2.58
3034,1776875667013,518.0,593.0,2.58
3035,1776875667024,681.0,582.0,2.58
3036,1776875667035,842.0,573.0,2.58
3037,1776875667046,669.0,568.0,2.58
3038,1776875667057,491.0,570.0,2.58
3039,1776875667068,442.0,559.0,2.58
3040,1776875667079,432.0,544.0,2.58
3041,1776875667090,468.0,556.0,2.58
3042,1776875667101,479.0,541.0,2.58
3043,1776875667112,502.0,541.0,2.58
3044,1776875667123,509.0,542.0,2.58
3045,1776875667134,516.0,537.0,2.58
3046,1776875667145,523.0,537.0,2.58
3047,1776875667156,524.0,542.0,2.58
3048,1776875667167,530.0,534.0,2.58
3049,1776875667178,526.0,534.0,2.58
3050,1776875667189,528.0,535.0,2.58
3051,1776875667200,520.0,533.0,2.58
3052,1776875667211,525.0,530.0,2.58
3053,1776875667222,525.0,536.0,2.58
3054,1776875667233,530.0,523.0,2.58
3055,1776875667244,533.0,524.0,2.58
3056,1776875667255,546.0,526.0,2.58
3057,1776875667266,560.0,524.0,2.58
3058,1776875667277,565.0,524.0,2.58
3059,1776875667288,571.0,524.0,2.58
3060,1776875667298,570.0,524.0,2.58
3061,1776875667309,571.0,521.0,2.58
3062,1776875667321,566.0,517.0,2.58
3063,1776875667331,564.0,516.0,2.58
3064,1776875667342,554.0,519.0,2.58
3065,1776875667353,552.0,512.0,2.58
3066,1776875667365,551.0,509.0,2.58
3067,1776875667376,550.0,515.0,2.58
3068,1776875667386,543.0,512.0,2.58
3069,1776875667397,544.0,509.0,2.58
3070,1776875667408,543.0,512.0,2.58
3071,1776875667419,544.0,505.0,2.58
3072,1776875667430,541.0,511.0,2.58
3073,1776875667441,542.0,507.0,2.58
3074,1776875667452,546.0,545.0,2.58
3075,1776875667463,550.0,583.0,2.58
3076,1776875667474,547.0,534.0,2.58
3077,1776875667485,540.0,639.0,2.58
3078,1776875667496,543.0,690.0,2.58
3079,1776875667507,547.0,654.0,2.58
3080,1776875667518,542.0,726.0,2.58
3081,1776875667530,544.0,745.0,2.58
3082,1776875667540,542.0,721.0,2.58
3083,1776875667551,547.0,719.0,2.58
3084,1776875667562,539.0,721.0,2.58
3085,1776875667573,549.0,721.0,2.58
3086,1776875667584,548.0,695.0,2.58
3087,1776875667595,548.0,681.0,2.58
3088,1776875667606,541.0,688.0,2.58
3089,1776875667617,539.0,667.0,2.58
3090,1776875667628,544.0,656.0,2.58
3091,1776875667639,539.0,657.0,2.58
3092,1776875667650,542.0,638.0,2.58
3093,1776875667661,546.0,627.0,2.58
3094,1776875667672,544.0,635.0,2.58
3095,1776875667683,541.0,612.0,2.58
3096,1776875667694,540.0,605.0,2.58
3097,1776875667705,544.0,616.0,2.58
3098,1776875667716,543.0,607.0,2.58
3099,1776875667727,542.0,606.0,2.58
3100,1776875667738,544.0,606.0,2.58
3101,1776875667749,541.0,608.0,2.58
3102,1776875667760,546.0,609.0,2.58
3103,1776875667771,540.0,610.0,2.58
3104,1776875667782,544.0,611.0,2.58
3105,1776875667793,540.0,610.0,2.58
3106,1776875667804,544.0,601.0,2.58
3107,1776875667815,546.0,596.0,2.58
3108,1776875667826,545.0,598.0,2.58
3109,1776875667837,529.0,584.0,2.58
3110,1776875667848,499.0,582.0,2.58
3111,1776875667859,477.0,576.0,2.58
3112,1776875667870,556.0,569.0,2.58
3113,1776875667881,729.0,565.0,2.58
3114,1776875667892,840.0,564.0,2.58
3115,1776875667903,645.0,553.0,2.58
3116,1776875667914,462.0,553.0,2.58
3117,1776875667925,434.0,552.0,2.58
3118,1776875667936,446.0,547.0,2.58
3119,1776875667947,476.0,549.0,2.58
3120,1776875667958,492.0,541.0,2.58
3121,1776875667969,506.0,539.0,2.58
3122,1776875667980,512.0,539.0,2.58
3123,1776875667991,524.0,540.0,2.58
3124,1776875668002,524.0,534.0,2.58
3125,1776875668013,520.0,529.0,2.58
3126,1776875668024,530.0,528.0,2.58
3127,1776875668035,527.0,527.0,2.58
3128,1776875668046,527.0,527.0,2.58
3129,1776875668057,523.0,525.0,2.58
3130,1776875668068,524.0,520.0,2.58
3131,1776875668079,530.0,520.0,2.58
3132,1776875668090,533.0,519.0,2.58
3133,1776875668101,539.0,516.0,2.58
3134,1776875668112,551.0,523.0,2.58
3135,1776875668123,560.0,516.0,2.58
3136,1776875668134,565.0,511.0,2.58
3137,1776875668145,566.0,521.0,2.58
3138,1776875668156,568.0,509.0,2.58
3139,1776875668167,566.0,506.0,2.58
3140,1776875668178,562.0,515.0,2.58
3141,1776875668189,563.0,502.0,2.58
3142,1776875668200,557.0,496.0,2.58
3143,1776875668211,549.0,508.0,2.58
3144,1776875668222,548.0,498.0,2.58
3145,1776875668233,547.0,493.0,2.58
3146,1776875668244,548.0,498.0,2.58
3147,1776875668255,546.0,486.0,2.58
3148,1776875668266,541.0,483.0,2.58
3149,1776875668277,542.0,494.0,2.58
3150,1776875668288,542.0,482.0,2.58
3151,1776875668299,550.0,494.0,2.58
3152,1776875668310,547.0,487.0,2.58
3153,1776875668321,545.0,548.0,2.58
3154,1776875668332,545.0,593.0,2.58
3155,1776875668343,542.0,579.0,2.58
3156,1776875668354,543.0,676.0,2.58
3157,1776875668365,546.0,699.0,2.58
3158,1776875668376,543.0,687.0,2.58
3159,1776875668387,541.0,725.0,2.58
3160,1776875668398,547.0,721.0,2.58
3161,1776875668409,544.0,702.0,2.58
3162,1776875668420,541.0,701.0,2.58
3163,1776875668431,545.0,697.0,2.58
3164,1776875668442,547.0,674.0,2.58
3165,1776875668453,542.0,663.0,2.58
3166,1776875668464,541.0,663.0,2.58
3167,1776875668475,543.0,641.0,2.58
3168,1776875668486,543.0,625.0,2.58
3169,1776875668497,542.0,625.0,2.58
3170,1776875668508,543.0,619.0,2.58
3171,1776875668519,542.0,604.0,2.58
3172,1776875668530,545.0,599.0,2.58
3173,1776875668541,541.0,593.0,2.58
3174,1776875668552,545.0,584.0,2.58
3175,1776875668563,541.0,584.0,2.58
3176,1776875668574,542.0,583.0,2.58
3177,1776875668585,545.0,585.0,2.58
3178,1776875668596,542.0,582.0,2.58
3179,1776875668607,541.0,587.0,2.58
3180,1776875668618,546.0,585.0,2.58
3181,1776875668629,539.0,584.0,2.58
3182,1776875668640,543.0,585.0,2.58
3183,1776875668651,540.0,584.0,2.58
3184,1776875668662,541.0,580.0,2.58
3185,1776875668672,548.0,577.0,2.58
3186,1776875668684,543.0,573.0,2.58
3187,1776875668695,527.0,565.0,2.58
3188,1776875668705,489.0,561.0,2.58
3189,1776875668717,476.0,560.0,2.58
3190,1776875668727,543.0,551.0,2.58
3191,1776875668738,713.0,545.0,2.58
3192,1776875668750,791.0,549.0,2.58
3193,1776875668760,665.0,537.0,2.58
3194,1776875668771,480.0,530.0,2.58
3195,1776875668783,448.0,540.0,2.58
3196,1776875668793,454.0,528.0,2.58
3197,1776875668804,474.0,526.0,2.58
3198,1776875668815,492.0,527.0,2.58
3199,1776875668826,505.0,518.0,2.58
3200,1776875668837,520.0,515.0,2.58
3201,1776875668848,522.0,523.0,2.58
3202,1776875668859,525.0,513.0,2.58
3203,1776875668870,526.0,514.0,2.58
3204,1776875668881,529.0,518.0,2.58
3205,1776875668892,528.0,509.0,2.58
3206,1776875668903,530.0,509.0,2.58
3207,1776875668914,528.0,515.0,2.58
3208,1776875668925,520.0,506.0,2.58
3209,1776875668936,523.0,506.0,2.58
3210,1776875668947,531.0,508.0,2.58
3211,1776875668959,542.0,503.0,2.58
3212,1776875668969,552.0,502.0,2.58
3213,1776875668980,560.0,509.0,2.58
3214,1776875668991,572.0,498.0,2.58
3215,1776875669002,572.0,496.0,2.58
3216,1776875669013,570.0,508.0,2.58
3217,1776875669024,568.0,493.0,2.58
3218,1776875669035,564.0,494.0,2.58
3219,1776875669046,560.0,496.0,2.58
3220,1776875669057,556.0,490.0,2.58
3221,1776875669068,548.0,492.0,2.58
3222,1776875669079,548.0,493.0,2.58
3223,1776875669090,550.0,486.0,2.58
3224,1776875669101,542.0,488.0,2.58
3225,1776875669112,544.0,484.0,2.58
3226,1776875669123,542.0,478.0,2.58
3227,1776875669134,545.0,478.0,2.58
3228,1776875669145,546.0,479.0,2.58
3229,1776875669156,543.0,473.0,2.58
3230,1776875669167,546.0,482.0,2.58
3231,1776875669178,545.0,522.0,2.58
3232,1776875669189,544.0,556.0,2.58
3233,1776875669200,545.0,530.0,2.58
3234,1776875669211,542.0,640.0,2.58
3235,1776875669222,544.0,683.0,2.58
3236,1776875669233,544.0,627.0,2.58
3237,1776875669244,544.0,715.0,2.58
3238,1776875669255,544.0,722.0,2.58
3239,1776875669266,544.0,692.0,2.58
3240,1776875669277,544.0,701.0,2.58
3241,1776875669288,547.0,732.0,2.58
3242,1776875669299,543.0,757.0,2.58
3243,1776875669310,546.0,716.0,2.58
3244,1776875669321,541.0,709.0,2.58
3245,1776875669332,541.0,672.0,2.58
3246,1776875669343,538.0,657.0,2.58
3247,1776875669354,539.0,661.0,2.58
3248,1776875669365,538.0,632.0,2.58
3249,1776875669376,540.0,617.0,2.58
3250,1776875669387,539.0,627.0,2.58
3251,1776875669398,541.0,598.0,2.58
3252,1776875669409,545.0,599.0,2.58
3253,1776875669420,546.0,596.0,2.58
3254,1776875669431,542.0,600.0,2.58
3255,1776875669442,545.0,605.0,2.58
3256,1776875669453,536.0,588.0,2.58
3257,1776875669464,511.0,618.0,2.58
3258,1776875669475,478.0,619.0,2.58
3259,1776875669486,488.0,607.0,2.58
3260,1776875669497,649.0,623.0,2.58
3261,1776875669508,781.0,616.0,2.58
3262,1776875669519,726.0,611.0,2.58
3263,1776875669530,521.0,604.0,2.58
3264,1776875669541,458.0,595.0,2.58
3265,1776875669552,433.0,606.0,2.58
3266,1776875669563,466.0,577.0,2.58
3267,1776875669574,482.0,567.0,2.58
3268,1776875669585,498.0,583.0,2.58
3269,1776875669596,511.0,554.0,2.58
3270,1776875669607,519.0,547.0,2.58
3271,1776875669618,523.0,558.0,2.58
3272,1776875669629,524.0,540.0,2.58
3273,1776875669640,530.0,533.0,2.58
3274,1776875669651,529.0,538.0,2.58
3275,1776875669662,526.0,526.0,2.58
3276,1776875669673,521.0,529.0,2.58
3277,1776875669684,522.0,528.0,2.58
3278,1776875669695,519.0,520.0,2.58
3279,1776875669706,524.0,523.0,2.58
3280,1776875669717,538.0,520.0,2.58
3281,1776875669728,542.0,516.0,2.58
3282,1776875669739,554.0,519.0,2.58
3283,1776875669751,566.0,514.0,2.58
3284,1776875669761,577.0,513.0,2.58
3285,1776875669772,578.0,515.0,2.58
3286,1776875669783,570.0,511.0,2.58
3287,1776875669794,565.0,509.0,2.58
3288,1776875669805,564.0,511.0,2.58
3289,1776875669816,561.0,511.0,2.58
3290,1776875669827,553.0,507.0,2.58
3291,1776875669838,549.0,511.0,2.58
3292,1776875669849,545.0,504.0,2.58
3293,1776875669860,542.0,503.0,2.58
3294,1776875669871,544.0,510.0,2.58
3295,1776875669882,545.0,490.0,2.58
3296,1776875669893,546.0,485.0,2.58
3297,1776875669904,544.0,504.0,2.58
3298,1776875669915,547.0,488.0,2.58
3299,1776875669926,547.0,502.0,2.58
3300,1776875669937,548.0,487.0,2.58
3301,1776875669948,543.0,573.0,2.58
3302,1776875669959,544.0,625.0,2.58
3303,1776875669970,542.0,522.0,2.58
3304,1776875669981,542.0,701.0,2.58
3305,1776875669992,542.0,754.0,2.58
3306,1776875670003,541.0,662.0,2.58
3307,1776875670014,545.0,803.0,2.58
3308,1776875670025,544.0,804.0,2.58
3309,1776875670035,544.0,768.0,2.58
3310,1776875670046,543.0,776.0,2.58
3311,1776875670058,542.0,769.0,2.58
3312,1776875670070,542.0,773.0,2.58
3313,1776875670079,541.0,734.0,2.58
3314,1776875670090,537.0,731.0,2.58
3315,1776875670101,537.0,701.0,2.58
3316,1776875670112,541.0,687.0,2.58
3317,1776875670123,546.0,692.0,2.58
3318,1776875670134,543.0,663.0,2.58
3319,1776875670145,542.0,652.0,2.58
3320,1776875670156,544.0,661.0,2.58
3321,1776875670167,544.0,629.0,2.58
3322,1776875670178,541.0,626.0,2.58
3323,1776875670189,500.0,629.0,2.58
3324,1776875670201,483.0,629.0,2.58
3325,1776875670211,482.0,633.0,2.58
3326,1776875670222,644.0,623.0,2.58
3327,1776875670233,818.0,641.0,2.58
3328,1776875670244,768.0,639.0,2.58
3329,1776875670255,549.0,637.0,2.58
3330,1776875670267,451.0,641.0,2.58
3331,1776875670277,423.0,641.0,2.58
3332,1776875670288,451.0,628.0,2.58
3333,1776875670299,471.0,622.0,2.58
3334,1776875670310,502.0,619.0,2.58
3335,1776875670321,507.0,607.0,2.58
3336,1776875670332,517.0,596.0,2.58
3337,1776875670343,522.0,596.0,2.58
3338,1776875670354,529.0,580.0,2.58
3339,1776875670365,527.0,575.0,2.58
3340,1776875670376,527.0,576.0,2.58
3341,1776875670387,529.0,561.0,2.58
3342,1776875670398,515.0,563.0,2.58
3343,1776875670409,516.0,565.0,2.58
3344,1776875670420,517.0,554.0,2.58
3345,1776875670431,521.0,540.0,2.58
3346,1776875670442,533.0,554.0,2.58
3347,1776875670453,545.0,539.0,2.58
3348,1776875670464,556.0,538.0,2.58
3349,1776875670475,572.0,537.0,2.58
3350,1776875670486,583.0,533.0,2.58
3351,1776875670497,579.0,533.0,2.58
3352,1776875670508,581.0,538.0,2.58
3353,1776875670519,568.0,530.0,2.58
3354,1776875670530,563.0,533.0,2.58
3355,1776875670541,566.0,531.0,2.58
3356,1776875670552,559.0,524.0,2.58
3357,1776875670563,553.0,525.0,2.58
3358,1776875670574,551.0,526.0,2.58
3359,1776875670585,544.0,516.0,2.58
3360,1776875670596,541.0,509.0,2.58
3361,1776875670607,541.0,522.0,2.58
3362,1776875670618,542.0,500.0,2.58
3363,1776875670629,541.0,490.0,2.58
3364,1776875670640,541.0,510.0,2.58
3365,1776875670651,543.0,523.0,2.58
3366,1776875670662,546.0,554.0,2.58
3367,1776875670673,549.0,506.0,2.58
3368,1776875670684,549.0,655.0,2.58
3369,1776875670695,541.0,711.0,2.58
3370,1776875670706,545.0,626.0,2.58
3371,1776875670717,545.0,798.0,2.58
3372,1776875670728,539.0,815.0,2.58
3373,1776875670739,545.0,739.0,2.58
3374,1776875670750,546.0,818.0,2.58
3375,1776875670761,540.0,822.0,2.58
3376,1776875670772,544.0,798.0,2.58
3377,1776875670783,547.0,794.0,2.58
3378,1776875670794,545.0,783.0,2.58
3379,1776875670805,541.0,762.0,2.58
3380,1776875670816,542.0,753.0,2.58
3381,1776875670827,539.0,743.0,2.58
3382,1776875670838,536.0,739.0,2.58
3383,1776875670849,538.0,724.0,2.58
3384,1776875670860,537.0,707.0,2.58
3385,1776875670871,541.0,693.0,2.58
3386,1776875670882,542.0,689.0,2.58
3387,1776875670893,546.0,676.0,2.58
3388,1776875670904,541.0,663.0,2.58
3389,1776875670915,544.0,660.0,2.58
3390,1776875670926,547.0,658.0,2.58
3391,1776875670937,544.0,659.0,2.58
3392,1776875670948,546.0,653.0,2.58
3393,1776875670959,548.0,659.0,2.58
3394,1776875670970,537.0,658.0,2.58
3395,1776875670981,501.0,658.0,2.58
3396,1776875670992,473.0,655.0,2.58
3397,1776875671003,506.0,650.0,2.58
3398,1776875671014,705.0,647.0,2.58
3399,1776875671025,846.0,639.0,2.58
3400,1776875671036,736.0,629.0,2.58
3401,1776875671047,484.0,627.0,2.58
3402,1776875671058,430.0,618.0,2.58
3403,1776875671069,420.0,605.0,2.58
3404,1776875671080,461.0,609.0,2.58
3405,1776875671091,474.0,594.0,2.58
3406,1776875671102,500.0,588.0,2.58
3407,1776875671113,508.0,591.0,2.58
3408,1776875671124,516.0,574.0,2.58
3409,1776875671135,526.0,567.0,2.58
3410,1776875671146,523.0,573.0,2.58
3411,1776875671157,529.0,557.0,2.58
3412,1776875671168,527.0,557.0,2.58
3413,1776875671179,522.0,559.0,2.58
3414,1776875671190,522.0,547.0,2.58
3415,1776875671201,515.0,545.0,2.58
3416,1776875671212,523.0,549.0,2.58
3417,1776875671223,529.0,539.0,2.58
3418,1776875671234,537.0,541.0,2.58
3419,1776875671245,547.0,542.0,2.58
3420,1776875671256,560.0,531.0,2.58
3421,1776875671267,573.0,526.0,2.58
3422,1776875671278,579.0,534.0,2.58
3423,1776875671289,579.0,526.0,2.58
3424,1776875671300,573.0,519.0,2.58
3425,1776875671311,570.0,521.0,2.58
3426,1776875671322,570.0,510.0,2.58
3427,1776875671333,562.0,510.0,2.58
3428,1776875671344,554.0,514.0,2.58
3429,1776875671355,551.0,503.0,2.58
3430,1776875671365,548.0,504.0,2.58
3431,1776875671377,548.0,502.0,2.58
3432,1776875671388,548.0,494.0,2.58
3433,1776875671398,540.0,495.0,2.58
3434,1776875671410,542.0,491.0,2.58
3435,1776875671421,543.0,491.0,2.58
3436,1776875671432,545.0,498.0,2.58
3437,1776875671442,545.0,551.0,2.58
3438,1776875671453,545.0,592.0,2.58
3439,1776875671464,549.0,552.0,2.58
3440,1776875671475,548.0,646.0,2.58
3441,1776875671486,546.0,758.0,2.58
3442,1776875671497,547.0,792.0,2.58
3443,1776875671508,543.0,791.0,2.58
3444,1776875671520,547.0,840.0,2.58
3445,1776875671530,544.0,823.0,2.58
3446,1776875671541,541.0,804.0,2.58
3447,1776875671552,543.0,830.0,2.58
3448,1776875671563,541.0,816.0,2.58
3449,1776875671574,546.0,804.0,2.58
3450,1776875671586,543.0,798.0,2.58
3451,1776875671596,541.0,783.0,2.58
3452,1776875671607,540.0,783.0,2.58
3453,1776875671618,540.0,774.0,2.58
3454,1776875671629,542.0,765.0,2.58
3455,1776875671640,543.0,763.0,2.58
3456,1776875671651,544.0,749.0,2.58
3457,1776875671662,543.0,732.0,2.58
3458,1776875671673,540.0,721.0,2.58
3459,1776875671684,545.0,716.0,2.58
3460,1776875671695,546.0,696.0,2.58
3461,1776875671706,541.0,691.0,2.58
3462,1776875671719,542.0,684.0,2.58
3463,1776875671728,541.0,682.0,2.58
3464,1776875671739,542.0,682.0,2.58
3465,1776875671750,540.0,670.0,2.58
3466,1776875671761,544.0,682.0,2.58
3467,1776875671772,547.0,672.0,2.58
3468,1776875671783,536.0,666.0,2.58
3469,1776875671794,544.0,662.0,2.58
3470,1776875671805,544.0,652.0,2.58
3471,1776875671816,540.0,653.0,2.58
3472,1776875671827,540.0,637.0,2.58
3473,1776875671838,543.0,629.0,2.58
3474,1776875671849,540.0,632.0,2.58
3475,1776875671860,544.0,614.0,2.58
3476,1776875671871,544.0,606.0,2.58
3477,1776875671882,546.0,608.0,2.58
3478,1776875671893,543.0,591.0,2.58
3479,1776875671904,539.0,584.0,2.58
3480,1776875671915,547.0,582.0,2.58
3481,1776875671926,543.0,569.0,2.58
3482,1776875671937,536.0,564.0,2.58
3483,1776875671948,508.0,561.0,2.58
3484,1776875671959,480.0,552.0,2.58
3485,1776875671970,508.0,551.0,2.58
3486,1776875671981,701.0,559.0,2.58
3487,1776875671992,820.0,539.0,2.58
3488,1776875672003,707.0,537.0,2.58
3489,1776875672014,484.0,539.0,2.58
3490,1776875672025,444.0,525.0,2.58
3491,1776875672037,427.0,521.0,2.58
3492,1776875672047,469.0,526.0,2.58
3493,1776875672058,481.0,507.0,2.58
3494,1776875672069,498.0,505.0,2.58
3495,1776875672080,506.0,507.0,2.58
3496,1776875672091,518.0,497.0,2.58
3497,1776875672102,524.0,499.0,2.58
3498,1776875672113,525.0,496.0,2.58
3499,1776875672124,524.0,488.0,2.58
3500,1776875672135,523.0,492.0,2.58
3501,1776875672146,526.0,479.0,2.58
3502,1776875672157,527.0,478.0,2.58
3503,1776875672168,519.0,484.0,2.58
3504,1776875672179,518.0,473.0,2.58
3505,1776875672190,531.0,461.0,2.58
3506,1776875672201,536.0,478.0,2.58
3507,1776875672212,529.0,455.0,2.58
3508,1776875672223,552.0,447.0,2.58
3509,1776875672234,570.0,462.0,2.58
3510,1776875672245,577.0,444.0,2.58
3511,1776875672256,576.0,435.0,2.58
3512,1776875672267,575.0,458.0,2.58
3513,1776875672278,569.0,433.0,2.58
3514,1776875672289,564.0,414.0,2.58
3515,1776875672300,560.0,433.0,2.58
3516,1776875672311,559.0,403.0,2.58
3517,1776875672322,550.0,399.0,2.58
3518,1776875672333,549.0,423.0,2.58
3519,1776875672344,547.0,392.0,2.58
3520,1776875672355,545.0,387.0,2.58
3521,1776875672366,542.0,408.0,2.58
3522,1776875672377,543.0,379.0,2.58
3523,1776875672388,544.0,386.0,2.58
3524,1776875672399,545.0,432.0,2.58
3525,1776875672410,550.0,498.0,2.58
3526,1776875672421,546.0,415.0,2.58
3527,1776875672432,547.0,655.0,2.58
3528,1776875672443,544.0,724.0,2.58
3529,1776875672454,547.0,595.0,2.58
3530,1776875672465,543.0,832.0,2.58
3531,1776875672476,544.0,846.0,2.58
3532,1776875672487,545.0,754.0,2.58
3533,1776875672498,546.0,796.0,2.58
3534,1776875672509,542.0,843.0,2.58
3535,1776875672520,543.0,826.0,2.58
3536,1776875672531,546.0,806.0,2.58
3537,1776875672542,541.0,791.0,2.58
3538,1776875672553,547.0,795.0,2.58
3539,1776875672564,544.0,772.0,2.58
3540,1776875672575,542.0,760.0,2.58
3541,1776875672586,543.0,752.0,2.58
3542,1776875672597,544.0,750.0,2.58
3543,1776875672608,544.0,741.0,2.58
3544,1776875672619,544.0,729.0,2.58
3545,1776875672630,541.0,716.0,2.58
3546,1776875672641,543.0,707.0,2.58
3547,1776875672652,542.0,695.0,2.58
3548,1776875672663,551.0,682.0,2.58
3549,1776875672674,546.0,676.0,2.58
3550,1776875672685,541.0,672.0,2.58
3551,1776875672696,545.0,672.0,2.58
3552,1776875672707,544.0,669.0,2.58
3553,1776875672718,545.0,672.0,2.58
3554,1776875672729,544.0,669.0,2.58
3555,1776875672740,541.0,663.0,2.58
3556,1776875672751,541.0,660.0,2.58
3557,1776875672762,539.0,652.0,2.58
3558,1776875672773,539.0,650.0,2.58
3559,1776875672784,539.0,637.0,2.58
3560,1776875672795,541.0,627.0,2.58
3561,1776875672806,542.0,631.0,2.58
3562,1776875672817,545.0,608.0,2.58
3563,1776875672828,543.0,596.0,2.58
3564,1776875672839,545.0,604.0,2.58
3565,1776875672850,542.0,573.0,2.58
3566,1776875672861,541.0,566.0,2.58
3567,1776875672872,537.0,578.0,2.58
3568,1776875672883,526.0,546.0,2.58
3569,1776875672894,483.0,543.0,2.58
3570,1776875672905,476.0,555.0,2.58
3571,1776875672916,572.0,531.0,2.58
3572,1776875672927,732.0,532.0,2.58
3573,1776875672938,780.0,536.0,2.58
3574,1776875672949,627.0,522.0,2.58
3575,1776875672960,471.0,518.0,2.58
3576,1776875672971,445.0,529.0,2.58
3577,1776875672982,443.0,512.0,2.58
3578,1776875672993,470.0,504.0,2.58
3579,1776875673004,485.0,514.0,2.58
3580,1776875673015,504.0,496.0,2.58
3581,1776875673026,515.0,491.0,2.58
3582,1776875673037,517.0,508.0,2.58
3583,1776875673048,525.0,485.0,2.58
3584,1776875673059,522.0,478.0,2.58
3585,1776875673070,527.0,494.0,2.58
3586,1776875673081,524.0,472.0,2.58
3587,1776875673092,522.0,465.0,2.58
3588,1776875673103,521.0,474.0,2.58
3589,1776875673114,521.0,457.0,2.58
3590,1776875673124,518.0,455.0,2.58
3591,1776875673135,526.0,456.0,2.58
3592,1776875673147,539.0,445.0,2.58
3593,1776875673158,547.0,461.0,2.58
3594,1776875673169,558.0,438.0,2.58
3595,1776875673179,568.0,438.0,2.58
3596,1776875673191,576.0,446.0,2.58
3597,1776875673201,576.0,431.0,2.58
3598,1776875673212,575.0,427.0,2.58
3599,1776875673223,569.0,432.0,2.58
3600,1776875673234,561.0,423.0,2.58
3601,1776875673245,559.0,421.0,2.58
3602,1776875673257,551.0,423.0,2.58
3603,1776875673267,547.0,416.0,2.58
3604,1776875673278,548.0,422.0,2.58
3605,1776875673289,554.0,417.0,2.58
3606,1776875673300,544.0,406.0,2.58
3607,1776875673311,544.0,418.0,2.58
3608,1776875673322,542.0,403.0,2.58
3609,1776875673333,541.0,403.0,2.58
3610,1776875673345,544.0,416.0,2.58
3611,1776875673355,544.0,459.0,2.58
3612,1776875673366,547.0,521.0,2.58
3613,1776875673377,544.0,457.0,2.58
3614,1776875673388,544.0,649.0,2.58
3615,1776875673399,542.0,730.0,2.58
3616,1776875673410,543.0,605.0,2.58
3617,1776875673421,544.0,809.0,2.58
3618,1776875673432,542.0,834.0,2.58
3619,1776875673443,550.0,763.0,2.58
3620,1776875673454,547.0,793.0,2.58
3621,1776875673465,549.0,807.0,2.58
3622,1776875673476,547.0,805.0,2.58
3623,1776875673487,543.0,787.0,2.58
3624,1776875673498,542.0,764.0,2.58
3625,1776875673509,546.0,766.0,2.58
3626,1776875673520,542.0,737.0,2.58
3627,1776875673531,542.0,719.0,2.58
3628,1776875673542,542.0,721.0,2.58
3629,1776875673553,540.0,696.0,2.58
3630,1776875673564,544.0,682.0,2.58
3631,1776875673575,541.0,685.0,2.58
3632,1776875673586,546.0,657.0,2.58
3633,1776875673597,543.0,650.0,2.58
3634,1776875673608,539.0,656.0,2.58
3635,1776875673619,542.0,644.0,2.58
3636,1776875673630,540.0,646.0,2.58
3637,1776875673641,538.0,631.0,2.58
3638,1776875673652,543.0,651.0,2.58
3639,1776875673663,545.0,656.0,2.58
3640,1776875673674,541.0,643.0,2.58
3641,1776875673685,541.0,653.0,2.58
3642,1776875673696,543.0,650.0,2.58
3643,1776875673707,543.0,641.0,2.58
3644,1776875673718,550.0,635.0,2.58
3645,1776875673729,547.0,628.0,2.58
3646,1776875673740,539.0,617.0,2.58
3647,1776875673751,496.0,598.0,2.58
3648,1776875673762,474.0,596.0,2.58
3649,1776875673773,550.0,581.0,2.58
3650,1776875673784,707.0,568.0,2.58
3651,1776875673795,859.0,569.0,2.58
3652,1776875673806,665.0,550.0,2.58
3653,1776875673817,463.0,538.0,2.58
3654,1776875673828,435.0,550.0,2.58
3655,1776875673839,432.0,532.0,2.58
3656,1776875673850,465.0,530.0,2.58
3657,1776875673861,476.0,535.0,2.58
3658,1776875673872,496.0,522.0,2.58
3659,1776875673883,504.0,517.0,2.58
3660,1776875673894,518.0,527.0,2.58
3661,1776875673905,525.0,505.0,2.58
3662,1776875673916,522.0,509.0,2.58
3663,1776875673927,523.0,496.0,2.58
3664,1776875673938,525.0,492.0,2.58
3665,1776875673949,524.0,503.0,2.58
3666,1776875673960,522.0,484.0,2.58
3667,1776875673971,511.0,481.0,2.58
3668,1776875673983,511.0,484.0,2.58
3669,1776875673993,525.0,477.0,2.58
3670,1776875674004,532.0,468.0,2.58
3671,1776875674015,548.0,476.0,2.58
3672,1776875674026,566.0,466.0,2.58
3673,1776875674037,581.0,462.0,2.58
3674,1776875674048,580.0,473.0,2.58
3675,1776875674059,583.0,452.0,2.58
3676,1776875674070,581.0,446.0,2.58
3677,1776875674081,574.0,461.0,2.58
3678,1776875674092,565.0,440.0,2.58
3679,1776875674103,559.0,430.0,2.58
3680,1776875674114,553.0,451.0,2.58
3681,1776875674125,551.0,420.0,2.58
3682,1776875674136,551.0,413.0,2.58
3683,1776875674147,546.0,414.0,2.58
3684,1776875674158,550.0,405.0,2.58
3685,1776875674169,548.0,402.0,2.58
3686,1776875674180,544.0,422.0,2.58
3687,1776875674191,543.0,403.0,2.58
3688,1776875674202,545.0,415.0,2.58
3689,1776875674213,544.0,414.0,2.58
3690,1776875674224,539.0,498.0,2.58
3691,1776875674235,548.0,556.0,2.58
3692,1776875674246,544.0,487.0,2.58
3693,1776875674257,544.0,702.0,2.58
3694,1776875674268,538.0,753.0,2.58
3695,1776875674279,548.0,703.0,2.58
3696,1776875674290,541.0,824.0,2.58
3697,1776875674302,541.0,832.0,2.58
3698,1776875674312,545.0,776.0,2.58
3699,1776875674323,546.0,817.0,2.58
3700,1776875674334,543.0,810.0,2.58
3701,1776875674345,543.0,787.0,2.58
3702,1776875674356,543.0,773.0,2.58
3703,1776875674367,545.0,765.0,2.58
3704,1776875674378,546.0,748.0,2.58
3705,1776875674389,546.0,740.0,2.58
3706,1776875674400,539.0,728.0,2.58
3707,1776875674411,545.0,722.0,2.58
3708,1776875674422,543.0,708.0,2.58
3709,1776875674433,539.0,703.0,2.58
3710,1776875674444,544.0,679.0,2.58
3711,1776875674455,546.0,662.0,2.58
3712,1776875674466,540.0,681.0,2.58
3713,1776875674477,542.0,653.0,2.58
3714,1776875674488,546.0,644.0,2.58
3715,1776875674499,543.0,644.0,2.58
3716,1776875674510,539.0,644.0,2.58
3717,1776875674521,543.0,642.0,2.58
3718,1776875674532,540.0,635.0,2.58
3719,1776875674543,537.0,645.0,2.58
3720,1776875674554,540.0,644.0,2.58
3721,1776875674565,547.0,637.0,2.58
3722,1776875674576,541.0,638.0,2.58
3723,1776875674587,545.0,626.0,2.58
3724,1776875674598,542.0,627.0,2.58
3725,1776875674609,540.0,607.0,2.58
3726,1776875674621,543.0,593.0,2.58
3727,1776875674631,545.0,602.0,2.58
3728,1776875674642,544.0,573.0,2.58
3729,1776875674653,526.0,562.0,2.58
3730,1776875674664,489.0,546.0,2.58
3731,1776875674675,475.0,534.0,2.58
3732,1776875674686,615.0,549.0,2.58
3733,1776875674697,742.0,524.0,2.58
3734,1776875674708,819.0,518.0,2.58
3735,1776875674719,631.0,528.0,2.58
3736,1776875674730,442.0,511.0,2.58
3737,1776875674741,439.0,503.0,2.58
3738,1776875674752,435.0,516.0,2.58
3739,1776875674763,474.0,493.0,2.58
3740,1776875674774,493.0,490.0,2.58
3741,1776875674785,503.0,504.0,2.58
3742,1776875674795,508.0,479.0,2.58
3743,1776875674806,521.0,477.0,2.58
3744,1776875674818,526.0,493.0,2.58
3745,1776875674829,526.0,468.0,2.58
3746,1776875674840,532.0,468.0,2.58
3747,1776875674850,525.0,477.0,2.58
3748,1776875674861,521.0,459.0,2.58
3749,1776875674873,521.0,458.0,2.58
3750,1776875674884,517.0,459.0,2.58
3751,1776875674894,520.0,444.0,2.58
3752,1776875674905,530.0,439.0,2.58
3753,1776875674916,538.0,438.0,2.58
3754,1776875674927,550.0,432.0,2.58
3755,1776875674940,562.0,437.0,2.58
3756,1776875674949,573.0,433.0,2.58
3757,1776875674960,579.0,426.0,2.58
3758,1776875674971,577.0,421.0,2.58
3759,1776875674982,573.0,434.0,2.58
3760,1776875674993,571.0,410.0,2.58
3761,1776875675004,563.0,411.0,2.58
3762,1776875675015,561.0,414.0,2.58
3763,1776875675026,556.0,398.0,2.58
3764,1776875675037,546.0,398.0,2.58
3765,1776875675048,551.0,401.0,2.58
3766,1776875675059,542.0,396.0,2.58
3767,1776875675070,542.0,403.0,2.58
3768,1776875675081,541.0,393.0,2.58
3769,1776875675092,538.0,393.0,2.58
3770,1776875675103,543.0,401.0,2.58
3771,1776875675114,545.0,417.0,2.58
3772,1776875675125,549.0,444.0,2.58
3773,1776875675136,544.0,431.0,2.58
3774,1776875675147,542.0,571.0,2.58
3775,1776875675158,545.0,655.0,2.58
3776,1776875675169,545.0,555.0,2.58
3777,1776875675180,546.0,766.0,2.58
3778,1776875675191,545.0,817.0,2.58
3779,1776875675202,545.0,724.0,2.58
3780,1776875675213,542.0,747.0,2.58
3781,1776875675224,543.0,840.0,2.58
3782,1776875675235,549.0,811.0,2.58
3783,1776875675246,544.0,810.0,2.58
3784,1776875675257,546.0,790.0,2.58
3785,1776875675268,546.0,793.0,2.58
3786,1776875675279,548.0,758.0,2.58
3787,1776875675290,548.0,744.0,2.58
3788,1776875675301,545.0,747.0,2.58
3789,1776875675312,544.0,722.0,2.58
3790,1776875675323,541.0,717.0,2.58
3791,1776875675334,542.0,706.0,2.58
3792,1776875675345,544.0,690.0,2.58
3793,1776875675356,540.0,678.0,2.58
3794,1776875675367,541.0,671.0,2.58
3795,1776875675378,541.0,657.0,2.58
3796,1776875675389,545.0,649.0,2.58
3797,1776875675400,545.0,648.0,2.58
3798,1776875675411,542.0,644.0,2.58
3799,1776875675422,541.0,649.0,2.58
3800,1776875675433,543.0,643.0,2.58
3801,1776875675444,536.0,644.0,2.58
3802,1776875675455,540.0,633.0,2.58
3803,1776875675466,545.0,637.0,2.58
3804,1776875675477,548.0,631.0,2.58
3805,1776875675488,540.0,627.0,2.58
3806,1776875675499,542.0,615.0,2.58
3807,1776875675510,542.0,607.0,2.58
3808,1776875675521,542.0,616.0,2.58
3809,1776875675532,545.0,582.0,2.58
3810,1776875675543,541.0,575.0,2.58
3811,1776875675554,499.0,586.0,2.58
3812,1776875675565,479.0,550.0,2.58
3813,1776875675576,494.0,547.0,2.58
3814,1776875675587,687.0,550.0,2.58
3815,1776875675598,833.0,530.0,2.58
3816,1776875675609,707.0,521.0,2.58
3817,1776875675620,548.0,517.0,2.58
3818,1776875675631,444.0,508.0,2.58
3819,1776875675642,430.0,506.0,2.58
3820,1776875675653,469.0,500.0,2.58
3821,1776875675664,476.0,497.0,2.58
3822,1776875675675,507.0,496.0,2.58
3823,1776875675686,515.0,487.0,2.58
3824,1776875675697,519.0,481.0,2.58
3825,1776875675708,520.0,489.0,2.58
3826,1776875675719,527.0,474.0,2.58
3827,1776875675730,528.0,472.0,2.58
3828,1776875675741,531.0,479.0,2.58
3829,1776875675752,526.0,464.0,2.58
3830,1776875675763,524.0,457.0,2.58
3831,1776875675774,519.0,474.0,2.58
3832,1776875675785,522.0,449.0,2.58
3833,1776875675796,525.0,444.0,2.58
3834,1776875675807,533.0,461.0,2.58
3835,1776875675818,541.0,436.0,2.58
3836,1776875675829,554.0,429.0,2.58
3837,1776875675840,568.0,453.0,2.58
3838,1776875675851,572.0,422.0,2.58
3839,1776875675862,573.0,420.0,2.58
3840,1776875675873,572.0,439.0,2.58
3841,1776875675884,574.0,413.0,2.58
3842,1776875675895,560.0,411.0,2.58
3843,1776875675906,561.0,426.0,2.58
3844,1776875675917,555.0,402.0,2.58
3845,1776875675928,551.0,395.0,2.58
3846,1776875675939,549.0,409.0,2.58
3847,1776875675950,552.0,390.0,2.58
3848,1776875675961,547.0,383.0,2.58
3849,1776875675972,545.0,409.0,2.58
3850,1776875675983,544.0,376.0,2.58
3851,1776875675994,545.0,373.0,2.58
3852,1776875676005,547.0,400.0,2.58
3853,1776875676016,547.0,389.0,2.58
3854,1776875676027,545.0,421.0,2.58
3855,1776875676038,543.0,409.0,2.58
3856,1776875676049,547.0,537.0,2.58
3857,1776875676060,546.0,592.0,2.58
3858,1776875676071,540.0,560.0,2.58
3859,1776875676082,544.0,724.0,2.58
3860,1776875676093,543.0,764.0,2.58
3861,1776875676104,545.0,742.0,2.58
3862,1776875676115,545.0,799.0,2.58
3863,1776875676126,545.0,789.0,2.58
3864,1776875676137,546.0,765.0,2.58
3865,1776875676148,543.0,762.0,2.58
3866,1776875676159,540.0,754.0,2.58
3867,1776875676170,542.0,726.0,2.58
3868,1776875676181,542.0,704.0,2.58
3869,1776875676192,544.0,679.0,2.58
3870,1776875676203,544.0,665.0,2.58
3871,1776875676214,542.0,653.0,2.58
3872,1776875676225,542.0,646.0,2.58
3873,1776875676236,544.0,631.0,2.58
3874,1776875676247,543.0,627.0,2.58
3875,1776875676258,543.0,608.0,2.58
3876,1776875676269,540.0,598.0,2.58
3877,1776875676280,541.0,603.0,2.58
3878,1776875676291,545.0,593.0,2.58
3879,1776875676302,539.0,595.0,2.58
3880,1776875676313,540.0,590.0,2.58
3881,1776875676324,544.0,604.0,2.58
3882,1776875676335,539.0,611.0,2.58
3883,1776875676346,544.0,597.0,2.58
3884,1776875676357,547.0,607.0,2.58
3885,1776875676368,541.0,604.0,2.58
3886,1776875676379,512.0,602.0,2.58
3887,1776875676390,473.0,590.0,2.58
3888,1776875676400,474.0,577.0,2.58
3889,1776875676412,615.0,591.0,2.58
3890,1776875676422,776.0,561.0,2.58
3891,1776875676433,745.0,545.0,2.58
3892,1776875676444,609.0,568.0,2.58
3893,1776875676455,454.0,524.0,2.58
3894,1776875676466,448.0,520.0,2.58
3895,1776875676477,452.0,535.0,2.58
3896,1776875676488,472.0,501.0,2.58
3897,1776875676499,493.0,492.0,2.58
3898,1776875676510,503.0,507.0,2.58
3899,1776875676521,518.0,487.0,2.58
3900,1776875676532,525.0,476.0,2.58
3901,1776875676543,530.0,493.0,2.58
3902,1776875676554,525.0,475.0,2.58
3903,1776875676565,527.0,473.0,2.58
3904,1776875676576,530.0,485.0,2.58
3905,1776875676587,525.0,464.0,2.58
3906,1776875676598,520.0,464.0,2.58
3907,1776875676609,524.0,474.0,2.58
3908,1776875676620,514.0,457.0,2.58
3909,1776875676631,532.0,459.0,2.58
3910,1776875676642,539.0,465.0,2.58
3911,1776875676653,550.0,449.0,2.58
3912,1776875676664,562.0,448.0,2.58
3913,1776875676675,567.0,451.0,2.58
3914,1776875676686,574.0,439.0,2.58
3915,1776875676697,574.0,435.0,2.58
3916,1776875676708,566.0,435.0,2.58
3917,1776875676719,570.0,430.0,2.58
3918,1776875676730,561.0,429.0,2.58
3919,1776875676741,554.0,424.0,2.58
3920,1776875676752,551.0,421.0,2.58
3921,1776875676763,549.0,428.0,2.58
3922,1776875676774,548.0,416.0,2.58
3923,1776875676785,544.0,411.0,2.58
3924,1776875676796,544.0,425.0,2.58
3925,1776875676807,545.0,401.0,2.58
3926,1776875676818,548.0,395.0,2.58
3927,1776875676829,549.0,414.0,2.58
3928,1776875676840,550.0,393.0,2.58
3929,1776875676851,545.0,414.0,2.58
3930,1776875676862,549.0,405.0,2.58
3931,1776875676873,546.0,496.0,2.58
3932,1776875676884,552.0,569.0,2.58
3933,1776875676895,548.0,467.0,2.58
3934,1776875676906,542.0,685.0,2.58
3935,1776875676917,542.0,743.0,2.58
3936,1776875676928,540.0,629.0,2.58
3937,1776875676939,543.0,786.0,2.58
3938,1776875676952,543.0,794.0,2.58
3939,1776875676961,542.0,761.0,2.58
3940,1776875676972,548.0,766.0,2.58
3941,1776875676983,546.0,757.0,2.58
3942,1776875676994,541.0,733.0,2.58
3943,1776875677005,541.0,715.0,2.58
3944,1776875677016,541.0,716.0,2.58
3945,1776875677027,542.0,685.0,2.58
3946,1776875677038,541.0,672.0,2.58
3947,1776875677049,537.0,676.0,2.58
3948,1776875677060,539.0,643.0,2.58
3949,1776875677071,538.0,624.0,2.58
3950,1776875677082,539.0,638.0,2.58
3951,1776875677093,545.0,604.0,2.58
3952,1776875677104,542.0,598.0,2.58
3953,1776875677115,545.0,602.0,2.58
3954,1776875677126,540.0,602.0,2.58
3955,1776875677137,545.0,607.0,2.58
3956,1776875677148,548.0,590.0,2.58
3957,1776875677159,545.0,616.0,2.58
3958,1776875677170,506.0,621.0,2.58
3959,1776875677181,476.0,605.0,2.58
3960,1776875677192,479.0,617.0,2.58
3961,1776875677203,671.0,612.0,2.58
3962,1776875677214,842.0,609.0,2.58
3963,1776875677225,751.0,597.0,2.58
3964,1776875677236,562.0,591.0,2.58
3965,1776875677247,442.0,589.0,2.58
3966,1776875677258,422.0,563.0,2.58
3967,1776875677269,456.0,556.0,2.58
3968,1776875677280,466.0,553.0,2.58
3969,1776875677291,496.0,534.0,2.58
3970,1776875677302,505.0,536.0,2.58
3971,1776875677313,519.0,529.0,2.58
3972,1776875677324,524.0,516.0,2.58
3973,1776875677335,525.0,519.0,2.58
3974,1776875677346,523.0,508.0,2.58
3975,1776875677357,525.0,501.0,2.58
3976,1776875677368,522.0,509.0,2.58
3977,1776875677379,520.0,492.0,2.58
3978,1776875677390,520.0,488.0,2.58
3979,1776875677401,518.0,500.0,2.58
3980,1776875677412,522.0,480.0,2.58
3981,1776875677423,527.0,477.0,2.58
3982,1776875677434,543.0,490.0,2.58
3983,1776875677445,552.0,474.0,2.58
3984,1776875677456,570.0,472.0,2.58
3985,1776875677467,577.0,474.0,2.58
3986,1776875677478,576.0,473.0,2.58
3987,1776875677489,575.0,467.0,2.58
3988,1776875677500,573.0,475.0,2.58
3989,1776875677511,567.0,461.0,2.58
3990,1776875677522,560.0,455.0,2.58
3991,1776875677533,555.0,473.0,2.58
3992,1776875677544,554.0,451.0,2.58
3993,1776875677555,547.0,446.0,2.58
3994,1776875677566,545.0,462.0,2.58
3995,1776875677577,544.0,441.0,2.58
3996,1776875677588,542.0,431.0,2.58
3997,1776875677599,536.0,454.0,2.58
3998,1776875677610,545.0,419.0,2.58
3999,1776875677621,540.0,420.0,2.58
4000,1776875677632,542.0,436.0,2.58
4001,1776875677643,546.0,464.0,2.58
4002,1776875677654,542.0,511.0,2.58
4003,1776875677665,545.0,442.0,2.58
4004,1776875677676,543.0,637.0,2.58
4005,1776875677687,545.0,698.0,2.58
4006,1776875677698,541.0,571.0,2.58
4007,1776875677709,541.0,798.0,2.58
4008,1776875677720,540.0,725.0,2.58
4009,1776875677731,540.0,788.0,2.58
4010,1776875677742,543.0,828.0,2.58
4011,1776875677753,546.0,799.0,2.58
4012,1776875677764,543.0,797.0,2.58
4013,1776875677775,547.0,778.0,2.58
4014,1776875677786,546.0,782.0,2.58
4015,1776875677797,549.0,747.0,2.58
4016,1776875677808,544.0,740.0,2.58
4017,1776875677819,541.0,733.0,2.58
4018,1776875677830,538.0,710.0,2.58
4019,1776875677841,541.0,703.0,2.58
4020,1776875677852,545.0,688.0,2.58
4021,1776875677863,544.0,668.0,2.58
4022,1776875677874,542.0,663.0,2.58
4023,1776875677885,539.0,652.0,2.58
4024,1776875677896,539.0,639.0,2.58
4025,1776875677907,548.0,638.0,2.58
4026,1776875677918,540.0,640.0,2.58
4027,1776875677929,543.0,638.0,2.58
4028,1776875677941,541.0,634.0,2.58
4029,1776875677951,543.0,643.0,2.58
4030,1776875677962,546.0,642.0,2.58
4031,1776875677973,543.0,641.0,2.58
4032,1776875677984,537.0,631.0,2.58
4033,1776875677995,499.0,628.0,2.58
4034,1776875678006,474.0,628.0,2.58
4035,1776875678016,521.0,616.0,2.58
4036,1776875678028,718.0,606.0,2.58
4037,1776875678038,848.0,601.0,2.58
4038,1776875678049,649.0,585.0,2.58
4039,1776875678060,482.0,571.0,2.58
4040,1776875678071,430.0,574.0,2.58
4041,1776875678082,429.0,554.0,2.58
4042,1776875678093,470.0,542.0,2.58
4043,1776875678104,478.0,551.0,2.58
4044,1776875678115,497.0,525.0,2.58
4045,1776875678126,511.0,517.0,2.58
4046,1776875678137,518.0,529.0,2.58
4047,1776875678148,522.0,502.0,2.58
4048,1776875678159,522.0,497.0,2.58
4049,1776875678170,525.0,511.0,2.58
4050,1776875678181,524.0,488.0,2.58
4051,1776875678192,525.0,483.0,2.58
4052,1776875678203,523.0,497.0,2.58
4053,1776875678214,522.0,473.0,2.58
4054,1776875678225,514.0,471.0,2.58
4055,1776875678236,523.0,490.0,2.58
4056,1776875678247,536.0,467.0,2.58
4057,1776875678259,550.0,466.0,2.58
4058,1776875678269,563.0,476.0,2.58
4059,1776875678280,568.0,458.0,2.58
4060,1776875678291,583.0,456.0,2.58
4061,1776875678302,575.0,468.0,2.58
4062,1776875678313,573.0,450.0,2.58
4063,1776875678324,568.0,448.0,2.58
4064,1776875678335,570.0,455.0,2.58
4065,1776875678346,559.0,438.0,2.58
4066,1776875678357,553.0,438.0,2.58
4067,1776875678368,553.0,435.0,2.58
4068,1776875678379,548.0,428.0,2.58
4069,1776875678390,544.0,429.0,2.58
4070,1776875678401,544.0,424.0,2.58
4071,1776875678412,544.0,415.0,2.58
4072,1776875678423,542.0,427.0,2.58
4073,1776875678434,543.0,416.0,2.58
4074,1776875678445,542.0,422.0,2.58
4075,1776875678456,545.0,432.0,2.58
4076,1776875678467,546.0,466.0,2.58
4077,1776875678478,542.0,570.0,2.58
4078,1776875678489,548.0,468.0,2.58
4079,1776875678500,544.0,704.0,2.58
4080,1776875678511,544.0,749.0,2.58
4081,1776875678522,541.0,670.0,2.58
4082,1776875678533,545.0,802.0,2.58
4083,1776875678544,544.0,809.0,2.58
4084,1776875678555,543.0,762.0,2.58
4085,1776875678566,540.0,789.0,2.58
4086,1776875678578,543.0,779.0,2.58
4087,1776875678588,549.0,763.0,2.58
4088,1776875678599,545.0,749.0,2.58
4089,1776875678610,542.0,744.0,2.58
4090,1776875678621,542.0,725.0,2.58
4091,1776875678632,544.0,715.0,2.58
4092,1776875678643,545.0,710.0,2.58
4093,1776875678654,541.0,692.0,2.58
4094,1776875678665,539.0,680.0,2.58
4095,1776875678676,541.0,678.0,2.58
4096,1776875678687,541.0,650.0,2.58
4097,1776875678698,541.0,633.0,2.58
4098,1776875678709,541.0,638.0,2.58
4099,1776875678720,545.0,619.0,2.58
4100,1776875678731,539.0,614.0,2.58
4101,1776875678742,539.0,612.0,2.58
4102,1776875678753,549.0,617.0,2.58
4103,1776875678764,543.0,618.0,2.58
4104,1776875678775,544.0,602.0,2.58
4105,1776875678786,552.0,616.0,2.58
4106,1776875678797,546.0,613.0,2.58
4107,1776875678808,544.0,609.0,2.58
4108,1776875678819,547.0,604.0,2.58
4109,1776875678830,545.0,594.0,2.58
4110,1776875678841,542.0,603.0,2.58
4111,1776875678852,527.0,571.0,2.58
4112,1776875678863,482.0,561.0,2.58
4113,1776875678874,477.0,568.0,2.58
4114,1776875678885,625.0,541.0,2.58
4115,1776875678896,757.0,529.0,2.58
4116,1776875678907,769.0,536.0,2.58
4117,1776875678918,556.0,509.0,2.58
4118,1776875678929,447.0,501.0,2.58
4119,1776875678940,429.0,500.0,2.58
4120,1776875678951,450.0,480.0,2.58
4121,1776875678962,471.0,477.0,2.58
4122,1776875678973,493.0,497.0,2.58
4123,1776875678984,502.0,469.0,2.58
4124,1776875678995,516.0,467.0,2.58
4125,1776875679006,519.0,481.0,2.58
4126,1776875679017,528.0,459.0,2.58
4127,1776875679028,524.0,459.0,2.58
4128,1776875679039,524.0,467.0,2.58
4129,1776875679050,523.0,451.0,2.58
4130,1776875679061,523.0,455.0,2.58
4131,1776875679072,523.0,456.0,2.58
4132,1776875679083,515.0,449.0,2.58
4133,1776875679094,526.0,448.0,2.58
4134,1776875679105,533.0,448.0,2.58
4135,1776875679116,538.0,440.0,2.58
4136,1776875679127,548.0,450.0,2.58
4137,1776875679138,562.0,435.0,2.58
4138,1776875679149,577.0,431.0,2.58
4139,1776875679160,578.0,439.0,2.58
4140,1776875679171,577.0,425.0,2.58
4141,1776875679182,574.0,417.0,2.58
4142,1776875679193,565.0,432.0,2.58
4143,1776875679204,562.0,411.0,2.58
4144,1776875679215,562.0,408.0,2.58
4145,1776875679226,550.0,426.0,2.58
4146,1776875679238,549.0,398.0,2.58
4147,1776875679248,550.0,410.0,2.58
4148,1776875679259,541.0,396.0,2.58
4149,1776875679270,543.0,389.0,2.58
4150,1776875679281,544.0,406.0,2.58
4151,1776875679292,541.0,392.0,2.58
4152,1776875679303,541.0,398.0,2.58
4153,1776875679314,547.0,404.0,2.58
4154,1776875679325,545.0,455.0,2.58
4155,1776875679336,541.0,522.0,2.58
4156,1776875679347,540.0,444.0,2.58
4157,1776875679358,541.0,640.0,2.58
4158,1776875679369,545.0,713.0,2.58
4159,1776875679380,542.0,588.0,2.58
4160,1776875679391,538.0,779.0,2.58
4161,1776875679402,551.0,800.0,2.58
4162,1776875679413,548.0,741.0,2.58
4163,1776875679424,547.0,781.0,2.58
4164,1776875679435,546.0,773.0,2.58
4165,1776875679446,547.0,775.0,2.58
4166,1776875679457,544.0,732.0,2.58
4167,1776875679468,546.0,720.0,2.58
4168,1776875679479,547.0,734.0,2.58
4169,1776875679490,546.0,692.0,2.58
4170,1776875679501,542.0,676.0,2.58
4171,1776875679512,542.0,684.0,2.58
4172,1776875679523,540.0,653.0,2.58
4173,1776875679534,543.0,637.0,2.58
4174,1776875679545,540.0,650.0,2.58
4175,1776875679556,542.0,618.0,2.58
4176,1776875679567,541.0,610.0,2.58
4177,1776875679578,543.0,620.0,2.58
4178,1776875679589,542.0,609.0,2.58
4179,1776875679599,543.0,606.0,2.58
4180,1776875679611,541.0,608.0,2.58
4181,1776875679621,538.0,614.0,2.58
4182,1776875679632,538.0,613.0,2.58
4183,1776875679644,538.0,609.0,2.58
4184,1776875679654,541.0,613.0,2.58
4185,1776875679666,544.0,605.0,2.58
4186,1776875679676,547.0,597.0,2.58
4187,1776875679687,548.0,586.0,2.58
4188,1776875679699,544.0,586.0,2.58
4189,1776875679709,544.0,571.0,2.58
4190,1776875679720,546.0,556.0,2.58
4191,1776875679731,551.0,563.0,2.58
4192,1776875679743,523.0,537.0,2.58
4193,1776875679753,482.0,527.0,2.58
4194,1776875679764,479.0,536.0,2.58
4195,1776875679775,601.0,515.0,2.58
4196,1776875679786,775.0,505.0,2.58
4197,1776875679797,761.0,515.0,2.58
4198,1776875679808,584.0,493.0,2.58
4199,1776875679819,446.0,490.0,2.58
4200,1776875679830,421.0,504.0,2.58
4201,1776875679841,455.0,476.0,2.58
4202,1776875679852,473.0,475.0,2.58
4203,1776875679863,492.0,485.0,2.58
4204,1776875679874,499.0,465.0,2.58
4205,1776875679885,514.0,455.0,2.58
4206,1776875679896,519.0,478.0,2.58
4207,1776875679907,526.0,457.0,2.58
4208,1776875679918,525.0,455.0,2.58
4209,1776875679929,534.0,469.0,2.58
4210,1776875679940,532.0,448.0,2.58
4211,1776875679951,529.0,446.0,2.58
4212,1776875679962,525.0,460.0,2.58
4213,1776875679973,519.0,443.0,2.58
4214,1776875679984,524.0,437.0,2.58
4215,1776875679995,532.0,456.0,2.58
4216,1776875680006,539.0,434.0,2.58
4217,1776875680017,554.0,442.0,2.58
4218,1776875680028,562.0,424.0,2.58
4219,1776875680039,568.0,423.0,2.58
4220,1776875680050,570.0,438.0,2.58
4221,1776875680061,573.0,416.0,2.58
4222,1776875680072,573.0,415.0,2.58
4223,1776875680083,564.0,429.0,2.58
4224,1776875680094,561.0,404.0,2.58
4225,1776875680105,553.0,396.0,2.58
4226,1776875680116,548.0,420.0,2.58
4227,1776875680127,550.0,390.0,2.58
4228,1776875680138,541.0,390.0,2.58
4229,1776875680149,544.0,412.0,2.58
4230,1776875680160,538.0,384.0,2.58
4231,1776875680171,544.0,379.0,2.58
4232,1776875680182,548.0,395.0,2.58
4233,1776875680193,546.0,388.0,2.58
4234,1776875680204,547.0,404.0,2.58
4235,1776875680215,543.0,434.0,2.58
4236,1776875680226,542.0,500.0,2.58
4237,1776875680237,542.0,555.0,2.58
4238,1776875680248,541.0,593.0,2.58
4239,1776875680259,547.0,694.0,2.58
4240,1776875680270,545.0,696.0,2.58
4241,1776875680281,543.0,745.0,2.58
4242,1776875680292,543.0,784.0,2.58
4243,1776875680303,545.0,757.0,2.58
4244,1776875680314,546.0,751.0,2.58
4245,1776875680325,546.0,764.0,2.58
4246,1776875680336,545.0,754.0,2.58
4247,1776875680347,547.0,724.0,2.58
4248,1776875680358,545.0,706.0,2.58
4249,1776875680369,541.0,713.0,2.58
4250,1776875680380,538.0,675.0,2.58
4251,1776875680391,540.0,664.0,2.58
4252,1776875680402,538.0,666.0,2.58
4253,1776875680413,541.0,642.0,2.58
4254,1776875680424,541.0,622.0,2.58
4255,1776875680435,538.0,636.0,2.58
4256,1776875680446,545.0,605.0,2.58
4257,1776875680457,544.0,592.0,2.58
4258,1776875680468,543.0,600.0,2.58
4259,1776875680479,541.0,590.0,2.58
4260,1776875680490,547.0,588.0,2.58
4261,1776875680501,546.0,586.0,2.58
4262,1776875680512,543.0,596.0,2.58
4263,1776875680523,541.0,600.0,2.58
4264,1776875680534,540.0,587.0,2.58
4265,1776875680545,540.0,595.0,2.58
4266,1776875680556,548.0,588.0,2.58
4267,1776875680567,544.0,593.0,2.58
4268,1776875680578,546.0,576.0,2.58
4269,1776875680589,544.0,567.0,2.58
4270,1776875680600,548.0,579.0,2.58
4271,1776875680611,550.0,546.0,2.58
4272,1776875680622,537.0,537.0,2.58
4273,1776875680633,535.0,555.0,2.58
4274,1776875680644,507.0,519.0,2.58
4275,1776875680655,473.0,509.0,2.58
4276,1776875680666,518.0,524.0,2.58
4277,1776875680677,695.0,495.0,2.58
4278,1776875680688,834.0,491.0,2.58
4279,1776875680699,694.0,499.0,2.58
4280,1776875680710,494.0,478.0,2.58
4281,1776875680721,441.0,476.0,2.58
4282,1776875680732,424.0,474.0,2.58
4283,1776875680743,466.0,466.0,2.58
4284,1776875680754,485.0,463.0,2.58
4285,1776875680765,504.0,458.0,2.58
4286,1776875680776,509.0,451.0,2.58
4287,1776875680787,516.0,457.0,2.58
4288,1776875680798,528.0,445.0,2.58
4289,1776875680809,526.0,447.0,2.58
4290,1776875680820,530.0,446.0,2.58
4291,1776875680831,527.0,437.0,2.58
4292,1776875680842,530.0,441.0,2.58
4293,1776875680853,524.0,437.0,2.58
4294,1776875680864,522.0,429.0,2.58
4295,1776875680875,520.0,440.0,2.58
4296,1776875680886,532.0,428.0,2.58
4297,1776875680897,538.0,423.0,2.58
4298,1776875680908,538.0,436.0,2.58
4299,1776875680919,555.0,421.0,2.58
4300,1776875680930,561.0,416.0,2.58
4301,1776875680941,570.0,431.0,2.58
4302,1776875680952,575.0,413.0,2.58
4303,1776875680963,571.0,409.0,2.58
4304,1776875680974,566.0,414.0,2.58
4305,1776875680985,565.0,413.0,2.58
4306,1776875680996,564.0,400.0,2.58
4307,1776875681007,554.0,407.0,2.58
4308,1776875681018,552.0,395.0,2.58
4309,1776875681029,548.0,388.0,2.58
4310,1776875681040,546.0,405.0,2.58
4311,1776875681051,545.0,384.0,2.58
4312,1776875681062,544.0,382.0,2.58
4313,1776875681073,545.0,400.0,2.58
4314,1776875681084,545.0,380.0,2.58
4315,1776875681095,548.0,387.0,2.58
4316,1776875681106,546.0,393.0,2.58
4317,1776875681117,546.0,436.0,2.58
4318,1776875681128,545.0,501.0,2.58
4319,1776875681139,545.0,434.0,2.58
4320,1776875681150,543.0,617.0,2.58
4321,1776875681161,541.0,692.0,2.58
4322,1776875681172,541.0,571.0,2.58
4323,1776875681183,547.0,766.0,2.58
4324,1776875681194,545.0,781.0,2.58
4325,1776875681205,543.0,719.0,2.58
4326,1776875681216,544.0,753.0,2.58
4327,1776875681227,548.0,757.0,2.58
4328,1776875681238,546.0,758.0,2.58
4329,1776875681249,547.0,717.0,2.58
4330,1776875681260,546.0,703.0,2.58
4331,1776875681271,547.0,701.0,2.58
4332,1776875681282,544.0,669.0,2.58
4333,1776875681293,545.0,660.0,2.58
4334,1776875681304,545.0,651.0,2.58
4335,1776875681314,540.0,629.0,2.58
4336,1776875681326,544.0,620.0,2.58
4337,1776875681337,542.0,610.0,2.58
4338,1776875681348,540.0,592.0,2.58
4339,1776875681359,543.0,595.0,2.58
4340,1776875681369,546.0,587.0,2.58
4341,1776875681381,543.0,582.0,2.58
4342,1776875681391,542.0,583.0,2.58
4343,1776875681402,541.0,586.0,2.58
4344,1776875681414,543.0,588.0,2.58
4345,1776875681424,543.0,579.0,2.58
4346,1776875681435,545.0,584.0,2.58
4347,1776875681446,548.0,583.0,2.58
4348,1776875681457,545.0,582.0,2.58
4349,1776875681468,541.0,573.0,2.58
4350,1776875681479,546.0,566.0,2.58
4351,1776875681490,547.0,562.0,2.58
4352,1776875681501,545.0,553.0,2.58
4353,1776875681512,540.0,541.0,2.58
4354,1776875681524,506.0,532.0,2.58
4355,1776875681535,477.0,511.0,2.58
4356,1776875681545,525.0,503.0,2.58
4357,1776875681556,666.0,503.0,2.58
4358,1776875681568,836.0,483.0,2.58
4359,1776875681578,680.0,485.0,2.58
4360,1776875681589,497.0,477.0,2.58
4361,1776875681600,447.0,468.0,2.58
4362,1776875681611,435.0,477.0,2.58
4363,1776875681622,473.0,462.0,2.58
4364,1776875681633,481.0,456.0,2.58
4365,1776875681644,500.0,466.0,2.58
4366,1776875681655,508.0,450.0,2.58
4367,1776875681666,517.0,444.0,2.58
4368,1776875681677,523.0,458.0,2.58
4369,1776875681688,523.0,438.0,2.58
4370,1776875681699,518.0,433.0,2.58
4371,1776875681710,524.0,432.0,2.58
4372,1776875681722,523.0,428.0,2.58
4373,1776875681732,525.0,427.0,2.58
4374,1776875681743,524.0,441.0,2.58
4375,1776875681754,526.0,420.0,2.58
4376,1776875681765,530.0,420.0,2.58
4377,1776875681776,535.0,436.0,2.58
4378,1776875681787,538.0,414.0,2.58
4379,1776875681798,556.0,414.0,2.58
4380,1776875681809,566.0,431.0,2.58
4381,1776875681820,571.0,405.0,2.58
4382,1776875681831,574.0,404.0,2.58
4383,1776875681842,576.0,402.0,2.58
4384,1776875681853,567.0,399.0,2.58
4385,1776875681864,565.0,396.0,2.58
4386,1776875681875,556.0,391.0,2.58
4387,1776875681886,555.0,392.0,2.58
4388,1776875681897,548.0,388.0,2.58
4389,1776875681908,547.0,386.0,2.58
4390,1776875681919,544.0,378.0,2.58
4391,1776875681930,547.0,388.0,2.58
4392,1776875681941,547.0,378.0,2.58
4393,1776875681952,543.0,374.0,2.58
4394,1776875681963,545.0,369.0,2.58
4395,1776875681974,543.0,393.0,2.58
4396,1776875681985,545.0,386.0,2.58
4397,1776875681996,543.0,404.0,2.58
4398,1776875682007,549.0,439.0,2.58
4399,1776875682018,541.0,515.0,2.58
4400,1776875682029,541.0,568.0,2.58
4401,1776875682040,546.0,648.0,2.58
4402,1776875682051,542.0,699.0,2.58
4403,1776875682062,544.0,699.0,2.58
4404,1776875682073,542.0,731.0,2.58
4405,1776875682084,544.0,769.0,2.58
4406,1776875682095,549.0,742.0,2.58
4407,1776875682106,545.0,737.0,2.58
4408,1776875682117,545.0,738.0,2.58
4409,1776875682128,544.0,731.0,2.58
4410,1776875682139,543.0,690.0,2.58
4411,1776875682150,541.0,672.0,2.58
4412,1776875682161,542.0,684.0,2.58
4413,1776875682172,544.0,638.0,2.58
4414,1776875682183,545.0,627.0,2.58
4415,1776875682194,541.0,633.0,2.58
4416,1776875682205,541.0,602.0,2.58
4417,1776875682216,542.0,590.0,2.58
4418,1776875682227,537.0,581.0,2.58
4419,1776875682238,544.0,575.0,2.58
4420,1776875682249,548.0,568.0,2.58
4421,1776875682260,547.0,572.0,2.58
4422,1776875682271,549.0,571.0,2.58
4423,1776875682282,547.0,576.0,2.58
4424,1776875682293,543.0,582.0,2.58
4425,1776875682304,550.0,582.0,2.58
4426,1776875682315,545.0,576.0,2.58
4427,1776875682326,538.0,585.0,2.58
4428,1776875682337,514.0,581.0,2.58
4429,1776875682348,480.0,577.0,2.58
4430,1776875682359,469.0,565.0,2.58
4431,1776875682370,625.0,554.0,2.58
4432,1776875682381,779.0,571.0,2.58
4433,1776875682392,777.0,530.0,2.58
4434,1776875682403,570.0,522.0,2.58
4435,1776875682414,460.0,513.0,2.58
4436,1776875682425,430.0,506.0,2.58
4437,1776875682436,462.0,497.0,2.58
4438,1776875682447,476.0,503.0,2.58
4439,1776875682458,496.0,488.0,2.58
4440,1776875682469,502.0,491.0,2.58
4441,1776875682480,518.0,481.0,2.58
4442,1776875682491,519.0,477.0,2.58
4443,1776875682503,529.0,475.0,2.58
4444,1776875682513,529.0,488.0,2.58
4445,1776875682524,527.0,472.0,2.58
4446,1776875682535,528.0,467.0,2.58
4447,1776875682546,523.0,476.0,2.58
4448,1776875682557,519.0,460.0,2.58
4449,1776875682568,520.0,457.0,2.58
4450,1776875682579,523.0,461.0,2.58
4451,1776875682590,529.0,448.0,2.58
4452,1776875682601,536.0,448.0,2.58
4453,1776875682612,549.0,445.0,2.58
4454,1776875682623,563.0,442.0,2.58
4455,1776875682634,574.0,443.0,2.58
4456,1776875682645,577.0,441.0,2.58
4457,1776875682656,576.0,439.0,2.58
4458,1776875682667,568.0,437.0,2.58
4459,1776875682678,569.0,434.0,2.58
4460,1776875682689,561.0,435.0,2.58
4461,1776875682700,556.0,443.0,2.58
4462,1776875682711,552.0,428.0,2.58
4463,1776875682722,543.0,427.0,2.58
4464,1776875682733,545.0,438.0,2.58
4465,1776875682744,538.0,418.0,2.58
4466,1776875682755,543.0,414.0,2.58
4467,1776875682766,545.0,432.0,2.58
4468,1776875682777,540.0,401.0,2.58
4469,1776875682788,546.0,397.0,2.58
4470,1776875682799,542.0,405.0,2.58
4471,1776875682810,546.0,412.0,2.58
4472,1776875682821,544.0,457.0,2.58
4473,1776875682832,544.0,420.0,2.58
4474,1776875682843,544.0,567.0,2.58
4475,1776875682854,543.0,635.0,2.58
4476,1776875682865,539.0,681.0,2.58
4477,1776875682876,540.0,735.0,2.58
4478,1776875682887,541.0,761.0,2.58
4479,1776875682898,545.0,668.0,2.58
4480,1776875682909,540.0,756.0,2.58
4481,1776875682920,545.0,761.0,2.58
4482,1776875682931,545.0,748.0,2.58
4483,1776875682942,546.0,724.0,2.58
4484,1776875682953,544.0,710.0,2.58
4485,1776875682964,549.0,731.0,2.58
4486,1776875682975,546.0,676.0,2.58
4487,1776875682986,541.0,661.0,2.58
4488,1776875682997,543.0,642.0,2.58
4489,1776875683008,542.0,627.0,2.58
4490,1776875683019,544.0,619.0,2.58
4491,1776875683030,547.0,607.0,2.58
4492,1776875683041,546.0,592.0,2.58
4493,1776875683052,543.0,585.0,2.58
4494,1776875683062,547.0,577.0,2.58
4495,1776875683074,536.0,574.0,2.58
4496,1776875683085,546.0,573.0,2.58
4497,1776875683096,539.0,578.0,2.58
4498,1776875683106,495.0,587.0,2.58
4499,1776875683117,474.0,570.0,2.58
4500,1776875683128,498.0,593.0,2.58
4501,1776875683139,691.0,595.0,2.58
4502,1776875683150,855.0,585.0,2.58
4503,1776875683161,676.0,589.0,2.58
4504,1776875683172,514.0,584.0,2.58
4505,1776875683183,448.0,575.0,2.58
4506,1776875683194,435.0,562.0,2.58
4507,1776875683205,472.0,556.0,2.58
4508,1776875683216,477.0,552.0,2.58
4509,1776875683227,496.0,533.0,2.58
4510,1776875683238,508.0,536.0,2.58
4511,1776875683249,518.0,519.0,2.58
4512,1776875683260,519.0,507.0,2.58
4513,1776875683271,521.0,517.0,2.58
4514,1776875683282,529.0,496.0,2.58
4515,1776875683293,522.0,486.0,2.58
4516,1776875683304,525.0,499.0,2.58
4517,1776875683315,517.0,479.0,2.58
4518,1776875683326,515.0,473.0,2.58
4519,1776875683337,514.0,488.0,2.58
4520,1776875683348,524.0,472.0,2.58
4521,1776875683359,532.0,470.0,2.58
4522,1776875683370,546.0,468.0,2.58
4523,1776875683381,567.0,467.0,2.58
4524,1776875683392,575.0,468.0,2.58
4525,1776875683403,585.0,464.0,2.58
4526,1776875683414,581.0,467.0,2.58
4527,1776875683425,574.0,465.0,2.58
4528,1776875683436,570.0,480.0,2.58
4529,1776875683447,565.0,461.0,2.58
4530,1776875683458,560.0,455.0,2.58
4531,1776875683469,555.0,474.0,2.58
4532,1776875683480,554.0,451.0,2.58
4533,1776875683491,545.0,447.0,2.58
4534,1776875683502,546.0,462.0,2.58
4535,1776875683513,543.0,443.0,2.58
4536,1776875683524,544.0,436.0,2.58
4537,1776875683535,546.0,436.0,2.58
4538,1776875683546,545.0,429.0,2.58
4539,1776875683557,546.0,432.0,2.58
4540,1776875683568,546.0,436.0,2.58
4541,1776875683579,548.0,463.0,2.58
4542,1776875683590,545.0,507.0,2.58
4543,1776875683601,543.0,450.0,2.58
4544,1776875683612,543.0,638.0,2.58
4545,1776875683623,543.0,689.0,2.58
4546,1776875683634,544.0,611.0,2.58
4547,1776875683645,541.0,785.0,2.58
4548,1776875683656,550.0,802.0,2.58
4549,1776875683667,543.0,767.0,2.58
4550,1776875683678,545.0,802.0,2.58
4551,1776875683689,547.0,794.0,2.58
4552,1776875683700,548.0,767.0,2.58
4553,1776875683711,548.0,749.0,2.58
4554,1776875683722,551.0,744.0,2.58
4555,1776875683733,548.0,721.0,2.58
4556,1776875683744,540.0,702.0,2.58
4557,1776875683755,547.0,691.0,2.58
4558,1776875683766,543.0,679.0,2.58
4559,1776875683777,542.0,672.0,2.58
4560,1776875683788,545.0,667.0,2.58
4561,1776875683799,541.0,642.0,2.58
4562,1776875683810,543.0,627.0,2.58
4563,1776875683821,542.0,613.0,2.58
4564,1776875683832,548.0,605.0,2.58
4565,1776875683843,543.0,606.0,2.58
4566,1776875683854,544.0,607.0,2.58
4567,1776875683865,542.0,611.0,2.58
4568,1776875683876,544.0,611.0,2.58
4569,1776875683887,546.0,615.0,2.58
4570,1776875683898,542.0,609.0,2.58
4571,1776875683909,525.0,604.0,2.58
4572,1776875683920,495.0,605.0,2.58
4573,1776875683931,469.0,596.0,2.58
4574,1776875683942,600.0,583.0,2.58
4575,1776875683953,760.0,576.0,2.58
4576,1776875683964,866.0,566.0,2.58
4577,1776875683975,650.0,567.0,2.58
4578,1776875683986,447.0,546.0,2.58
4579,1776875683997,421.0,537.0,2.58
4580,1776875684008,427.0,543.0,2.58
4581,1776875684019,463.0,517.0,2.58
4582,1776875684030,484.0,509.0,2.58
4583,1776875684041,501.0,521.0,2.58
4584,1776875684052,505.0,493.0,2.58
4585,1776875684063,516.0,486.0,2.58
4586,1776875684074,519.0,483.0,2.58
4587,1776875684085,521.0,479.0,2.58
4588,1776875684096,531.0,478.0,2.58
4589,1776875684107,522.0,489.0,2.58
4590,1776875684118,522.0,470.0,2.58
4591,1776875684129,517.0,467.0,2.58
4592,1776875684140,514.0,465.0,2.58
4593,1776875684151,519.0,460.0,2.58
4594,1776875684162,533.0,461.0,2.58
4595,1776875684173,538.0,461.0,2.58
4596,1776875684184,545.0,463.0,2.58
4597,1776875684195,569.0,459.0,2.58
4598,1776875684206,584.0,467.0,2.58
4599,1776875684217,586.0,455.0,2.58
4600,1776875684228,585.0,449.0,2.58
4601,1776875684239,579.0,457.0,2.58
4602,1776875684250,571.0,441.0,2.58
4603,1776875684261,564.0,437.0,2.58
4604,1776875684272,564.0,433.0,2.58
4605,1776875684283,555.0,433.0,2.58
4606,1776875684294,553.0,429.0,2.58
4607,1776875684305,547.0,427.0,2.58
4608,1776875684316,545.0,425.0,2.58
4609,1776875684327,546.0,422.0,2.58
4610,1776875684338,546.0,417.0,2.58
4611,1776875684349,543.0,416.0,2.58
4612,1776875684360,544.0,428.0,2.58
4613,1776875684371,541.0,438.0,2.58
4614,1776875684382,545.0,463.0,2.58
4615,1776875684393,544.0,520.0,2.58
4616,1776875684404,550.0,576.0,2.58
4617,1776875684415,548.0,649.0,2.58
4618,1776875684427,544.0,551.0,2.58
4619,1776875684437,545.0,759.0,2.58
4620,1776875684448,542.0,808.0,2.58
4621,1776875684459,544.0,770.0,2.58
4622,1776875684470,547.0,811.0,2.58
4623,1776875684481,548.0,829.0,2.58
4624,1776875684492,544.0,807.0,2.58
4625,1776875684503,542.0,802.0,2.58
4626,1776875684514,542.0,788.0,2.58
4627,1776875684525,547.0,773.0,2.58
4628,1776875684536,545.0,761.0,2.58
4629,1776875684547,542.0,748.0,2.58
4630,1776875684557,544.0,742.0,2.58
4631,1776875684569,542.0,733.0,2.58
4632,1776875684580,544.0,717.0,2.58
4633,1776875684591,543.0,698.0,2.58
4634,1776875684602,546.0,689.0,2.58
4635,1776875684613,541.0,687.0,2.58
4636,1776875684624,539.0,653.0,2.58
4637,1776875684635,545.0,645.0,2.58
4638,1776875684646,543.0,637.0,2.58
4639,1776875684656,544.0,635.0,2.58
4640,1776875684668,543.0,635.0,2.58
4641,1776875684679,541.0,632.0,2.58
4642,1776875684690,544.0,632.0,2.58
4643,1776875684700,541.0,631.0,2.58
4644,1776875684711,537.0,628.0,2.58
4645,1776875684723,546.0,624.0,2.58
4646,1776875684733,546.0,621.0,2.58
4647,1776875684745,542.0,623.0,2.58
4648,1776875684756,539.0,599.0,2.58
4649,1776875684766,542.0,587.0,2.58
4650,1776875684777,543.0,576.0,2.58
4651,1776875684788,544.0,564.0,2.58
4652,1776875684799,545.0,557.0,2.58
4653,1776875684810,542.0,562.0,2.58
4654,1776875684821,545.0,535.0,2.58
4655,1776875684832,542.0,531.0,2.58
4656,1776875684843,541.0,528.0,2.58
4657,1776875684855,548.0,518.0,2.58
4658,1776875684865,543.0,511.0,2.58
4659,1776875684876,542.0,516.0,2.58
4660,1776875684887,504.0,506.0,2.58
4661,1776875684898,476.0,497.0,2.58
4662,1776875684909,533.0,497.0,2.58
4663,1776875684920,677.0,493.0,2.58
4664,1776875684931,850.0,489.0,2.58
4665,1776875684942,696.0,481.0,2.58
4666,1776875684953,481.0,481.0,2.58
4667,1776875684964,438.0,475.0,2.58
4668,1776875684975,432.0,470.0,2.58
4669,1776875684986,465.0,465.0,2.58
4670,1776875684997,482.0,465.0,2.58
4671,1776875685008,500.0,464.0,2.58
4672,1776875685019,505.0,457.0,2.58
4673,1776875685030,518.0,449.0,2.58
4674,1776875685041,524.0,452.0,2.58
4675,1776875685052,528.0,445.0,2.58
4676,1776875685063,531.0,442.0,2.58
4677,1776875685074,525.0,439.0,2.58
4678,1776875685085,524.0,435.0,2.58
4679,1776875685096,524.0,431.0,2.58
4680,1776875685107,522.0,430.0,2.58
4681,1776875685118,517.0,424.0,2.58
4682,1776875685129,525.0,439.0,2.58
4683,1776875685140,533.0,419.0,2.58
4684,1776875685151,543.0,411.0,2.58
4685,1776875685162,560.0,408.0,2.58
4686,1776875685173,573.0,408.0,2.58
4687,1776875685184,583.0,404.0,2.58
4688,1776875685195,578.0,404.0,2.58
4689,1776875685206,578.0,398.0,2.58
4690,1776875685217,573.0,398.0,2.58
4691,1776875685228,569.0,396.0,2.58
4692,1776875685239,564.0,393.0,2.58
4693,1776875685250,560.0,393.0,2.58
4694,1776875685261,553.0,413.0,2.58
4695,1776875685272,549.0,391.0,2.58
4696,1776875685283,550.0,386.0,2.58
4697,1776875685294,549.0,385.0,2.58
4698,1776875685305,546.0,383.0,2.58
4699,1776875685316,543.0,380.0,2.58
4700,1776875685327,542.0,385.0,2.58
4701,1776875685339,542.0,401.0,2.58
4702,1776875685349,547.0,458.0,2.58
4703,1776875685360,544.0,536.0,2.58
4704,1776875685371,544.0,598.0,2.58
4705,1776875685382,545.0,524.0,2.58
4706,1776875685393,544.0,738.0,2.58
4707,1776875685404,548.0,778.0,2.58
4708,1776875685415,546.0,803.0,2.58
4709,1776875685426,541.0,817.0,2.58
4710,1776875685437,546.0,815.0,2.58
4711,1776875685448,545.0,780.0,2.58
4712,1776875685459,548.0,788.0,2.58
4713,1776875685470,549.0,772.0,2.58
4714,1776875685481,548.0,754.0,2.58
4715,1776875685492,550.0,736.0,2.58
4716,1776875685503,546.0,724.0,2.58
4717,1776875685514,544.0,730.0,2.58
4718,1776875685525,540.0,703.0,2.58
4719,1776875685536,538.0,703.0,2.58
4720,1776875685547,541.0,698.0,2.58
4721,1776875685558,538.0,684.0,2.58
4722,1776875685569,542.0,675.0,2.58
4723,1776875685580,546.0,661.0,2.58
4724,1776875685591,544.0,650.0,2.58
4725,1776875685602,543.0,635.0,2.58
4726,1776875685613,542.0,628.0,2.58
4727,1776875685624,546.0,627.0,2.58
4728,1776875685635,546.0,623.0,2.58
4729,1776875685646,539.0,616.0,2.58
4730,1776875685657,541.0,614.0,2.58
4731,1776875685668,543.0,610.0,2.58
4732,1776875685679,543.0,607.0,2.58
4733,1776875685690,544.0,605.0,2.58
4734,1776875685701,546.0,596.0,2.58
4735,1776875685712,546.0,584.0,2.58
4736,1776875685723,541.0,576.0,2.58
4737,1776875685734,544.0,566.0,2.58
4738,1776875685745,543.0,554.0,2.58
4739,1776875685756,538.0,542.0,2.58
4740,1776875685767,544.0,561.0,2.58
4741,1776875685778,538.0,529.0,2.58
4742,1776875685789,546.0,516.0,2.58
4743,1776875685800,545.0,514.0,2.58
4744,1776875685811,544.0,507.0,2.58
4745,1776875685822,546.0,502.0,2.58
4746,1776875685833,543.0,494.0,2.58
4747,1776875685844,547.0,490.0,2.58
4748,1776875685855,545.0,486.0,2.58
4749,1776875685866,546.0,479.0,2.58
4750,1776875685877,520.0,476.0,2.58
4751,1776875685888,488.0,474.0,2.58
4752,1776875685899,476.0,477.0,2.58
4753,1776875685910,612.0,462.0,2.58
4754,1776875685921,752.0,459.0,2.58
4755,1776875685932,794.0,451.0,2.58
4756,1776875685943,599.0,446.0,2.58
4757,1776875685954,455.0,447.0,2.58
4758,1776875685965,438.0,442.0,2.58
4759,1776875685976,445.0,437.0,2.58
4760,1776875685987,475.0,438.0,2.58
4761,1776875685998,494.0,433.0,2.58
4762,1776875686009,506.0,426.0,2.58
4763,1776875686020,514.0,429.0,2.58
4764,1776875686031,519.0,434.0,2.58
4765,1776875686042,523.0,422.0,2.58
4766,1776875686053,530.0,419.0,2.58
4767,1776875686064,531.0,414.0,2.58
4768,1776875686075,527.0,413.0,2.58
4769,1776875686086,526.0,410.0,2.58
4770,1776875686097,519.0,404.0,2.58
4771,1776875686108,521.0,402.0,2.58
4772,1776875686119,525.0,395.0,2.58
4773,1776875686130,529.0,394.0,2.58
4774,1776875686141,534.0,390.0,2.58
4775,1776875686152,554.0,397.0,2.58
4776,1776875686163,568.0,385.0,2.58
4777,1776875686174,578.0,381.0,2.58
4778,1776875686185,577.0,384.0,2.58
4779,1776875686196,581.0,381.0,2.58
4780,1776875686207,576.0,377.0,2.58
4781,1776875686218,574.0,377.0,2.58
4782,1776875686229,566.0,379.0,2.58
4783,1776875686240,556.0,376.0,2.58
4784,1776875686251,548.0,378.0,2.58
4785,1776875686262,545.0,374.0,2.58
4786,1776875686273,547.0,395.0,2.58
4787,1776875686284,544.0,370.0,2.58
4788,1776875686294,548.0,363.0,2.58
4789,1776875686305,541.0,360.0,2.58
4790,1776875686317,546.0,357.0,2.58
4791,1776875686327,546.0,363.0,2.58
4792,1776875686338,548.0,379.0,2.58
4793,1776875686350,546.0,406.0,2.58
4794,1776875686360,544.0,475.0,2.58
4795,1776875686371,545.0,535.0,2.58
4796,1776875686382,549.0,609.0,2.58
4797,1776875686394,540.0,682.0,2.58
4798,1776875686404,541.0,538.0,2.58
4799,1776875686415,542.0,774.0,2.58
4800,1776875686426,542.0,795.0,2.58
4801,1776875686437,544.0,713.0,2.58
4802,1776875686448,544.0,772.0,2.58
4803,1776875686459,544.0,781.0,2.58
4804,1776875686470,546.0,773.0,2.58
4805,1776875686481,550.0,737.0,2.58
4806,1776875686492,553.0,709.0,2.58
4807,1776875686503,545.0,695.0,2.58
4808,1776875686514,541.0,671.0,2.58
4809,1776875686526,542.0,672.0,2.58
4810,1776875686536,542.0,676.0,2.58
4811,1776875686547,543.0,650.0,2.58
4812,1776875686558,545.0,638.0,2.58
4813,1776875686569,545.0,627.0,2.58
4814,1776875686580,544.0,613.0,2.58
4815,1776875686591,542.0,606.0,2.58
4816,1776875686602,545.0,597.0,2.58
4817,1776875686613,540.0,596.0,2.58
4818,1776875686624,547.0,593.0,2.58
4819,1776875686635,543.0,597.0,2.58
4820,1776875686646,543.0,598.0,2.58
4821,1776875686657,543.0,604.0,2.58
4822,1776875686668,542.0,600.0,2.58
4823,1776875686679,543.0,607.0,2.58
4824,1776875686690,544.0,603.0,2.58
4825,1776875686701,541.0,598.0,2.58
4826,1776875686712,543.0,594.0,2.58
4827,1776875686723,545.0,590.0,2.58
4828,1776875686734,543.0,577.0,2.58
4829,1776875686745,546.0,563.0,2.58
4830,1776875686756,537.0,549.0,2.58
4831,1776875686767,504.0,542.0,2.58
4832,1776875686778,480.0,529.0,2.58
4833,1776875686789,554.0,543.0,2.58
4834,1776875686800,700.0,514.0,2.58
4835,1776875686811,842.0,504.0,2.58
4836,1776875686822,658.0,498.0,2.58
4837,1776875686833,484.0,498.0,2.58
4838,1776875686844,441.0,490.0,2.58
4839,1776875686855,439.0,505.0,2.58
4840,1776875686866,473.0,482.0,2.58
4841,1776875686877,488.0,478.0,2.58
4842,1776875686888,502.0,479.0,2.58
4843,1776875686899,512.0,470.0,2.58
4844,1776875686910,518.0,485.0,2.58
4845,1776875686921,521.0,465.0,2.58
4846,1776875686932,526.0,462.0,2.58
4847,1776875686943,529.0,464.0,2.58
4848,1776875686954,526.0,459.0,2.58
4849,1776875686965,526.0,461.0,2.58
4850,1776875686976,522.0,459.0,2.58
4851,1776875686987,517.0,452.0,2.58
4852,1776875686998,524.0,449.0,2.58
4853,1776875687009,526.0,446.0,2.58
4854,1776875687020,535.0,443.0,2.58
4855,1776875687031,545.0,437.0,2.58
4856,1776875687042,563.0,454.0,2.58
4857,1776875687053,573.0,437.0,2.58
4858,1776875687064,581.0,431.0,2.58
4859,1776875687075,581.0,430.0,2.58
4860,1776875687086,574.0,426.0,2.58
4861,1776875687097,569.0,423.0,2.58
4862,1776875687108,569.0,421.0,2.58
4863,1776875687119,556.0,418.0,2.58
4864,1776875687130,554.0,414.0,2.58
4865,1776875687141,556.0,410.0,2.58
4866,1776875687152,547.0,404.0,2.58
4867,1776875687163,546.0,405.0,2.58
4868,1776875687174,546.0,420.0,2.58
4869,1776875687185,548.0,396.0,2.58
4870,1776875687196,546.0,395.0,2.58
4871,1776875687207,546.0,395.0,2.58
4872,1776875687218,545.0,403.0,2.58
4873,1776875687229,545.0,409.0,2.58
4874,1776875687240,545.0,450.0,2.58
4875,1776875687251,541.0,497.0,2.58
4876,1776875687262,546.0,555.0,2.58
4877,1776875687273,544.0,631.0,2.58
4878,1776875687284,542.0,685.0,2.58
4879,1776875687295,541.0,657.0,2.58
4880,1776875687306,543.0,758.0,2.58
4881,1776875687317,544.0,793.0,2.58
